S02B00002F55736572732F7072616E6176736861726D612F53696D706C696369747953747564696F2F61615F42
S31508000000C00A00206D070008BF000208BF000208EA
S31508000010A5160208BF000208BF000208BF000208B2
S31508000020BF000208BF000208BF000208BF0002089E
S31508000030BF000208BF000208AD000208CD71000823
S31508000040BF000208BF000208BF000208BF0002087E
S31508000050BF000208BF000208BF000208BF0002086E
S31508000060BF000208BF000208BF000208BF0002085E
S31508000070BF000208BF000208BF000208BF0002084E
S31508000080BF000208BF000208BF000208BF0002083E
S31508000090BF000208BF000208BF000208BF0002082E
S315080000A0BF000208BF000208BF000208BF0002081E
S315080000B0BF000208BF000208BF000208BF0002080E
S315080000C0BF000208BF000208BF000208BF000208FE
S315080000D0BF000208BF000208BF000208590900084D
S315080000E039090008BF000208BF000208BF0002085D
S315080000F0BF00020825DF0108F9E7010809CE020852
S3150800010005CE02086DDF01081FCE02080DCE0208D3
S31508000110C9E7010811CE020839E80108A1E8010873
S31508000120BF000208BF000208BF000208BF0002089D
S31508000130810D0208BF000208BF000208BF000208BE
S31508000140BF000208BF000208BF000208BF0002087D
S31508000150BF000208BF000208BF000208BF0002086D
S31508000160BF000208BF000208BF000208BF0002085D
S31508000170BF000208BF000208BF000208BF0002084D
S31508000180BF000208BF000208BF0002081BE70208FA
S315080001907DCA0108BF000208F3CD0208F9CD02089E
S315080001A0BF000208BF000208BF000208BF0002081D
S309080001B0BF00020874
S315080001C0F0B5114A114C124E00F00105E3695F07BC
S315080001D013D40DB9334213D103EA00078F4207D16E
S315080001E00B4A1A40002A0CBF00206FF00100F0BD30
S315080001F0013AEBD16FF00200F9E74FF0FF30F6E76E
S315080002006FF00100F3E700BF8096980000000350E6
S31508000210020001000B4B70B5D96911F480310DD17C
S3150800022001244FF48072084E084DF46020462C6471
S315080002301A61FFF7C5FF3464EC6070BD6FF001000A
S31508000240FBE700BF000003500010035000200350D6
S315080002504FF4803238B50E4B0E4C9A66E56941F676
S31508000260713315400122E3630B4B0021DA60022348
S31508000270606121202361FFF7A3FF10B92120FFF752
S315080002809FFF0122054BDA600DB10023E36338BDF9
S315080002900090005000000350001003500020035047
S315080002A070B5134C6061E3695B071ED40E4656F8B9
S315080002B0043B8D18A361AE420BD1042300212120F3
S315080002C02361FFF77DFF58B9BDE870402120FFF78D
S315080002D077BF08210846FFF773FF10B1042323618F
S315080002E070BD56F8043BA361E5E74FF0FF30F7E72A
S315080002F0000003502DE9F84315464FF48032184B99
S3150800030089469A6603F51C33DF690646174041F6A7
S315080003107132DA63012203F58053DFF84C80DA6024
S3150800032055B9284601220F4BDA601FB10022A3F502
S315080003300053DA63BDE8F88306F5005404EA0804B6
S31508000340A41BAC4228BF2C46494622463046FFF736
S31508000350A7FF0028E6D12644A1442D1BE0E700BFED
S31508000360009000500020035000E0FFFF000000004E
S31508000370000000000000000000000000000000006F
S315080003802DE9F04FA2EB01088BB04FF00009099355
S3150800039008F101034FF000080C461546C246CB4645
S315080003A0CDE90289CDE90089059300EB810308931D
S315080003B0AC4236DD059809F013F8DDE90223044658
S315080003C00D4609F077F8524606460F465B465046F4
S315080003D0594609F06FF802460B463046394608F08A
S315080003E0B1FE47A3D3E900230F4621F00041064694
S315080003F009F0D2FA002851D0059B002B4CDDDDE927
S31508000400000122462B4609F07FF909F0EDFA4FF074
S315080004100008099BC3F80080149B18600BB0BDE860
S31508000420F08F204608F0DCFF089B064653F8040BBD
S315080004300F46089308F0E6FF3246CDE906013B462B
S315080004405046594608F080FEDDE9062382468B466B
S31508000450DDE9000108F078FE3246CDE900013B46A9
S315080004603046394609F026F802460B46DDE9020110
S3150800047008F06AFEDDE90623CDE902013046394671
S3150800048009F018F802460B464046494608F05CFE55
S315080004900134804689468BE70020B8E742464B463A
S315080004A02046294609F006F8DDE9002380468946F4
S315080004B05046594608F0FEFF02460B464046494656
S315080004C008F040FE32463B4609F01EF90F4606463E
S315080004D009F08AFA32463B4680465946504608F0A5
S315080004E0E9FF02460B46DDE9000108F02BFE22462D
S315080004F02B4609F009F909F077FA8AE7AFF3008085
S3150800050011EA2D819997713D0348044B834202D025
S31508000510034B03B118477047DC600120DC600120FB
S3150800052000000000064B0749C91A891048BF013167
S31508000530491003D0044B0BB101481847704700BF58
S31508000540DC600120DC6001200000000010B5064CCC
S31508000550237843B9FFF7D8FF044B13B10448AFF328
S3150800056000800123237010BD88560120000000007A
S315080005707C46030808B5054B1BB105490548AFF38A
S315080005800080BDE80840FFF7CDBF00BF00000000AF
S31508000590005000207C460308A3F5803A704700BF48
S315080005A0174B002B08BF134B9D46FFF7F5FF00219D
S315080005B08B460F461348144A121A23F069F80E4B55
S315080005C0002B00D098470D4B002B00D098470020F1
S315080005D0002104000D000D48002802D00C48AFF396
S315080005E0008009F027FC2000290023F01BF809F0F9
S315080005F0DBFB00BF00000800000000000000000050
S31508000600C00A0020C00A0020405C0120000000004B
S315080006100000000037B504460CF048FD00283ED11E
S31508000620214B2077A361A36843F48013A36021F0CC
S315080006309EF8A368A0801B030CD4B0F5FA7F09D9ED
S315080006402DF063FF0121054608462CF073FF284666
S315080006502DF056FF20460CF051FD08BBE06808B3A4
S315080006600FF032FA24F03CFD0BF048FE25F0C0FDF1
S3150800067024F064FA00220121042024F022FD00233C
S3150800068001A88DF804300CF003FF032104200EF0B6
S3150800069025FC0A200BF0C2FB20461FF0FDFC0020BB
S315080006A003B030BD0148DBE705040300AE60012056
S315080006B008B50449044817F029FFBDE8084017F0B3
S315080006C057BF00BF48EA020810EB02084FF08052F5
S315080006D0014B5A60704700BF00ED00E0F8B50E46C2
S315080006E00546D0B1C9B10E4B0E4F1968386801F0EE
S315080006F0F7F8044678B9062332460B49386801F0FC
S31508000700BDF9044638B901232A460849386801F074
S31508000710B5F900B12C702046F8BD2124FBE700BFCF
S31508000720105E0120305E01202C0004003C0004000D
S3150800073008B503482DF0FDFEBDE8084022F037BF96
S3150800074058EC020801482DF0F4BE00BF58EC020828
S315080007500348044A0449121A92101FF0B1BC00BF9C
S31508000760C001000880030008405C012008B5154B4D
S3150800077083F30A8800F030F8FFF7EAFF124B1349B3
S315080007808B4212D30020124B12498B4218D3FFF723
S3150800079007FF186850F82240586840F8224001328E
S315080007A098688242F5D30C33EAE70022F8E71C681A
S315080007B044F8220001325C68A242F8D30833E4E721
S315080007C00022F8E700000020844603089046030844
S315080007D090460308904603084FF48041144B154A87
S315080007E070B59A60D3F88820134D42F47002C3F8A6
S315080007F08820124A05F5005491664FF0FF322266AA
S315080008006FF4003262660D22A2660222C3F8D02077
S31508000810BFF34F8FBFF36F8F4FF44036002003F0BE
S31508000820D7FB0020E66003F0B7FB2E6170BD00BF62
S3150800083000ED00E000000008008000440090005031
S31508000840014B1860704700BF045E0120054B186015
S31508000850054B1B6F03F00703032B01D12CF0BABC21
S31508000860704700BF0C5E012000800050F8B50446B2
S315080008700127124D0CB314F001000BD0002024F010
S31508000880010405EBC0021668002EF3D05168C0B209
S31508000890B047EFE72246013020284FEA520201D03E
S315080008A0D307F8D507FA00F20F2824EA0204E8D994
S315080008B0421E05EBC2021038E5E7F8BD18500020C5
S315080008C008B50C482DF035FE272003F073FB28B138
S315080008D0272003F07DFB272003F05EFB282003F08A
S315080008E069FB28B1282003F073FB282003F054FB8A
S315080008F0002008BD58EC020848B101224378017867
S315080009009A4030235943034B00205A5070472220FF
S31508000910704700BF40D0035048B1012243780178A0
S315080009209A4030235943034B00205A5070472220DF
S31508000930704700BF40E0035008B502F07FFF054B43
S3150800094000F0553020F0A040C3F82004BDE8084068
S31508000950FFF78CBF00E0035008B502F06FFF054BA8
S3150800096000F0AA3020F02040C3F82004BDE8084073
S31508000970FFF77CBF00E003502DE9F04F144605460B
S315080009800E469B46C36B87B001225B6902A9606865
S315080009909847EB6B01225B6903A93046984702A882
S315080009A020F019F8074648B10023A37563754FF080
S315080009B0FF33A360002007B0BDE8F08F03A820F03E
S315080009C017F80123A375237E04EBC303DE611F8496
S315080009D06368B3420ED1206003A820F02BF84FF0CD
S315080009E0FF332075A360237D043B022B26D8002302
S315080009F0A375DFE723681A1A53425341A37503A860
S31508000A0020F018F8237D834218BFA77503A81FF0A6
S31508000A10F3FF074602A81FF0EFFF874218BF00231F
S31508000A2003A818BFA3751FF0EFFF074602A81FF01B
S31508000A30EBFF87421CBF0023A375D4E703A81FF06A
S31508000A40DBFF80B1EB6B022230465B6904A998474D
S31508000A5004A81FF0E0FF0346207D032839D8DFE805
S31508000A6000F03838040903A8F3E7CC22237E04EB08
S31508000A70C3031A8401F0B8FA109B187003A8277EDE
S31508000A801FF0AEFF04EBC70787F82200237E03A8F2
S31508000A9004EBC303B3F8209093F822701FF0ACFF61
S31508000AA0804603A81FF0B0FF8246B8F1000F15D0A4
S31508000AB0EB6B022230465B6904A9984704A81FF02D
S31508000AC06FFF6075637D6BB90023A3754FF000084F
S31508000AD038E0227E04EBC2021384CBE703A81FF09A
S31508000AE04AFFEEE794F81680B8F1000FEED0B9F198
S31508000AF0000F09D1DFB10123E375637E002B4FD1C7
S31508000B00012F42D1677614E06B6C06EB0A02594254
S31508000B1086EA020008421CBF0021A175591E0A4038
S31508000B209B1A9945D0D8A37D002BE3D1CEE7E37D68
S31508000B3043B94FF000084B465246314628461FF047
S31508000B4088FCA060A27D12B123694B4423611A492F
S31508000B50237E097899422AD901332376BBF1000FFF
S31508000B6027D032B3E37D23B3B8F1000F21D1032F89
S31508000B701FD0A1684B1C1CD0109B22460093284608
S31508000B800123FFF7F9FEA07513E095F8343063B931
S31508000B90EB6A0133CFD1032FCDD10123A376C8E762
S31508000BA0012FCFD0032FC4D1F7E79846C3E7002318
S31508000BB0A375A07DFFE600BFC8EB02082DE9F04F3C
S31508000BC00E46984600238BB004464FF0FF31104678
S31508000BD017468DF8133001F0F1F9B6F5801F3BD3AF
S31508000BE0B21C53D1E56A6B1C57D12046616A1FF0C7
S31508000BF076FB0546B31C18BF0123DFF81091019355
S31508000C00636A626C0293236805A902FB053AE36BE3
S31508000C1005225B695046984705A81FF077FF1FF025
S31508000C209AFF50461FF0A2FF4FF0000B824601467E
S31508000C304B1C05D0636C81EA0A025B42134232D030
S31508000C40294620461FF04BFB029BAB424DD0BBF119
S31508000C50000F4DD10546D3E7314605AA04F1080031
S31508000C601FF007FE0146481C10D0384601F0A6F9C9
S31508000C700122394620460DF113031FF03CFC28B12A
S31508000C809DF8133088F80030002003E0237C002B01
S31508000C90A8D12D200BB0BDE8F08F2368ED1A636C40
S31508000CA0B5FBF3F5A6E7484601F088F90DF11303FD
S31508000CB049462046019A1FF01EFC034690B1B21C15
S31508000CC003D0D9F80020B2420CD19DF81320039323
S31508000CD00D4B88F8002049461A68384622F0E0FC91
S31508000CE0039B9B46D9F80810A2E7BBF1000FD0D0AA
S31508000CF0B6F5801FC8D2314698F800307A6804F1F4
S31508000D00080001F089F8BFE7C4EB02087C57002009
S31508000D102DE9F3410446174698460E46194D816A51
S31508000D20E36A8B422AD04B1C18E0284601F046F9A4
S31508000D300122294620460DF107031FF0DCFB30B1DE
S31508000D404346294620469DF80720B847B0B1A9680A
S31508000D504A1C05D0012E0AD0E36A9942E5D10DE076
S31508000D60696820461FF048FB012E0146D8D16B68FA
S31508000D7081EA0302636C5B421A42D1D002B0BDE835
S31508000D80F08100BF505700202DE9F0474FF0FF33A0
S31508000D904FF6FF720025044600F10806C0E909234C
S31508000DA08AB0C3620562056330460F461FF032FDFE
S31508000DB020461FF014FA28BB204639461FF0DFFAF2
S31508000DC020461FF00CFA28BB5E200AB0BDE8F08763
S31508000DD0E26B2368606CD2F814C000FB053005226C
S31508000DE005A9E04705A81FF091FE012840F0838079
S31508000DF0294620461FF094FA421C294620461FF031
S31508000E000DFA0135E3699D42E2D320461FF0E7F962
S31508000E100028D1D020461FF012FA4FF6FF72636AF7
S31508000E20934200F0B080E26B676C2068694607FB66
S31508000E30030055690522A84768461FF03EFE626A08
S31508000E402368606C514D00FB02301FF08FFE4FF097
S31508000E50FF33A062E3622A466FF00101204605AB24
S31508000E60FFF7ACFE002850D1AD6829462046E5625A
S31508000E701FF091F9206320B92046E16A1FF0BCFAF9
S31508000E80E062294620461FF0B7FA0546A36A9D4246
S31508000E903DD120461FF03DF900278046B946E36953
S31508000EA0994546D3B84563D92046616A1FF017FAB3
S31508000EB00026054604F1400ABE4212D3626C236836
S31508000EC0694602FB0539E36B05225B694846984784
S31508000ED068461FF0F2FD534602464946E06B1FF08E
S31508000EE047FE294620461FF0FAF90136B045054661
S31508000EF0E2D1642069E71FF033FE002881D0294635
S31508000F0020461FF00DFA024677E7A56AADE729469F
S31508000F1020461FF040F9236B2946034407462363FE
S31508000F2020461FF069FA0546002FAFD1C4E90B0722
S31508000F30ACE7636C2568052203FB0955E36B05A935
S31508000F405B692846984705A81FF0E0FD1FF003FED9
S31508000F5058B128461FF00AFE014620461FF01BF925
S31508000F60636C143B984208BF013709F1010996E7FB
S31508000F7030461FF04FFC002320461946044AFFF767
S31508000F80C7FE002021E767201FE700BFA8570020FB
S31508000F90E50402082DE9F041036B9046826B076869
S31508000FA09A4288BF8363426C436A90B002FB037718
S31508000FB0C36B0E46052201A95B6904463846984765
S31508000FC001A81FF0A3FD01280146307057D0656CB3
S31508000FD0E26B2368606AD2F814C005FB003005226C
S31508000FE006A9E04706A81FF091FD01284FF0000565
S31508000FF023D0D4E90A3201219342CDE90B458DF875
S3150800100034800E958DF83C102AD1194620461FF0DB
S31508001010F3F9236B626C14339B1AE06223630C9B0F
S3150800102053B99DF83C303BB1626A616C2368E06B4A
S3150800103001FB02311FF022FD0C9DE36B05225B6963
S3150800104001A93846984701A81FF060FD3070284668
S31508001050236BA26B9A4288BFA36310B0BDE8F081E8
S31508001060237C33B91C490BAA04F1080000F022FFBF
S31508001070D5E72046194A0BABFFF74AFECFE7237C94
S3150800108023BB2246164904F1080000F013FF616AE3
S3150800109020461FF045F9616A421C20461FF0BEF83B
S315080010A0054620B9236B626C1344143B2363204620
S315080010B0A16A1FF0A1F92368A062C01A636CB0FB8D
S315080010C0F3F0606220461FF0DAF9B6E700232046FF
S315080010D0044AFFF71DFEDAE72D180008A9170008CD
S315080010E07F0502081B05020873B50D46D11E4A4244
S315080010F01C461B7E4A419A4226D129682368994292
S3150800110022D3636899421FD8114E0DF10703324660
S31508001110FFF754FDC0B972686B689A4214D19DF8FE
S315080011200730DA1E53425341227E93420CD163693B
S3150800113001336361D4E90323934205D22968A2687F
S3150800114042F8231001332361012002B070BD00BFAD
S31508001150A85700202DE9F04F9A468BB09DF85030DD
S31508001160DFF850B10293DBF81030804653450D4640
S315080011701646C0F09980D146DBF804300193B9F1E0
S31508001180000F00F08D80D8F83C3001225B6907A972
S315080011900198984707A81FF02BFCDBF80030984207
S315080011A040F0858007A81FF02FFC0428074614D1B5
S315080011B007A81FF030FC019B029A04463B44002A0C
S315080011C03FD1864212D91446361A404601991FF075
S315080011D013F9A9EB04090190D1E7D8F83C300222AB
S315080011E05B69019808A9984708A8E2E7841B544553
S315080011F028BF5446032C03EB0607AAEB040A4FEA5A
S3150800120094021CD9D8F83C30294638465B69984779
S3150800121024F0030304F003061F441D44002ED4D013
S31508001220D8F83C3001225B6908A938469847324607
S31508001230284608A9354422F033FA0026C5E726468B
S31508001240ECE7074600F00302039203442A180492C7
S315080012500593049BDD1B059BD81B039B9F420FD15F
S31508001260002FB2D0D8F83C30012208A95B6998470C
S315080012703A46284608A922F0E1F978B93D44A4E798
S31508001280D8F83C30012208A95B6998470422284609
S3150800129008A922F0D3F908B9043FDAE74FF036096E
S315080012A048460BB0BDE8F08F4FF06309F8E74FF0FA
S315080012B06F09F5E7D45700202DE9F0410F46164689
S315080012C09846044688B060B390F83450FDB10121C1
S315080012D01EF07AFF00210E9BCDE90511CDE90237F4
S315080012E09DF83C30CDF804808DF81C30237C04969C
S315080012F08BB90D4901AA04F1080000F0DBFDDDE910
S315080013000553E06B002E08BF1D461FF046F9284618
S3150800131008B0BDE8F0812046044A01ABFFF7F8FCA7
S31508001320EDE70546F3E700BF49050208E91000089E
S315080013302DE9F04F99B00F4609920A69416C0E9350
S315080013401439D31DB3FBF1F3013302EBC302036B6C
S3150800135004469342C0F0BC810023DFF844940D9301
S31508001360E36A48461946079300F028FED7E903368C
S3150800137004930E9B022B4ED1CC2E40F08A81099BFA
S31508001380002B42D0394620461FF065F9656C079A4E
S315080013906B1E13401490ED1AE36B01225B6916A9C4
S315080013A07868984716A81FF027FB00280CBF042367
S315080013B00823782E06933DD9012300254FF0080A05
S315080013C005933B6805990E98C9F80030C9F810606E
S315080013D01FF034FB4FEA9A0310930023DDF81CB084
S315080013E089F814000B930F9308930C93616C4A1EAB
S315080013F00BEA02028B1A002E38D05544AB4240D86D
S31508001400236B5B1A13442363ABE0049B1B6814939A
S3150800141008230693D0E7656C079A6B1E1340782E4F
S31508001420A5EB030516D8FB7D7BB9099B002BB3D129
S3150800143004230693331DAB4210D9A6B1082DBBD899
S3150800144004250023AA460593BBE7099B002BA3D1D5
S315080014500823EEE7099B002B9ED1D9E700250595C1
S315080014604FF0040AADE704250596F9E75345C7D3B7
S31508001470B0460BEB0A030393089B002B18BF032304
S3150800148013E0A3EB0A039E42B0460BEB0A0228BF01
S3150800149098469E420392EFD90123D9F8102089F87D
S315080014A01730964271D1C9F804B0089399F81730E5
S315080014B0002B6CD099F818200899D31C09EBC303A4
S315080014C00132C3F804B0A3F80880997289F8182085
S315080014D0B8F1000F14D00E9B022B5BD10B9B7BB986
S315080014E00F9B4344032B0BD9E36B01229B6903989B
S315080014F014A998470546002840F0EC8001230B9371
S31508001500089B16A80193059B009399F81420434657
S31508001510396800F009FDE36B58469B69109A16A9CD
S315080015209847051E0D9B18BF5B4652460D935946B4
S31508001530434620461EF08DFF236B08F10302A3EBFA
S315080015400A0322F003029B1AC9F808002363002D38
S3150800155040F0C0800F9BDDF80CB04344A6EB0806AC
S315080015600F93594620461EF047FF00258346002E56
S315080015707FF43CAF8A4A3968936804F10800E3624D
S3150800158052680E9B00F048FC84E002238DE7C9F8F8
S3150800159004B09DE7099B002B30D1049BB8F1030FDB
S315080015A043440A9327D9DDE90301E36B4FEA98021E
S315080015B09B6998470546002865D118F003025FD055
S315080015C0049B28F003052B440493039B1D444FF00A
S315080015D0FF33049915A8159322F062F8E36B2846A1
S315080015E09B69012215A9984705460A9B0493002D75
S315080015F086D0039B99E74246039DE8E7039B0A9337
S3150800160007F120031193FB7D78689BB100233D7E8B
S315080016100C9AD9B28D4211D9119903F1010C31F8FE
S315080016203310914226D9069907EBC303D8690A44B1
S31508001630104403E00C9B069A13441844E36B0122FA
S315080016405B6915A99847159B012213930C9B0A9869
S3150800165004330C93E36B13A99B699847039B0A9A77
S3150800166043449B1A042B054607D978B91346043315
S315080016700A93C8E76346521ACBE70A9B0393B6E771
S315080016800A9B04933CE70A9B0493B2E70A9B0393DD
S31508001690AFE77026304619B0BDE8F08F002657E050
S315080016A004F108001FF0B6F83346314620463D4A95
S315080016B0FFF72EFB3A69616CD31D1439B3FBF1F3BE
S315080016C0013302EBC302236B9342BFF449AE65E0D4
S315080016D01C26DFE73D2D61D104F108030393236837
S315080016E0079A606CD61AB6FBF0F600FB06301FF0B8
S315080016F03DFAE16A824620461EF07EFEA26A8242D2
S31508001700D8D0626CD9F80830511E0B40216BE062C4
S31508001710891A0B4423630D992368CB1AB3FBF2F895
S315080017204645BBD1079BB3EB0A0611D0E36BB2085B
S3150800173051469B6998478346E36A079A3344E362AE
S31508001740236B03989B1A534423631FF063F85E4682
S315080017502368616CE06B01FB08311FF07CF92046B9
S315080017601EF03DFD20461EF06AFD626A2368606C25
S3150800177000FB02301FF0FAF9A06220461EF07FFE39
S315080017802063002E8CD03A69616CD31D1439B3FBE3
S31508001790F1F3013302EBC3029042A0D22E4679E759
S315080017A07C570020E5040208032A2DE9F341064682
S315080017B00D4617461C4606D1237A012B23D0012055
S315080017C002B0BDE8F081DFF86080096842460DF195
S315080017D00703FFF7F3F960600028EDD19DF80720AD
S315080017E0237A032AE8D0D8F804106A689142E3D12C
S315080017F0012B2969D4F80CC007D172690CEB0103D7
S31508001800934202D92074207CDAE708316144E1600A
S315080018103B46012229463046FFF78AFD60600028CC
S31508001820CAD00020CCE700BFA85700202DE9F34115
S31508001830089C032A1746266806D1237A012B24D04A
S31508001840012002B0BDE8F081DFF8908030464246BC
S315080018500DF10703FFF7B2F960600028EDD125689E
S31508001860D8F80400A96AD5F844C04840CCF100036A
S315080018701840227AE1D1012A09D1E268D8F8103055
S3150800188013447269934202D92074207CD9E72868E8
S31508001890EB6A1B1A081AB3FBFCF3B0FBFCF0834295
S315080018A00BD1706CF36A421E1340326B121A134442
S315080018B0284633631EF0A0FDE862D8F81020E368D6
S315080018C008321344E36001223B4604492068FFF7C7
S315080018D02FFD60600028B0D00020B2E7A85700208E
S315080018E02DE9F0410025634B0E46D3F800800446E7
S315080018F01D6018B921252846BDE8F08190F8347096
S3150800190007B30A6803689A4240F0AA804A6843689F
S315080019109A4240F0A5808A6883689A4240F0A0807F
S31508001920CA68C3689A4240F09B800A6943699A422A
S3150800193040F096808A69C36B9A4240F091804B6961
S315080019408361D8E768223946856B21F0A1FED6E97E
S315080019500212336804F1080023607368A5636360A4
S31508001960336963617369A3611EF066FFB36904F1A5
S315080019704000E3639B68984720B9676C17B16368B2
S31508001980B3FBF7F794F84330E761002BB2D0002396
S31508001990656C2366002D6BD0002F69D02368B3FBD6
S315080019A0F5F205FB1233002B5CD16768B7FBF5F639
S315080019B005FB1676002E55D120461EF0DCFBA369E2
S315080019C0043303449F424FD340F634726369CC3BD9
S315080019D093424BD8B5F5805F4AD3032120461EF0C3
S315080019E0F3FBD4E90001E36B1B6898470546E36BF4
S315080019F00220DB6898472DB184F83460E06B1EF04E
S31508001A00CCFD78E741462046FFF7BEF9642805462F
S31508001A1004D141462046FFF7B7F90546636C143BE7
S31508001A20D5B9226A204602FB03F61EF0A4FBA36979
S31508001A30043303449E4203D284F834505A25DDE722
S31508001A400123D4E900010C4A84F8343013680133C1
S31508001A5013601EF08BFFD1E7002384F83430CDE7FE
S31508001A605D2548E7592546E75A2544E75F2542E7B5
S31508001A705B2540E70C510020085100202DE9FF4165
S31508001A800C4616461F46054680B390F834307BB39D
S31508001A90B1F5801F2ED2DFF8608001211EF094FB7D
S31508001AA02146424628460DF10F03FFF787F80446FC
S31508001AB070B99DF80F30012B11D1D8F81030BB4200
S31508001AC012D10246009031462846FFF743FB0446EA
S31508001AD0E86B1EF062FD204604B0BDE8F081022BDB
S31508001AE014BF2D246024F3E76324F1E72124F2E7E9
S31508001AF01124F0E72924EEE7D45700202DE9F04316
S31508001B0085B00C4617461E460546DDF8308098B364
S31508001B1090F8343093B3B1F5801F31D2DFF8649072
S31508001B2001211EF051FB21464A4628460DF10F03B6
S31508001B30FFF744F8044688B99DF80F30012B14D1F5
S31508001B40D9F8102006EB08039A4213D300904346AF
S31508001B50324639462846FFF7FDFA0446E86B1EF07A
S31508001B601CFD204605B0BDE8F083022B14BF2D24CA
S31508001B706024F3E76324F1E72124F2E71124F0E770
S31508001B802924EEE7D45700202DE9F3411F46002308
S31508001B900C46164605463B6050B390F834304BB3B6
S31508001BA0B1F5801F28D2DFF8548001211EF00CFB06
S31508001BB02146424628460DF10703FEF7FFFF044675
S31508001BC0A0B99DF80730032B10D0022B0AD10123A8
S31508001BD0336004233B60E86B1EF0DFFC204602B04E
S31508001BE0BDE8F081D8F810303060F3E72D24F2E72D
S31508001BF02124F3E71124F1E72924EFE7D45700203D
S31508001C0073B5044641691EF09BFA626E236B024463
S31508001C1093422CBF00220122834294BF00231B1A41
S31508001C20207C84F85020636584F85800A8B1002306
S31508001C300B4E1A461946204600961EF0D9FD00237B
S31508001C4005461A461946204600961EF0DAFDE36850
S31508001C502844984294BF0020C01AE06502B070BDBF
S31508001C60FFFF0F002DE9F3471E4643690446B342BA
S31508001C70884617469DF828904FD300258DF80750BB
S31508001C80204661691EF05CFAD4F830A082450AD273
S31508001C90236AB5EB430F06D2002220460DF1070151
S31508001CA0FFF778F9B8B39DF80730012B05D1002264
S31508001CB020460DF10701FFF76DF9B9F1030F06D0BC
S31508001CC0314620461EF03CFA256B854227D3154D32
S31508001CD04FF0FF31284600F071F94B46294600229D
S31508001CE02046C5E90376C5F80080FFF721FB236E79
S31508001CF0054663B12046FFF783FF94F8503013B9C1
S31508001D0094F858301BB1236E04F1500098472846C2
S31508001D1002B0BDE8F0870135B2E76225F7E71C2572
S31508001D20F5E700BFA85700202DE9FF410F4690466A
S31508001D301E46054698B390F8343093B3B1F5801F24
S31508001D4031D21A4C02211EF03FFA2246394628465D
S31508001D500DF10F03FEF732FF024678B10123424622
S31508001D600093394633462846FFF77CFF0446E86B5E
S31508001D701EF013FC204604B0BDE8F0819DF80F3034
S31508001D80012BEBD12169B142E8D100934146334694
S31508001D902846FFF7DFF904460028DFD1E7E72124C4
S31508001DA0E8E71124E6E72924E4E700BFD457002032
S31508001DB030B50C46054685B028B390F8343023B3C1
S31508001DC0B1F5801F23D202211EF0FEF90DF10F0393
S31508001DD0214628460F4AFEF7F1FE034688B99DF8C4
S31508001DE00F20032A0DD003222146009202462846D8
S31508001DF0FFF738FF0446E86B1EF0CFFB204605B018
S31508001E0030BD2D24F7E72124F8E71124F6E7292425
S31508001E10F4E700BFD45700202DE9F043466886B39F
S31508001E20056898464FF0000CA946AE4655F83C4062
S31508001E300CF1010CC4F31307013401D0B94217D0D1
S31508001E4066450EF1080EF1D12F46002403E0A6429E
S31508001E5007F1080712D055F8343001340133F6D1AA
S31508001E60C1F3130141EA0851C7E90012BDE8F0833E
S31508001E7041EA0851CEE90012BDE8F083B8F1030F34
S31508001E8003D101230372BDE8F083002303E09E42D9
S31508001E9009F10809F5D055F833400133C4F307545E
S31508001EA0032CF4D1C1F3130343EA0853C9E90032FA
S31508001EB0BDE8F0832DE9F0410646406882B0C0B11E
S31508001EC00F4690460024336853F8345003EBC40396
S31508001ED0C5F30752C5F31301013504F1010406D011
S31508001EE05B683046CDF80080B84710B17068844208
S31508001EF0E9D302B0BDE8F081024B1968024B1868B5
S31508001F00FFF7EEBC105E0120305E012008B52CF00C
S31508001F10FCFA014B186008BD00580020014B1868F0
S31508001F202CF0EEBA0058002073B504462248012A60
S31508001F3000EAC1119DF8185023F07C4007D9961E77
S31508001F40012E28D9073303F07F03194308E09DF8CB
S31508001F501C300A43DB0603F0C053134343F06041C9
S31508001F600023C4E900108DF80730B5B120222146B8
S31508001F700DF107001EF016FE1A220DF10700211DAD
S31508001F801EF010FE082063689DF8072043EA826366
S31508001F90636002B070BD1143E2E71B220DF1070032
S31508001FA021461EF0FFFD23689DF80720042043EA1A
S31508001FB0C2632360EDE700BF80FFFF0738B5094B12
S31508001FC00D461A680021044621F062FB00234FF0F3
S31508001FD0FF322383C4E900252361A260E382A37646
S31508001FE038BD00BFC4EB02080138C0B205289ABF45
S31508001FF0014B185C01207047C9EB02082DE9F04136
S315080020000746154600240E46596888B0490A01292C
S3150800201022464FEA510104F10104F8D8DC78997890
S3150800202024031B88C90201F4006104F480540C439C
S31508002030C3F30A035203234492B24FF000089C18D4
S31508002040274B6FEA0444039325F07843ED4302A92E
S315080020500DF107001B2202938DF807801EF0A2FDE2
S315080020609DF80720029B02A943EAC2630DF1070007
S315080020701B2225F07845049302958DF807801EF0FB
S3150800208091FD9DF80720029B6FEA144443EAC26358
S3150800209005934FF0FF330794069307A9BB690122FE
S315080020A006F110009847BB6905A90446012206F106
S315080020B008009847BB69404518BF044604A9012291
S315080020C0301D98470122404518BF0446BB69304673
S315080020D003A99847404508BF204608B0BDE8F081E7
S315080020E001009AB2044BD3F88420D206FBD4D3F865
S315080020F08400C0F3811070470040005038B5174B74
S315080021000546D3F828310C4603F00703013B052B97
S3150800211020D8DFE803F003131B0F0B172BF034F856
S31508002120052305B1286004B1236038BD2BF02CF8CF
S315080021300623F6E72BF072F80723F2E72BF064F88C
S315080021400323EEE72BF060F80423EAE72BF058F8B0
S315080021500223E6E700231846E3E700BF00800050A5
S31508002160002337B50193164B0546D3F820320C46A3
S3150800217003F00703042B21D8DFE803F0030B11163D
S315080021801B0001230DB1019A2A6004B1236003B034
S3150800219030BD002101A8FFF7B1FF1223F2E72BF0AB
S315080021A03DF807230190EDE72CF0A4F90A230190E6
S315080021B0E8E72BF087F809230190E3E70023E1E736
S315080021C00080005038B5104B0546D3F850320C46FF
S315080021D003F00303022B12D0032B08D0012B0AD0DD
S315080021E00023184605B1286004B1236038BD2CF0D9
S315080021F084F90C23F6E72CF07DF90A23F2E72BF095
S3150800220061F80923EEE700BF0080005038B5104B8F
S315080022100546D3F880300C4603F00303022B0BD097
S31508002220032B0DD0012B0FD12AF0B4FF0E2305B1D5
S31508002230286004B1236038BD2AF0F0FF0723F6E7CB
S315080022402AF0A2FF0623F2E700231846EFE700BFAD
S315080022500080005038B5104B0546D3F800310C46BF
S3150800226003F00303022B0BD0032B0DD0012B0FD148
S315080022702AF0CAFF032305B1286004B1236038BDDC
S315080022802BF020F80923F6E72AF0C4FF0823F2E723
S3150800229001230020EFE700BF0080005038B5184B37
S315080022A00546D3F820010C4600F00700062823D877
S315080022B0DFE800F0040A0E16121A1E00012305B103
S315080022C0286004B1236038BD2AF05EFF0523F6E7CF
S315080022D02AF09AFF0323F2E72AF0A0FF0723EEE786
S315080022E02AF08EFF0223EAE72AF04EFF0623E6E7E6
S315080022F02AF08AFF0423E2E700231846DFE700BF37
S315080023000080005038B5104B0546D3F840310C46CE
S3150800231003F00303022B0BD0032B0DD0012B0FD197
S315080023202CF0E8F80A2305B1286004B1236038BD0B
S315080023302AF0C8FF0923F6E72CF0DFF80C23F2E7AA
S3150800234001230020EFE700BF00800050002337B5C7
S315080023500193164B0546D3F860320C4603F0070383
S31508002360013B032B1FD8DFE803F0020E19140021E6
S3150800237001A8FFF793FF10230DB1019A2A6004B153
S31508002380236003B030BD002101A8FFF7BBFF11236E
S31508002390F2E72AF043FF07230190EDE72AF030FF22
S315080023A002230190E8E70023E6E700BF008000501B
S315080023B0002337B50193164B0546D3F894320C46DD
S315080023C003F00703013B032B1FD8DFE803F0020ED7
S315080023D01914002101A8FFF761FF10230DB1019A16
S315080023E02A6004B1236003B030BD002101A8FFF7BD
S315080023F089FF1123F2E72AF011FF07230190EDE781
S315080024002AF0FEFE02230190E8E70023E6E700BF74
S315080024100080005038B5104B0546D3F860310C469D
S3150800242003F00303022B0BD0032B0DD0012B0FD186
S315080024302CF060F80A2305B1286004B1236038BD82
S315080024402AF040FF0923F6E72CF057F80C23F2E7A9
S3150800245001230020EFE700BF008000502E4B984272
S315080024604AD022D82D4B984240D014D82C4B9842AB
S3150800247039D00AD82B4B984232D02B4B98422FD0C2
S315080024802A4B98422CD000207047294B9842FAD103
S31508002490284B186F7047284B98422AD0274B9842EA
S315080024A0F1D1244BD3F880007047254B98422BD0A6
S315080024B009D8244B984223D0234B9842E3D11D4B8D
S315080024C0D3F88C007047214B984221D003F574034A
S315080024D003F510539842D6D1164BD3F89800704797
S315080024E0144B986D7047134B586E7047114B586FC5
S315080024F07047104B986F70470E4BD3F8840070479F
S315080025000C4BD3F8880070470A4BD3F890007047F5
S31508002510084BD3F8940070470048E8010024F400FB
S31508002520C0CF6A0080841E0000093D0040420F00AB
S31508002530405DC6000080E00FC0EA210180BA8C0128
S31508002540007E560380D54302006CDC020090D0035F
S3150800255073B50D460021114B0191D3F8804106460B
S3150800256004F00304022C13D0032C0CD0012C13D135
S3150800257001A8FFF793FE10240EB1019B336005B145
S315080025802C6002B070BD2AF049FE07240190F3E7DB
S315080025902AF036FE0190EFE70C46EDE70080005082
S315080025A038B5104B0546D3F840320C4603F0030302
S315080025B0022B0BD0032B0DD0012B0FD12BF09AFF3A
S315080025C00A2305B1286004B1236038BD2AF07AFED3
S315080025D00923F6E72BF091FF0C23F2E701230020ED
S315080025E0EFE700BF0080005038B5144B0546D3F816
S315080025F000020C4600F0070004281BD8DFE800F0AC
S3150800260003090D111500012305B1286004B12360E3
S3150800261038BD2BF06FFF0A23F6E72AF053FE09238D
S31508002620F2E72BF06AFF0C23EEE72AF0D3FD0F231F
S31508002630800AE9E700231846E6E700BF0080005055
S3150800264038B5144B0546D3F808020C4600F00700C7
S3150800265004281BD8DFE800F003090D111500012333
S3150800266005B1286004B1236038BD2BF043FF0A2367
S31508002670F6E72AF027FE0923F2E72BF03EFF0C23A4
S31508002680EEE72AF0A7FD0F23800AE9E7002318469C
S31508002690E6E700BF00800050B0F5207F1FD009D8BC
S315080026A0B0F5007F15D003D868B1B0F5C07F0AD061
S315080026B000200CE0B0F5607FFAD10B4BD3F8800010
S315080026C0C0F3011003E0084B186FC0F30330013064
S315080026D07047054BD3F89000C0F30460F7E7024B48
S315080026E0186FC0F38020F2E70080005002464FF4CE
S315080026F08030104B10B598660020FFF7CDFF504389
S3150800270041F671320C4BDC69DA635A6804F480349A
S3150800271022F4401259B90949884294BF0020012081
S31508002720000502435A600CB10022DA6310BD044961
S31508002730F2E700BF0090005000000350005A620202
S31508002740002D31014209531E022B96BF074B002369
S3150800275003EB820300F01F0029B103F58053012221
S3150800276082401A60704703F50053F8E7608000500E
S315080027701FB50021B0F5807F0446CDE9001100F0B1
S31508002780CF803BD8002800F0A480A0F12004602C5C
S3150800279044D8602C42D8DFE804F09CA49CA4B4B4C6
S315080027A0B4B4B4A4BE4AD46A4AA4A4A441414141DB
S315080027B041414141A4A4A47CDEA441414141414197
S315080027C0414141414141E3B49C9C9CD94A4A88E82D
S315080027D05FB94141414141939C41B4B4B4B4B4B9E1
S315080027E0B9A441A4A441414141414141414141412A
S315080027F0414141414141414141419800B0F5E06FB5
S3150800280000F0A98038D8B0F5607F75D01AD8B0F531
S31508002810007F61D005D8B0F5C07F5AD0009804B0C3
S3150800282010BDB0F5207F5CD0B0F5407FF6D12AF018
S31508002830D1FC02464FF42070FFF72EFFB2FBF0F2F0
S31508002840520857E0B0F5B06F65D00AD8B0F5806F7A
S3150800285057D0B0F5A06FE1D100216846FFF780FC9C
S31508002860DCE7B0F5C06F6CD0B0F5D06FD6D10021DB
S315080028706846FFF7B9FED1E7B0F5186F70D00DD8E6
S31508002880B0F5086F7FD0B0F5106F5FD0B0F5F06F78
S31508002890C4D100216846FFF7BDFDBFE7B0F5286F34
S315080028A063D007D8B0F5206FB8D100216846FFF786
S315080028B04DFDB3E7B0F5406F28D0B0F5486FADD100
S315080028C000216846FFF774FDA8E72AF063FC00902C
S315080028D0A4E72AF07FFCFAE72AF05CFC02462046C9
S315080028E004E02AF077FC02464FF42070FFF7D4FE86
S315080028F0B2FBF0F2009291E701A8FFF787FC019A74
S31508002900EDE700216846FFF7C9FC87E7002168461E
S31508002910FFF7F4FB82E700216846FFF719FE7DE71B
S315080029204FF0E02302911B695B0705D52AF052FC9C
S315080029300290029B009371E703A902A8FFF7E2FC45
S31508002940F7E700216846FFF7DDFC67E700216846E0
S31508002950FFF776FE62E700216846FFF721FE5DE78E
S3150800296000216846FFF72EFC58E70021084B039123
S31508002970D3F8703203F00303012B02D103A8FFF743
S31508002980C1FC039BD6E76846FFF764FC46E700BF31
S315080029900080005008B58020FFF7EAFE034B9842F6
S315080029A09EBF4FF48032024B1A6708BD005A620276
S315080029B000A000501FB503460020B3F5807F0190A4
S315080029C000F0F48000F28E80662B7DD83C2B06D86A
S315080029D0243B092B5ED9019805B05DF804FB3D3B05
S315080029E0292BF8D801A252F823F000BFCF2B0008F4
S315080029F0FD2B0008D7290008D7290008D729000881
S31508002A00D7290008D7290008D7290008D729000898
S31508002A10D7290008D7290008D7290008D729000888
S31508002A20D7290008D7290008072C0008A32B000877
S31508002A30D7290008D7290008D72900084B2B0008F2
S31508002A40D7290008D7290008652B0008112C00088B
S31508002A500D2B0008F32B0008D7290008D7290008F2
S31508002A60D7290008D7290008D72900087D2B000890
S31508002A70D7290008D7290008A32B0008A32B00088C
S31508002A80A32B0008A32B0008A32B0008F32B000890
S31508002A90F32B0008092B9ED801A252F823F000BF99
S31508002AA0A32B0008A32B0008A32B0008A32B0008C0
S31508002AB0A32B0008D7290008992B0008D729000856
S31508002AC02B2B0008D92B0008802B84D1594B1B6F60
S31508002AD003F00703013B032B3FF67DAFDFE803F066
S31508002AE05A535658B3F5F06F71D023D8B3F5B06F73
S31508002AF052D010D8B3F5607F77D0FFF46CAFB3F53A
S31508002B00806F4ED0B3F5A06F7FF465AF002001A9A2
S31508002B10FFF726FB5FE7B3F5D06F5DD0B3F5E06F3F
S31508002B206CD0B3F5C06F7FF456AF002001A9FFF74C
S31508002B30E9FB50E7B3F5186F65D00BD8B3F5086F06
S31508002B404FD0B3F5106F7FF446AF002001A9FFF709
S31508002B5077FD40E7B3F5286F5AD008D8B3F5206F4C
S31508002B607FF439AF002001A9FFF7F0FB33E7B3F58F
S31508002B70406F3ED0B3F5486F7FF42DAF002001A912
S31508002B80FFF716FC27E70523019324E70323FBE752
S31508002B900823F9E70223F7E7002001A9FFF7D8FC85
S31508002BA019E7002001A9FFF779FB14E74FF0E023A6
S31508002BB002901B695B0705D52AF00CFB0D230393CE
S31508002BC0039BE1E703A902A8FFF79CFBF8E70020AF
S31508002BD001A9FFF71FFCFEE6002001A9FFF704FD87
S31508002BE0F9E601A9FFF736FBF5E601A9FFF70EFBA3
S31508002BF0F1E6002001A9FFF781FAECE6002001A919
S31508002C00FFF7CEFCE7E6002001A9FFF7DBFAE2E6CC
S31508002C10084BD3F8703203F00303012B04D0022BC0
S31508002C200CBF15230023AFE7002103A8FFF76AFBB3
S31508002C301123A9E7008000504FF48032074B08495A
S31508002C40586E03F580535A664B6A23F001034B62AC
S31508002C50C3035CBF034B5A66704700BF0080005031
S31508002C600000085000A0005008B5FFF7A3FE092889
S31508002C7011D00A38012802D94FF6FF7008BD4FF463
S31508002C808002064B5A6603F5D8335B6ADB07F3D531
S31508002C904FF4FA70F2E7024B1888EFE700900050FD
S31508002CA02E60012008B5FFF785FE03280ABF024BF0
S31508002CB04FF6FF70188808BD2C60012038B5044609
S31508002CC08020FFF777FE032800F083804FF48012F8
S31508002CD0524B4FF0A0615A6645F60E02504BC3F8A8
S31508002CE08020504A91624FF4803102F580529162F9
S31508002CF09A6DD203FCD4996D11F08041FBD1D4E9C9
S31508002D000002120542EA0062E07B0243207B42EAA7
S31508002D100042607B42EA0032A07B42EA80121A61D6
S31508002D209869D4E90452120642EA856200F0004026
S31508002D300243A07EE57E0243207E42EA0042607E90
S31508002D4042EA00229A611A6AE06922F00F0242EA10
S31508002D508502354D00283DD11A6294F82420996AD7
S31508002D6094F82000D200294042EA40120A4394F817
S31508002D70211042EA011242F480329A622B49284A0B
S31508002D80936D31EA0303FBD14FF0807125488162C8
S31508002D901369A56823F4700343EA055313614FF0DA
S31508002DA00043836194F822300BB9214B996294F859
S31508002DB023303BB94FF480321D4B9A62184A936D03
S31508002DC05B00FCD494F825301BB1154B194AC3F89F
S31508002DD0802038BD024342F0080202281A6208D150
S31508002DE019614FF40852996113484FF47F411DF059
S31508002DF0F7FE0B4994F822308A6A94F820001B06DD
S31508002E002A4043EA4013134394F8242043EAC203B2
S31508002E1094F8232043EA02438B62D3E700900050DC
S31508002E200040005A0050005AC7FFFEFE030001008A
S31508002E300060005AF1A7FFFF3440005A014B93F98E
S31508002E4000007047BF600120F0B5D0E901434FF498
S31508002E5000061A4A4178057856664FF4D156022775
S31508002E6002F5B8325662164E4F2977604FF00107C1
S31508002E7028BF4F2106F5805677601669F603FCD4FD
S31508002E8041EA052151611B01417B43EA04230B43B7
S31508002E90017B43EA41039360C37B817B1B0143EAC1
S31508002EA04113417C0B43017C43EA41035360837C15
S31508002EB013B16FF4D1535362F0BD00BF00900050B8
S31508002EC000100250014B1880704700BF2E60012089
S31508002ED0014B1880704700BF2C6001204FF4800218
S31508002EE008B5184B5A660223174A5360936813F4B9
S31508002EF08033FBD1012822D12AF086F9134B984258
S31508002F0015D003F5122303F5F863984213D0104B36
S31508002F1000EB8002400AB3FBF0F3520A0A49CA6280
S31508002F200B6301234B620022074B5A6008BD45F626
S31508002F307A13084AF2E745F61A03074AEEE7536298
S31508002F40F1E700BF009000500040025000F049022F
S31508002F5064666666D8B80500BBCF0500B0F5207F65
S31508002F6010B50C465DD008D8B0F5007F4ED003D812
S31508002F70C0B1B0F5C07F15D010BDB0F5607FFBD1EC
S31508002F802C4B4C1ED3F8FC202B4912F0807F4FEABD
S31508002F90041427D1D1F8803023F030032343C1F835
S31508002FA08030E9E71DF02BFE1DF037FE4FF4803127
S31508002FB0224B214A1967136F013C23F4704343EAF5
S31508002FC0043313672AF006F90446FFF78BF8C0F1B5
S31508002FD0020120461DF01BFE00F04AF8BDE810402D
S31508002FE0FFF7D8BCD3F8FC2022F08072C3F8FC2087
S31508002FF0D1F8802022F030022243C1F88020D3F88D
S31508003000FC2042F08072C3F8FC20B5E70A4A4C1E41
S31508003010D2F8903023F0F85343EA0463C2F89030AC
S31508003020AAE7054A4C1E136F23F4806343EA8423F8
S315080030301367A1E700ED00E0008000500090005003
S3150800304008B50121022000F095F94FF42070FFF72A
S3150800305023FB054B18701DF0D2FD1DF0DEFD4FF465
S315080030608032024B1A6708BD89560120009000502D
S3150800307008B54FF4C070FFF77BFBBDE8084004496C
S31508003080884294BF012102214FF42070FFF766BFE2
S3150800309080F0FA0238B504462AF09CF80546FFF790
S315080030A021F8C0F1020128461DF0B1FD01210020DA
S315080030B000F0A0F92CB1FFF7DBFFBDE83840FFF7B9
S315080030C069BC034B4FF420701978FFF747FFF4E704
S315080030D0895601204FF4C02270B50546FFF7BEF9A0
S315080030E0314B04465A6603F598335A68012A04D1C7
S315080030F02E494A605A689207FCD48020FFF75AFC8A
S31508003100052807D11DF07BFD1DF087FD4FF48032A1
S31508003110254B1A67264B24F040749D4230D0254B28
S315080031209D4230D02AF030F88542064603D901215F
S31508003130284600F05FF9204BDA6812F0060FFBD13B
S3150800314099689C609A68624012F4F81F1ED1284656
S31508003150FDF776FB8020FFF72DFC05280DD12AF018
S3150800316039F80446FEF7BEFFC0F1020120461DF0FD
S315080031704EFDFFF77DFFFFF70DFCAE420CD270BD8A
S3150800318044F00074CEE744F08074CBE78020996061
S31508003190FFF710FC052805D0BDE870400121002086
S315080031A000F028B93546DAE70090005000E00150F3
S315080031B040420F0080841E00000001503D4B3E4AED
S315080031C0984263D021D83D4B98426BD011D83C4BDE
S315080031D04FF40021984261D008D83A4B98423AD029
S315080031E0394B984230D0394B984240D0002351662B
S315080031F039E0374B984243D0364B4FF4002198427A
S31508003200F4D1354BD3F8BC3021E0344B984241D049
S3150800321011D8A3F53703A3F5D853984246D003F53A
S31508003220B70303F5586398424FF40021DED12A4BC1
S31508003230D3F8C8300BE02A4B4FF400219842D5D179
S31508003240254BD3F8D03002E0234BD3F8A030516693
S3150800325023F0407307E0204BD3F8A030516623F0E3
S31508003260407343F080734FF0B442936070471A4B33
S31508003270D3F8A030516623F0407343F00073F2E7A9
S31508003280154BD3F8B8304FF40021E0E7124BD3F8CA
S31508003290C030F8E7104BD3F8CC30F4E70E4BD3F830
S315080032A0A430D4E70C4BD3F8B030ECE70A4BD3F88C
S315080032B0C430E8E7C0EA21010090005080969800E3
S315080032C0404B4C0080841E0000093D0040420F0020
S315080032D0405DC6000024F4000080E00F0048E801C5
S315080032E0005A6202024A536B0342FCD1704700BF80
S315080032F000800950044A4178536F23F4407343EA27
S3150800330001235367704700BF00400050104A10B5AC
S315080033101369044643F0040313612AF0B3FB1DF056
S3150800332081FC0C4B5B6E5B0142BF0B4B0B4AC3F82F
S315080033302024BFF34F8FBFF36F8F30BF1DF073FC90
S3150800334001F0D6F81CB9BDE8104029F043BF10BDFE
S3150800335000ED00E00080005000E003500000FF0F81
S31508003360034A0179D36E23F030030B43D3667047C3
S3150800337000400050F8B504461C4BD3F88420D1060B
S31508003380FBD4D3F88430C3F381139C422CD029F0A4
S3150800339001FF012C064602D121461DF038FC2BF010
S315080033A0B4F84FF00072124B07465A6620461DF0D5
S315080033B03DFC4FF480630D4D621E93402B676B6E88
S315080033C09A0103D4D5F884309B060AD538462BF0E3
S315080033D097F8022C08D13046BDE8F84000211DF0C8
S315080033E016BCD5F88430EAE7F8BD00BF00400050A7
S315080033F00060005010B50C4608B929F0CBFE074B03
S3150800340021461B783BB1064B984204D80120BDE8FB
S315080034101040FFF7AFBF0220F9E700BF8A56012028
S31508003420005A62020278034B012100201A70FFF746
S31508003430E1BF00BF8A5601204FF0004238B5244B41
S31508003440244C5A664AF6CD33656C014605F00105EB
S31508003450236428BB0120FFF745FF6368DB0715D502
S315080034601D4B586008461D4B226BD2070CD4984258
S3150800347008D1072415B1174B194A1A6429F092F88E
S31508003480204638BD0130EFE79842F2D00024F1E734
S315080034900132236B13F0080305D08A42F8D1E8E716
S315080034A000220E49F5E78A42E3D020210A4A9162B2
S315080034B00121A2F5805251600649084A886A8006A9
S315080034C003D49342D5D00133F8E79342DDE700BF32
S315080034D0009000500080095000A0095040420F009B
S315080034E03254FFFF4FF0004238B5164B01465A6674
S315080034F04AF6CD33144C154A656C236443780B2081
S315080035005B0043F00103D363FFF7ECFE63688A7838
S3150800351023F4F87343EA02136360CA784B7943EAE3
S315080035200223A3600A798B7943EA02232361087888
S31508003530FFF782FFEB0744BF054B236429F032F8F7
S31508003540012038BD0090005000800950004000500E
S315080035503254FFFF4FF00042124B70B55D6E03F513
S3150800356080535A664AF6CD3304460F4980204E6C7E
S315080035700B64FFF7B7FE0B6A23F00F030F2C94BFFB
S31508003580234343F00F030B62F30744BF074B0B6457
S31508003590002DA2BF4FF00042054B5A6629F002F8EB
S315080035A070BD00BF00800050008009503254FFFFF4
S315080035B000A000504FF00042104B70B55D6E03F549
S315080035C080535A664AF6CD3304460D4980204E6C20
S315080035D00B64FFF787FE0B6A23F4F85343EA0423C8
S315080035E00B62F30744BF074B0B64002DA2BF4FF0D5
S315080035F00042054B5A6628F0D5FF70BD0080005082
S31508003600008009503254FFFF00A000502DE9F04118
S3150800361005460F461E4690464AB101233022194CEC
S315080036208B4002FB004436B304F5825423600F2115
S31508003630072F05EB450388BFA7F108044FEA0313D4
S31508003640114895BFBC00A40004330C3308FA04F2F1
S31508003650A14018441DF0EBFAB8F1000F09D1012377
S315080036603021084ABB4001FB05223EB102F58252D1
S315080036701360BDE8F08104F50154D7E702F501525D
S31508003680F6E700BF00C0035030C003504FF4803245
S31508003690054B9A6641F6713203F51C33DA6301224B
S315080036A003F50053DA607047009000500B4B012178
S315080036B09B6EDB035EBF4FF48032094B9A6641F678
S315080036C07132084BDA63084AD1600022DA634FF494
S315080036D08032A3F518339A66704700BF0080005001
S315080036E0009000500000035000200350013836288F
S315080036F09ABF024B185C0020704700BFCFEB020848
S3150800370038B5C2F30625044602F0070241B942EA73
S31508003710052242F440220634074B43F8242038BDDC
S31508003720114628461DF092FA02462846FFF7DEFFA4
S31508003730163442EA0022EFE7008003504FF4803245
S31508003740084B5A6603F5EE239B69C3F3461203F04A
S315080037500F010A434280C3F30342C3F303334270A3
S315080037600370704700900050014B986CD96C7047F5
S315080037700080E00F0120034B9B680A3303F01F0308
S31508003780984070470080E00F0D4B984208D1A3F58A
S31508003790D023C3F85812802300F58050C3657047BC
S315080037A0084B984204D1A3F5D823C3F87412F2E75C
S315080037B0054B984204BFA3F5E023C3F89012EAE745
S315080037C000000A5000400A5000800A50012200F505
S315080037D080535A6040F6AA6341F20502436100230A
S315080037E00D498360C365C26000F500520361C36179
S315080037F0C364916409498365884203D1036500233C
S31508003800436506E006498842F8D001F580418842BA
S31508003810F4D0012353607047FFFF010000000A50EF
S3150800382000400A500122437801789A4030235943D0
S31508003830014B5A50704700BF40E00350034BD3F882
S315080038402424D3F820041040704700BF00C003505A
S315080038502DE9F8431F4B0546D3F810334B1E0E2BA4
S315080038600E461746047890F8018026D951B34FF0D2
S31508003870000928461FB329F035FD0F21B8F1070FB7
S3150800388004EB440488BFA8F108084FEA0414124858
S3150800389095BF4FEA88084FEA880804340C3409FAB9
S315080038A008F201FA08F120441DF04DFA86B92846B7
S315080038B057B1BDE8F84329F015BD8946D9E7FFF7A2
S315080038C0B1FFDAE78946D8E7BDE8F843FFF7AABFAC
S315080038D0BDE8F88300C0035030C00350054B9A6812
S315080038E09107FCD45A689207F9D4DA69002AF6D106
S315080038F0704700BF00C00A5010B5034C636829F032
S31508003900FDFC0223236110BD00C00A5008B5FFF76D
S31508003910E5FF0122024B03F580514A601A6108BD92
S3150800392000C00A50044B10B55C68012C03D1FFF7A0
S31508003930E3FF024B5C6010BD00C00A5000E00A506D
S3150800394038B5074DFFF7CAFF6B680446012B03D14C
S31508003950FFF7E8FFFFF7C2FF2378EB6038BD00BF2B
S3150800396000C00A5010B529F0D3FCB8B94A680B78DC
S3150800397012B1127843EAC2034A7843EA42038A68D4
S3150800398012B1127843EA8213CA7843EA82030A69B3
S3150800399012B1127843EA4223014A936410BD00BF6C
S315080039A000C00A504FF480320A4B5A6603F5EE23DC
S315080039B09B69C3F303320270C3F303424270C3F335
S315080039C0461203F00F03134343804FF6FF738380B9
S315080039D0704700BF00900050014B986CD96C704737
S315080039E00080E00F70B504460D462AF097FD0D2CB1
S315080039F0064616D80D2C18D8DFE804F01B1B171B33
S31508003A001B2A171B2E173117343901231B4AA340CB
S31508003A1013421DD10A2C2DD0042C06D14FF4E06098
S31508003A2022E00F3CE4B2112CEFD9002321242B808D
S31508003A3009E08020FFF736F94FF6FF7398420CBF6E
S31508003A400E240024288030462AF063FD204670BDE7
S31508003A5000230F242B80F6E74FF48060EAE74FF443
S31508003A604060E7E74FF4C060FFF7FEF8E4E74FF47D
S31508003A70F060F9E74FF41860F6E700BF4751030016
S31508003A8030B58BB06C468A4D8A482AF052FD0FCD68
S31508003A900FC42B68884A2360FF238DF80130D2F8BB
S31508003AA04C3113F4802340F0F680D2F850218DF87B
S31508003AB001309DF801306C46FF2B08BF3F2368464E
S31508003AC07E4D8DF80130FFF7BFF93220FFF7FAF97E
S31508003AD00FCD0FC40FCD0FC495E8030084E803008B
S31508003AE0754BD3F84C21120300F1C480D3F850412A
S31508003AF0E4B28DF81940FFF7A1F9044484F30804E9
S31508003B006F488DF81840FCF7A1FE6846FFF7D6F80F
S31508003B103220FFF7DDF96B48FFF7DCFA6A48FFF752
S31508003B204DFB6A4C6A482AF004FD0020FFF7D6F9D7
S31508003B30FFF786FA236F002023F0070343F00303F9
S31508003B402367FFF7A7FA236F624923F474432367B1
S31508003B50614BD3F8FC2012F0807200F09180D3F804
S31508003B60FC2022F08072C3F8FC20D4F8802022F0D2
S31508003B70030242F00102C4F880200022C1F8802026
S31508003B80D3F8FC2042F08072C3F8FC204F4CD4F8DE
S31508003B90203123F0070343F00203C4F82031D4F898
S31508003BA0283123F0070343F00203C4F82831D4F878
S31508003BB0803123F0030343F00103C4F88031D4F8BD
S31508003BC0403123F0030343F00203C4F84031D4F82C
S31508003BD0603123F0030343F00203C4F86031D4F8DC
S31508003BE0403223F0030343F00203C4F84032D4F80A
S31508003BF0003223F0070343F00203C4F80032D4F876
S31508003C00083223F0070343F00203C4F80832D4F855
S31508003C10503223F0030343F00203C4F85032D4F8B9
S31508003C20703223F0030343F00103C4F87032D4F86A
S31508003C30203223F0070343F00103C4F82032FEF7CD
S31508003C40FBFF4FF0E0220020136943F004031361E1
S31508003C50D4F8603223F0070343F00103C4F8603256
S31508003C60D4F8943223F0070343F00103C4F89432DE
S31508003C700BB030BD194B1C88FF2C88BF8C2438E745
S31508003C80D4F8803023F0030343F00103C4F88030EE
S31508003C90C1F880207AE74FF07E6393F89C2093F969
S31508003CA09C30002BFFF605AF8DF8012001E700BF19
S31508003CB008EC02084CEC02080080E00F1CEC020835
S31508003CC0C017530200B4C404C0EA210100800050A2
S31508003CD054EC02080090005000ED00E00001E00FEF
S31508003CE007B5094B18689A889B7900906846ADF81D
S31508003CF004208DF80630FFF7F5FB0C20FFF72AFCA9
S31508003D00002003B05DF804FB44EC020870B500F02F
S31508003D1021FC0446E8B900F0A7FC2AF069F84FF43C
S31508003D20167343430C4A03F5742303F23F23B3FB8C
S31508003D30F2F30A490A480B600A230268094D0E681D
S31508003D40013B45F8046B0E6813F0FF033244F6D1C5
S31508003D500260204670BD00BF40420F003858002060
S31508003D60085800200C580020012208B5034B1A7089
S31508003D702AF08FFC024B186008BD00BF8B56012045
S31508003D800458002010B52AF033F804462AF0B5FB8B
S31508003D90844207D92AF089FC20B10122024B186017
S31508003DA0024B1A7010BD00BF045800208B56012024
S31508003DB0F8B51F4C2378E3B12AF06BFC1D4B1E4D5A
S31508003DC01B68C01A28602B68A3B12B682B602AF0E1
S31508003DD00FF84FF416725043184A00F5742000F293
S31508003DE03F20B0FBF2F02B682B68834204D90023EE
S31508003DF02370F8BD0123E9E71148124E03782968B4
S31508003E0056F82320104F511A3A68521A29683A6010
S31508003E1046F823100A210932B2FBF1F20B4D0133A1
S31508003E20DBB22A60B3FBF1F201FB12330370DEE763
S31508003E308B560120045800203458002040420F00B9
S31508003E408C5601200C5800200858002038580020AD
S31508003E50014B1868704700BF38580020F8B5032191
S31508003E603C201CF08FFF04264FF480120D4C0E4B9D
S31508003E700E4F04F500555A663C206F676E672F672C
S31508003E802E6700F0A5F83C2000F086F84FF0007287
S31508003E9004F580535F675E67AA624FF480529A62A0
S31508003EA0F8BD00BF0040005A00900050010000A075
S31508003EB0064B074A996D11F0050F01D0117811B11B
S31508003EC00028F7D170470120704700BF0040005A0C
S31508003ED08D560120164B10B51C6F14F0040111D035
S31508003EE0144A1167082191629B6DDA0701D4FFF71E
S31508003EF049FF00F06DFA00F04DFA012029F0E0FFC5
S31508003F002AF0D5FBE30706D501220A4B1A67FFF705
S31508003F104FFF00F03FFA14F000521CBF054B1A671A
S31508003F20002CBEBF4FF00042024B1A6710BD00BFFF
S31508003F300040005A0060005A0028ACBF00F16040FB
S31508003F40064B4FEA0111C9B2ABBF00F5614000F05C
S31508003F500F0080F800131954704700BF14ED00E0F5
S31508003F6008B52AF0DBFA0B4B1A7872B901221A70D7
S31508003F702AF0CFFA6FF0040210460132052152B238
S31508003F80FFF7DAFF5D2AF7D108BDBDE808402AF039
S31508003F90C0BA00BF8E560120002807DB012341095D
S31508003FA0034A00F01F00834042F82130704700BFE3
S31508003FB000E100E0054B421153F8223000F01F00E3
S31508003FC023FA00F0C04300F00100704700E100E06A
S31508003FD0002808DB01224309034900F01F0082403C
S31508003FE0603341F82320704700E100E013B5094C1F
S31508003FF0684600F03FF8237853B9DDE9000102224C
S31508004000054B1DF031FB08B90123237002B010BD22
S315080040101220FBE78F5601203C58002007B5009375
S3150800402013460A46014603481CF0FDFE03B05DF838
S3150800403004FB00BF3C58002013460A4601460148C7
S315080040401CF0E1BF3C58002007B5009313460A460A
S31508004050014603481DF0DAF803B05DF804FB00BF1B
S315080040603C58002013460A46014601481DF0F4B89C
S315080040703C5800200249034A0160521A42607047C0
S31508004080E060012000000820BFF35F8F074B5A6AE3
S3150800409022F480325A62D3F8942022F00102C3F83F
S315080040A09420BFF34F8FBFF36F8F704700ED00E08A
S315080040B038B5FFF7E9FF284A2848D2F8C030284D16
S315080040C023F0FF0343F0A003C2F8C030254B046871
S315080040D09D4204F101011ED1234BC2F89840C2F853
S315080040E09C3003F5FF2303F2FE73C2F8A03001608B
S315080040F0BFF35F8F0522184BC3F894205A6A42F41F
S3150800410080325A62BFF34F8FBFF36F8FBFF34F8F63
S31508004110BFF36F8F38BD23F01F03203BB3F1005F59
S3150800412009D3C2F89840104C43F00103C2F89C40EA
S31508004130C2F8A03001600D4B0168074A23F01F033F
S3150800414043F00303C2F89810C2F89C30084B0131BB
S31508004150C2F8A030CBE700BF00ED00E064580020AD
S31508004160005E0120405C0120030000201F5E012044
S31508004170E1FF07202DE9F0410D461146DFF8E08002
S31508004180D8F80040B4F5807F34BF00271A27FFF718
S315080041907BFF1F292ED90021C2061CBF20F01F0055
S315080041A020302E4EEB0618BF25F01F05CBB29C42D9
S315080041B035D8D6F8C03020F01F0023F47F4343F4E7
S315080041C08073C6F8C03040F003042AF0A7F9D8F87F
S315080041D0003025F01F0141F00301C6F89830C6F8F3
S315080041E09C40C6F8A0102AF094F9D8F8003001339C
S315080041F0C8F80030BFF35F8F0522184BC3F8942028
S315080042005A6A42F480325A62BFF34F8FBFF36F8FF8
S31508004210BFF34F8FBFF36F8F3846BDE8F081C6F8FE
S315080042209830D6F89C30D6F8A02023F01F03984281
S3150800423022F01F0201D195420BD0904201D89D422F
S3150800424009D2D6F89830013123F0FF03C6F8983022
S31508004250ACE70027CEE72827CCE700BF00ED00E053
S3150800426064580020BFF34F8F0549064BCA6802F40D
S31508004270E0621343CB60BFF34F8F00BFFDE700BF7B
S3150800428000ED00E00400FA0538B5416004462AF05E
S315080042903CF90546214604481BF022FF2846BDE89E
S315080042A038402AF02DB900BF6858002001481BF095
S315080042B014BF00BF6858002070B52AF026F9134DC0
S315080042C0044613482AF035F92E7896B900F0B2F963
S315080042D0FFF7ECFF2AF0FEF90E4B1E6029F088FD69
S315080042E00D4B0E4A1860536F43F0010353671DF0D8
S315080042F0DDF900F0A1F81DF0EFF9094B186001236C
S3150800430020462B702AF0FCF8002070BD9C56012030
S3150800431058EC02086C5800209458002000400050C1
S315080043207058002038B504462AF0EFF80F4D0246BB
S315080043302B78FF2B04D1B4B1BDE838402AF0E0B899
S315080043401BB9002CF8D0012103E0002C0CBFFF217B
S3150800435001210B44DBB22B70B3FA83F304495B09E2
S3150800436010460B70E8E71946F3E700BF9956012097
S3150800437098560120054B1B685843054B00F57420D9
S3150800438000F23F20B0FBF3F0704700BF94580020BE
S3150800439040420F0010B5094B1B786BB1084C2378C7
S315080043A053B129F025FB0023064A23701370012315
S315080043B0054A1370054A137010BD00BF9B560120AD
S315080043C096560120955601209156012090560120B7
S315080043D0034B1B7813B10122024B1A70704700BFBA
S315080043E09B5601209656012073B5114E0446337824
S315080043F083420FD04FF400730E4DADF8043058B118
S3150800440001A8FEF777FF4020FFF7B4FF2B68181ABC
S315080044102860347002B070BD8DF8050001A8FEF75B
S3150800442069FF4020FFF7A6FF2B681844F0E700BF96
S31508004430C06001209858002073B5002401A88DF8A3
S315080044400440FEF7EFFF2046224CFFF7CDFFD4F8D5
S315080044500031214A03F0030313604FF480121F4B07
S315080044601F4D5A664FF400325A6629F0EFF91D4B74
S315080044701B780BB3D4F8003103F00303022B23D0C7
S31508004480032B24D0012B17D128F0BEFE024698B183
S31508004490154B164EDC6800231946C4F30B04013489
S315080044A004EB84040138E4FB060105F0EDFAFFF796
S315080044B061FF2B6803442B601F20FFF75BFF2B6807
S315080044C003442B6002B070BD28F0FCFEDEE728F03E
S315080044D0A1FEDBE700800050A458002000900050A1
S315080044E0985800209F56012000C0015040420F00F6
S315080044F00122114B10B55A67104B114C1B78A3B10A
S3150800450002202AF0D6F880B129F0C4FC68B1A36D60
S31508004510D90302D5E36D9A0703D4094B9B6DDB07D4
S3150800452004D54FF48032044B9A6210BD0122054B24
S315080045301A70FFF719FCF4E70050005AA05601203C
S315080045400040005A9D5601200122014B1A707047FF
S31508004550A056012070B529F0E1FF144E05463478BF
S31508004560FCB9134B1C60134B1C60134B1C6000F00A
S315080045702BF801202AF0B3F829F06EFD0F4B0246FE
S31508004580186020B9284629F0C4FF232070BD2346A9
S3150800459040F2E7310A4805F077FA0A4B186001231A
S315080045A03370284629F0B5FF0020EFE7A35601200F
S315080045B0B8580020B4580020C0580020BC58002025
S315080045C018FCFFFFB058002010B5002486B014224E
S315080045D0214601A88DF800401FF05AF80123134818
S315080045E08DF8043029F0A5FFBFF34F8F6846FFF713
S315080045F0A7F9204601A98DF80440FFF7B3F920462C
S315080046000F2128F097FE0F21204628F099FEFFF784
S315080046107DF928F073FE064B53209C61FFF7D8FC02
S315080046205320FFF7B9FC06B010BD00BF4CEC0208DA
S3150800463000C00A5008B50A4829F07BFF40F6015227
S3150800464000210120FFF75CF84FF4A2720021012037
S315080046501CF011FB4FF48072024B9A6408BD00BF30
S3150800466050EC020800D00A5008B5094829F061FF45
S3150800467040F6016200210220FFF742F84FF49E72CD
S31508004680002102201CF0F7FA0022024B9A6408BDAA
S3150800469050EC020800D00A5038B508460C4627F0F8
S315080046A090FF034620B994E80700024D85E8070005
S315080046B0184638BDC458002070B5032916461C464E
S315080046C0049D01D9212070BD02D127F074FF01464F
S315080046D00C4B9A7A8A42F5D9186809B201EB41015E
S315080046E000EB810116B1B1F90430338014B1B1F988
S315080046F0063023800DB90020E5E7B1F908302B8094
S31508004700F9E700BFC45800202DE9F0432A48079F5F
S31508004710847A94424CD9066802EB42024FEA820C2C
S3150800472016EB820246D05089002843D0B2F90440DD
S31508004730B2F906508C42B2F908E02FDCA942A8BFAC
S315080047402946BEF1000F35D000F1FF381FFA88F868
S315080047500EFB08490A1B92FBFEF24D45D8BF4046A0
S3150800476092B2904202D3A94218BF104656F80C20BE
S3150800477052F8206002EB800C18B15CF8048D4645AF
S315080047800ED08D421EBF1EFB00F1091909B29942CF
S3150800479009DC00203E60B980BDE8F0832146D0E7F9
S315080047A0013880B2E8E70028F3D0013880B2DFE7A5
S315080047B00E20F1E70220EFE7C458002008B50649A5
S315080047C04FF0FF30FFF768FFBDE8084001214FF0C2
S315080047D0FF3027F0F8BE00BFDCFD02087FB50222D5
S315080047E0084B0949CDE901234FF04073CDE903137E
S315080047F0052301A94FF0FF30059327F009FF07B0FD
S315080048005DF804FB006A18000003040006289ABF36
S31508004810014B185C0020704788FE020800F01F0252
S31508004820A0F50620A0F55060812810D80123094973
S315080048304009934051F820201A4341F820200649A0
S3150800484051F8202022EA030241F8202070474FF051
S31508004850FF307047E8580020D458002000F01F03A6
S31508004860A0F50620A0F55060812810B519D80121B9
S315080048700D4A4009994052F820300B430B4942F83B
S315080048802030D1E9004323448C682344CC68096965
S3150800489023445B1804D1C2E90033C2E90233136129
S315080048A010BD4FF0FF30FBE7D4580020E858002031
S315080048B02DE9F04FA7B003921F4604460822CDE91A
S315080048C00401414021FA02F34B40980702F108021D
S315080048D018BF9B00202A1C44F4D18123B4FBF3F3B0
S315080048E003EBC313E41A7F4B04F506241B7804F57F
S315080048F05064002B39D1FDF7FFFA054600286FD121
S315080049000146402206A81EF0C3FE2946402216A8E4
S315080049101EF0BEFE744D754EA8461035AE4228BF31
S315080049202E467348013E009643461022006806A9A3
S315080049301BF05EFF4FF0000B81460DF1180AD945B2
S3150800494041D16B48009643461022006816A91BF011
S3150800495058FF4FF00008834616AEC34546D1654B4F
S315080049609D42D8D101225F4B1A704FF0810800266C
S31508004970DFF894B1A4F50625A5F550635B095BF845
S31508004980232004F01F01CA40D20746D45A4A52F8D7
S315080049902330CB40DB0732D58123002E08BF2646BD
S315080049A0A5F6FF44B4FBF3F303EBC313E41A04F5CB
S315080049B00624B8F1010804F55064DBD1039B03B360
S315080049C0FEB1344625E05AF8040BFFF727FF0130FD
S315080049D009D10022434B1A70424B1B78002BC4D1D5
S315080049E06FF091000FE00BF1010BA8E756F8040BE6
S315080049F0FFF734FF0130EFD008F10108ADE7039B5C
S31508004A0023B96FF08B0027B0BDE8F08F002E18BFD2
S31508004A103446329B00201C60F5E7309B13B1002317
S31508004A20309A1360319B13B10023319A13604FF00B
S31508004A30100ADFF8BC90CDF800A000233A462146BC
S31508004A40D9F80000FDF75AF8002838D130993A68A5
S31508004A502A4BE9B19A42C1F800A01CD02146D9F8E0
S31508004A600000FDF7A5F90028CBD1D7E90223DDE937
S31508004A700410834208BF8A422AD08123A5F6FF453F
S31508004A80B5FBF3F303EBC313ED1A05F5062490E71C
S31508004A909A42EAD0E2E7319B002BE6D02146D9F8C4
S31508004AA0000016AAFDF770F848B9319B309A1B68C2
S31508004AB01268934294D39B1A319A1360D5E7104B28
S31508004AC09842CBD06328C9D00E4B9842CDD087E701
S31508004AD0039B002B9DD07B68012B9AD16FF0840035
S31508004AE091E700BFA4560120006D0800816D0800FB
S31508004AF0305E0120906D0800D4580020105D175EC6
S31508004B00FFDF00F0FEDF00F0E85800202DE9F04F47
S31508004B1087B08246894698461646DDF840B02AB1DF
S31508004B20002B53D040F26C739A4252D8BBF1010F56
S31508004B3052D8002406F110073946012005941CF0C6
S31508004B4081FB054600284AD021463A461EF0A0FDBC
S31508004B5005ABCDE9014300942B4601225046494650
S31508004B60FFF7A6FE044680B110F18C0F08BF6FF060
S31508004B708D043A46002128461EF08AFD28461CF078
S31508004B8043FB204607B0BDE8F08F164BC5E902A9DE
S31508004B902B60C5F804B02EB13246414605F1100027
S31508004BA01EF07EFD059E10483B462A4631460068A3
S31508004BB0FDF7BAF838B93046FFF730FE013008BFBE
S31508004BC06FF08604D5E76FF09104D2E76FF086049C
S31508004BD0D7E76FF09104D4E76FF08504D1E76FF05B
S31508004BE08C04CEE7105D175E305E01202DE9F04398
S31508004BF08DB08146DDE914780E4615461C469BB1F4
S31508004C00B8F1000F05D16FF0860630460DB0BDE845
S31508004C10F083002FF7D0B7F1005FF4D3C3F1005348
S31508004C2003F500239F42EED81022002108A81EF0A3
S31508004C302FFD002207AB029305AB019306AB314665
S31508004C400093484608ABCDE90522FFF731FE064634
S31508004C500028DAD1059BA4B1AB4215D853EA05045E
S31508004C60D1D1069B0B48C8F8004000943A460799EC
S31508004C7000682B44FCF742FF002818BF6FF0910626
S31508004C80C3E7AB42EDD2BEE75B1B9C4228BF1C467E
S31508004C90E7E700BF305E012030B58DB00C4605460B
S31508004CA01022002108A81EF0F3FC002207AB02938D
S31508004CB005AB019306AB21460093284608ABCDE920
S31508004CC00522FFF7F5FD044608BB099B012B21D0F9
S31508004CD0079D134B29461868FDF76AF8E8B9A5F544
S31508004CE00623A3F55063812B05F01F020DD8012179
S31508004CF00C485B09914050F823204A4040F823208D
S31508004D002846FFF7ABFD013001D16FF08604204637
S31508004D100DB030BD6FF08404F9E76FF09104F6E743
S31508004D20305E0120E85800202DE9F04F95B0044682
S31508004D30DDE92075DDE922689346DDE91E028A462B
S31508004D40DDF8909029B96FF08604204615B0BDE8C5
S31508004D50F08FBBF1000FF6D00FB9002DF3D108B9CB
S31508004D60002AF0D116B9B8F1000FECD1B9F1000F4D
S31508004D70E9D02C4A934252D12388B3F5105F4ED11D
S31508004D80282200210DEB02001EF082FC20220021C1
S31508004D9002A81EF07DFC0AA829F0CFFD10B16FF01D
S31508004DA09204D2E720465A46514602AB00F00CFA66
S31508004DB004460028C9D102981CF048FD044600287C
S31508004DC0C3D115B9C9F80050BFE7B74224D27B1939
S31508004DD09E4221D24545B6D839462A4630461EF067
S31508004DE03DFC374615F00F0AADD1CDE900762B46C6
S31508004DF0524602A90AA801F06BFB07460028E1D033
S31508004E004246514630461EF043FC012FC9F800A021
S31508004E10C5D16FF08B0498E74545E3D993E76FF062
S31508004E20850492E7004440042DE9F047C4B00C46D7
S31508004E3007460021154601A820229A464C9EDDF811
S31508004E403891DDF840811EF023FC2022002109A8B4
S31508004E501EF01EFC2022002111A81EF019FC282293
S31508004E60002119A81EF014FC0021802224A82391F1
S31508004E701EF00EFC3CB135B12EB1B9F1000F02D0CF
S31508004E80B8F1000F05D16FF08604204644B0BDE89E
S31508004E90F0872188628801F4E043B3F5804FF2D0A9
S31508004EA02C4B2D483B4043F01063834202D06FF0F1
S31508004EB08504EAE7D31DBAEBD30F4FEAD307E2D34B
S31508004EC04F9B9F423FD847F212139942EFD1B2F552
S31508004ED0807FECD1214B4D9809938423023001360B
S31508004EE020F0030016937B000D960E901293204631
S31508004EF05246294623AE01AB159600F065F90446DD
S31508004F000028C2D10B9B119043F4005319A80B93A8
S31508004F1029F013FDD0B911AB09AA01A919A801F006
S31508004F20AFFD054610B14828ADD1C0E73A4631462F
S31508004F3048461EF0B5FB2B4673550135842DFBD12B
S31508004F40C8F80070A1E76FF089049EE76FF0920435
S31508004F509BE700BF0000FFF6000002092000008062
S31508004F602DE9F0410D4614461E46C4B010B96FF03F
S31508004F7086000DE00029FAD0002AF8D0002BF6D0DA
S31508004F80038803F44F42B2F5824F04D06FF08500D0
S31508004F9044B0BDE8F081DAB2122AF7D123F0FF0354
S31508004FA0B3F5E24F27D143883360FBB9E30033609A
S31508004FB0B3F5807FEAD10023184642492E192144C9
S31508004FC011F8014D16F8012D1043121B0CBF4FF0B6
S31508004FD0FF340024B54203EA040343EA0203EFD18F
S31508004FE00028C4D0002BC2DA0020D1E7DA1DB4EBC2
S31508004FF0D20FDDD0BBE7B3F5824F60D10B78042B17
S31508005000B5D12822002118A81EF042FB18A829F0BD
S3150800501094FC002850D100278422394623A82297D9
S315080050201EF036FB01232022394668468DF8883063
S315080050301EF02EFB20224FF08808013C3946013528
S3150800504005940DEB0200E400049564081EF020FBAD
S3150800505022AD2022394610A80C95CDF834801EF0D2
S3150800506017FBE02CCDE91458346003D0B4F5807FE3
S315080050707FF47DAF144B0734009308934FF4005325
S3150800508002934FF48043E4086A460A93640010AB1F
S3150800509008A918A8119401F0F3FC33680733DB0854
S315080050A05A0033B10021531E013B297005F1010551
S315080050B0FAD2002898D05AE76FF0920068E76FF0A6
S315080050C0960065E7ACFE020820000080F8B5134696
S315080050D042880C460732072A4FEAD20101D0A1427C
S315080050E06DD1D0E9016705882022184600211EF0F7
S315080050F0CFFA360A034626B1012E11D06FF08B007F
S31508005100F8BD002C5BD041F20102954205D0B5F5F9
S31508005110885F02D0B5F5905F1BD15C600020EFE791
S31508005120C660002C4BD041F2010295420BD15C605F
S31508005130B90707F001021FD4002AEFD19A6842F096
S3150800514080729A60EAE7B5F5885FF0D0B5F5905FAA
S31508005150EDD0B5F5105F0AD1182C03D0202C01D05C
S31508005160102C2CD1C3E90044002ED7D0E0E705F473
S315080051704F42B2F5824F02D06FF08500C0E7EAB21F
S31508005180122AF9D1202CF7D10E4A25F0FF05B5F5DC
S31508005190E24F1A600CD0B5F5824F10D14FF4005289
S315080051A017F4705F09D017F4864F04D09A60E3E7C6
S315080051B04FF48042F4E742F480629A60D4E76FF0D5
S315080051C086009DE7200000802DE9F0411746002261
S315080051D01C4643688CB01B0A80460D46009204D0D4
S315080051E0012B56D06FF08B008EE0008820F0FF036D
S315080051F0B3F5824F15D1B8F802200732D2080092CB
S315080052001CF030FB002800F0E1800B78042B05D158
S31508005210013FB7EB420F05F1010503D06FF0860099
S3150800522072E00097009E224631464046FFF74EFF41
S31508005230002869D1FA1CC4E9030522F00302626159
S31508005240002E00F0A4802022002101A81EF020FADA
S315080052503146404601AAFFF739FF002840F09780FB
S315080052602168019D039A8D42A36840F09080616889
S31508005270029D8D4240F08B809A4240F08880A36957
S31508005280079A9A4240F08380E369089A9A423BD08B
S315080052907DE0032FC2D90B78012B40F09A8049781C
S315080052A000294BD0F73908299CD801A353F821F0D7
S315080052B019530008D5520008E55100080F53000895
S315080052C0E551000833530008E55100082353000848
S315080052D02B5300084FF41056F8253F4F1C22002187
S315080052E002A81EF0D5F903230197CDE904350396E4
S315080052F001AA09AD134603CBAB42206061601A468A
S3150800530004F10804F6D100200CB0BDE8F08110279E
S315080053104FF08076FA25E1E720274FF00076F7254B
S31508005320DCE7FE252C4F2D4ED8E7FF252A4F2C4EBD
S31508005330D4E74FF41056FC25274FCFE72B2F7FF6DF
S315080053406DAF202220461EF0A3F905F11003236154
S31508005350AB070DD001AB05F128061A46286869681F
S31508005360083503C2B5421346F7D1286801AD106067
S315080053706B68103F2360AB6869466360EB6820463C
S31508005380A36001236761E3601DF0CAFC28B12022EF
S31508005390002120461EF07CF940E7B8F80030009E50
S315080053A003F44F42B2F5824F0ED1DAB2122A0BD16C
S315080053B023F0FF03B3F5824F06D1730062691C33ED
S315080053C09A42BFF43DAFE2E73346F7E76FF0850050
S315080053D09AE76FF0910097E72000008000440002EA
S315080053E0004400032DE9F04F91B0DDF8688081464E
S315080053F00C4692469B461C9FB8F1000F05D16FF0EC
S315080054008604204611B0BDE8F08F002FF7D000289B
S31508005410F5D02822002106A81EF03AF906A829F098
S315080054208CFA10B16FF09204EBE714F47C1FC4F306
S3150800543005452AD0102DE2D81B9B9D422ED81A4B23
S3150800544024F47E149C422CD1002302AECDE902330B
S31508005450CDE9043352465B464946009606A801F054
S31508005460A1F8044698B92A46314640461EF018F96E
S31508005470234633550134102CFBD100243D6006A881
S315080054801DF049FC0028BCD0CCE71025D4E721281C
S3150800549014BF6FF092046FF08604F0E76FF089048A
S315080054A0AFE76FF08504ACE70002C00370B50E469F
S315080054B01446054610B96FF0860070BD0029FAD06B
S315080054C0382200211EF0E4F8094B24F47E129A4291
S315080054D00AD13388B3F5105F06D1C4F30543102B00
S315080054E0E9D800202C60E8E76FF08500E5E700BF03
S315080054F00002C003F0B50E4617461C4605468DB099
S31508005500002834D04AB9002B31D1002914BF002411
S315080055106FF0860420460DB0F0BD41B3002BF9D0DC
S315080055202822002102A81EF0B3F802A829F005FADD
S3150800553010B16FF09204EDE72B68104A23F47E133E
S31508005540934217D100943B46324602A9281D01F022
S315080055503BF9044628B1212814BF6FF092046FF076
S31508005560860402A81DF0D7FB0028D3D0E1E76FF028
S315080055708604CFE76FF08804CCE700BF0002C003BB
S315080055802DE9F0438FB0894690461D460446169F7E
S3150800559000284ED0002A4CD0002B4AD0002F48D0E5
S315080055A0002946D02822002104A81EF071F804A874
S315080055B029F0C3F9064628B16FF0920420460FB0C9
S315080055C0BDE8F0832368102D28BF102513F47C1F2F
S315080055D0C3F3054202D0954228BF1546184A23F45C
S315080055E07E13934228D12822002104A81EF050F8E1
S315080055F00023201DCDE90033CDE902334A466B4628
S3150800560004A901F03DF8044660B1212814BF6FF0E3
S3150800561092046FF086043E6004A81DF07CFB002807
S31508005620CCD0C9E72A46694640461EF039F82E46C8
S31508005630F1E76FF08604C1E76FF08804BEE700BFA4
S315080056400002C0032DE9F0410E4617469846044667
S3150800565000B3F9B1F2B1982200211EF019F83146CB
S31508005660069A04F16000FFF721FF0546A0B9234614
S31508005670424639463046FFF7A7FD054660B97288A7
S31508005680D208A2F110011029E26503D80A4BCB40D3
S31508005690DB0704D46FF086052846BDE8F081636908
S315080056A01C329342F6D304F12003184621691DF0F3
S315080056B0F7FF2061F0E700BF010101000023C36086
S315080056C001F13803036120230A6843618B6D0B4996
S315080056D022F47E128A42436003D001F580718A4221
S315080056E008D1102B01D0182B02D103600020704777
S315080056F0202BFAD06FF08800704700BF0001C00366
S3150800570010B50A46044619B1024B00211B68984792
S3150800571010BD00BF505E01200E4B0340B3F1607F01
S3150800572006D1B1F5885F14BF6FF086000020704778
S31508005730B3F1707F0BD101F4E043B3F5005F06D1F6
S3150800574011F4E06F0CBF6FF08600002070476FF011
S31508005750860070470000C07F8A42F8B507460C46A7
S3150800576000F019818F4922F4FF7323F001038B425D
S315080057700ED08D4B22F0FF01994209D08B4822F4B6
S315080057807F7323F00303834202D0894B994228D1C1
S31508005790884B24F0FF0199420FD114F0FF000BD07B
S315080057A0854B40F00070984240F0F78082EA04008A
S315080057B0FF288CBF00200120F8BD7B4B9942ECD016
S315080057C0A3F588539942E8D024F4FF7323F0010324
S315080057D0B3F1062FE1D076488142DED073498B4279
S315080057E0DBD004F0FE43B3F1A06F14D102F0FE4300
S315080057F0B3F1A06F40F0D18082EA040333F47E133C
S3150800580040F0CB8014F40040D6D0C4F30540C2F370
S3150800581005429042CDE7B3F1407F40F0A88002F000
S31508005820FE43B3F1407F40F0B88082EA040535F4C0
S315080058307E1540F0B28039462046FFF76DFF0028F6
S3150800584040F0AB805D4B12F47C1603EA020319D0D4
S31508005850B3F1607FC2F3054679D15949D3B243F013
S3150800586000738B4277D003F17E43043B0F2B5CD841
S31508005870DFE803F05A5A5B716567696B65675B5BBE
S315080058806567696BB3F1607F34D14D49D3B243F094
S3150800589000738B4244D003F17E43043B0F2BDCD8C4
S315080058A001A151F823F000BF255900082559000821
S315080058B05B580008215900089F590008E958000854
S315080058C0ED580008F15800089F590008E9580008E3
S315080058D05B5800085B5800089F590008E9580008FB
S315080058E0ED580008F15800082026B6E73026B4E738
S315080058F04026B2E7B3F1707F17D107F4E043B3F55A
S31508005900005F03D10126C7F302239E4007F4E04354
S31508005910B3F5005F09D10125C7F302218D4004E0E4
S3150800592010269AE7142698E7142514F47C1FC4F366
S31508005930054312D1B54214BF002001203CE71C25BF
S31508005940F3E72025F1E73025EFE74025EDE7B3F14A
S31508005950707FEAD1DAE71025E7E712F47C1F01D158
S31508005960AB4218D022047FF527AFB34221E7B3F143
S31508005970106F12D124F01F6020F4702068B902F06D
S31508005980FE43B3F1106F7FF417AF0E48104040F096
S315080059901060A042CFE701200EE700200CE71C2686
S315080059A05BE700BF000200060013000600040006BD
S315080059B00009000600030006FF0000020000C07F81
S315080059C0030000020000FFF637B50D4D0C466B7854
S315080059D0022B12D12B78072B0FD100230A460193ED
S315080059E0014601AB281D1BF015FF20B9019BA342F8
S315080059F018BF6FF0930003B030BD6FF08800FAE768
S31508005A00FC5800202DE9F843884617461C4600F046
S31508005A109FFC054688BBD8F80060B6F8009009F4E4
S31508005A20E043B3F5804FB36808BF27F0010737EAAC
S31508005A3003031AD10CB3254B24F0FF029A421FD157
S31508005A4014F0FF0304D0224A43F00073934232D085
S31508005A5022464846F168FFF77FFE074668B92246A0
S31508005A6048463169FFF778FE70BB6FF0840500235E
S31508005A703046C8F800301DF077F82846BDE8F883A8
S31508005A80144B9A42DCD0A3F588539A42D8D024F412
S31508005A90FF7323F00103B3F1062FD1D00E498A42D2
S31508005AA0CED00E4A9342CBD004F0FE43B3F1407FEA
S31508005AB004D12304CCD56FF08605D8E7B3F1A06FDF
S31508005AC0F7D0034B9C42C2E73D46D6E700030006E3
S31508005AD0FF00000200130006000900060004000685
S31508005AE000F0FE43B3F1407F70B504460E4619D167
S31508005AF0FFF712FE00285ED114F47C1F15D0C4F3FC
S31508005B000543032B137054D9554D2540B5F1607FD5
S31508005B1040F09380534AE4B244F00074944256D15C
S31508005B20102B48D96FF0860045E04D4B2340B3F162
S31508005B30607F39D14B4BE4B244F000749C4202D1E9
S31508005B401023137037E004F17E44043C0F2C2ED842
S31508005B5001A353F824F000BF995B0008995B00087D
S31508005B60AF5B0008415B00085D5C00089D5B0008B0
S31508005B70A15B0008A55B00085D5C00089D5B00084A
S31508005B80AF5B0008AF5B00085D5C00089D5B000822
S31508005B90A15B0008A55B00081423D2E7202307E0D1
S31508005BA0302305E0402303E0B3F1707F04D00023DF
S31508005BB013706FF0850070BD01F4E043B3F5005F24
S31508005BC0F5D10123C1F302218B40DBB299E704F139
S31508005BD07E44043C0F2CA5D801A252F824F000BF3D
S31508005BE02F5C00082F5C0008255B0008215B000875
S31508005BF0595C0008215C0008335C0008375C000823
S31508005C00595C0008215C0008255B0008255B000834
S31508005C10595C0008215C0008335C0008375C000802
S31508005C2020218B423FF67EAF142BC4D9C1E7142B33
S31508005C3077E73021F5E74021F3E7B5F1707F7FF488
S31508005C4071AF06F4E042B2F5005F7FF46BAF012155
S31508005C50C6F302229140E4E71C21E2E71C23A7E7EA
S31508005C600000C07F030000022DE9F04F9B46002389
S31508005C7089B08DF81B30159B9246DDE91278002B0A
S31508005C8089460B460CBF4FF400624FF4806207A9A1
S31508005C90149EFFF7B7FE044628BB079D4846298889
S31508005CA00DF11B02FFF71CFF0446E0B99DF81B0027
S31508005CB0404542D8D5E908126B681B0A012B31D03A
S31508005CC0214CA34212D0002B3AD1CDE903064B460C
S31508005CD02846CDE901B7CDF800A01CF0FCF810F174
S31508005CE0860F04460DD1C6F800800CE0CDE9030600
S31508005CF04B462846CDE901B7CDF800A01CF0EBF8D5
S31508005D000446002CEFD142462146384633681CF03B
S31508005D10F9F907981CF028FF002C18BF204609B08F
S31508005D20BDE8F08FCDE903064B462846CDE901B715
S31508005D30CDF800A01CF074F8E2E76FF08904D2E70A
S31508005D406FF08604CFE700BF020080002DE9F04F10
S31508005D50446885B0240A012C8046DDE90E5689463A
S31508005D6092469B46109F20D0DFF858C0644514D051
S31508005D701CBBCDE9016700951CF02FF810F1860FC2
S31508005D801DD15B46524649464046CDE90F670E95FA
S31508005D9005B0BDE8F04F1CF078BACDE90F670E954F
S31508005DA005B0BDE8F04F1CF018B8CDE90F670E95A1
S31508005DB005B0BDE8F04F1BF0C1BE6FF0860005B018
S31508005DC0BDE8F08F020080002DE9F0411F46002350
S31508005DD088B0064688461546CDE9043307923B60E7
S31508005DE0002A63D0B2F1005F63D205AA04A91CF0A9
S31508005DF0ACF9044698B9049B5A6AB2B104982A4683
S31508005E0043884146069306AB029300F124030193A7
S31508005E10436A0093036AFFF799FF044618B3049888
S31508005E20002839D01CF06DFA36E073681B0A10D0CA
S31508005E30012B06D020498B4213D007926FF08604B7
S31508005E40EDE7304607A907951CF067FD04460028CC
S31508005E50E5D1079904981CF0F5F904460028CDD039
S31508005E60DDE70795F5E70498069B4288C2B94380A3
S31508005E704FF6F872934216D8338813B102889A42BD
S31508005E80DCD1738813B142889A42D7D139461CF0BF
S31508005E9043F904460028C2D1204608B0BDE8F0817F
S31508005EA09A42CBD1E4E76FF08504B8E76FF0860431
S31508005EB0F2E76FF08504EFE7020080002DE9F04372
S31508005EC0994600230C46016885B005461746039394
S31508005ED0002957D100F10808982240461DF0D8FB42
S31508005EE0B9F1000F20463B4614BF4FF480624FF4C9
S31508005EF0006203A9FFF786FD0446002844D1039EE5
S31508005F00384631882A1DFFF7EBFD044600283BD1A9
S31508005F106B7969F300036B717168D6E90823090A7E
S31508005F20B9F1000F1CD0012911D01E48814200D0BA
S31508005F30A1BB3146404600971CF006F8044618BB3C
S31508005F40042303982B601CF00FFE044622E031461A
S31508005F5040460097FFF776FB0446A8B90523F0E705
S31508005F60012909D00F48814200D0B9B931464046C7
S31508005F7000971CF031F8E1E73146404600971BF0E0
S31508005F8074FFE9E76FF0880428461CF0CCFA0398FA
S31508005F901CF0EAFD204605B0BDE8F0836FF08604E4
S31508005FA0F2E700BF020080002DE9F04F9B46002370
S31508005FB0924601F0FE428FB0B2F1806F0E46DDE9DF
S31508005FC018891A9F099305D018461CF0CDFD6FF065
S31508005FD086052EE00B464FF4807209A9FFF712FDDD
S31508005FE00546099815B11CF0BFFD22E0038803F4A5
S31508005FF0E042B2F5005F1ED113F4E06FC3F302214D
S3150800600019D0474C26F48072A2420AD004F50074CF
S31508006010A64206D0434CA64203D0A4F53F44A2426A
S3150800602009D101248C40102C10D91CF09DFD6FF06D
S315080060308305002462E042F20402934202D13A4BFD
S315080060409E420AD0394B9E4211D10D24A14506D253
S315080060501CF08AFD6FF08905EBE70C24F6E721466C
S315080060600AA8FFF7B1FC054610B10998BBE700245A
S315080060700998D0E90812B8F1000F21D008EB040CF2
S315080060804568A9EB04032D0A012D3CD0DFF8A0E0F2
S31508006090754517D0002D98D1CDE905370AAB009381
S315080060A0CDE903BC3346CDE9014A1BF012FF10F1D6
S315080060B0860F064612D109981CF056FD3546B8E7F4
S315080060C0C446DDE7CDE905370AAB0093CDE903BC45
S315080060D03346CDE9014A1BF0FCFE064609981CF03A
S315080060E043FD0546002EE9D10028A2D124B1224657
S315080060F040460AA91DF0D4FA3B681C4428463C6071
S315080061000FB0BDE8F08FCDE905370AAB0093CDE9AE
S3150800611003BC3346CDE9014A1BF080FEDDE700BF2C
S315080061200010C00400FF4004000180040013C004EE
S3150800613002008000002307B51A46009102491CF0A8
S3150800614005FB03B05DF804FBCCFE020810B5114C44
S315080061502378580744BF23F004032370237899074C
S3150800616005D500F09BF8237823F0020323706378A3
S315080061701BB10023084A63605360002308210648C0
S315080061806370FFF7BDFA2378DA0744BF23F00103EB
S31508006190237010BDFC5800200059002038B51E4C4D
S315080061A062782378022A01D1072B11D0DD0712D590
S315080061B02378980707D400F069F82378054643F052
S315080061C00203237078B962782378CAB15A071FD5B3
S315080061D00025284638BD1BF012FB054630B123784A
S315080061E043F001032370FFF7B1FFF2E71BF010FB42
S315080061F02378054643F0010323700028F3D1D7E737
S31508006200D907E3D5054962604A6002226270DDE774
S3150800621043F004032370DBE7FC58002000590020F4
S3150800622000F14043032B70B505460E460CD82822CC
S31508006230154C02FB0344237E022B02D16369834279
S3150800624018D06FF08B001AE001211CF067FCB8B17A
S315080062500D4B00221C46197E022902D15969A94212
S3150800626005D00132042A03F12803F4D1E9E72823EB
S3150800627003FB024420461CF044FC00B9346070BDA0
S315080062806FF08700FBE700BF085900200122024B88
S31508006290002083F8A0207047085900202DE9F04116
S315080062A00A4C002526464FF0010803272046C4F865
S315080062B01C80277601351CF024F8042D04F12804E7
S315080062C0F4D1002386F8A030BDE8F08108590020F3
S315080062D0F8B51E4D064695F8A0300F4683B3002440
S315080062E02B462246197ED1B13CB9022905D1D96976
S315080062F019B91979002918BF1C460132042A03F175
S315080063002803EFD114B96FF08C0006E020461CF084
S31508006310F8FB20461BF0F5FF10B100240EE01C46E2
S31508006320237E83B9012323763EB1651BED1003F165
S31508006330CC335D4305F18045356000203C60F8BDEF
S315080063406FF08800E9E76FF09600E6E70859002045
S31508006350F7B500262C4B0E6093F8A03007460D467D
S31508006360002B4ED0FFF75CFF10F18C0F044645D189
S3150800637029463046FFF7ACFF044600283ED10123E4
S315080063802E68CDE90000694630467761736001AA38
S315080063901CF06DFC044670B1DDE900011CF065FCDB
S315080063A028681BF0AEFF14F18C0F08BF6FF0870446
S315080063B000232B6022E0DDE9001230461BF055FF72
S315080063C00446DDE900011CF050FC002CE8D12868E1
S315080063D08368D90444BF43F48063836083689A045E
S315080063E044BF43F400638360037E012B04BF02238A
S315080063F003761CF086FB04460028D9D1204603B054
S31508006400F0BD6FF08804F9E70859002030B40D4D47
S315080064102C681C606C685C6000249C605468DC60B6
S3150800642014881C8254885C8294685C61D4689C6178
S31508006430126930BCDA6119620A46014603F1240082
S315080064401DF02EB9D0FE02082DE9F843232904468B
S315080064500F4691469846089E04D86FF09805284638
S31508006460BDE8F883082219491DF0E8F80546002812
S31508006470F3D1A368002BF0D1216A243F8F42C8F8D4
S315080064800010EAD3B1F5005FE7D271B9C9F8000088
S31508006490E3687360238A3380638A73806369B360B1
S315080064A0A369F360E3693361D9E701201AF0CAFEEC
S315080064B0C9F8000030B1D8F8002004F124011DF015
S315080064C0EFF8E5E76FF08C05C9E700BFD0FE0208D4
S315080064D02DE9F04393B08946DDE91A871D4604463F
S315080064E0002858D0002956D0B8F1000F53D0002FF5
S315080064F051D013F00F034ED1284829490FAE002A70
S3150800650008BF0146A360C4E9001348463146236222
S315080065101CF0C5FC00283BD120460F9928F017FA35
S315080065202946204628F013FA6946484600F04CFBEF
S3150800653070BB694620461CF0C8FE484603A91CF0F5
S3150800654095FD28BB204603A91CF0BFFECDF8308078
S315080065504FF0010845F00055CDF8348006AB0E958E
S315080065600CAA07CA83E80700194620461CF0ADFEA8
S315080065700F9709ABCDF84080119596E8070083E898
S3150800658007002046194628F008FA204627F090FF0B
S3150800659013B0BDE8F0832120FAE700BF000100042C
S315080065A0000101042DE9F04393B0894617461D46BC
S315080065B00446DDF86880002859D0002957D0002AFB
S315080065C055D0B8F1000F52D00B68103B102B4ED89F
S315080065D0284A22FA03F3D90749D50023264A0FAEDB
S315080065E0C0E9002383600362314648461CF057FC25
S315080065F0002839D120460F9928F0A9F929462046BE
S3150800660028F0A5F96946484600F0DEFA60BB6946F7
S3150800661020461CF05AFE484603A91CF027FD18BB65
S31508006620204603A91CF051FE0C97012745F000559A
S315080066300D9706AB0E950CAA07CA83E807001946FC
S3150800664020461CF042FE0D4BCDF83C801097119366
S3150800665009AB96E8070083E807002046194628F0A4
S315080066609CF9204627F024FF13B0BDE8F0832120CB
S31508006670FAE700BF01010100000004041000002031
S315080066802DE9F0410C4616461F460546A0B00028DF
S3150800669000F09480002900F09180002A00F08E8096
S315080066A0002B00F08B80036B0F2B75D80023444A10
S315080066B00DF1740841463046C4E90023A3602362FD
S315080066C01CF0EDFB002874D120461D9928F03FF9EF
S315080066D0296B20460F2984BF01F00F01103128F0DD
S315080066E036F9304602A900F06FFA002861D1204633
S315080066F002A91CF0EAFD304605A91CF0B7FC0028E3
S3150800670057D1204605A91CF0E0FD01232D4AD5F8EE
S3150800671030C0149508AE1593169214AA07CA86E8CF
S3150800672007000CF00F0205F1100E42F00052CDF8EA
S315080067305CE00BAD1893199217AA07CA85E80700FB
S31508006740CDF868E01B934CF000531C931AAA0EABC5
S31508006750BCF10F0F07CA83E807002DD90A9B3146FB
S3150800676023F0005320460A931CF0AFFD2946204625
S315080067701CF0ABFD01231D971E93124B1F9311AB03
S3150800678098E8070083E807002046194628F005F927
S31508006790204627F08DFE0CE000F1200301900093BF
S315080067A00122102331462046FFF792FE00283FF4C7
S315080067B07DAF20B0BDE8F0811946D8E72120F8E77B
S315080067C000000404100000202DE9F04F0D46914604
S315080067D098460646ADB0002800F0D680002900F09D
S315080067E0D380002A00F0D080002B00F0CD80026B09
S315080067F0369B02F00F07D3181B09B3EB121F00F0E4
S31508006800BB800023614A8B60C1E900230B624846BE
S3150800681029A91CF044FB0446002840F0A980369BB1
S31508006820284607EB030B29992BF00F0A28F08FF857
S315080068305146284628F08BF8484602A900F0C4F9C4
S315080068400446002840F09480284602A91CF03DFD25
S31508006850484605A91CF00AFC0446002840F0888032
S315080068604FF00109284605A91CF02FFD484B1A963A
S315080068701AAACDF86C901C9308AB07CA83E80700E0
S31508006880194628461CF021FD06F1100347F0005270
S31508006890AAEB07071D930DF12C0CCDF8789047F05D
S315080068A000571F921DAA07CA8CE80700CDF88080FA
S315080068B020AACDF8849022970EAF07CA87E807006A
S315080068C00D9A614622F00052284601930D921CF05B
S315080068D0FCFC394628461CF0F8FCAAF1100242F0E6
S315080068E0005223942A4BCDF8909011AF259223AAF3
S315080068F007CA87E8070006F12002269214ACCDF8ED
S315080069009C9026AA289307CA84E80700139A394652
S3150800691042F080421392139A284622F000521392AC
S3150800692028F03BF82146284628F037F8184B2996D0
S3150800693017ACCDF8A8902B9329AB93E8070084E809
S3150800694007002146284628F028F8284627F0B0FDF3
S31508006950369BAAEB0B011944019B0446ABEB0A02D2
S31508006960184641441CF09CFE336B369A1344336335
S3150800697020462DB0BDE8F08F10304146369A38448F
S315080069801CF08EFE0024EFE72124F1E70302000441
S31508006990100000202DE9F0474FF000088EB00E4693
S315080069A017460446CDF80480002865D022B900258C
S315080069B028460EB0BDE8F08700295DD032F00309FD
S315080069C002F0030A25D04FF0E063C0E9003801233E
S315080069D00891099349F000530A9308AA02ABC0F834
S315080069E00880C0F8208007CA83E8070019462046B1
S315080069F027F0D3FF4946204627F0A9FF204627F06F
S31508006A0057FD054628B14A46414630461CF040FE29
S31508006A10CEE7BAF1000FCAD04FF000084FF0E06396
S31508006A20C4E9003801AB0B9301230C93134B0EAA50
S31508006A300D9305AB12E90700C4F8088083E8070040
S31508006A40C4F820801946204627F0A7FF04212046CF
S31508006A5027F07DFF204627F02BFD054608B13A466C
S31508006A60D2E7019A4E44EB00013522FA03F3AA4510
S31508006A7006F8013BF7D19AE7212599E7040000209B
S31508006A80F0B50F4616461D46044693B010B92120A8
S31508006A9013B0F0BD0029FAD0002AF8D0002BF6D0A2
S31508006AA0002331461A4638461CF09EF90028EFD1D5
S31508006AB0304602A91CF034F90028E9D1EB68022B0C
S31508006AC00AD039683F48029A81426B6902D0183069
S31508006AD0814270D19A42DAD82B68002BD7D14FF071
S31508006AE060623846C4E90023A360236201A91CF04A
S31508006AF0D6F90028CCD10199204621F4F0610191FC
S31508006B0027F025FF694628461CF0C9F90028BFD199
S31508006B102046009927F01BFF384609A900F054F8CB
S31508006B200028B5D1204609A91CF0CFFB38460CA988
S31508006B301CF09CFA0028ABD120460CA91CF0C5FB1A
S31508006B40EB684BB1284606A900F03EF800289FD10D
S31508006B50204606A91CF0B9FB304603A91CF086FAA4
S31508006B60002895D1B368DA040CD59B0427D50621ED
S31508006B70F36932691B6801FB03225B0043F000538B
S31508006B8003920593204603A91CF09FFB28460FA9EC
S31508006B901CF06CFA00287FF47BAF20460FA927F07B
S31508006BA0FCFE0325204627F083FC01287FF470AFFE
S31508006BB0013DF7D16CE7B3EB420F8DD267E7292089
S31508006BC066E700BF200000B090B189B101234B6091
S31508006BD0C368013B012B08D88269064B1AB10A60C3
S31508006BE000208B607047044AF9E74FF00053F7E737
S31508006BF02120704708000020D8FE0208F0B50F468D
S31508006C00154604468FB0002862D0002960D0002AB5
S31508006C105ED0012329461A4638461CF0E5F80028B6
S31508006C2054D1BB6813F4C04F52D0AB6803F4C043C9
S31508006C30B3F5005F4CD1284B0BAEC4E90030A06019
S31508006C402062314638461CF02AF900283ED12046F3
S31508006C500B9927F07CFE384602A9FFF7B5FF0028F6
S31508006C6034D120461CF031FB384605A91CF0FEF944
S31508006C7060BB204605A91CF028FBEB6843BBAB6844
S31508006C8003F4C043B3F5005F22D1284601A91CF0DE
S31508006C9072F8D8B9019B6A699A421BD32A6943F0EC
S31508006CA000530B9201220C920D9308AB96E807004D
S31508006CB083E807001946204627F06FFE032520467D
S31508006CC027F0F6FB012801D1013DF8D10FB0F0BD40
S31508006CD02120FBE71D20F9E70000010200280CBF70
S31508006CE001230523034A1B0443F00203C2F8303884
S31508006CF0704700BF00C00350014601481AF019B892
S31508006D0000000A5038B51546FFF7E8FF00280CBF03
S31508006D100423072301249C40094B0846C3F8A040D6
S31508006D20FFF7EAFF0020FFF7E7FF2846FFF7E4FF33
S31508006D30044BC3F8A040BDE838401CF0D0BA00BFE9
S31508006D4000E0035000D0035010B5044602220D217E
S31508006D50FFF7D8FF204600222321FFF7D3FF20465E
S31508006D6000222421FFF7CEFF204600222521FFF727
S31508006D70C9FF20463D221121FFF7C4FF204688227D
S31508006D801221FFF7BFFF2046C0221321FFF7BAFFE3
S31508006D90204611221521FFF7B5FF20463222202171
S31508006DA0FFF7B0FF204609222121FFF7ABFF204657
S31508006DB000222221FFF7A6FF134B20461A5D242145
S31508006DC0FFF7A0FF114B20461A5D2521FFF79AFF12
S31508006DD0204602221021FFF795FF204600220421B3
S31508006DE0FFF790FF204600220521FFF78BFF20467C
S31508006DF000220621FFF786FF2046BDE81040002244
S31508006E000D21FFF77FBF00BF98FF020898FF020811
S31508006E1010B5FFF763FF00280CBF042307230124DE
S31508006E209C40094B0846C3F8A040FFF765FFFF20C2
S31508006E30FFF762FF0020FFF75FFF044BC3F8A0408F
S31508006E401CF04DFA10BD00BF00E0035000D00350FF
S31508006E5089B101EBD1735B1000EB8300CB0790ED92
S31508006E60000A0AD450ED017A30EE270AF6EE007AC7
S31508006E7020EE270A70479FED010A704700000000C0
S31508006E8038B50D4B04461D78FF2D12D00B4B1B78D9
S31508006E907BB11CF012FCF4280246234628BFF422D4
S31508006EA01C2128460BF03AF920B9054A1368013324
S31508006EB0136038BD034AF9E7C76001200F5B01205C
S31508006EC0444801204048012001211E4A30B5151FBB
S31508006ED0814220DB431E07EE903AF8EEE77A67EE2A
S31508006EE0807ABDEEE77A17EE103A591C8842D8BF69
S31508006EF01946154AB8EEC77A02EB830002EB8102FF
S31508006F0090ED000AD2ED006A77EEC77A76EEC06A8F
S31508006F1006EEA70A30BDD2ED007A14464B1E34EDB4
S31508006F20017AF4EEC77AF1EE10FA03D5013B84ED47
S31508006F30017AF4D205EB8303C3ED017A01310432F9
S31508006F40C6E700BFA4CA0020A0CA0020B5EEC00A42
S31508006F50F1EE10FA48BFB1EE400AFDEEC07A154BC5
S31508006F6030B553F82150044607EE105A17EE900A2A
S31508006F70F8EEE77AB8EEC77A30EE670AF6EE007AE8
S31508006F8040EE077AFDEEE77A17EE902A4CBF0A4BD9
S31508006F900A4B954285B0DCBF0130521BCDE9011280
S31508006FA0009018212046064A02F010FF204605B038
S31508006FB030BD00BF7CFF0208E0FE020852FF02084F
S31508006FC0E2FE02084FF47A7130B5094C2368A3FB38
S31508006FD00123920A42EA83522368A3FB01359B0ADE
S31508006FE043EA85539B1A834200D330BD00BFF3E7BB
S31508006FF0BC2301202DE9F74F041E99464FF00106E0
S3150800700014BF0723042393464FF00008DFF8D0A0E7
S3150800701000919E400625314BCAF8A0601CF05FF926
S3150800702020461CF05CF9C3F8A060FFF757FEFF2066
S31508007030FFF762FEFF20FFF75FFEFF20FFF75CFE0B
S31508007040FF20FFF759FECAF8A0601CF048F91CF0AB
S3150800705046F9013DDFD10220FFF7B4FF01220D21D9
S315080070602046FFF74FFE0A20FFF7ACFF29462046C9
S31508007070FFF7CEFE01212046FFF7CAFEFF21204674
S31508007080FFF7C6FEFF2107462046FFF7C1FE8742E7
S315080070900AD0052008F10108FFF794FFC145B9D1C8
S315080070A0002003B0BDE8F08FA7F12402D2B2012A6E
S315080070B0EFD82A212046FFF7ABFE2A210190204669
S315080070C0FFF7A6FE019A8242E3D1002AE1D1009B8E
S315080070D001201F708BF80050E3E700BF00E0035063
S315080070E000D003500368314A23F47F4323F0070393
S315080070F0934213B53FD008D82D4A934214D002F5CF
S31508007100A022934230D002B010BD2A4A9342FAD147
S31508007110B0F805301C2BF6D10389274A03F0010382
S315080071201370264A1370EEE7254C204610F0FEFE33
S31508007130034608B100BEFDE7A0220090114620785C
S3150800714010F00EFF08B100BEFDE70221207810F00E
S3150800715027FF08B100BEFDE70221207810F034FFB2
S315080071600028D0D000BEFDE7027B164B1A7001221C
S31508007170154B1A70C7E7FF22124B114C1A700023E1
S315080071800D4A02211370104A207813700B4A1370A7
S3150800719010F006FF08B100BEFDE70221207810F0C6
S315080071A013FF0028AFD000BEFDE700BFA000060110
S315080071B0A0000100A0000A030F5B01200D5B01205F
S315080071C0C8600120C76001200E5B01200C4A82B00E
S315080071D01368013313600B4B1B7853B180220A4B9B
S315080071E01A6400230193019B812B04DD8022074B3F
S315080071F01A6402B0704700BF019B0133F2E700BF73
S31508007200BC230120A55A012000D0035000E00350FA
S315080072101449154A01614FF0804102600262134A1F
S3150800722041610263124A134902644FF07E52416378
S31508007230114910B441644FF04041104C426042621B
S3150800724082608262C260C2620D4A8463C2630D4C68
S315080072500D4A846481615DF8044BC161C2641CF007
S31508007260A0B800BFD394EA36D3946A367655ECBFF5
S31508007270F0735A3F74D1F6BFB3B26F3F7D3DFFBF7F
S315080072808EB6FFBFAA7B7E3FBC6D7F3FDFED257ABA
S3150800729060EE277AFDEEE77A10B5234B2DED028BCB
S315080072A0436017EE903ADFED217A60EE277A012BDC
S315080072B0B8BF0123FDEEE77A036117EE903AF1EEC7
S315080072C0007A9FED1B7A60EE277A012BB8BF01235F
S315080072D0F4EEC77A802BA8BF8023F1EE10FAB0EE41
S315080072E0408A80ED000ABFEE000A77FE877A43617E
S315080072F080EE270A044602F0E9FFFDEEC87A0D4B38
S3150800730084ED020AE36017EE903A012BB8BF012319
S31508007310C4F840322046BDEC028BBDE810401CF094
S31508007320A5B800BFCDCC4C3E6666E63ECDCCCC3D7E
S315080073305F7089309A99193E10B5044642F22012B8
S3150800734000211CF0A5F92046FFF762FF9FED060A0B
S3150800735004F19000FFF79AFF044BC4F8943040F20A
S315080073606623C4F8A03010BD000080446666E63E79
S3150800737030B5012189B03A20FBF7E4F90221002350
S3150800738008460422FCF742F90023042203210220BE
S31508007390FCF73CF90122002311460220FCF736F9D6
S315080073A00023012205210220FCF730F904220123DB
S315080073B011460220FCF72AF901230422072102209C
S315080073C0FCF724F90023042218460721FCF71EF9C6
S315080073D027F09BF801210446084626F0ABF8414DF4
S315080073E0204627F08DF801AC01212920FBF7AAF9E0
S315080073F00FCD0FC495E807003B4B84E807000393BD
S3150800740001233A4801A98DF8123019F050FC4FF0C3
S315080074100212374B0025C3F83828A2F58032C3F884
S31508007420302802F50032C3F834281C22C3F8202875
S31508007430304B1D60304B1B689B0A013BB3F1807FC4
S315080074400AD24FF0E0240F2163614FF0FF3019F0A4
S3150800745099FC0723A56123610A20FFF7B3FD274896
S31508007460FFF76AFF2648FFF767FF002325482649E6
S3150800747000EB83020133102B1160F9D10222234B52
S3150800748023491A6000200C23224AFFF7B3FD224D38
S315080074900C232870214A01202149FFF7ABFD214C16
S315080074A020702B7813B10020FFF74EFC237813B118
S315080074B00120FFF749FC2B780BB123786BB92B78A1
S315080074C06BB92378002B0CBF03230123164A1360DC
S315080074D00122164B1A7009B030BD0023F6E70123C6
S315080074E0F4E700BFA0FF020880841E0000000A50CF
S315080074F000C00350BC230120005E0120280B002099
S31508007500482C00209427012000C079C42048012077
S31508007510C6600120C46001200A5B0120C360012007
S31508007520C5600120095B01202C480120A55A0120CD
S3150800753070B514460E46054603F000F8231A0134C2
S31508007540B442A8BF344623EAE373E21A022A2CDDC2
S3150800755005EB830090ED007A9FED156AF0EE477A09
S31508007560A3420FDB06EE902AF8EEE66AC6EE265A26
S31508007570F5EEC05AF1EE10FA17D977EEC77A87EE0C
S31508007580A50A70BDF0EC016AB4EE667AF1EE10FA5F
S31508007590F4EEE67A36FE877AF1EE10FA36EE266AC9
S315080075A048BFF0EE667A0133DAE79FED010AE8E7AD
S315080075B000000000DFED707A60EE277A2DE9F04FC3
S315080075C0FDEEE77A2DED088B9FED6C8A17EE90BAE3
S315080075D020EE088A4FF00009BBF1020F8046F0EE54
S315080075E0408A1F46B8BF4FF0020BBDEEC88ACA468E
S315080075F09FED639ADFED639A9FED63AA8DB00392C0
S31508007600B94505DB50460DB0BDEC088BBDE8F08FDB
S31508007610039B53F8296018EE103AF51A25EAE57522
S31508007620731B022B64DD08EB8503D3ED007A2A462B
S315080076302C46B2425FDD331B022B59DD07EE903A2A
S31508007640F8EEE77A27EE897A67EEA97ABDEEC77A69
S31508007650FDEEE77A17EE101A17EE902A531A012B49
S3150800766009ABD5BF2146091932461219009340467F
S3150800767008ABF8F785FEA4EB0B0121EAE1718C4211
S3150800768047DD0BAB0093224640460AABF8F778FE77
S315080076909DED08BADDED0AAA7BEE6A7AF0EEE77A86
S315080076A0F4EECA7AF1EE10FA3AD507EE904AB8EE39
S315080076B0E77A07EE905AF8EEE77AF4EEC77AF1EE33
S315080076C010FA08DC07EE906AF8EEE77AF4EEC77A65
S315080076D0F1EE10FA03D507EE904AB8EEE77AC7EE50
S315080076E0287A1E9B03EB8A03C3ED007A0AF1010A86
S315080076F009F1010984E7B3EC017AB4EEE77AF1EE11
S3150800770010FA54BFB0EE677A1446F0EE477A0132A3
S315080077108FE700230A9308EB84031B680B93B7E7EC
S315080077200B9801F06FFECDE90401099801F06AFE95
S3150800773002460B46DDE9040101F004FDCDE904012A
S315080077401BEE100A01F05EFECDE906011AEE900A5C
S3150800775001F058FE02460B46DDE9060101F0F2FC8F
S3150800776002460B46DDE9040101F0CEFF02F03CF9C2
S3150800777007EE100A9DE700BF0BD7233DCDCCCC3EC4
S315080077809A99993E3333333FCCBC8C2B2DE9F04F75
S315080077902DED048B04468FB00621FFF739FB2CBB71
S315080077A0944A1070A0B90721FFF732FB924B934A0F
S315080077B018601368FF2803F10103136040F00D8178
S315080077C04FF0FF3840460FB0BDEC048BBDE8F08F94
S315080077D08B497E280A6802F101020A6089490A680B
S315080077E002440A6022D807212046DDE7864A10703F
S315080077F088B907210120FFF70BFB844B844A1860E0
S315080078001368FF2803F101031360D9D001281BDC94
S315080078104FF00008D6E77F497E280A6802F1010280
S315080078200A607D490A6802440A60E2D900227B4B55
S3150800783007211A707A4A2046136801331360FFF746
S31508007840E7FA002CB2D0D8E7F028A8BFF0200690B7
S315080078502046FFF743FA072301224FF0000902FAF0
S3150800786003F30593059A6F4B0820C3F8A020FFF78A
S3150800787043FAFF20FFF740FAA30009936A4BC8466C
S3150800788003EB840393ED008A42F2201363430493C7
S31508007890049A664BDFF8D8B1D31808930BEB840328
S315080078A007930020FFF728FA06460020FFF724FA78
S315080078B005460020FFF720FA2D0245EA064528432B
S315080078C0C20CC0F3C741C0F3120007EE900A584D28
S315080078D0F8EEE77A55F82230013345F82230554B51
S315080078E01D682F2D04DC1D686E1C1E60524B5955F1
S315080078F0524B1D682F2D09DC1D68514E71551D68A8
S31508007900504941F82500196801311960072A40F0E5
S31508007910B180F5EE407AF1EE10FA37FE888A069BBA
S3150800792009F101099945BCD1474B059AA100C3F84D
S31508007930A0203D4B1BF0D3FC03EB840383ED008AA8
S31508007940002C40F08583414A136843441360334B47
S315080079501B78002B3FF436AF42F220103C4B3D4AD1
S315080079601B6812689B1A3C4A00FB042241F210303D
S315080079701258934294BF00239B1A002C40F06A8346
S31508007980364A1360364ADFED377A501890ED007A9A
S31508007990F7EE086A27EE277A07EE903A37EE266A58
S315080079A0F8EE677AF4EEC67AF1EE10FA07DC37EEEF
S315080079B0667AF4EEC77AF1EE10FA7FF503AF9FED1B
S315080079C02A7A67EE877A1144C1ED007A002C40F0D6
S315080079D043831268254B1A60F4E601287FF718AF2F
S315080079E0F028A8BFF02006900020FFF777F90423B7
S315080079F032E700BF0C5B0120845E0120EC270120E2
S31508007A003C480120344801200B5B0120805E0120A0
S31508007A10E82701203848012030480120065B01206C
S31508007A202C25012000E00350A8F30020B80B002005
S31508007A30CC230120C8230120A65A01204C2401206A
S31508007A40D65A01205024012000D00350E4270120F3
S31508007A50BC23012028250120280B002014250120FD
S31508007A6020250120000080440000803A1C250120C2
S31508007A705C5E0120092A7FF452AFD24F099A3B680F
S31508007A80D149A34208BFD14BD14D08BFC3ED007AF7
S31508007A90079BD04ED3ED007AF4EEC87AF1EE10FAD1
S31508007AA0C8BF83ED008ACC4B9A18D2ED007AF4EE63
S31508007AB0C87AF1EE10FA48BF82ED008A51F8242000
S31508007AC00132B2F5006F41F82420C0F01782002277
S31508007AD041F82420002C40F0AB819BED007AD3EDD1
S31508007AE0007ABE4A82ED007ABD4AC2ED007A77EE88
S31508007AF0C77ABC4AC2ED007ABB4ACBF80020BB4A1B
S31508007B001A60BB4AB0EE480A136801331360B94BD2
S31508007B1083ED008A049BE8181BF048FC42F2201308
S31508007B2041F2103203FB04539A58B3495342C3F344
S31508007B300903C2F3090258BF5A4240F6480303FB39
S31508007B40042305EB830383EDC40A0B6801331F2B5B
S31508007B500B6000F2D68106EB820686ED008A3B684A
S31508007B609C4200F0FF81B5EEC00AF1EE10FA00F172
S31508007B700A82F0EE407AA14BA14A93ED007AB4EE60
S31508007B80C07AF1EE10FA48BF83ED000A904BB0EECA
S31508007B90670A93ED2A7AD3ED256A82ED007A27EEF5
S31508007BA0267A984A82ED007A93F8CC22964B1A7078
S31508007BB008980BA91BF076FC002800F03E8242F2DA
S31508007BC0201241F2103140F64800DFED907A804BE2
S31508007BD0604302FB043252580392A2F5B37222EABA
S31508007BE0E2720399914280F2DD8142F2201202FB91
S31508007BF0043292ED2A7AF4EEC77AF1EE10FAC8BF8B
S31508007C00C2ED2A7A824A0B9802EB840292ED009A18
S31508007C1007EE900A42F22015F8EEE77ADFED7D9A34
S31508007C20F0EE498A05FB043547EEA98AD5EDB87A00
S31508007C30F5EEC07AF1EE10FA15DDD5F8041378EEF4
S31508007C40E77A4E4206F0070601F0070258BF72426D
S31508007C5040F6480606FB042203EB8202C2EDB97A17
S31508007C600131C5F8041342F2201141F6143501FB1F
S31508007C7004314A59C1EDB88AB2F5007F0BDA561CB1
S31508007C804E5140F6480101FB042202F2C44203EBBE
S31508007C908203C3ED018A604BDFED607A93ED007ACB
S31508007CA0B4EEE77AF1EE10FA40F3948193ED007A98
S31508007CB0F0EE007AB4EEE77AF1EE10FA40F18A8136
S31508007CC0D3ED007A9FED567A67EE877A9FED557A5F
S31508007CD0F4EEC77AF1EE10FA58BFF0EE477AFEEEE8
S31508007CE0CB7A17EE903A202BACBFC71AA0F1200723
S31508007CF027EAE777C11BA1F11003B3F57C7F80F073
S31508007D009C81B842C0F2998142F2201341F618626A
S31508007D102F4D03FB045353F802A0BAF1BF0F00F32B
S31508007D208C8140F64806002266433F4801F1010C63
S31508007D30D319C3F30903334405EB8303D3F810338C
S31508007D400132624540F8043BF2D10DAB00930123A2
S31508007D500C919FED360A34480CAA1944FFF72AFC01
S31508007D60012840F06A8107EE907AB8EEE77ADDEDF1
S31508007D700D7A47EE297A77EE897A78EEE78AF5EE74
S31508007D80C08AF1EE10FA07D4B2EE027AF4EEC78A88
S31508007D90F1EE10FA40F3218142F2201342F220114B
S31508007DA003FB045301FB0455D3F80C23039B013250
S31508007DB0C5F80C2341F210320133AB5008F1010823
S31508007DC0ADE500BF645E0120A0F30020182801205D
S31508007DD0280B0020BCF30020545E0120945E01208D
S31508007DE0905E0120FC270120286B6E4E286B6ECE14
S31508007DF0F42701209C5E01204C480120042801201C
S31508007E00AC5E0120A45E0120085B01200000000092
S31508007E10202501200000803AC05E01209A99993EEB
S31508007E206666E63E3333B33EBC1301200000804449
S31508007E309BED017AD3ED017A894A82ED007A894A67
S31508007E40C2ED007A77EEC77A874AC2ED007A874A8A
S31508007E50CBF80420864A5A60864AB0EE480A136868
S31508007E6001331360844B83ED008A049BE8181BF0EA
S31508007E709DFA42F2201341F2103203FB04539A583A
S31508007E805342C3F30903C2F3090258BF5A4240F6E4
S31508007E90480303FB042305EB830383EDC40A02EBC3
S31508007EA0842306EB830383ED008A3B689C4259D002
S31508007EB0B5EEC00AF1EE10FA65D4B0EE407A6F4B13
S31508007EC0D3ED007AF4EEC77AF1EE10FA48BF83EDE7
S31508007ED0007A42F2201303FB0455D5ED2A7A95ED74
S31508007EE0257A674B95F8CC22C3ED007A67EE877A38
S31508007EF0644BC3ED007A644B1A7059E6002CABD17B
S31508007F00FFE500230B60614B196807293FF723AE8D
S31508007F10FDEEC07A17EE903A5D4840F821305D4B89
S31508007F20D3F830343BB1013B5E42C6F30906C3F3CE
S31508007F30090358BF734203F60C1305EB8303D3ED0D
S31508007F40007AFDEEE77A17EE903A01F1080640F856
S31508007F5026304E4B013119604F4B03EB820383EDFC
S31508007F60008AFCE5B5EEC00AF1EE10FA4B4B03EBBE
S31508007F70820383ED008A4A4B03EB820383ED000AF2
S31508007F80484B1A600BD5F0EE407AB1EE400A002C49
S31508007F903FF4F1ADB0EE407AB0EE670A8FE7F0EE47
S31508007FA0407AF4E7C2F30901014403EB810191ED3C
S31508007FB0C47AB5EEC07AF1EE10FA48BFB1EE477A48
S31508007FC0F4EEC77AF1EE10FA02F1010248BFF0EEBC
S31508007FD0477A06E6DFED347A74E6BAF1000F0EDD6D
S31508007FE0564406F2C56605EB860696ED007A37EE28
S31508007FF0C77AB5EEC07AF1EE10FA3FF5CDAE40F687
S31508008000480303FB04A342F2201103F2867203F22B
S31508008010C66305EB8303C3ED007A244B41F618606B
S3150800802003EB8403C3ED007A01FB045105EB8202DE
S3150800803082ED019A0AF101020A5042F2201241F237
S3150800804010311B4B02FB04335A5801325A50B5E61D
S31508008050184A79E4184A94E45268184BBBE400BFFE
S315080080608C5E0120885E0120F8270120286B6E4E61
S31508008070286B6ECEF0270120985E0120002801208B
S31508008080A85E0120A05E0120075B01205048012060
S3150800809054480120283B0020BCF30020203801204A
S315080080A0202801201C2801203333333FDC5E0120C1
S315080080B0280B0020E0270120102501201825012083
S315080080C02DE9F84FB1F5007F9B4F0D46A8BF4FF439
S315080080D00075B3F5007F98460E461C462DED028BBB
S315080080E0A8BF4FF40078394600239D421BDC93490C
S315080080F00023894698451CDC29468F481BF035F92C
S3150800810041468E481BF031F900218D4828EAE8726D
S315080081101BF0BEFA002C48DC012E56DC0120BDEC13
S31508008120028BBDE8F88F50F804CB013341F804CB35
S31508008130DBE752F8040B013341F8040BDAE7BCEC31
S31508008140016A09EB8300F0EC017A77EEC67A1946E4
S3150800815001334345F0EEE76A0ADA90ED007A37EE26
S31508008160467AB0EEC77AB4EEE67AF1EE10FAEAD4B9
S31508008170F4EEE56AF1EE10FA0ED81EF801305BB996
S31508008180B4F5007FBFBF67EE857A0BEB8403C3EDBA
S31508008190007A01340EF801A00B4601329542CEDC76
S315080081A0012E13DC9FED678A33E00022DFED665A65
S315080081B0134614464FF0010A9FED645ADFF878C15A
S315080081C0DFF87CE1DFF88CB1E8E70024012260499A
S315080081D03B46D7ED017A93ED007A77EEC77A0132FE
S315080081E09542E1EC017A07F10407F1DC012E05F16D
S315080081F0FF315748D8BF01211BF0B7F8FEF728FE14
S31508008200B5EEC00AF1EE10FA69DDDFED4E7A87EEBB
S31508008210808A002C82D00023B3EE097A1D464D4A87
S315080082204D49F2EC017AF0EEE76AF4EEC76AF1EE30
S3150800823010FA03F101039EBF01EB8500C0ED007A39
S315080082400135A342EDD1002D73D0AF003A4642491D
S3150800825042481BF025FA294640481BF086F8FEF7E7
S31508008260F7FD3D4EF0EE406A324600243C4BF2ECF8
S31508008270017A77EEE67AF0EEE77AA0460134A5426F
S31508008280E3EC017AF3D1214635481BF06EF8FEF788
S31508008290DFFDB5EEC00AF1EE10FA25DDF1EE047A3F
S315080082A0002460EE277A23462E49B6EC016A36EE9C
S315080082B0667AB0EEC77AB4EEE77AF1EE10FA9EBFA8
S315080082C001EB840282ED006A0134984503F101024C
S315080082D008D1012C0EDC0D9B03201C601FE79FEDC7
S315080082E0228A96E71346E0E73A461B491D481BF0E3
S315080082F0D7F9EEE721461B481BF037F8FEF7A8FD2D
S31508008300F3EE0E7AB4EEE78AF1EE10FA06DBDFED4D
S31508008310177AB4EEE78AF1EE10FA03D90D9B04201A
S315080083201C60FCE60C9B002083ED000A0D9B1C607C
S31508008330F5E60220F3E600BFA0B20020A0AA0020BE
S31508008340A556012000007042CDCCCC3D00007A44F1
S31508008350A09A0020A0A20020A0920020A08A0020B7
S31508008360A0820020A07A00200000000000005C43E4
S3150800837038B50D1E12DD1AF0F8FF6B1000EB8300FE
S3150800838015F0010F90ED000A07D150ED017A77EE4E
S31508008390807AB6EE000A27EE800A38BD9FED010AFC
S315080083A0FBE700BF000000002DE9F04F2DED028B22
S315080083B083B0019300239FED407A1C46F0EE046AD1
S315080083C03E4E93421ADAB4F5006F08D116E0F4EE81
S315080083D0E67AF1EE10FA66D99A4228460EDDCF5CA7
S315080083E0051D0133002F63D1D0ED007AF4EEC77A6C
S315080083F0F1EE10FAEBDA93422846F0DB0E9B012CDD
S315080084001C6057DD0025DFF8B4902F464B46B5EEC5
S31508008410008ADFF8ACA005F11F08A045A8BFA04652
S31508008420A5F11E0626EAE676A8EB060B4FEA8B02AE
S3150800843003EB86014645C8BF002250461BF030F9BB
S315080084404645D4BF594600215046FFF791FFB5EE81
S31508008450C00AF1EE10FA194B0DDDD9ED007A77EE68
S31508008460C07A20EE080AF0EEE77AF4EEC07AF1EE6A
S3150800847010FAC8BF01370135AC4209F10409CAD15F
S3150800848007EE907AB8EEE77A07EE904AF8EEE77AC2
S31508008490C7EE276A019B0020C3ED006A03B0BDEC56
S315080084A0028BBDE8F08F06EB8400C0ED007A01343C
S315080084B0284686E70120F1E7CDCC4C3EA05A00209D
S315080084C0AC5900202DE9F04F2DED028BB04AD7B0FC
S315080084D0136801331360AF4B1B783BB10020FFF7DD
S315080084E055F90028BEBF0023AA4A1370AA4C237860
S315080084F033B10120FFF74AF90028BCBF00232370D7
S31508008500A44BA64F1B7813B12378002B4ED1A44B4E
S31508008510A44A18681168884248D91B6803F580631D
S3150800852013609C4B1B7803F0FF067BB1237853BB83
S315080085300025022301209C4A9C49FEF75BFD00B3F7
S315080085400120FEF701FC0123237011E002233046C7
S31508008550974A9849FEF74EFD05460028E6D030466C
S31508008560FEF7F2FB01238B4A13702378002BE0D029
S315080085703B7843B10023904A3B701368013313607C
S3150800858001E0002DF4D1834B1B781BB12378002B17
S3150800859040F0E1807F4B1B78002B40F0DE8023788B
S315080085A0002B0CBF03230123844A1360DFF854B25F
S315080085B0834B0BF5805ADAF8142B0BF540591A60E1
S315080085C0804BD9F8342C1A603B7803F0FF05002B52
S315080085D06AD1704B1B78002B66D02378002B63D0AA
S315080085E000262A4604212846FEF78CFB2A46052142
S315080085F02846FEF787FB2A4606212846FEF782FB11
S315080086002A4604210120FEF77DFB2A460521012082
S31508008610FEF778FB06212A460120FEF773FB58462B
S31508008620CAF81053CAF8145BCAF8185ECBF8045394
S31508008630CBF8E0621AF0B5FE9FED630A0BF19000E5
S31508008640FEF724FE9FED618A40F266220BF5105371
S315080086500BF50058A3F53870CBF8A0201E608BEDFB
S31508008660258AC9F83054C9F8345CC9F8385FC8F89F
S3150800867024541AF096FE9FED540A08F5D870FEF7B2
S3150800868005FE534B40F266221E605E60514B88ED34
S315080086906D8A1E60504BC8F8C0211E6001233B70CE
S315080086A03F4B1A684D4B1A6002250021DFED4C7AC4
S315080086B0DAF8182E4B4BDFF850811A60D9F8382FA4
S315080086C0494B1A6042F2201341F6186203FB01B3C4
S315080086D09A5840F64803182A1746A8BF18274FF095
S315080086E0000C4B43D21B03F2C66002440BEB82021A
S315080086F0BC4534DB3846182840F08A80002940F00B
S315080087009A803A4A176042F2201241F6143002FB68
S3150800871001B212580027182A1046A8BF182003F2DB
S31508008720C543121A1344DFF8C8C0DFF8E0E00BEBC4
S3150800873083038742C0F2818002462D4FDFF8CCC002
S31508008740182A40F08580012D00F08B800125294BE1
S3150800875029461860B6E7002326E7012324E7F2EC4A
S31508008760016A4FEA8C0092EDC07A51B908EB000E07
S31508008770CEED006A204E304480ED007A0CF1010CF3
S31508008780B6E71E4E06EB000ECEED006A1C4EF2E76B
S31508008790284801200A5B0120095B0120065B0120AD
S315080087A0BC230120B8F30020C3600120C560012066
S315080087B0C4600120C66001202C2501202C48012018
S315080087C03425012030250120000080446666E63EF7
S315080087D0202501201C2501201825012028250120F7
S315080087E000C079C4C4230120C0230120CC2601205F
S315080087F0482501204425012068260120D02601208D
S3150800880008260120280B002030270120A825012052
S31508008810820049B908EB020CCCED007AB94E324415
S31508008820C2ED007A013066E7B74E06EB020CCCEDD6
S31508008830007AB64EF3E7B64A64E7B3EC017ABA00B3
S3150800884021B9724482ED007A013772E76244F9E78A
S31508008850930021B96344C3ED007A013270E73B44C3
S31508008860F9E7AC4BDBF808231860AB4B1A60AB4B47
S31508008870AB4AD3F828141160AA4ADBF80C13116026
S31508008880D3F82C24A84B1A60DAF81023D9F8303418
S315080088909B1AA64A1360A64B1B68072B40DDA54901
S315080088A016A81AF012FF06250027FA21DFF8F48227
S315080088B0A14B0DF15E0058F804CBA04AD8F81C600D
S315080088C00137CDE900C601F081FA082F0544C5F540
S315080088D0807604D016AB58193146994BEBE7DFF88A
S315080088E0C882032198ED000A0AA8FEF72FFB98ED27
S315080088F0010A0746032110A8FEF728FB009016A8D0
S315080089003B46904A3146284401F060FA16A8FEF71D
S31508008910B7FA8D4A1368013313600023844A13603B
S315080089208A4F8B4A39681368DAF8185E994240F21A
S31508008930AA803B68012D03F58063136040F38780A6
S31508008940D9F8386F012E40F382808249AA008248FE
S315080089501AF0A6FE81498248B2001AF0A1FE002349
S31508008960DFED805A184619469FED7F5AF3EE094AFD
S31508008970DFF8E4C1DFF8E881DFF8F891BCEC016ABA
S3150800898008EB8302F2EC017A77EEC67A9E4601334B
S31508008990B342F0EEE76A0ADA92ED007A37EE467AE3
S315080089A0B0EEC77AB4EEE67AF1EE10FAEAD4F4EE4F
S315080089B0E56AF1EE10FA01F1010140F2F9808D4203
S315080089C040F00C810246694B1A603AB301216848A7
S315080089D0A0F1040E8A4240F00381664B6649186886
S315080089E0086003EB820151F8040C5210634903EB4B
S315080089F0820308601B686248624A0360136800685D
S31508008A00594201F00F0103F00F0358BF4B425E496C
S31508008A1001EB8303186013680133136000230DF11B
S31508008A2058080DF140094D4A1693294633464948D8
S31508008A30CDF80480CDF80090FFF742FB534B169A09
S31508008A401860534B1A6010B9109A524B1A60524B61
S31508008A501B78002B40F0D9802478E4B242F2201328
S31508008A6041F6143263430BEB03018D58DFF83C8162
S31508008A70032DC8F8004000F3CA80484A39681368CD
S31508008A80994200F2F781002042F2201640F6480586
S31508008A90434BD3F8041BBE2916DD00F2C66202EB6F
S31508008AA061024F1000210BEB820203F6040452F810
S31508008AB004CB013144F804CBD2F800C3B942C4F858
S31508008AC000C3F4D1C3F8041BD3F80028B2F5FF7F1E
S31508008AD00EDD1C46002152104FEA820C04EB0C07EF
S31508008AE03F6801318A4244F8047BF7D1C3F800286D
S31508008AF0A842334440F09D8257B0BDEC028BBDE8D6
S31508008B00F08F00BF68260120D02601200826012004
S31508008B10C8260120402501200C280120282B0020EA
S31508008B20082801203C250120382501202448012059
S31508008B3050480120F0FE020852FF0208F7FE02081C
S31508008B40EEFE020801FF020848480120BC23012066
S31508008B50B4F3002040260020A0F000206047002043
S31508008B60A0ED0020CDCCCC3D00007A44D4270120CE
S31508008B70A4EA0020A0EA00206C5E0120685E0120BD
S31508008B80705E01209027012094270120785E01203D
S31508008B90D82701207C5E01200A5B0120B0F3002063
S31508008BA03C1E002054480120DC5E0120645E012042
S31508008BB067EE857AB0EEE77AB4EEE47AF1EE10FA6B
S31508008BC03FF6FDAE421C8D4209EB8000C0ED007AEF
S31508008BD03FF4F9AEC02A3FF4F6AE10467346CDE62A
S31508008BE0F0EC017A84464B1E1CED027AF4EEC77A45
S31508008BF0F1EE10FA03D5013B2CED017AF4D20EEB17
S31508008C008303C3ED017A0131E4E6002426E7DFF8A1
S31508008C10189301214E46B0EE048A03F5985314338F
S31508008C20C0485B441A46D3ED017A92ED007A77EE96
S31508008C30C77AF4EEC87AF1EE10FACCBF0122002208
S31508008C4001318D42E6EC017A03F1040300F8012BA9
S31508008C50E8D16E1EB449B548B2001AF021FD0121CB
S31508008C60B348A5F1020A031FF0EC017A84464A1EAE
S31508008C701CED027AF4EEC77AF1EE10FA03D5013A42
S31508008C802CED017AF4D2013103EB8202B142C2ED36
S31508008C90017AE9DB1968A74A03EB8A0A1160DAF850
S31508008CA00010A54A0DF1580A1160721003EB8203F1
S31508008CB01B68A24A9B491360A14B32461E600023DB
S31508008CC099481693CDF800A010ABFFF76DFB9D4BA6
S31508008CD0169A18609C4B1A6010B9109A9B4B1A602A
S31508008CE04FF0000A954B9FED9A6A93ED007A53462A
S31508008CF0F9EC017AF4EEC67AF1EE10FA29DBF4EE15
S31508008D00C87AF1EE10FA24D8BAF5007F21DAB5EE62
S31508008D10C07AF1EE10FA11D9DFED8E6A67EE266A8F
S31508008D20F4EEE67AF1EE10FA13DDDFED8B6A67EE04
S31508008D30266AF4EEE67AF1EE10FA0AD5DFED875ADE
S31508008D40C5EEA76A864A02EB8A02C2ED006A0AF1F4
S31508008D50010A0133B342CBDBBAF1090F26DD804E97
S31508008D604FEA8A0906EB8A0353F8042C7D4B3146F1
S31508008D701A607D484A461AF093FC50469FED7B0AD6
S31508008D80FEF7A2F84A4631467748B0EE408A1AF00E
S31508008D9087FC9FED770A5046FEF796F830EE480AAC
S31508008DA0744B83ED008A744B83ED000A42F220135C
S31508008DB041F2103203FB04B39B58402B7FF75DAE9C
S31508008DC000269FED6E7ADFED6E6AA3F2FF3020EA89
S31508008DD0E0701B1ADFF8C0C1DFF8E0E1591C4FEA62
S31508008DE08429B1422CDC674AC2ED006A664A82EDE4
S31508008DF0007A40F6480202FB0455644A05F2C34568
S31508008E0002EB8505624AD5ED017A02EB840292ED02
S31508008E10007A77EEC77AFEEECB7A17EE902A121A08
S31508008E20082A7FF72AAE073B9A42BFF626AE9FED81
S31508008E30590A5948FEF77CFB584B83ED000A1CE695
S31508008E408219C2F309024A440EEB8202D2ED007A75
S31508008E50F4EE667AF1EE10FAF4EEC77A48BFF0EE51
S31508008E60676AF1EE10FAECEC017A06F1010637FEB4
S31508008E70877AB6E73F4DD5ED007AF5EEC07AF1EE82
S31508008E8010FA7FF700AE3B6803F500631360D8F865
S31508008E900030434A002BA8BFD8F800401168B8BF75
S31508008EA00024404B002900F08B80012119601368CB
S31508008EB03A4F002B40F09F803B4BDFED3C7A93ED19
S31508008EC0000A062180EE270A04A8FEF73FF895ED6A
S31508008ED0000A064601210AA8FEF738F842F22013CE
S31508008EE041F6143203FB04B39C58314B0546D3F8BC
S31508008EF00080052197ED000A10A8FEF727F83346EB
S31508008F00CDE902804FF48071CDE90054294A16A8AC
S31508008F1000F05CFF16A8FDF7B3FF274A1368013374
S31508008F201360B0E5A5580120A0E20020A0DA0020D1
S31508008F30A4DA0020BC5E0120B85E0120C05E0120D4
S31508008F4010280120D45E012014280120D85E0120B3
S31508008F50CDCC4C3E9A99193F6666A63F00007042F2
S31508008F60A0D20020C85E0120A0CA0020CDCC4C3D6E
S31508008F703333733FD05E0120CC5E0120286B6ECE62
S31508008F80286B6E4EB45E0120B05E0120280B0020CF
S31508008F902025012000008044A0BA0020C45E0120DC
S31508008FA0785E0120745E01207C5E012000007A4410
S31508008FB0D827012016FF0208DC270120BCF3002071
S31508008FC01D480068002803DB1C480068002801DCEF
S31508008FD002216BE71A48D0ED007A1A4890ED007A1C
S31508008FE077EEC77AB3EE047AF4EEC77AF1EE10FAA2
S31508008FF0C8BF03215AE795ED000A01210AA8FDF723
S31508009000A5FF42F2201303FB04B441F614330546C8
S3150800901097ED000A052110A8E458FDF797FF2B469F
S31508009020CDE900404FF48071074A16A800F0CEFE3D
S3150800903070E740F648002CE5D8270120D427012000
S31508009040685E01206C5E012053FF02080022014B76
S315080090501A8070474856012000B5C3B00FF0B6F81D
S31508009060094801F0F9FA60B11AF09FFA48B14FF4CD
S315080090708271054801AA1AF0EFFC10B901A81AF086
S315080090808CFA43B05DF804FB3C5201207FB50368B7
S31508009090264A23F47F4323F00703934243D1002152
S315080090A006221720224B09F023F8014608B100BE14
S315080090B0FDE7082213201F4B09F01AF8014608B1EC
S315080090C000BEFDE7032215201B4B09F011F808B175
S315080090D000BEFDE70DF1070102A80EF089FF014663
S315080090E008B100BEFDE7BDF80C3008225BBAADF842
S315080090F010309DF80B3019208DF81230FF238DF8AB
S315080091001330FE238DF814309DF80A308DF815308B
S31508009110BDF808305BBAADF8163004AB08F0E8FFC6
S3150800912008B100BEFDE707B05DF804FBA00001002A
S315080091302F020308270203082402030881F00041CE
S3150800914002E000BF83F0004330B54FEA41044FEA1E
S31508009150430594EA050F08BF90EA020F1FBF54EAB9
S31508009160000C55EA020C7FEA645C7FEA655C00F055
S31508009170E2804FEA5454D4EB5555B8BF6D420CDD26
S315080091802C4480EA020281EA030382EA000083EAA9
S31508009190010180EA020281EA0303362D88BF30BD49
S315080091A011F0004F4FEA01314FF4801C4CEA11319F
S315080091B002D0404261EB410113F0004F4FEA0333FE
S315080091C04CEA133302D0524263EB430394EA050F89
S315080091D000F0A780A4F10104D5F1200E0DDB02FAF8
S315080091E00EFC22FA05F2801841F1000103FA0EF28C
S315080091F0801843FA05F359410EE0A5F120050EF152
S31508009200200E012A03FA0EFC28BF4CF0020C43FA82
S3150800921005F3C01851EBE37101F0004507D54FF08F
S31508009220000EDCF1000C7EEB00006EEB0101B1F5DF
S31508009230801F1BD3B1F5001F0CD349085FEA300025
S315080092404FEA3C0C04F101044FEA445212F5800F30
S3150800925080F09A80BCF1004F08BF5FEA500C50F1CD
S31508009260000041EB045141EA050130BD5FEA4C0CB0
S31508009270404141EB0101013C28BFB1F5801FE9D20D
S3150800928091F0000F04BF01460020B1FA81F308BF30
S315080092902033A3F10B03B3F120020CDA0C3208DDFC
S315080092A002F1140CC2F10C0201FA0CF021FA02F1D7
S315080092B00CE002F11402D8BFC2F1200C01FA02F147
S315080092C020FA0CFCDCBF41EA0C019040E41AA2BF6C
S315080092D001EB0451294330BD6FEA04041F3C1CDA34
S315080092E00C340EDC04F11404C4F1200220FA04F054
S315080092F001FA02F340EA030021FA04F345EA0301FE
S3150800930030BDC4F10C04C4F1200220FA02F001FABF
S3150800931004F340EA0300294630BD21FA04F0294641
S3150800932030BD94F0000F83F4801306BF81F48011DA
S315080093300134013D4EE77FEA645C18BF7FEA655C4D
S3150800934029D094EA050F08BF90EA020F05D054EA1F
S31508009350000C04BF1946104630BD91EA030F1EBF24
S315080093600021002030BD5FEA545C05D14000494128
S3150800937028BF41F0004130BD14F580043CBF01F51B
S31508009380801130BD01F0004545F0FE4141F4700101
S315080093904FF0000030BD7FEA645C1ABF19461046DC
S315080093A07FEA655C1CBF0B46024650EA013406BFDD
S315080093B052EA033591EA030F41F4002130BD00BF9C
S315080093C090F0000F04BF0021704730B54FF4806459
S315080093D004F132044FF000054FF0000150E700BFDA
S315080093E090F0000F04BF0021704730B54FF4806439
S315080093F004F1320410F0004548BF40424FF0000126
S315080094003EE700BF42004FEAE2014FEA31014FEA68
S3150800941002701FBF12F07F4393F07F4F81F06051B7
S31508009420704732F07F4208BF704793F07F4F04BF02
S3150800943041F40021704730B54FF4607401F00045DF
S3150800944021F000411CE700BF50EA010208BF70473F
S3150800945030B54FF000050AE050EA010208BF704730
S3150800946030B511F0004502D5404261EB41014FF499
S31508009470806404F132045FEA915C3FF4D8AE4FF0A1
S3150800948003025FEADC0C18BF03325FEADC0C18BF84
S31508009490033202EBDC02C2F1200300FA03FC20FAD5
S315080094A002F001FA03FE40EA0E0021FA02F1144422
S315080094B0BDE600BF70B54FF0FF0C4CF4E06C1CEA3B
S315080094C011541DBF1CEA135594EA0C0F95EA0C0FAC
S315080094D000F0DEF82C4481EA030621EA4C5123EA1F
S315080094E04C5350EA013518BF52EA033541F480114E
S315080094F043F4801338D0A0FB02CE4FF00005E1FB01
S3150800950002E506F00042E0FB03E54FF00006E1FB4A
S3150800951003569CF0000F18BF4EF0010EA4F1FF048D
S31508009520B6F5007F64F5407404D25FEA4E0E6D41CD
S3150800953046EB060642EAC62141EA55514FEAC520DE
S3150800954040EA5E504FEACE2EB4F1FD0C88BFBCF55A
S31508009550E06F1ED8BEF1004F08BF5FEA500E50F10B
S31508009560000041EB045170BD06F0004646EA0101D1
S3150800957040EA020081EA0301B4EB5C04C2BFD4EB03
S315080095800C0541EA045170BD41F480114FF0000EFC
S31508009590013C00F3AB8014F1360FDEBF002001F06A
S315080095A0004170BDC4F10004203C35DA0C341BDCE4
S315080095B004F11404C4F1200500FA05F320FA04F0B6
S315080095C001FA05F240EA020001F0004221F00041EA
S315080095D010EBD37021FA04F642EB06015EEA430E5D
S315080095E008BF20EAD37070BDC4F10C04C4F120058D
S315080095F000FA04F320FA05F001FA04F240EA020040
S3150800960001F0004110EBD37041F100015EEA430E10
S3150800961008BF20EAD37070BDC4F1200500FA05F230
S315080096204EEA020E20FA04F301FA05F243EA0203AF
S3150800963021FA04F001F0004121FA04F220EA0200BE
S3150800964000EBD3705EEA430E08BF20EAD37070BD04
S3150800965094F0000F0FD101F00046400041EB0101E4
S3150800966011F4801F08BF013CF7D041EA060195F0C6
S31508009670000F18BF704703F00046520043EB030380
S3150800968013F4801F08BF013DF7D043EA060370476D
S3150800969094EA0C0F0CEA135518BF95EA0C0F0CD078
S315080096A050EA410618BF52EA4306D1D181EA0301BE
S315080096B001F000414FF0000070BD50EA410606BFB8
S315080096C01046194652EA430619D094EA0C0F02D1FD
S315080096D050EA013613D195EA0C0F05D152EA033642
S315080096E01CBF104619460AD181EA030101F0004160
S315080096F041F0FE4141F470014FF0000070BD41F0A9
S31508009700FE4141F4780170BD70B54FF0FF0C4CF482
S31508009710E06C1CEA11541DBF1CEA135594EA0C0FA1
S3150800972095EA0C0F00F0A7F8A4EB050481EA030EEE
S3150800973052EA03354FEA013100F088804FEA0333D5
S315080097404FF0805545EA131343EA12634FEA0222A3
S3150800975045EA111545EA10654FEA00260EF0004164
S315080097609D4208BF964244F1FD0404F5407402D2B6
S315080097705B084FEA3202B61A65EB03055B084FEA47
S3150800978032024FF480104FF4002CB6EB020E75EB44
S31508009790030E22BFB61A754640EA0C005B084FEA6C
S315080097A03202B6EB020E75EB030E22BFB61A7546E9
S315080097B040EA5C005B084FEA3202B6EB020E75EB34
S315080097C0030E22BFB61A754640EA9C005B084FEAAC
S315080097D03202B6EB020E75EB030E22BFB61A7546B9
S315080097E040EADC0055EA060E18D04FEA051545EAA8
S315080097F016754FEA06164FEAC30343EA52734FEA51
S31508009800C2025FEA1C1CC0D111F4801F0BD141EAC9
S3150800981000014FF000004FF0004CB6E711F4801F2E
S3150800982004BF01430020B4F1FD0C88BFBCF5E06F0E
S315080098303FF6AFAEB5EB030C04BFB6EB020C5FEA1E
S31508009840500C50F1000041EB045170BD0EF0004E73
S315080098504EEA113114EB5C04C2BFD4EB0C0541EAA5
S31508009860045170BD41F480114FF0000E013C90E6A2
S3150800987045EA060E8DE60CEA135594EA0C0F08BF66
S3150800988095EA0C0F3FF43BAF94EA0C0F0AD150EA65
S3150800989001347FF434AF95EA0C0F7FF425AF1046F8
S315080098A019462CE795EA0C0F06D152EA03353FF420
S315080098B0FDAE1046194622E750EA410618BF52EA9D
S315080098C043067FF4C5AE50EA41047FF40DAF52EA71
S315080098D043057FF4EBAE12E74FF0FF3C06E000BF0E
S315080098E04FF0010C02E000BF4FF0010C4DF804CD1B
S315080098F04FEA410C7FEA6C5C4FEA430C18BF7FEADB
S315080099006C5C1BD001B050EA410C0CBF52EA430C08
S3150800991091EA030F02BF90EA020F0020704710F188
S31508009920000F91EA030F58BF994208BF90422CBF17
S31508009930D8176FEAE37040F0010070474FEA410C10
S315080099407FEA6C5C02D150EA013C07D14FEA430C2E
S315080099507FEA6C5CD6D152EA033CD3D05DF8040B9F
S31508009960704700BF8446104662468C4619466346D1
S3150800997000E000BF01B5FFF7B7FF002848BF10F1A8
S31508009980000F01BD4DF808EDFFF7F4FF0CBF0120ED
S3150800999000205DF808FB00BF4DF808EDFFF7EAFF69
S315080099A034BF012000205DF808FB00BF4DF808ED24
S315080099B0FFF7E0FF94BF012000205DF808FB00BF19
S315080099C04DF808EDFFF7CEFF94BF012000205DF8A3
S315080099D008FB00BF4DF808EDFFF7C4FF34BF0120B0
S315080099E000205DF808FB00BF4FEA4102B2F1E043F0
S315080099F024BFB3F5001CDCF1FE5C0DD901F0004C68
S31508009A004FEAC0024CEA5070B2F1004F40EB8300B7
S31508009A1008BF20F00100704711F0804F21D113F1E3
S31508009A203872BCBF01F00040704741F480114FEA1C
S31508009A305252C2F11802C2F1200C10FA0CF320FAA5
S31508009A4002F018BF40F001004FEAC1234FEAD323C2
S31508009A5003FA0CFC40EA0C0023FA02F34FEA43032C
S31508009A60CCE77FEA625307D150EA01331EBF4FF0B5
S31508009A70FE4040F44000704701F0004040F0FE40D0
S31508009A8040F40000704700BF53B94AB9002908BF1F
S31508009A9000281CBF4FF0FF314FF0FF3000F082B9AD
S31508009AA0ADF1080C6DE904CE00F006F8DDF804E027
S31508009AB0DDE9022304B070472DE9F04F099D0C46F5
S31508009AC0002B4DD18A420F4684469646B2FA82F357
S31508009AD060D94BB102FA03FEC3F120029F4000FA97
S31508009AE003FC20FA02F217434FEA1E461FFA8EF4C9
S31508009AF04FEA1C42B7FBF6F106FB117701FB04F0AF
S31508009B0042EA0742904208D91EEB020201F1FF37EA
S31508009B1002D2904200F231813946121A1FFA8CFCA1
S31508009B20B2FBF6F006FB102200FB04F44CEA024CEA
S31508009B30644508D91EEB0C0C00F1FF3202D26445CD
S31508009B4000F21E81104640EA0140ACEB040C0021ED
S31508009B5025B12CFA03F30022C5E90032BDE8F08FDF
S31508009B608B4205D90DB1C5E9000100210846F5E784
S31508009B70B3FA83F100294DD1A342C0F0F380904295
S31508009B8080F0F080064623460846002DE6D0C5E953
S31508009B900063E3E7002B40F0A3808A1A4FEA1E47CA
S31508009BA01FFA8EF60121B2FBF7F407FB14204FEAE1
S31508009BB01C4242EA004206FB04F090420FD91EEB13
S31508009BC0020204F1FF382CBF4FF001094FF00009DB
S31508009BD0904203D9B9F1000F00F0CC804446121A1E
S31508009BE01FFA8CFCB2FBF7F007FB102200FB06F607
S31508009BF04CEA024C664508D91EEB0C0C00F1FF3204
S31508009C0002D2664500F2B3801046ACEB060C40EA79
S31508009C1004409DE7C1F120068B4004FA01FE22FAB2
S31508009C2006F720FA06FCF4408A401F434EEA0C0366
S31508009C3000FA01FE4FEA17484FEA13491FFA87FC54
S31508009C40B4FBF8F008FB104449EA044400FB0CF99D
S31508009C50A1450ED93C1900F1FF3A2CBF4FF0010B74
S31508009C604FF0000BA14503D9BBF1000F00F08B8024
S31508009C705046A4EB09041FFA83F9B4FBF8F308FB72
S31508009C80134403FB0CFC49EA0444A44506D93C19D1
S31508009C9003F1FF3801D2A4457BD8434643EA004086
S31508009CA0A4EB0C04A0FB02984445CC46434602D3D9
S31508009CB006D1CE4504D20138B9EB020C68EB07038E
S31508009CC0002D6CD0BEEB0C0264EB030422FA01F300
S31508009CD004FA06F6CC4000211E43C5E900643DE7B8
S31508009CE002FA03FEC3F1200104FA03F200FA03FCA8
S31508009CF0CC404FEA1E4720FA01F11FFA8EF6B4FB54
S31508009D00F7F00A4307FB1044110C41EA044100FB33
S31508009D1006F48C420ED91EEB010100F1FF382CBF68
S31508009D204FF001094FF000098C4202D9B9F1000F32
S31508009D302CD04046091B92B2B1FBF7F407FB14116D
S31508009D4042EA014204FB06F1914207D91EEB0202E0
S31508009D5004F1FF3801D291421ED84446521A44EA09
S31508009D60004120E7861A64EB030301200DE7F4445B
S31508009D7002384AE7023C724431E702397244CCE6BB
S31508009D80F4440238DFE602383C4472E7023871448C
S31508009D90D0E7023B3C4481E7023C7244DEE72946B1
S31508009DA0DCE600BF704700BF08B5064B044613B192
S31508009DB00021AFF30080044B1B6803B19847204687
S31508009DC016F092F900000000CC4901200CB4184B9B
S31508009DD030B50C1E9DB01D6808DA8B234FF0FF3096
S31508009DE02B601DB0BDE8304002B070474FF40273D7
S31508009DF00290069002A9ADF8143014BF04F1FF339F
S31508009E002346209A2846049307934FF6FF73ADF826
S31508009E10163021AB019300F031F8431CBCBF8B23ED
S31508009E202B60002CDDD0029B00221A70D9E700BFF8
S31508009E30E45E012070B50D4D00260D4C641BA41080
S31508009E40A64209D10B4D00260B4C24F0E9FD641BF4
S31508009E50A410A64205D170BD55F8043B01369847B3
S31508009E60EEE755F8043B01369847F2E7D46001203F
S31508009E70D4600120D4600120D86001202DE9F04F7C
S31508009E8098468B899DB007461B060D46144610D585
S31508009E900B6973B9402117F036FB2860286130B981
S31508009EA00C233B604FF0FF301DB0BDE8F08F402318
S31508009EB06B610023CDF80C804FF00109DFF8A08113
S31508009EC0099320238DF8293030238DF82A3023462C
S31508009ED09A4613F8012B0AB1252AF9D1BAEB040BD5
S31508009EE00BD05B4622462946384619F0F6FB013068
S31508009EF000F0A780099A5A4409929AF80030002B74
S31508009F0000F09F8000234FF0FF320AF1010A049304
S31508009F1007938DF853301A93CDE905235446052245
S31508009F204F4814F8011B19F0A5FC049AD8B9D006B5
S31508009F3044BF20238DF85330110744BF2B238DF8D7
S31508009F4053309AF800302A2B15D0079A5446002029
S31508009F504FF00A0C214611F8013B303B092B4BD92F
S31508009F60B0B1079214E0A0EB0803A24609FA03F37E
S31508009F7013430493D2E7039B191D1B68002B039117
S31508009F80BBBF5B4242F0020207930793B8BF049235
S31508009F9023782E2B0AD163782A2B32D1039B0234DD
S31508009FA01A1D1B6843EAE37303920593DFF8C0A002
S31508009FB003222178504619F05DFC38B1A0EB0A005F
S31508009FC04022049B013482401343049314F8011B76
S31508009FD0062224488DF8281019F04CFC002836D0A3
S31508009FE0214B1BBB039B073323F00703083303935B
S31508009FF0099B334409936AE70CFB02320C4601209D
S3150800A000A8E7002301344FF00A0C194605932046A9
S3150800A01010F8012B303A092A03D9002BC6D005912E
S3150800A020C4E70CFB012104460123F0E703AB2A46EB
S3150800A03004A9384600930D4BAFF30080421C064630
S3150800A040D6D1AB895B063FF52DAF09982CE703AB54
S3150800A0502A4604A938460093044B00F00BF8EDE7AE
S3150800A060350203083F02030800000000DB36020839
S3150800A0703B0203082DE9FF470F7E914680460C46B2
S3150800A080782F9A460C9E01F1430207D8622F0AD808
S3150800A090002F00F0DD80582F00F0C38004F142063F
S3150800A0A084F842703AE0A7F16303152BF6D801A1AC
S3150800A0B051F823F00DA1000821A100089DA0000871
S3150800A0C09DA000089DA000089DA0000821A10008E9
S3150800A0D09DA000089DA000089DA000089DA000085E
S3150800A0E037A20008AFA10008EFA100089DA000084C
S3150800A0F09DA0000859A200089DA00008AFA100086D
S3150800A1009DA000089DA00008F7A1000833681A1D45
S3150800A1101B68326004F1420684F842300123A8E045
S3150800A12031682368081D30601E0601D50D6803E0F6
S3150800A1305D06FBD5B1F90050002D616878DA2D204F
S3150800A1400029A16084F843002DDA6D425D480A2390
S3150800A1501646B5FBF3F103FB1157C75D06F8017DFB
S3150800A1602F460D46BB42F4D9082B0BD12368DF07CF
S3150800A17008D5236961689942DEBF302306F8013C99
S3150800A18006F1FF36921B22614B4603AA214640463A
S3150800A190CDF800A019F0FCFA01306FD14FF0FF306E
S3150800A1A004B0BDE8F08723F004032360CDE72168F7
S3150800A1B03368080653F8045B02D4490648BFADB2B3
S3150800A1C06F2F33603F4814BF0A230823002184F801
S3150800A1D043106668002EA660BADB216821F00401E8
S3150800A1E02160002DB4D1002EB2D11646BCE72368F3
S3150800A1F043F02003236078273348236884F84570A2
S3150800A2001F06316851F8045B02D45F0648BFADB239
S3150800A2103160D90744BF43F0200323601DB11023E2
S3150800A220D4E72848E9E7236823F020032360F6E704
S3150800A23024480A23CDE733682568181D616930600C
S3150800A2402E061B6801D5196002E06806FBD5198041
S3150800A25000231646236197E7336800211A1D3260EA
S3150800A2601E686268304619F005FB08B1801B6060FD
S3150800A27063682361002384F8433085E723693246FF
S3150800A28049464046D047013088D023689B0714D4F6
S3150800A290E068039B9842B8BF184681E70123324617
S3150800A2A049464046D04701303FF478AF0135E36868
S3150800A2B003995B1AAB42F1DCEAE7002504F11906BB
S3150800A2C0F5E700BF460203085702030808B52DED57
S3150800A2D0028BB0EE408A00F03FF8F0EE408AB0EE0E
S3150800A2E0480A00F02FF868B1DFED127AB4EEE78A73
S3150800A2F0F1EE10FA0BDCDFED107AB4EEE78AF1EE38
S3150800A30010FA0FD4B0EE680ABDEC028B08BDDFED7B
S3150800A3100B8A15F03DF92223B0EE680A0360BDECFE
S3150800A320028B08BD15F034F92223DFED058A036098
S3150800A330E8E700BF1772B142B5F1CFC20000807FCF
S3150800A3400000000010EE103A23F00040B0F1FF4F75
S3150800A350ACBF00200120704710EE103A23F00042EF
S3150800A360B2F1FF4F58D84FEAD37100F09380614895
S3150800A370834200F3898019B15F4B9A4200F28780C5
S3150800A3805E4B9A424BD95E4B9A4200F295805D48E5
S3150800A390C1F101035C4A00EB81005B1A02EB810202
S3150800A3A0D0ED004AD2ED007A70EE644A34EEE70A40
S3150800A3B09FED564A9FED565ADFED565A20EE007A23
S3150800A3C0DFED556A9FED556AA7EE045AE5EE075A82
S3150800A3D0E5EE876AA6EE876AF0EE406AE6EE476A19
S3150800A3E0002B42D0B0EE007A13F17D0F20EE266ADC
S3150800A3F0B7EE000A37EE667AC6EE076A77EEE67AB1
S3150800A40077EEE47A30EE670A4ADB10EE102A02EBA2
S3150800A410C35300EE103A704730EE000A7047B2F1A7
S3150800A420505F0AD2DFED3E7AB7EE007A70EE277AF1
S3150800A430F4EEC77AF1EE10FA58DC60EE007A9FED7A
S3150800A440335ADFED335A9FED336AE7EE855ADFED6F
S3150800A450326A9FED327AA5EEA76AE7EE866AA7EE1C
S3150800A460A67AF0EE406AE7EEC76AF0EE007A20EECA
S3150800A470266AB7EE007A76EEE76AC6EE267A77EEB1
S3150800A480C07A37EE670A7047002000F0AFB80020A0
S3150800A49000F0A6B8DFED237A002900FE270A7047E8
S3150800A4A010EE102A6433DFED207A02EBC35300EE78
S3150800A4B0103A20EE270A70471C4BF0EE404A9FEDF3
S3150800A4C01C6A03EB8103DFED1B6A9FED1B7AD3ED54
S3150800A4D0007AE0EE067AFDEEE77A17EE903AF8EEA5
S3150800A4E0E77AE7EEE64A67EE877A5FE730EE070A2D
S3150800A4F0704700BF1772B142B5F1CF421872B13E2C
S3150800A5009115853F70020308680203084CBB313376
S3150800A5100EEADDB555B38A38610B36BBABAA2A3EBF
S3150800A520CAF24971000000000000800D7802030895
S3150800A5303BAAB83F8071313FD1F7173710EE101A92
S3150800A540C1F3C7520029A2F17F0CB4BF4FF0FF3008
S3150800A5500120BCF11E0F0FDCBCF1000F1CDBC1F3A0
S3150800A5601603BCF1160F43F400030ADD963A03FA04
S3150800A57002F202FB00F07047FDEEC07A17EE900A71
S3150800A58070474FF48002CCF1170142FA0CF21A44D4
S3150800A590CA4002FB00F07047BCF1FF3F18BF00201D
S3150800A5A0704700BF10B52DED028BB0EE408A044609
S3150800A5B014F0EEFF0460B0EE480ABDEC028B10BD45
S3150800A5C030B1F1EE407A222027EE800AFFF7EABF83
S3150800A5D0F0EE407A222027EE800AFFF7E3BF00BF9D
S3150800A5E09FED010AFFF7ECBF000000109FED010A7E
S3150800A5F0FFF7E6BF0000007030B5837985B001909B
S3150800A6001844C0680D4600F0380015F0E3F8044613
S3150800A61028B901A819F012FB022005B030BD294659
S3150800A620019819F015FB45220A490DF10F0019F09A
S3150800A6304AFA019904F10C0019F0EEFB4722054984
S3150800A6400DF10F0019F040FA204621F074FE0020A3
S3150800A650E3E700BF8002030837B50446094DD9224F
S3150800A66029460DF1070019F02EFAE06819F01EFBCD
S3150800A6700446DB220DF10700294619F025FA204683
S3150800A68003B030BD8002030837B504460B4D4FF4BE
S3150800A690257229460DF1070019F015FA04F10C0088
S3150800A6A019F0EAFA044640F296220DF10700294607
S3150800A6B019F00AFA204603B030BD00BF800203082D
S3150800A6C0054B10B553F8204004B910BD2046636801
S3150800A6D098472468F8E700BFE84901200020134B93
S3150800A6E010B51870124B134CC3E90000124B2060CA
S3150800A6F018706060A06000F03BFA80B2A0F10E030B
S3150800A7006380A0F11403013060810C49201DE380A9
S3150800A71016F03BFB20460A4916F037FB04F1080001
S3150800A7200849BDE8104016F030BB00BF115B012098
S3150800A730E84901204A560120105B0120CE02030891
S3150800A740D7020308E102030870B5044658B323F09C
S3150800A750E5FE637905466FF382036371237913F087
S3150800A760100605D010232371BDE8704023F0D1BE32
S3150800A7700D4903F0030331F823203046013A21F846
S3150800A78023202146094C00F0E3F923781BB1304613
S3150800A790FFF796FF2670064B5B6813B10120FFF79B
S3150800A7A08FFF2846E0E770BD4A560120115B01205D
S3150800A7B0E849012038B50446057A23F0AFFE054B73
S3150800A7C053F82520226043F82540BDE8384023F099
S3150800A7D0A0BE00BFE849012010B5064B00F0E00016
S3150800A7E01A78541C1C70044B03F8320003EBC2039E
S3150800A7F0596010BD105B0120D04901200022F8B530
S3150800A8000E4C0F492378934214D951F83260551CDF
S3150800A81086424FEAC2070ED15E1E0A48B21AD20015
S3150800A82007F1080101449D4288BF0022384418F008
S3150800A83015FF2670F8BD2A46E5E700BF105B012024
S3150800A840D4490120D04901202DE9F04F044689B0AA
S3150800A8500492420748BF00F0F704029123F05EFE17
S3150800A8605E4D04F0030605EB860335F826205B8863
S3150800A87080469A4204F0EF094FEA860733D2002051
S3150800A88000F048F9834650B335F826304046013380
S3150800A89025F8263023F03DFE584619F08EFB029B1C
S3150800A8A0029A8BF80630049B8BF8049013448BF8B5
S3150800A8B007304B4B5B6843B123F030FE044601205A
S3150800A8C0FFF7FEFE204623F024FE05EB8600452210
S3150800A8D0594616F05FFA584609B0BDE8F08F0122CE
S3150800A8E04046404B1A7023F014FE23071BD51F2C35
S3150800A8F019D94FF0000A04F0E003039323F00EFE83
S3150800A900EB195B8835F82670DFF8E0809F422CBF8C
S3150800A9100027012723F0FDFD05EB86030593324B3F
S3150800A9201B789A4509D384F004004946C0F3800091
S3150800A93000F07AF84FF0000BC7E798F80030039A52
S3150800A9401A4205D0D8F804300193019B1B6823B935
S3150800A9500AF1010A08F10808E1E707935A79D007CE
S3150800A96007D51A79510704D547B989EA0202920729
S3150800A97004D001931B68002BF0D1E6E7019819F083
S3150800A9807BF90779079007A819F058F93946002086
S3150800A99000F04AF823F0C2FD059B35F826205B88AF
S3150800A9A083469A4234BF0127002709D2002000F0C7
S3150800A9B0B1F8079068B135F82630013325F8263006
S3150800A9C0584623F0A6FDDDF81CB0BBF1000FBCD03D
S3150800A9D062E70122034B1A70F2E700BF4A560120CC
S3150800A9E0E8490120115B0120105B0120D0490120B4
S3150800A9F00022014B1A607047F049012010B5044641
S3150800AA0023F08CFD074A13682BB914602360BDE850
S3150800AA10104023F07EBDA34202D01A461B68F3E716
S3150800AA2010BD00BFF049012070B505460E46054B1E
S3150800AA301C6804B970BD636831462846984724687F
S3150800AA40F7E700BFF04901202DE9F0474FF6FC78FB
S3150800AA50002416461B4F03311B4B07EB001501EA72
S3150800AA6008084FEA001A1B686A80814627F80A8098
S3150800AA7002FB08F0EC60984718FB06F39BB2024607
S3150800AA8068602B81D8B11149284651F8291016F06B
S3150800AA907EF921462A89686818F0FAFD2146234678
S3150800AAA09E4204DC002057447E80BDE8F0876A6831
S3150800AAB0E868541850500133EC604144F0E71A2016
S3150800AAC0F3E700BF0C4B0120F44901209C0303085F
S3150800AAD038B5094C04EB00156B682BB1284616F0FF
S3150800AAE058F9686819F01EFC2846BDE83840102257
S3150800AAF0002118F0CDBD00BF0C4B0120034B02010D
S3150800AB00C3E900100021024818F0C2BDF44901202B
S3150800AB100C4B012038B5094B020103EB0015EC6814
S3150800AB20284621469A5A16F035F924B12368EB606F
S3150800AB306B88013B6B80204638BD00BF0C4B01205B
S3150800AB40024B03EB00139878704700BF0C4B0120AB
S3150800AB5030B4064C04EB0013DD685A880D600132E8
S3150800AB60184630BCD9605A8016F015B90C4B01202E
S3150800AB70044A010102EB0013505A10B11B89B3FBBA
S3150800AB80F0F070470C4B01200149084616F0FDB855
S3150800AB90D0030308012838BF012038B5C41C24F0A7
S3150800ABA00304204616F023FA0546014622460848BD
S3150800ABB016F0F0F82DB921460220FFF735FF284692
S3150800ABC038BD22460021284618F062FDF7E700BF87
S3150800ABD0D0030308F0B5477B057B7B1CB7EB951FB5
S3150800ABE004464FF0000689B0437306D386733120B6
S3150800ABF009B0BDE8F04004F0B1BD1C4804F048FDBA
S3150800AC007F001B491B4B3D41CDE9041305F00305A5
S3150800AC10E37A253504A88DF81830CDF81A60ADF812
S3150800AC201E608DF8195000F081FD2368CDE9026693
S3150800AC300193A37A8DF809302389C3F34022520081
S3150800AC408DF80A20627B012A01D8DA0705D523F098
S3150800AC500103238101238DF8083001A819F0AAFD04
S3150800AC6020691BF050FC09B0F0BD00BFB1AC00086C
S3150800AC70D6BE898E55555500222810B50C460DD0DE
S3150800AC80562812D100F06CFC084804F001FD012397
S3150800AC90A3733120BDE8104004F060BD00F060FCED
S3150800ACA0BDE81040014804F0F3BC10BD2943020872
S3150800ACB0512808B505D0552814D0BDE80840FFF737
S3150800ACC0DBBF0A89920508D50120897A00F064FA63
S3150800ACD0BDE80840074804F0DBBC0846BDE8084064
S3150800ACE0FFF778BF01228A733120BDE8084004F0D7
S3150800ACF035BD00BFF9AC00082DE9F04F53280C46C6
S3150800AD0085B006D055287ED005B0BDE8F04FFFF7D0
S3150800AD10B3BF00F0C3FA83688046DD0771D54321C7
S3150800AD200DF10F0204F036F943780646252B68D84C
S3150800AD30057805F00F05032D01D0052D61D1206991
S3150800AD401BF0DCFB22890146C2F3400230461BF0A9
S3150800AD50F2FB002855D1B34627891BF802AB19F038
S3150800AD6003FB07F4C07980F00103B9F10002CAF3C6
S3150800AD70801A594618BF01225046DBB21BF0D6FC92
S3150800AD80014690B3032D1DD121893046C1F38001B8
S3150800AD901BF0E8FB032841D0052832D100254046A0
S3150800ADA0A57300F0B9FA40461BF0DBFA00F0D8FBB1
S3150800ADB0254804F06DFC3120A57305B0BDE8F04FB9
S3150800ADC004F0CCBC052D1CD1218904F1180301938C
S3150800ADD0C1F380130093C1F30012C1F34003304658
S3150800ADE0C1F3C0011BF0C7FBD4E719F0C3FA40B999
S3150800ADF0B9F1000FC6D0FF43032DBFB209D13906FA
S3150800AE00C2D400F0ADFB204605B0BDE8F04FFFF711
S3150800AE10E1BE052DF5D1FA05F3D5D5E70B4804F0C3
S3150800AE2037FCA17A002000F0A1F960691BF06BFBE2
S3150800AE3023899B0605D5404605B0BDE8F04F1BF0B3
S3150800AE4090BA05B0BDE8F08F2943020837430208D7
S3150800AE500120014904F00ABC2943020821281FB52C
S3150800AE600C4634D11C4804F013FC04F1100000F021
S3150800AE705DFC94F825001BF0CAF994F82030626846
S3150800AE8013F0010394F8221012D00023CDE90233FF
S3150800AE90A368684613440193012300928DF80A308B
S3150800AEA08DF80B108DF80C3000F098F904B010BD31
S3150800AEB0CDE901330223684600928DF805108DF816
S3150800AEC0063019F077FC204619F076FAEEE704B05A
S3150800AED0BDE8104019F053BAEB44020803200149B3
S3150800AEE004F0C4BB5DAE0008074B586940F20D1369
S3150800AEF038B9002BC1BF45224433B3FBF2F0C0B2C8
S3150800AF0070470068453BF3E7684D00202DE9F0419E
S3150800AF104FF0000882B0CDF80480F8B10546154F09
S3150800AF2001AC09E023601B687B612368C3F80080D5
S3150800AF302668002D344611DD7B69453D002BF1D18D
S3150800AF40012019F046F8064620600028F1D101A82C
S3150800AF5018F074FE304602B0BDE8F081102000F00B
S3150800AF6083FD019E3046737943F00103737102B085
S3150800AF70BDE8F081684D002037B5174D0446EB69EA
S3150800AF8093F87D2012B9002003B030BD01281AD0ED
S3150800AF9002280CBF022201228DF8042001228DF816
S3150800AFA005209A6F286922F044029A6701A921F0C0
S3150800AFB09DFA0028E8D1012C07D1EA69936F43F07E
S3150800AFC040039367DFE70422E6E7022CDBD1EA6950
S3150800AFD0936F43F00403F4E7684D002037B5184D26
S3150800AFE00446EA6992F87D3013B9002003B030BDF3
S3150800AFF001281CD002280CBF022301238DF8043037
S3150800B00001238DF80530936F286923F4805323F0C4
S3150800B0100203936701A921F07FFA0028E6D1012CE3
S3150800B02007D1EA69936F43F002039367DDE70423C8
S3150800B030E4E7022CD9D1EA69936F43F48053F4E725
S3150800B040684D00200422F0B51D4E0546F36985B00B
S3150800B05083F87C20407919F09BFB2C79074694B13C
S3150800B060A879FFF789FF044638BB01466A790120AB
S3150800B07019F06BFB3B4622467179306905B0BDE88D
S3150800B080F04021F0CAB92B6868790394029319F045
S3150800B0907FFB009022467179306902AB21F0BFF937
S3150800B0A0044650B9A879FFF767FF044628B902464F
S3150800B0B001216B79286819F049FB204605B0F0BDD7
S3150800B0C0684D0020014B186921F01BBB684D002014
S3150800B0D0014B186921F017BB684D00200C4B10B5C1
S3150800B0E05A690023591C82B94522DBB25343418B66
S3150800B0F0028B0A440A3293422CBF0124002402D24E
S3150800B100102000F0B1FC204610BD0B461268E9E796
S3150800B110684D002008B504F0B9FD024B1030D8611F
S3150800B12008BD00BF684D002038B50446094DFFF735
S3150800B130F1FFEB692A689A6754B1A08803F006FF05
S3150800B14003F020FF0122EB69002083F87C2038BD3C
S3150800B1500120F5E7684D0020034BDA69936F43F445
S3150800B16080339367704700BF684D0020042238B5C6
S3150800B170084B0D46DB6983F87C20FFF7FDFE044685
S3150800B18008B100F07DFC2A460021012019F0DDFAFD
S3150800B190204638BD684D0020022238B5094B0D46B9
S3150800B1A0DB6983F87C20FFF719FF044608B100F035
S3150800B1B067FC2A460021012019F0C7FA19F0E4FABB
S3150800B1C0204638BD684D0020034A136823F400431F
S3150800B1D0136000F0FDBD00BF684D00207FB52E4D01
S3150800B1E00446EE69102296F87C300021022B14BF23
S3150800B1F002230823684686F87C3018F049FA237A31
S3150800B20003B301238DF8043063680293A37A53B11C
S3150800B21096F87D0003F084FE029B0288134402938D
S3150800B22001238DF80D30637A207B8DF80E30FFF7F9
S3150800B230D5FE50B1EA69936F23F48033936700F023
S3150800B2401FFC20E023680093DEE7E07A19F0A0FAF5
S3150800B2506A4603466979286921F0E3F80028E9D1A6
S3150800B260EB69227AB3F87A10E37A01F0010162B148
S3150800B2701A46012019F069FA19F086FAEA69936FF5
S3150800B28023F48033936704B070BD0A462068012111
S3150800B29019F05CFAF0E700BF684D00202DE9F0438D
S3150800B2A01C4A87B0D56995F86C3003EBC3004FEAA2
S3150800B2B0800855F8087005EB80061FB1304607B0C0
S3150800B2C0BDE8F08311791069717301AA0321B7608B
S3150800B2D0B77321F07FF9DDE9031245F80800304617
S3150800B2E008F11003E9501D446A60BDF80630BDF840
S3150800B2F00820B7839B1A32839DF804207383072A94
S3150800B30008BFB368376204BF43F00103B36007B0F0
S3150800B310BDE8F083684D002083689B0700D5704719
S3150800B32030B5154D87B0044601686A46286921F08C
S3150800B33053F950B9238B628B694613440333286942
S3150800B340ADF8043021F04AF908B107B030BD009BCA
S3150800B3509DF90E00636000F033FD2073EB699DF8DC
S3150800B360111093F87D0003F0CFFDA368A07343F096
S3150800B3700203A36007B030BD684D00202DE9F04FE9
S3150800B3804FF6FF741F46A142038B458B08BF818B7E
S3150800B3901D4418BF8183A942064683B059DA4FF681
S3150800B3A0FF708242A5EB010502D09542A8BF15465B
S3150800B3B08B42ADB20BD84FF00008A8452AD34546B4
S3150800B3C02846B38B2B44B38303B0BDE8F08FA3EBB9
S3150800B3D00108A845A8BFA84632691FFA88F802EBF3
S3150800B3E0010BB8F1000F62D0002F5ED0B946C246F5
S3150800B3F05246452A594628BF4522484618F0FAFBC0
S3150800B40083B2AAEB0304A4B283443CBB318B0B463C
S3150800B410A845D4D2C91A7369A5EB080913FA81F4A9
S3150800B4201FFA89F9002FCAD04A46452A214628BF5D
S3150800B4304522384618F0DEFB1FFA80F8A9EB080308
S3150800B4409BB20444002BBBD03A68CAB1174699464A
S3150800B450EAE70025284603B0BDE8F08FD9F80020B2
S3150800B46012B19146A246C3E799F80400019318F071
S3150800B470B0FD019BC9F8000060B18146A246B7E756
S3150800B4803879019318F0A5FD386040B1019B07464D
S3150800B4909946C9E7A3EB0A0343449DB290E7A8EB94
S3150800B4A00908A8441FFA88F58AE73D4688E7194639
S3150800B4B00B46ADE7F8B5124FFC6994F86D6006EBDC
S3150800B4C0C60104EB810119F07EF9054623F026F83A
S3150800B4D0242202FB06440026F969266291F86D309B
S3150800B4E05A438E5003220133B3FBF2F202EB4202B7
S3150800B4F09B1A81F86D3023F00CF82846F8BD00BF7A
S3150800B500684D0020044BD96991F86C3003EBC303EE
S3150800B51001EB830119F057B9684D002010B5094CA5
S3150800B520E369986F10F400700AD0206921F06EF86C
S3150800B53030B90121206921F067F880F00100C0B216
S3150800B54010BD00BF684D0020044BDA69926F920562
S3150800B55003D50021186921F057B87047684D0020B7
S3150800B56010B5154CE36993F87C30012B08D00022FE
S3150800B5701146104619F0E9F80122E36983F87C20A0
S3150800B58000220321206920F043FF002201212069BF
S3150800B59021F026F8FFF7D8FF002019F0FDF819F07A
S3150800B5A0FDF8002019F0FBF8E269936F23F4847321
S3150800B5B043F4C043936710BD684D002010B522F0D0
S3150800B5C0ADFF0446FFF7CCFF074B5620DA69B2F801
S3150800B5D074300133A2F8743004F00CF92046BDE843
S3150800B5E0104022F096BF00BF684D0020F8B51C4DEC
S3150800B5F0EA69936F1C0704D523F008039367FFF7DE
S3150800B600DDFFEB699B6FD8060FD522F087FF06464C
S3150800B610FFF76AFC0446134F24B1012018F0D9FC41
S3150800B6200146B0B9304622F074FFEA69936F99066D
S3150800B63015D523F02003936704F03AFB78B122F07E
S3150800B6406DFF0446FFF7BAFF2046BDE8F84022F032
S3150800B65060BF3846013C18F0E9FBE4B2DCE7F8BD08
S3150800B660684D00207C4D002008B5FFF779FF00F0F3
S3150800B670AFFB034A136823F40043136008BD00BFF9
S3150800B680684D0020014B186920F0D0BF684D002096
S3150800B690002210B5094C1046114619F056F82069D3
S3150800B6A00DF092F819F077F804F1140018F0C6FABC
S3150800B6B0E269936F23F01003936710BD684D00206D
S3150800B6C0024B1868C0F38020704700BF684D002001
S3150800B6D038B5154C0546E36993F87D3083420ED09C
S3150800B6E0431E042B08D8DFE803F0030B0F141600DB
S3150800B6F020690DF0ABFC10B9E36983F87D5038BDBD
S3150800B700206919F04EF8F6E70021206919F04BF880
S3150800B710F1E70221F9E7FFF7D3FF0028ECD020690B
S3150800B72019F043F8E7E700BF684D00207FB50446E7
S3150800B730114E407A0025307118F0E8FF7071207AB2
S3150800B740FFF7C6FF6368694600932368306901936B
S3150800B750637A8DF80A50ADF80830ADF80C5021F030
S3150800B76024F82A462946284619F00DF8206819F0C3
S3150800B77014F804B070BD00BF684D002038B50B4CF6
S3150800B78005462368206923F48063236020F0BDFF03
S3150800B79038B10DB9002038BD236843F480632360AF
S3150800B7A0F8E7002DF6D00C20F5E700BF684D00201D
S3150800B7B0F0B53E4C0746216889B011F001016BD1FE
S3150800B7C02022204617F064FF394820F035FE064649
S3150800B7D010B1102009B0F0BD364D374B01A82B60CB
S3150800B7E004F058FA029B2846AB82019B2B62334B26
S3150800B7F01B886B82324B1B68EB61324B1B882B8292
S3150800B800314B1B68AB6118F0C2FF20464FF0FF337F
S3150800B8103246294640F8103F0CF07AFF0028D8D166
S3150800B820BB68DB023AD4012000F0DEFA0028D0D14A
S3150800B83002224FF0FF31206920F09DFE0028C8D172
S3150800B8400120FFF79BFF206920F084FF0028C0D164
S3150800B8503C2394220393CDE90132962328220590AE
S3150800B86001A92069CDE9062304930DF05BF80028A9
S3150800B870AFD1012120690CF0B1FF0028A9D1134AE4
S3150800B8801349206918F063FF00F02AFA0028A0D1AE
S3150800B890236843F00103236000209BE70D492069D4
S3150800B8A00CF074FF0028BED093E700BF684D002057
S3150800B8B0690345ECFC490120A9BA000810080308E9
S3150800B8C01408030812080308180803080947020899
S3150800B8D037470208DA03030870B505460E461446CC
S3150800B8E00AB118F052FF0448234632462946BDE8F5
S3150800B8F07040006920F06CBE684D00202DE9F041CB
S3150800B90005460E46FFF7CAFC2F680446C7B9638B7F
S3150800B910008B18440A30FFF7F9FA03462860C0B1CD
S3150800B92082790C321344A2681A71618B228BDF71FB
S3150800B9300A441A81084A0A2112799A7118F04EF9AE
S3150800B94020462B68B2B24FF6FF71BDE8F041FFF70B
S3150800B95015BDBDE8F08100BF684D002070B50546ED
S3150800B9600D4BDC6994F86C6006EBC60004EB8000AE
S3150800B970FFF7D2FCAA790C32AB18197941F002010B
S3150800B9801971242101FB06446168A950227B5A716A
S3150800B990A27BDA7170BD00BF684D002038B501F092
S3150800B9A023FBC8B1847DC4B92A4DEB6993F87C2082
S3150800B9B0022A10D1B3F8702053200132A3F8702060
S3150800B9C003F018FF012018F0EAFE2421EA6992F82C
S3150800B9D06C304B43D45038BDFF24204603F04EFE4E
S3150800B9E0002832D01B4CE36993F87C20022AF2D156
S3150800B9F0B3F8702053200132A3F8702003F0FAFE42
S3150800BA00012018F0CCFE23681D0407D5E36993F8D6
S3150800BA107C30012B02D0522003F0ECFE2422E1698F
S3150800BA2091F86C305A4388188068C0F38004400740
S3150800BA3041BF03220133B3FBF2F202EB420246BFD7
S3150800BA409B1A81F86C308C50C5E73220BDE8384027
S3150800BA5003F0D0BE684D0020024BDB6993F87D00E9
S3150800BA60704700BF684D0020044BDA69936F0343A3
S3150800BA7093674FF000600CF03BBC00BF684D002098
S3150800BA8038B5054622F041FD0446064B0820DB6919
S3150800BA9083F87E50FFF7E8FF2046BDE8384022F0DD
S3150800BAA02FBD00BF684D0020F8B515461C46064652
S3150800BAB01946104618F06EFE2A462346304618F0F8
S3150800BAC0C8FE414FD7E9022300EA020401EA03054A
S3150800BAD054EA050339D0A4F108032B4327D0A4F56B
S3150800BAE08043083B2B4331D0A4F10C032B431BD0D6
S3150800BAF0231F2B4346D0354B23402BB124F001138B
S3150800BB0023F4A0432B434DD004F17F432B433CD071
S3150800BB10610129D5FB69996FCA0525D521F480717C
S3150800BB2093F87C20996707E0002018F038FEFFF7A5
S3150800BB3035FFFB6993F87C20082A04BF022283F8A4
S3150800BB407C202046294618F003FEF8BDFFF726FF9D
S3150800BB50FB6993F87C20022AEED140F60201986F21
S3150800BB60814318BF012229E022F0CFFC6422064651
S3150800BB70FB69082083F87E20FFF776FF304622F01F
S3150800BB80BFFCD6E718F00CFED3E7FA695120B2F8E5
S3150800BB906E300133A2F86E3003F02CFE012018F047
S3150800BBA0FEFDC6E7FB6993F87C20012AC9D040F65A
S3150800BBB00202996F8A4314BF01220222552083F894
S3150800BBC07C2003F017FEB4E7684D00200150010001
S3150800BBD030B50C460021054685B009480091006934
S3150800BBE003AB0DF10E02F8F767FD15B1BDF80E307F
S3150800BBF02B8014B1BDF80C30238005B030BD00BFD2
S3150800BC00684D002013B504460DF106010020FFF724
S3150800BC10DFFFBDF90600074BC828A8BFC820A04209
S3150800BC20A8BF2046B3F904209042B8BF10465880F2
S3150800BC3002B010BD5656012070B586B0ADF80C207E
S3150800BC40ADF80E304FF0C8124FF08213ADF8080069
S3150800BC50ADF80A1000200DF10601CDE90423FFF71F
S3150800BC60B7FF02A804220346BDF9066004ACB0F982
S3150800BC70001034F9025BB142A8BF3146A942A8BFF9
S3150800BC802946013A12F0FF0220F8021BEFD103CB36
S3150800BC90034AC2F80600C2F80A1006B070BD00BF13
S3150800BCA05656012013B5044600210DF10600FFF78C
S3150800BCB08FFFBDF90600084A084B9042B8BF1046E8
S3150800BCC0A042B8BF2046B3F902209042A8BF10464A
S3150800BCD0988002B010BD00BFD4FEFFFF5656012063
S3150800BCE00F4B10B50021186915F04EFD002447F6D4
S3150800BCF0FF730C49881C0C604C608C6021F8023C70
S3150800BD00FFF766FFC820FFF77DFF0748FFF7CAFF62
S3150800BD10642318461A461946FFF78EFF204610BDBB
S3150800BD20684D002058560120D4FEFFFF084B10B579
S3150800BD30B3F9024030B903EB4103B3F904309C422E
S3150800BD40A8BF1C46A242A8BF2246104610BD00BF87
S3150800BD50565601200346044AB2F904001BB1034BA8
S3150800BD601B8BC01A00B2704756560120684D00203A
S3150800BD70C82838B50EDC084B084D1A8B801AB5F959
S3150800BD80002004B2A24205D0214618690CF074FFBF
S3150800BD9000B92C8038BD00BF684D002056560120DA
S3150800BDA08BB200294FF00A01B4BF053B05331BB21D
S3150800BDB093FBF1F3014A108353837047684D0020C3
S3150800BDC0024B5B8BC01A40B2704700BF684D00201B
S3150800BDD00022044BDB691A605A629A64A3F86C2045
S3150800BDE0704700BF684D002007B50A490A4AD1E9DD
S3150800BDF00203024343F02003C1E90223CDE90023ED
S3150800BE004FF0FF324FF0FF33086920F087FB03B08D
S3150800BE105DF804FB684D00200DD50155014B1870DF
S3150800BE20704700BFC9600120064A08B59268824279
S3150800BE3007D0427922F0030242F0030242710CF065
S3150800BE40B1FA08BD204A012010B5064C204617F065
S3150800BE50F5FE201D17F0F2FE04F10800BDE81040BB
S3150800BE6017F0ECBE204A012010B5022018F0B1F8F0
S3150800BE70034C6060022018F0ACF8A06010BD00BF4B
S3150800BE80204A012008B5FFF7DFFF0022024BDA60DF
S3150800BE90BDE80840FFF7E8BF204A0120014B586873
S3150800BEA0704700BF204A0120014B9868704700BFC1
S3150800BEB0204A012038B5104DEB681BB1EB6898474E
S3150800BEC00023EB602B688BB10B4817F0D5FE0446B0
S3150800BED060B12B681BB14FF000400CF009FA204600
S3150800BEE018F0DFFC18B1204618F0DDFC38BD2046F6
S3150800BEF01BF00BF9FAE700BF204A012010B5084CE1
S3150800BF00E0604FF000400CF0F3F900BF00BF00BF3F
S3150800BF1000BFE3681BB1E36898470023E36010BDE0
S3150800BF20204A012038B58379044603445B7B13F025
S3150800BF30300F437923F0030308BF43F0010343712D
S3150800BF4022F0ECFA05462146054817F065FF4FF042
S3150800BF5000400CF0CDF92846BDE8384022F0D9BAA1
S3150800BF60204A01202DE9F041244E00217468FE2064
S3150800BF70A57901F03FFA074600F054FA50B141F2AC
S3150800BF800C00C2B20023B06842F20501BDE8F041D8
S3150800BF9018F0BCBC00F086FA0028F0D10C352C4409
S3150800BFA0237AE51C9B09022BE9D0012B18D9237AA1
S3150800BFB0A11C03F03F02073443F0C00311F8010F38
S3150800BFC08C4242EA000203EA0003F7D1002AD6D0DF
S3150800BFD0FF2BD4D057B928461AF0F6F90020D0E737
S3150800BFE029461AF004FA0028E1D0C8E72946384657
S3150800BFF019F042FA0028EED0C3E700BF204A012014
S3150800C000F0B5184E85B07568AB790C331D4403F04E
S3150800C0104DFDB5F80920B5F807108A421FD8032A3E
S3150800C0201DD903291BD96F79CFB1C04360F005002C
S3150800C03010EA070413D1EB78A879CDE901742C79B5
S3150800C040009400F0A7F900280CBF0C22002242F247
S3150800C0504101B06805B0BDE8F04018F0A8BC11224F
S3150800C060F5E700BF204A012010B50D4C62689379A8
S3150800C0700C331A441179D078003918BF01210038D9
S3150800C080B2F8073018BF0120B2F8052000F0B0FC5E
S3150800C09042F242010246A068BDE8104018F087BC8B
S3150800C0A0204A012010B5084C6068837918440F307F
S3150800C0B01AF06EF90023A0681A46BDE810404FF63C
S3150800C0C0284118F023BC00BF204A0120F8B50746CE
S3150800C0D00D4616461C4623B9012017F07AFF04467A
S3150800C0E0C8B106220C21204618F032FC691EC9B2D6
S3150800C0F0032988BF0022A37998BF074A03F10C03D6
S3150800C10098BF525C234420469F80DE70DA719A718C
S3150800C110FFF78AFE0120F8BDDD030308F8B5FFF72F
S3150800C120BDFE83791844B0F80F60B0B201F0D4FDB3
S3150800C1300446C0B119F0FFFD0138C0B2032814D86F
S3150800C14000270B4B1C5CFFF7AFFE054604233A4657
S3150800C15042F2300118F0DAFBAB790C33E818C680E6
S3150800C16004724472F8BD0227EDE700242746EAE781
S3150800C170DD0303082DE9F0411D46134307460C4627
S3150800C1801646BDF8188006D12046BDE8F0411A4685
S3150800C190194618F083BD414620461BF0BDF878B114
S3150800C1A02146384619F041FB40238674C57421465A
S3150800C1B0069338464346BDE8F041024A1BF0D2B81A
S3150800C1C0BDE8F0817B4D0208F7B50E46054619F025
S3150800C1D0AFFDB3790C3333445F789B781F400378FF
S3150800C1E0C3F3030000EA1310384018F020FD044694
S3150800C1F068B9284618F024FD384018F018FD04469A
S3150800C20028B9284619F097FD02F074FE0446284618
S3150800C210002119F01EFC172130461BF057F830464E
S3150800C22004F062FA31464470847028461BF04CF8D4
S3150800C2300321284619F044FB40220346009229466A
S3150800C2400020024A1BF08EF803B0F0BD2F4D0208FD
S3150800C25008B581B207481AF0C5FB012000F096FD23
S3150800C26030B9054A137D59075CBF43F002031375BD
S3150800C27008BD00BF384A0120304A01200123834007
S3150800C280DB43064901F1240252E8002F1A4001F166
S3150800C290240C4CE800200028F4D17047304A0120CD
S3150800C2A00123074A03FA00F002F1240353E8003F8A
S3150800C2B0034302F1240C4CE800310029F4D17047FD
S3150800C2C0304A0120044A4FF08040536A43F4002361
S3150800C2D053620CF00DB800BF304A012008B5FFF7CD
S3150800C2E0D1F9054A516C50640B1A002BBFBFD36BAA
S3150800C2F05B1A1B18D36308BD304A01204FF0101390
S3150800C30070B51F4C0025A3644FF4E0632046012650
S3150800C310A4F84C301B4B43F6FF71E3651A4B656274
S3150800C32040F8583F84F8606018F096FA03F0BEFBB0
S3150800C3304FF48073A4F85230144B84F85600A36166
S3150800C340134BA4F84E601A6884F85150A4F8B860E4
S3150800C35084F8B55025751378527829461344334125
S3150800C36004F108006375A4F8C050A4F8B6501AF092
S3150800C37039FB294604F19400BDE870401AF032BB37
S3150800C380304A012055555500D6BE898E3F4F0208C2
S3150800C3904C4C01202DE9F843214C9946636A0F4617
S3150800C3A0DB0715469DF824609DF8288035D468B3C8
S3150800C3B00120FFF775FF626A9DF8203022F4C072EB
S3150800C3C042EAC312052E626284F8546007D1FFF769
S3150800C3D077F948B96D00ADB2BD4228BF3D4694F81D
S3150800C3E0540018F0A2FD0646636A84F86060A4F853
S3150800C3F04870A4F84A5084F84C90B8F1000F09D058
S3150800C40043F4801301206362BDE8F8830120FFF737
S3150800C41035FFD0E723F48013F4E70020F4E700BFE4
S3150800C420304A0120024B586AC0F38000704700BFAB
S3150800C430304A012010B51A4CFFF7F4FF636A13F06F
S3150800C440010313D1A8B994F8613094F84D10253B2F
S3150800C450DBB20133DBB2032B28BF002341FA03F218
S3150800C460D207F6D5253384F8613014E094F85430B1
S3150800C47010B194F85520134303F00503052BE2D1B8
S3150800C480FFF71EF90028DED194F86030012B03D19E
S3150800C490032384F8603010BD012384F86030D2E7A6
S3150800C4A0304A0120024B586A00F00100704700BF6D
S3150800C4B0304A012040F271232DE9F0413D4C0E46E9
S3150800C4C0E36018B1237D43F00803237540F2712514
S3150800C4D0FFF7D8F8B4F84870216C7D436A18121A29
S3150800C4E0A2F59673A7B1AB4212DD8D4210D86FF450
S3150800C4F096731A44B2FBF5F2B1FBF5F39A4228BFDC
S3150800C5001A4605FB1211A5F596731B1A21640B44EE
S3150800C51040F27120D4E9021CB4F84A20E76BA2F174
S3150800C52004084243974200FB08F814D21CFA81F12A
S3150800C5307EB199420FDA217DD21B41F0080121759F
S3150800C5409A42D4BF226123611A48BDE8F04118F027
S3150800C5508CBD4745EDD3237DA2F5E17223F0080390
S3150800C56023752261FFF766FF236C47451D444FF08C
S3150800C5700003114A65602564E3630BD2FFF752FF97
S3150800C5801368A8B1DA79197B637D5B1A93420BDAD3
S3150800C5906275D9E7FFF746FF136838B19A791B7BAE
S3150800C5A0617D0B449342F3DC6375CDE71A78F6E7B1
S3150800C5B05A78E8E7304A01204C4C012038B5054640
S3150800C5C00D4C80B10320FFF759FE002384F8513043
S3150800C5D00123A4F84E300420FFF750FEBDE838408A
S3150800C5E01020FFF74BBE0520FFF748FE012384F80D
S3150800C5F0B550A4F8B830EEE7304A0120284A70B59D
S3150800C600536A0D4629B31C0749D502F1510602F1B2
S3150800C6104E0448B3DA0623D52388012B20D95B08B4
S3150800C62004202380FFF72AFE1020FFF727FE238821
S3150800C6300BB90123238018F067F82388B0FBF3F2BF
S3150800C64002FB1300307045B30320BDE87040FFF7C6
S3150800C65015BE990623D502F1B50602F1B804D8E746
S3150800C6600420FFF71DFEDFE7DB0312D52388B2F8A7
S3150800C670521099420DD95B009BB22380B2F8522022
S3150800C6801020934228BF13462380FFF7F7FD0420A6
S3150800C690CBE71020FFF704FEF9E70520D5E770BDC4
S3150800C6A0304A012070B58AB005466B46484AAC79CF
S3150800C6B010685168127A03C30C3408201A702C4487
S3150800C6C003F066F920B101222846A11D17F092FA57
S3150800C6D00021A379CDF821108DF80F30A37AADF893
S3150800C6E0251003F00F0303F128026A4412F8282CD8
S3150800C6F08DF82010ADF81020062B08D8DFE803F0D7
S3150800C700044F07075F074B000D20FFF7C9FDA37A03
S3150800C7100DF11301C3F380138DF81230E3680DF1A0
S3150800C7201200CDF81330238A09AEADF8173000236E
S3150800C7301A4617F00CFEE3791C218DF819304FF4D0
S3150800C7407F43ADF81A307F238DF81C30637928466D
S3150800C7508DF81D300023ADF81E30AB7903AC1233CB
S3150800C760AB7117F0B2FAAB792B440C33224603CAE5
S3150800C770B24218605960144603F10803F6D11068EE
S3150800C78029461860134817F047FB4FF080400BF016
S3150800C790AFFD0AB070BD0D20FFF770FDB7E7D4F8FE
S3150800C7A01230CDF82130E38AADF82530EB79063B17
S3150800C7B0EB71A37AC3F3C0138DF82030A7E7064BB5
S3150800C7C05B6A9B0444BF42F00102ADF810209EE765
S3150800C7D0E1030308504A0120304A012070B58379E5
S3150800C7E00C33C4182379DA0702D44FF0FF3070BD32
S3150800C7F0A37AE27A03F00F05082DF6D8062D01D99B
S3150800C8002846F4E7911F1F29EFD8012D1FD10C2ABE
S3150800C810EBD1244E736A13F0060F01D1DB05EFD472
S3150800C82017F0A2FD20B917F096FD0028E8D1DCE73D
S3150800C830A37A96F84C20C3F3C010B2EBD31FD4D119
S3150800C84004F1120100F0010019F0D1FDEDE7042D05
S3150800C850D6D11449144A486A0240002AC5D0096B41
S3150800C8600029CDD08A79C3F380130C3288188A5CE4
S3150800C870B3EBD21F08D017F077FD0028C0D117F008
S3150800C88061FD0028BCDBB0E704F10C010622083084
S3150800C89016F0D4FE044617F067FD0028B0D1002C28
S3150800C8A0AED0ECE7304A012008000400F0B5214C70
S3150800C8B087B0A06A00B3E76ABE7901F021FA0223BD
S3150800C8C0FF210C36BA5DCDE90431BD1995F8233040
S3150800C8D000215B090393AB8BD20902936B8B80B261
S3150800C8E001932B8B009305F108031AF0B3FAA06A9B
S3150800C8F001F0B4FC0023A362E06AFDF725FF0023DC
S3150800C900E362636A23F00402DB07626208D594F8DF
S3150800C9105450052D06D1FEF7D3FE18B184F86050A1
S3150800C92007B0F0BD94F8540018F0FFFA84F86000D8
S3150800C930F6E700BF304A012013B5154C21F0EEFD8D
S3150800C940236A01930023236221F0E3FD019BA3B927
S3150800C950636A1A0406D518F059F8A0B1636A23F475
S3150800C96000436362636A1B0305D5FFF79FFF636A8B
S3150800C97023F40023636202B010BD01A817F07CF906
S3150800C98018F0B8F8E2E74FF080400BF0B1FCE9E7A1
S3150800C990304A012038B50E4D044602F02FFB286BAD
S3150800C9A018B1FDF7D1FE00232B6317F0A6FF09483F
S3150800C9B003F066FCEB6A0BB1FFF784FC044884F0CD
S3150800C9C0010118F05EFBBDE83840034817F036B998
S3150800C9D0304A0120384A0120504A0120034B586A40
S3150800C9E010F0050001D1FFF7D5BF7047304A012086
S3150800C9F070B53B4C1646636A03F0010270B95AB12A
S3150800CA0021F08CFD636A054623F001036362FFF794
S3150800CA10E5FF284621F07DFD002070BD002AFBD1E8
S3150800CA209B0704D5236BBBB10120FFF7C7FD94F81C
S3150800CA304C3003F0FD03012B16D021F06FFD05469F
S3150800CA40C6B10E20FFF72CFCFEF71CFE42F210734F
S3150800CA5003FB0600606310E0022017F0BAFA2063B1
S3150800CA600028E1D10720D8E719F0DAFC0028E4D13C
S3150800CA701220D2E70E20FFF701FC0020FFF710FC7A
S3150800CA80636A13F00403C4D140F27122E363B4F875
S3150800CA904A30E260023B5343236117F035FE032315
S3150800CAA0B0FBF3F303EB4303C31A253384F8613071
S3150800CAB0FFF7C0FCFEF7E6FD60602064B4F8C0002E
S3150800CAC0002808BFF520FFF7C3FB064B04481A6881
S3150800CAD01378527813445B10637518F0C6FA98E712
S3150800CAE0304A01204C4C012038B51B4C0546237DA5
S3150800CAF023F00803237502F081FAB4F8C0302BB985
S3150800CB00A36813F4601F08BFA4F8C03000211248B8
S3150800CB1018F0B7FA114BA361636A5A0406D485F074
S3150800CB2001000021BDE83840FFF7C4BC626B6168AC
S3150800CB30521A002AF3DA23F0010343F4004363622E
S3150800CB40FFF74CFF4FF080400BF0D2FBFFF76AFC73
S3150800CB500028E4D138BD00BF304A01203F4F020803
S3150800CB6008B5FFF75FFCB0B10B4B586A20F004021A
S3150800CB7010F001005A6203D1BDE80840FFF70ABF6A
S3150800CB8002F03CFA17F0B9FEFFF79CFBBDE8084037
S3150800CB900020FFF7A9BF08BD304A01202DE9F04F54
S3150800CBA04FF0000B2E4C89B0E66AA36AB779C4E940
S3150800CBB00ABB0C37F51901936B6A9046824689467B
S3150800CBC00393FEF7CDFCF35D05F108073946C3F379
S3150800CBD0C01306A88DF8183017F0CEFBFF238DF882
S3150800CBE01930636A01A8C3F380230E358DF81A300D
S3150800CBF0CDE904578DF808B08DF81BA08DF81C9068
S3150800CC008DF81D8001F098FB3046FDF79DFD636A9F
S3150800CC1023F02402DB07626205D40120FFF7BAFE7F
S3150800CC2009B0BDE8F08F0F4B94F854501A68052DDB
S3150800CC301378527813444FEA630363750AD094F85D
S3150800CC40540018F072F90546012084F86050FFF781
S3150800CC504BFFE5E7FEF734FD0028F0D0F4E700BF08
S3150800CC60304A01204C4C012010B5074C2368DA06DF
S3150800CC7007D523F01003236018B90220A16817F01E
S3150800CC8068FD0023A36010BDF44A0120F8B500230F
S3150800CC900360037D04469D070CD550F8081FC90C90
S3150800CCA001F4FC7141F0050103F098FA237D23F0A5
S3150800CCB002032375A06818F0ABF9237D054618070B
S3150800CCC003D5FEF7DFFC28446060194F62683E46CC
S3150800CCD056F8041FAD1A79B921603460BB68E3B110
S3150800CCE0607D597D884219D2217D09070FD5BDE897
S3150800CCF0F8400020FFF7B8BF886818F089F94B6834
S3150800CD002B441B1A002BE7DA0E460968E3E7596835
S3150800CD101B690B449B1A002BE9DAF8BDD3E901100D
S3150800CD2018F076F9E3681A44521AC242F5D5DEE7D6
S3150800CD30F44A0120014610B50446032017F009FD00
S3150800CD40054B1B68D90305D4237D5A075CBF43F0FE
S3150800CD500203237510BD00BFF44A0120014BD868B1
S3150800CD60DC387047F44A0120034B10B5DC68FEF73F
S3150800CD7089FCDC3C201A10BDF44A01201822002147
S3150800CD80014816F085BC00BFF44A0120034B1B6816
S3150800CD9013EA004314BF012000207047F44A01201B
S3150800CDA030B5C0B14268B2B1104C25692B469BB963
S3150800CDB045B1AB68CB1A41BF5B42B3FBF2F303FB49
S3150800CDC0022289180A4A816013684BB90360106009
S3150800CDD0237D0133237530BD8342FCD01B68E6E70B
S3150800CDE09D686D1A002DF1DA1A46EDE7F44A01201E
S3150800CDF0044B012040B1436833B1084B1A7D013A10
S3150800CE001A7553F8102F02B970479042116801D16C
S3150800CE101960704713460A46F5E700BFF44A012031
S3150800CE2038B50446084D0846AB68A34201D1FFF75A
S3150800CE301BFF6B68054A1BB1A342196801D1116033
S3150800CE4038BD1A460B46F6E7F44A0120F84A01208F
S3150800CE502DE9F3475E4D2B685A0700F18680AB68CB
S3150800CE60002B40F0828055E8003F43F0040345E874
S3150800CE700032002AF7D16C689CB1FEF703FC01AAC0
S3150800CE8001462046276918F0CBF808B920461EE067
S3150800CE90019B2668FF1AA6B96368DC371F44C5E9F3
S3150800CEA0024755E8003F23F0040345E80032002A0C
S3150800CEB0F7D1AC68002C4CD102B0BDE8F047FEF7BC
S3150800CEC0E7BB304601AA18F0ABF818B93046FFF7A9
S3150800CED031FFD0E7D6E901A018F09AF8337DAAEB1E
S3150800CEE00000DB0705D4019A33699B1AF2689B1A7E
S3150800CEF018446268D3191B1A002B26DD9F4204D9F1
S3150800CF00E368801ADC3383421ED994F8149019F02A
S3150800CF10010F0FD1A06818F07BF82369D6F80C80AA
S3150800CF201A44A2EB0A02E368A2EB0802121ADC33DF
S3150800CF309A420CDC727D637D9A4206D219F0080F7C
S3150800CF40A4D0F768344600E007463668A3E74746A4
S3150800CF50F8E7A36813F4601F0AD121462B6843F04B
S3150800CF6010032B60012017F0F4FB02B0BDE8F08730
S3150800CF7004F10806304603F03FF92B68214643F0D2
S3150800CF8010032B600028EDD1012017F0E2FBA368FF
S3150800CF9013F4601F4FEAD341C3F3C2440ED0013CD9
S3150800CFA0E4B201F4FC713046214303F017F903217A
S3150800CFB0304603F07FF9002CD7D103E00321304631
S3150800CFC003F078F9304602B0BDE8F04703F058B9E7
S3150800CFD0F44A012008B5034B996809B117F0B9FB63
S3150800CFE008BD00BFF44A0120014B9868704700BF8E
S3150800CFF0F44A01200C4B70B59C68844212D1214634
S3150800D000022017F0A6FBD4E9016018F001F80546DE
S3150800D010FEF738FB801BE84221464CBF012003205F
S3150800D02017F097FB70BD00BFF44A0120114B70B58D
S3150800D0309D682E692C681CB96A6864B9B01870BDF9
S3150800D040627D6B7D9A42F7D9204618F036F800289B
S3150800D050F2D12468EFE7A06817F0DAFF6FF0DB0378
S3150800D06061689B1A0B4429691B1A8B42D4BFD018D6
S3150800D0705018E4E7F44A0120542310B504680A4915
S3150800D0800D20B4FBF3F4FDF739FD0023A2B25121BC
S3150800D0901846FDF7D9FC044618B9FDF71FFB2046CC
S3150800D0A010BD1924FBE700BF95AB0008014B1878A3
S3150800D0B0704700BF125B0120437E0F4A1B01DBB29B
S3150800D0C082F82E3382F82F3382F8313382F83033E0
S3150800D0D082F8323382F8333382F8343382F83533C0
S3150800D0E082F8373382F83633037F23B9037E1B0170
S3150800D0F0DBB282F8223C704700E100E037B505460E
S3150800D10002F058FC044698B92846FFF7D5FFAB8AC3
S3150800D1100DF10601ADF80430EB8A01A8ADF806302A
S3150800D12017F0D1FF0122034B1A70204603B030BD19
S3150800D1300224FAE7125B0120902238B50546164B01
S3150800D14000211C682D0202FB0044204616F0A0FAB6
S3150800D150124B45F001051B6804F10800DB78002135
S3150800D1606375E58219F03EFC4FF00823E364132348
S3150800D170A4F850304FF60773A4F85830FF23084A2E
S3150800D18084F85A30074B2046C4E91B32C4E91F32DB
S3150800D190BDE8384018F029BADC4B01204C4C012078
S3150800D1A055555500D6BE898E2DE9F0411E46836930
S3150800D1B004460F4615468BB169B921F0AFF9054605
S3150800D1C03946A06C17F09CFB2046394618F09FF9A3
S3150800D1D0284621F09EF90020BDE8F0810029FAD002
S3150800D1E0B0F85030DA0640F18380B4F85030DB07E7
S3150800D1F000F18A80204618F0A9F90028ECD1B4F885
S3150800D2005030D90600F18D80D4E90A12204600F084
S3150800D210E1FA012E11D040F27123B4F84C205A439A
S3150800D22090420AD9B4F84E205A4390427BD800F56A
S3150800D2301C70B0FBF3F0A4F84C003C4BE268A36109
S3150800D24022610023B4F8502084F8573012F0100FEA
S3150800D2500CBF4FF48C778C27236A84F8566023F426
S3150800D2608073236207F2631755B140F27121B4F84F
S3150800D2704E2043F48073C2EB05124A43236262626E
S3150800D280236A04F1080843F400632362284B1B68E9
S3150800D290DB78637521F042F9237D064643F00803DF
S3150800D2A040463946237519F09DFB0120FFF76EFDB0
S3150800D2B028B9237D5A075CBF43F002032375A1688A
S3150800D2C04046C1F3C84141F0900102F087FF25B1FD
S3150800D2D0FEF7D8F9636A03446362204617F0C5FE71
S3150800D2E0304621F016F90121A06C17F009FB72E708
S3150800D2F098077FF57AAFE06A16F02CFD00287FF4D0
S3150800D30074AF41F20C0067E7E36B002B7FF472AF52
S3150800D31000F050FFE06300287FF46CAF41F209008B
S3150800D3205AE7044B8AE741F2450055E7B748020831
S3150800D3304C4C012061D8000870B500249026094D90
S3150800D3402B79A34200DC70BD286806FB040090F820
S3150800D3505930FF2B04D000231A461946FFF724FF3D
S3150800D3600134EDE7DC4B012038B50446002839D0F6
S3150800D370083002F085FF0025FF2304F1280084F811
S3150800D3805930A56116F05AFC04F12C0016F056FC2B
S3150800D39004F1300016F052FC04F1340016F04EFC8D
S3150800D3A004F1400016F04AFC104B1868104B201A7E
S3150800D3B000115843C0B217F0DDF90146284617F0A8
S3150800D3C0D4F9E06B10B100F049FFE563606C18B161
S3150800D3D017F063FA00236364A06C17F096FA00202E
S3150800D3E0A06438BD41F24200FBE700BFDC4B0120D8
S3150800D3F0398EE338F0B5104B02461E6893F804C020
S3150800D40035464FF0FF3400239C4508DC91B1631C78
S3150800D41010D0902303FB046080F85920F0BD95F8DE
S3150800D420597028469742F9D0FF2F08BF1C469035F9
S3150800D4300133E9E70020F1E7DC4B012070B5002451
S3150800D4409026064D2B79A34201DC002070BD286882
S3150800D45006FB0400FFF788FF0134F3E7DC4B0120E5
S3150800D46038B50A4DFFF7EAFFAB6813B100221A6018
S3150800D470DA8019F0BDFA00242B79A34200DC38BD06
S3150800D4802046FFF759FE0134F6E700BFDC4B0120C2
S3150800D490F8B5054600249027074E3279E3B29A423A
S3150800D4A001D80020F8BD3068297807FB030017F07B
S3150800D4B0FCFF0134F1E700BFDC4B012070B5344CAA
S3150800D4C00546A06818B1FDF73FF90023A360E06898
S3150800D4D018B1FDF739F90023E360FFF7C1FF002013
S3150800D4E017F04CF955B90320257125606583FDF7BA
S3150800D4F0EFFA207917F042F928B970BD022016F024
S3150800D50068FDA06088B90025A068257125600028F7
S3150800D51039D1E06818B1FDF717F90023E360002058
S3150800D52017F02CF941F20700E7E7022016F051FD43
S3150800D530E0600028E7D00026032025712660668370
S3150800D540FDF7C6FAB542D4DD05EBC5010901334638
S3150800D5500122032089B2FDF777FA06460028D2D1C0
S3150800D5600320FDF7D7FA20600028CCD09022314658
S3150800D5706A4316F08DF82379B342BADD3046FFF7D1
S3150800D580DBFD0136F7E7FDF7DFF8A560C1E700BF69
S3150800D590DC4B01202DE9F0410025354E8AB0337960
S3150800D5A0AB4203DC01200AB0BDE8F0819023346861
S3150800D5B003FB054494F85930FF2B0DD0236A9803D2
S3150800D5C006D504F14008404616F0BCFB074628B9C4
S3150800D5D0226A12F4A02F1ED10135E0E7BB7908A90B
S3150800D5E00C333B44D8689A7A1B8AC2F38012ADF88A
S3150800D5F0243000238DF81F2008901A460DF11F00CD
S3150800D60016F0A5FE38469DF81F2094F8591008AB69
S3150800D61017F009FAD7E7B4F8503003F01D031D2BAD
S3150800D62016D13C23FF210020CDE90431CDE90200C3
S3150800D6300121CDE9000004F16203C2F3800219F06A
S3150800D64009FC0028AFD0236A23F4A0232362C3E78A
S3150800D65012F4803F08BF3C214FF0000218BF432157
S3150800D66094F8573094F8590019F097FAE9E700BF8B
S3150800D670DC4B01202DE9F04304468F798BB00C373B
S3150800D6800DF10409CD1901220E460DF10300494694
S3150800D69016F06EFEE36B804603930023E363B4F84B
S3150800D6A05030E879C3F300138DF825302989F759E6
S3150800D6B019F014F8204B07441B6805975B7905F1A8
S3150800D6C018026375012306928DF8103005F10C03D4
S3150800D6D0B8F1000F24D09DF80330CDF81C908DF8D2
S3150800D6E020309DF8252094F859308DF821300123F3
S3150800D6F0DAB98DF8223094F884308DF823306B79B6
S3150800D70003A88DF8243000F017FE0121204617F0F3
S3150800D710FEFE3046FDF718F801200BB0BDE8F08391
S3150800D7200793AB7AC3F38013D9E7AA7AC2F34012F8
S3150800D7308DF82220E1E700BF4C4C0120F7B50446DE
S3150800D74016F0E2FFC0F30F23542B3ED9AA2B34BFA1
S3150800D75001230223C0B27E288CBF022201220321A4
S3150800D7608DF804301344B3FBF1F000EB40001B1AAC
S3150800D7708DF805301344B3FBF1F202EB42029B1A13
S3150800D7808DF80630002318461D461A46104901AF83
S3150800D7904B7617F8016B44FA06FC1CF0010F06D00D
S3150800D7A053009E40012330430132C0B2D2B2013544
S3150800D7B0EDB2032DEDD103B148764B7E43EA8213D1
S3150800D7C04B76FF230B7603B0F0BD0023C2E700BFFC
S3150800D7D0DC4B0120F7B505466B461646174A0C463C
S3150800D7E01068516803C395F8583008336B4413F82A
S3150800D7F0087CB5F85030DA0609D43346224639464D
S3150800D800284617F056F800F5FA7003B0F0BD204622
S3150800D81016F0A0FAB5F8503000F10A049B074FEA53
S3150800D820C40405D0304616F095FA04F50C74044481
S3150800D830E823781E584304FB0700E4E7EB030308D4
S3150800D840064B1B68D97ADA78437D5B1A9342A8BFE0
S3150800D850DAB20021427517F017BF00BF4C4C012001
S3150800D8602DE9F04F03280C4687B000F0668107D8EB
S3150800D870012820D0022800F04E8107B0BDE8F08FBD
S3150800D880312800F04F813228F7D1002305A80593E7
S3150800D890FDF710FE0028F0D105998B790B449B7D86
S3150800D8A003F00F03032B00F06381052BE5D1204617
S3150800D8B0FFF7E0FEE1E7B1F85020B24BD0071D684C
S3150800D8C0C2F340034FEA830348BF43F008032B81A2
S3150800D8D0510742BF2B8943F010032B81236ADA06CE
S3150800D8E042BF2A8942F020022A815F0742BF2A895D
S3150800D8F042F040022A819E0642BF2A8942F08002EF
S3150800D9002A81580642BF2B8943F480732B812B89C1
S3150800D910590701D41A0702D543F400732B81D4F8AA
S3150800D920623004F16201AB61B4F866302046AB831D
S3150800D930039117F077FE18F0E0FD0022DFF84C821D
S3150800D940D8F80830DA80A06A16F004FA0622D8F861
S3150800D95008608246B77903990C37F35D06EB070929
S3150800D96003F04F03F355B4F850305FFA80FB103BD1
S3150800D97089F801200D2B31D8DFE803F0CA30C60735
S3150800D980300C303030303030300CF35D6FF3030339
S3150800D990F35523E00123F25D206A63F30302F2558F
S3150800D9A00C2210F0080F89F8012009F108020CD0A2
S3150800D9B001924FF0FF32C0F3800000921A4616F02B
S3150800D9C0CFFCF35D43F08003E2E7D4F86230C9F890
S3150800D9D008308B889380236A5907F2D4B4F850200C
S3150800D9E0F35D204662F34513F35509F1020118F079
S3150800D9F0E1FEF35D60F38613F355B37999F80120D8
S3150800DA0002331344F371B4F8503003F01403142BA3
S3150800DA1005D0BBF1000F02D0524489F8012000233B
S3150800DA205A46A16AD8F8080016F0D1FBD8F80800BB
S3150800DA3018F068FD2B8928615A0738D54FF0000B76
S3150800DA40D8F80C30A3F806B0E06A16F083F9D8F8CF
S3150800DA500C608146B77920460C37F35D06EB070A5A
S3150800DA6003F0400343F00403F35506230AF10201C9
S3150800DA708AF8013018F09EFEF35D5FFA89F260F3CA
S3150800DA808613F355B1799AF8013002311944F171C8
S3150800DA9009F10603E16A8AF80130D8F80C005B46FA
S3150800DAA016F095FBD8F80C0018F02CFD686140F2CA
S3150800DAB07121B4F84C30B4F84E2094F85800D21AB4
S3150800DAC0E36803F59C53083301FB02332361FFF730
S3150800DAD035FE98F819302B7300236B7394F874305D
S3150800DAE0EB726368B4F978002B60FEF741F92120E0
S3150800DAF0237D1B0742BF2B8943F001032B8107B007
S3150800DB00BDE8F04F01F02ABEF35D62F303033FE779
S3150800DB100222F35DF9E7FFF767FA84427FF4ADAEB8
S3150800DB202220ECE70B7D23F008030B75154B1B68C9
S3150800DB309B7B43B1012B7FF4A0AE204607B0BDE81E
S3150800DB40F04FFFF77DBE104B497D1A68D37A92785D
S3150800DB500B449342D8BFDAB2A3696275002B3FF42F
S3150800DB608CAE0121204607B0BDE8F04F17F08CBDFA
S3150800DB7004F1400016F050F94FF40031204617F032
S3150800DB807CFD7AE6904C01204C4C0120DC4B0120B0
S3150800DB9038B50446D0F8A400D0B194F8305116F040
S3150800DBA085F881B20631284618F098FD83B240F20E
S3150800DBB071200849B4F87C20098C424341438A42C3
S3150800DBC0B8BF0A4603F548709042B8BF104638BD3C
S3150800DBD00346ECE7F84B012030B5174B826A1B6801
S3150800DBE0D206597926D5828F1C79836B1203B2FB2C
S3150800DBF0F3F2631AB2FBF3F2B0F8A03003B1013BBB
S3150800DC00D0F8A45005B15B101B02B3FBF2F35B1806
S3150800DC100CD090F899200F2A08D91209B3EB820F75
S3150800DC20B8BF00234FEA8201A8BF5B1A9C42A8BF6F
S3150800DC301C46E1B2417530BD4C4C012010B5044676
S3150800DC40FFF7D2F9A0420AD1054B1B6893F820309A
S3150800DC5080F83430BDE81040222001F07FBD10BDA9
S3150800DC60904C01202DE9F0411A4C06462368A3B9C9
S3150800DC702EB100254FF4A478EFB2B74211DB00208D
S3150800DC80BDE8F0812068013507FB030016F065FD45
S3150800DC90A27BEBB29A42F5D8EAE700254FF4A477BF
S3150800DCA0F6E72068013508FB070016F054FD002842
S3150800DCB0E2D000254FF4A47605E0206806FB0500AF
S3150800DCC016F04BFD0135EBB2BB42F6D341F2070025
S3150800DCD0D6E700BFF84B0120084B9A7B82420AD947
S3150800DCE04FF4A4721B6802FB0030836A13F0040F1A
S3150800DCF008BF002070470020704700BFF84B01207E
S3150800DD00084A09491368C31AD810002B01FB00F00A
S3150800DD1005DB937B8342D8BF4FF0FF3070474FF047
S3150800DD20FF307047F84B0120199C8FC170B5044627
S3150800DD300E4620F0F3FB054604F1300252E8003F98
S3150800DD40334342E800310029F8D12046FFF7D8FFCF
S3150800DD5001230B4A03FA00F002F11C0353E8003FC3
S3150800DD60034302F11C0444E800310029F4D14FF4BE
S3150800DD7080700AF0BDFA2846BDE8704020F0C9BB9D
S3150800DD80F84B012070B505460C46C2B90126204657
S3150800DD9017F00AFDB5F84010441C284619F08EFB0A
S3150800DDA014FB06F40028A4B207DD844205DB01282B
S3150800DDB00EBF044600F1FF3084B2204670BD836A68
S3150800DDC0DE07E3D5C28F002AE0D0D906DED5DA050C
S3150800DDD0DCD4D0F8A430002BD8D10C4B1B6893F8B0
S3150800DDE0213013F00C0FD1D103F01202122ACDD133
S3150800DDF05B06CBD5FFF784FF80B217F0D7FC002867
S3150800DE00C4D1EE8F0136B6B2C1E700BF904C0120EF
S3150800DE102DE9F04789466A490446CB8A63B9826880
S3150800DE2012F4601F4FEAD24301BFC3F3C40303EBE6
S3150800DE30830302EB8302CA82B9F1000F02D120469E
S3150800DE4017F0F1FCB4F8A050002D40F0A880A36AA2
S3150800DE5013F0100F0CBF3E23082384F87B302046AE
S3150800DE60FFF7BAFEFFF74CFF86B20746304617F0B3
S3150800DE70A5FC8246304617F09FFC30B1304617F0B5
S3150800DE8091FC0021304617F096FC236B580409D5FF
S3150800DE904FF4804104F1300017F047FC002120467A
S3150800DEA0FFF744FFFFB24A4639462046B4F8408099
S3150800DEB0FFF768FFB4F84030A4F880001844A4F8C7
S3150800DEC040005DB1204603F0BDFB204616F046FC37
S3150800DED02046B4F8401019F0A5F90546304617F063
S3150800DEE06DFC504510D0A36AD9070DD44A46394669
S3150800DEF02046A4F84080FFF745FFB4F84030A4F860
S3150800DF0080001844A4F84000B4F84030434502D2D3
S3150800DF10304617F04FFC304617F045FCB4F8803011
S3150800DF20B4F8A02094F87410D21AA4F8A02094F893
S3150800DF30732003FB01222521B2FBF1F001FB10221D
S3150800DF4084F873206DB3A26AD20712D5A26B204655
S3150800DF50534340F2712204F14401534394F842209A
S3150800DF6002F0FCFA606C85082046FFF711FE28448B
S3150800DF70E06040F27125A16B20460139694317F02C
S3150800DF80DDFBA36BB4F8802020465A436368012161
S3150800DF9005FB02336360BDE8F04717F083B8012537
S3150800DFA05DE72046082119F079F920460221FFF796
S3150800DFB0BDFE29462046BDE8F04717F062B800BF07
S3150800DFC0F84B012008B501F071FDFB22104B10F04B
S3150800DFD0020FDA7344F290221A820CBF012203223E
S3150800DFE04107197B48BF42F0040262F30301197323
S3150800DFF01A7BC2F3030161F307121A730322042181
S3150800E0001A76002219755A82DA61DA8208BD00BFCB
S3150800E010F84B01202DE9F843564C0546A06818B17F
S3150800E020FCF792FB0023A360EEB2304616F04AFCDA
S3150800E0308046002839D1304617F0C9FBA8BBFFF740
S3150800E04011FE07460220FCF743FD002D59D005EBCB
S3150800E050850105EBC101C90043460122022089B2A8
S3150800E060FCF7F2FC0746002846D102204FF4A479B3
S3150800E070A673FCF74FFD394609FB05F2206015F03B
S3150800E08007FB2368681EF9B2814209FB01F207F112
S3150800E09001072CDB0021284699506360FFF7E2FD53
S3150800E0A050BB304617F079FB88B30025002016F0E0
S3150800E0B009FC002017F08BFB0020FFF7D3FD022098
S3150800E0C0FCF706FD2846C4E90055A57317F065FB5D
S3150800E0D0284603F0E3F9284617F05BFB284616F0B6
S3150800E0E04BFB0220FCF7F4FC4FF007083FE002F573
S3150800E0F0A47119449950C6E70023C4E90033A373F1
S3150800E100D3E7C4E90055A573002FCAD0CDE730463A
S3150800E11003F0C4F90028C8D1284616F02DFB0028BC
S3150800E120C3D1304617F035FB0028BED1304617F06C
S3150800E13048FB06460028B8D1002D18DD022015F048
S3150800E14048FF0223A060C37183793146C3F10202F6
S3150800E1500C33D2B2184415F09BFA0121A3689A79B8
S3150800E16013441A7B61F301021A73FFF72BFF40462B
S3150800E170BDE8F883F84B0120014B987B704700BF38
S3150800E180F84B012030B50A4B4FF4A4751A689C7BEE
S3150800E190002318462832D9B28C4200D830BD05FB78
S3150800E1A003F151580133890644BF0130C0B2F2E782
S3150800E1B0F84B01202DE9F04120F0B0F9254D06462F
S3150800E1C06C6824B920F0A5F92046BDE8F0814FF423
S3150800E1D0A47723683A4600212046D4F81C806B6051
S3150800E1E015F056FA20233046A362C4F81C8020F0A6
S3150800E1F090F90123237584F83031A3F10113E367FD
S3150800E200EB7BAA8984F842312B8A0021A4F8403195
S3150800E210072384F88930104BA4F84421C4F88C30BD
S3150800E22003F1CE5303F59813C4F8903041F61B3327
S3150800E230A4F894301B2304F1080084F89630A4F857
S3150800E2408A7018F0CFFB2046FFF75AFD80B217F008
S3150800E250A6FAB9E7F84B01204801480170B504460B
S3150800E26017F054FB04F1080002F00AF820F056F9FA
S3150800E2704FF4A472054600212046E66915F008FA0F
S3150800E280064BE66153F8042F2AB928461C60BDE8F8
S3150800E290704020F03EB913461268F5E7F84B0120A6
S3150800E2A02DE9F04106464FF480400F4601F070FB19
S3150800E2B0044630B90E4B1D6893F80E807535A04597
S3150800E2C002D80020BDE8F08155F84D3C5A0709D51B
S3150800E2D0C3F34003BB4205D106222946304615F052
S3150800E2E0ADF918B1013405F5A475E8E70B20E9E79F
S3150800E2F0F84B012010B5044610B9084B198410BD17
S3150800E300A0F87C10A0F87E20FFF742FC2169E060A7
S3150800E3102046BDE8104017F011BA00BFF84B01209F
S3150800E320014BD87319827047F84B0120014BD87BF3
S3150800E330704700BFF84B01202DE9F04FD0E9029550
S3150800E34090F9181087B0027D0291417E0192046807
S3150800E35007790369427D90F816A090F8178000297E
S3150800E36040F0FC80A8F1030101298CBF0226032690
S3150800E3700393B5F808B084F89F202A4652F8101B74
S3150800E380BAF1000018BF0120C4F8281104F14801A9
S3150800E39001F062FE204618F07AFF204617F019FAB7
S3150800E3A018F043FA41460246204616F092FAC82269
S3150800E3B00DF116012046ADF8162017F004FA43F6BB
S3150800E3C0FF7104F5947016F047FAAA88039BA4F81F
S3150800E3D02C21AA7984F82E211A68C4F875209B88FE
S3150800E3E0A4F87930019B1BB1A36A43F00203A36228
S3150800E3F0BAF1000F03D0A36A43F40073A3624FF483
S3150800E400607001F0C5FAC0F3C01AC3054FEA8A1A4C
S3150800E41048BF4AF0800A810548BF4AF4807A20F04E
S3150800E4207DF8A36A43F00403A362E36A43EA0A0396
S3150800E430E36220F06EF894F8343043F0100384F861
S3150800E4403430BB1E012B00F28B80A36A43F4804351
S3150800E450A36201212046FFF769FC0421204618F033
S3150800E4601DFF6B7D2046C3F3040384F874306A8964
S3150800E47007F0FD075200A263697B2A7B42EA012264
S3150800E480E287E97BAA7B42EA0122A2876A7D84F8B1
S3150800E4907330C2F3421284F8422000220523A4F8FE
S3150800E4A040200122A4F8A030A4F88020029917F091
S3150800E4B095F901F0F5FA20F40060C4E90801204650
S3150800E4C0FFF78AFB414BB3F816A0BAF1000F05D146
S3150800E4D0002F40F2C71A18BF4FF4D77A2046FFF725
S3150800E4E00FFC3B4B000240F00300E082C4F80490A6
S3150800E4F0A361002F3AD12046FFF74AFBB8F1010F76
S3150800E500E06005D04146204684F8308117F0A1FA2C
S3150800E51004F108063046514618F064FA0120FEF761
S3150800E52035FC28B9237D5A075CBF43F002032375DF
S3150800E530A1683046C1F3C84141F0880101F04EFE9A
S3150800E54040F271216B892046013B594317F0F6F8D2
S3150800E550204616F08AFD07B0BDE8F08F012607E7CA
S3150800E560012F7FF476AF40F2014173E740F271273D
S3150800E570760006EB4B067E4309EB06036360A36A47
S3150800E58004F1440943F00103A36294F83430494680
S3150800E59043F00103204684F8343018F007FE33466A
S3150800E5A04946204694F8422001F0D8FFEB7901222B
S3150800E5B05B00494620467B4318F0FEFD636C204607
S3150800E5C09E08FFF7E5FA304498E700BFF84B0120AC
S3150800E5D0D1EA000810B4C46A14F0080F11D144F047
S3150800E5E0080423F41053C46223F01003064C1B04DA
S3150800E5F014401B0CC0E9084340215DF8044BFFF7A3
S3150800E60095BB5DF8044B70472FCF87F700232DE99C
S3150800E610F3474E790546B20758BF06F00106084685
S3150800E62048BF0326ADF8043058BF01360C4616F02D
S3150800E63096F8074607F01F03002BEB6A15BF4FF045
S3150800E64001084FF000084FF003094FF002099B0537
S3150800E6500CD59DF80430214666F3010368F345138B
S3150800E6608DF804302846019A18F08BF9204615F0E3
S3150800E67071FB82464946204615F027FB9DF8043073
S3150800E680A27966F3010368F345138DF804308DF813
S3150800E69005A0BDF804300C32A3529DF80430A11829
S3150800E6A09806637948BF8F7043F0010363711FF0C2
S3150800E6B035FF2146074605F1A40015F0ADFB95F890
S3150800E6C04631013385F84631AB6ADA070ED5284656
S3150800E6D0FFF716FB80B217F063F830B34388B5F836
S3150800E6E080209A4202D9284617F028FBFEF77CFCC0
S3150800E6F0854214D10E4B20461E6817F003FF2C36B0
S3150800E7000146304617F099FDAB6ADB0707D4304659
S3150800E71017F08EFD022802D8232001F01FF838468C
S3150800E72002B0BDE8F0471FF0F4BE0123D7E700BFEB
S3150800E730904C01202DE9F04F85B00446019108461A
S3150800E74061B34B799A071AD415F004FB019A60B99C
S3150800E750537901A8DB0742BFA36A43F40063A362A7
S3150800E76015F06CFA05B0BDE8F08FA36A1F0506D54B
S3150800E77023F40063A362537943F001035371019EA6
S3150800E7801FF0CCFE737931469E0705461ED504F167
S3150800E790AC0015F050FB28461FF0BBFEDFF8909141
S3150800E7A01FF0BCFEA36A07465D0614D5D4F8AC3044
S3150800E7B043B19A7913441B7B3A2B03D829FA03F3FE
S3150800E7C0D80711D438461FF0A4FECBE704F1A800F9
S3150800E7D015F022FBDFE794F94631022BF2DCD4E987
S3150800E7E02A2372B9002BEDD004F1AC0015F044FAD7
S3150800E7F0054638461FF08DFE29462046FFF706FFD8
S3150800E800CEE7002BF0D194F89680039304F1A80B79
S3150800E810D4F8A86096F807A0B379AAEB030A5FFABA
S3150800E8208AFAC24527DC584615F08CFA0546A8EB45
S3150800E8300A086B7929466FF3C3036B7103A815F0B1
S3150800E840EBFAD4F8A8302BB15B79990702D1B8F165
S3150800E850000FDDD1039B002BB4D09B79022B40D847
S3150800E860002015F0B6FB014670BB039904F1A80019
S3150800E87015F0E1FAA6E7002015F0ABFB054630B91E
S3150800E880039904F1A80015F0D6FA03959AE780795A
S3150800E890B1790C300C3142463144284414F000FF5B
S3150800E8A0EB7953FA88F3EB71B379727953FA88F3F3
S3150800E8B0B3716B794FF0000862F300036B717379DB
S3150800E8C06FF300037371B4E7039B4A79587960F3D1
S3150800E8D000024A715A7903A86FF300025A7115F0BB
S3150800E8E0A5FAE36A9A0512D5039803460068002834
S3150800E8F0FBD1DB79C3F14503DBB2032B07D815F04F
S3150800E90068FB01460028B0D003A815F085FAD4F8AC
S3150800E910A83013B15B79DB0704D5039A537943F022
S3150800E9200803537138461FF0F4FD039965E700BFE5
S3150800E9307C2C020000232DE9F041174D05F11C023D
S3150800E94052E8006F42E80034002CF7D14FF0010876
S3150800E9506EB9F4B105F11C0353E8003F234305F1F2
S3150800E9601C0242E800300028F4D1BDE8F08196FA8E
S3150800E970A6F0B0FA80F008FA00F726EA0706FFF7CD
S3150800E980ABF90028E4D017F014FA0028E0D13C438C
S3150800E990DEE70120E9E700BFF84B01202DE9F74F34
S3150800E9A004460190002860D0C5794FF000080C3560
S3150800E9B005441FF0B3FD464600904FF4A47A40463E
S3150800E9C02B4FBA7B5FFA88F94A4517D90AFB09FB28
S3150800E9D03A685A44916A4B0744D5B2F89820C2F36C
S3150800E9E00B02002A3ED0E279C2F14502D2B2032ACE
S3150800E9F015D8022015F0EDFA044640B90023009810
S3150800EA007B821FF086FD304603B0BDE8F08F0146D5
S3150800EA1001A815F001FA0020E5790C3525440422F1
S3150800EA200123002112FB003305F82090E9543B68C6
S3150800EA3002FB005C5B44B3F8983001368CF8023070
S3150800EA40032312FB0032A9543B6801305B44B3F838
S3150800EA509820C0B261F30B02A3F89820E379F6B2C6
S3150800EA600433E37108F10108ABE70646CBE700BFBC
S3150800EA70F84B0120F7B5684601F0E2FA00254FF495
S3150800EA80A477124EB37BAB4201DC03B0F0BD346809
S3150800EA9007FB0544A36A03F00503042B13D10522DB
S3150800EAA0694604F1490014F0C9FD60B10121204608
S3150800EAB018F0ACFD38B9012015F08BFA014610B1F3
S3150800EAC0204602F03BF90135DCE700BFF84B012090
S3150800EAD02DE9F04F31280C4685B000F093810AD80D
S3150800EAE0022800F0E380032800F0E680012847D0DA
S3150800EAF005B0BDE8F08F322800F0EE803328F7D154
S3150800EB0001F1A40015F0B8F894F846310390013BDA
S3150800EB1084F84631437903F00A03082B20D1B4F868
S3150800EB20983004205A1C62F30B03A4F8983000F0BE
S3150800EB302FFFA8B12046FFF7E3F880B216F030FEA3
S3150800EB40002800F057814188AB4A937C0B44DBB21E
S3150800EB509374127D9A4203D84FF0806009F0C8FB7F
S3150800EB6003A815F06BF8D4F8A8301BB9D4F8AC3064
S3150800EB70002BBDD04FF480512046FFF7D7F8B7E7F2
S3150800EB8091F8993008466FF3071381F8993016F013
S3150800EB90F1FD84F83101204615F08EFEB4F93401F2
S3150800EBA0FDF7E6F8954B20461D68FFF7A9F885F8A6
S3150800EBB0250094F8343085F82030002385F8213074
S3150800EBC085F82330E26A94F8933002F4C062B2F50D
S3150800EBD0C06F03D10433FF2B28BFFF2385F82430E9
S3150800EBE063684FF400306B60A36ADB0742BF636C4F
S3150800EBF09B08AB6000F0CCFE00284CD0FEF716FA56
S3150800EC00D4F82831E8602B6194F831317A4E6B7666
S3150800EC10D4F82C3105F12C076B6194F830312B763A
S3150800EC20637D85F8223017F068FC384617F0FDFA40
S3150800EC30B06817F067FC0023A8620393D4F8A40011
S3150800EC4003A917F055FD48BB212000F087FDD4F82D
S3150800EC50A83013B9D4F8AC3023B14FF4805120460C
S3150800EC60FFF764F8042000F093FE00283FF440AF55
S3150800EC70B37C002B3FF43CAFF37C327E0133DBB22E
S3150800EC809A42F3743FF634AF4FF0806005B0BDE8A2
S3150800EC90F04F09F02DBBFEF761F8B1E7039817F0BE
S3150800ECA031FC0146384617F0C8FAC7E7084605B0EA
S3150800ECB0BDE8F04FFEF7C2BF91F89930C3F30312CF
S3150800ECC0013262F3071381F899300021204605B016
S3150800ECD0BDE8F04FFFF79CB8002603A80396FCF79B
S3150800ECE0E9FB2046FFF70CF8C0B215F03FFD0546D4
S3150800ECF02046FFF705F8039B29460193B4F84030F0
S3150800ED0082B200930220334615F02CFD03998B79C5
S3150800ED1003F10C050D44AA7A0A3312F0200F14BF2A
S3150800ED200322022213448B71E36A5F050FD5AB7A7F
S3150800ED30EA7A204643EA022217F03CFE38B903A8CD
S3150800ED4014F07CFF3D21204617F011FAD0E6A36A9D
S3150800ED5095F80AB01E0603990BF00302C3F3C01018
S3150800ED6012D5032A8B79EAD10B441A7B3A2AE6D8BC
S3150800ED70234BD340D807E2D54B79204643F002030C
S3150800ED804B7101F0FBFCB3E6032AF5D04B790BF087
S3150800ED90030B60F341034B71084695F8069095F905
S3150800EDA005A014F0D7FF039E0746B5792046063D11
S3150800EDB0EDB2B571FEF7A4FF0C35C0F3032306EBDD
S3150800EDC0050843EA0B1388F803303346FFB288F880
S3150800EDD00200A8F8047006F805A088F801905A7988
S3150800EDE06FF341025A711B68002BF8D1304615F0B3
S3150800EDF053FE7DE60121A7E6F84B0120904C012041
S3150800EE007C2C0200344B8E8F1D68360195F8203015
S3150800EE1081F834308B6BE08FB6FBF3F6B1F8A010AF
S3150800EE20B3B21B1A994295F821204CDCD1064CBF87
S3150800EE300021022194F8310117F0F1FC95F82130F0
S3150800EE40DB071BD5A36ADF0706D52B682046636058
S3150800EE5004F1440118F0AAF995F82130D80602D42D
S3150800EE60A36AD90606D4A4F8A060204695F9271007
S3150800EE7016F0B4FCA36A43F01003A36295F82020A9
S3150800EE80E36A92064CBF43F0010323F00103E362F1
S3150800EE9095F821309B0606D52046FEF731FF01215D
S3150800EEA080B216F088FC95F82130204603F012034C
S3150800EEB0122B0ED116F0B8FC95F82610204616F03F
S3150800EEC0B1FC012102E79207B8D5032194F8310174
S3150800EED0B2E716F0A8FCEFE7904C0120012838BFEE
S3150800EEE00120012938BF0121014B18751976704791
S3150800EEF0F84B01200138C0B203289ABF014B185CB1
S3150800EF0000207047F6030308431E012B05D9022982
S3150800EF1002D8024B585C704700207047F303030879
S3150800EF20431E042B054A07D8052808BF03200621D7
S3150800EF30431E01FB03207047104670472004030850
S3150800EF40014B53F820007047FC03030810B560B165
S3150800EF500022074CD3B2013354F8231013468142DA
S3150800EF6002F10102F6D2D8B210BD0120FCE700BFBB
S3150800EF70FC030308024BDB6993F87F00704700BF68
S3150800EF80684D0020024BDB6983F87F00704700BF9D
S3150800EF90684D002070B51646028B04468A420D4617
S3150800EFA01DD2438B23B90EB1D5B23570206970BD19
S3150800EFB00C4B0169184614F073FB0346208B6169F4
S3150800EFC02D1A1844638B9D42A8BF1D46EAB214F059
S3150800EFD067FB16B1238B1D443570024870BD002EA1
S3150800EFE0E3D1E3E7135B0120034B5B6A13F0060FDB
S3150800EFF00CBFE220F1207047304A012008B5FDF722
S3150800F000F3FF054B834206D1FCF7AAFABDE8084090
S3150800F010002000F019BB08BD304A012070B51E4C0F
S3150800F0201E4800F011FB94F8603094F86120002126
S3150800F030C82017F0F5FB014604F1580015F00CFC42
S3150800F04004F1580017F0F6FA00221146104615F09A
S3150800F0509AFB66686664FCF715FB0246FFF7C4FF71
S3150800F060B61AB6F5FA6F05460BDCFDF777FE627D34
S3150800F070A0F5E171284617F012FBBDE87040FCF7D1
S3150800F0804DBA6668FDF76AFE3146A0F5E172637D02
S3150800F090284617F0E6FAF0E7304A01200DF4000892
S3150800F0A010B5FCF75DFAFDF75FFE40F2EE239842D5
S3150800F0B00FDDFFF799FF0446FDF750FE084BA0F554
S3150800F0C0E1715A7D204617F0EAFABDE81040FCF7D0
S3150800F0D025BAFDF703F9BDE81040002015F03DBF3D
S3150800F0E0304A0120F7B5104C064694F851500F46A1
S3150800F0F02DB10020013D84F8515003B0F0BD0B4BF3
S3150800F10002201B685978FCF731F894F84C303A46D7
S3150800F110CDE9005331460323206B15F04FFF206BD2
S3150800F12000F0DEFD0120E8E7304A01204C4C0120C2
S3150800F130094A02F1240353E8003F43F0080302F1A9
S3150800F140240040E800310029F3D1044B01201B6854
S3150800F1505978FCF721B800BF304A01204C4C0120F1
S3150800F16070B50A4C636A5B070DD58B790C33CD18DD
S3150800F17050B9E879CE58298917F0B0FA0644A6633B
S3150800F1806B7984F8503070BD0120F3E7304A0120CE
S3150800F1902DE9F04F16468DB0021E069108BF0021D4
S3150800F1A01F46964B0592DD6A5B6AAC7938460C3485
S3150800F1B02A5DC3F3801B61F345122A55314603F0D5
S3150800F1C04002039215F0D2F805EB04080790285D73
S3150800F1D008F108094946C00915F0C8F8039B824694
S3150800F1E0002B44D1002844D115F0BEF880F0010365
S3150800F1F0DBB25A463146384603F0010317F096FA51
S3150800F2000490002800F08A80039B002B33D1BAF1C2
S3150800F210000F75D1079B002B72D015F096F80028C1
S3150800F2206ED001220AA90DF1270015F0A1F80028D1
S3150800F23074D09DF827302A5D591E4B424B41B3EBDB
S3150800F240D21F6BD1062248460AA914F0F7F90028FE
S3150800F25064D13368C8F80830B388A9F804302B5D40
S3150800F26067F3C7132B554FF0000AD34619E001235D
S3150800F270BFE7039BBDE7614B5B6A13F4007A1CD1B9
S3150800F28015F804B0CBF3801B504615F076F83368B2
S3150800F290C8F80830B388A9F804302B5D67F3C7139C
S3150800F2A02B55059B554E002B3ED196F8B530002BB5
S3150800F2B03AD0013B86F8B53030E015F043F800281F
S3150800F2C006DA15F804B04FF0000ACBF3801BDBE72B
S3150800F2D000221146104615F045F815F804B0824686
S3150800F2E0CBF3801B0028CFD0002302211A4608EB57
S3150800F2F0010015F03BFE2B5D60F386132B55C3E723
S3150800F3007A1E57422B5D5741B7EBD31F06D106220B
S3150800F3103146484614F092F90028A4D000230493F5
S3150800F32004980DB0BDE8F08FFCF7ACF9F36A00F16C
S3150800F33096019A7908F10E0013441A6B059B0093FF
S3150800F3409DF8583016F0B2FF2D4B059A07461B68F4
S3150800F350A2B959780220FBF709FFF06A00F0C0FC51
S3150800F360F36A9A7913441F63FDF73EFE254B8361C2
S3150800F370069BBBB9736A23F4806316E0D97900202B
S3150800F380FBF7F4FEF06A00F0ABFCF36A1E489A79C4
S3150800F39013441F6300F058F9069BC3B9736A23F434
S3150800F3A0806317E0736A43F480637362039B9BB1BF
S3150800F3B0BAF1000FB4D0002359461A4608F10200E4
S3150800F3C015F0D4FD2B5D60F386132B55A8E7736AF9
S3150800F3D043F480637362EBE72B5D0022C3F3C0132B
S3150800F3E049460AA88DF8283014F0C2FF2B5D9DF80F
S3150800F3F0282062F3C7132B55DAE700BF304A0120ED
S3150800F4004C4C0120F9480208E1F500082DE9F04FB7
S3150800F410532885B018D005D8512800F0D28005B0F9
S3150800F420BDE8F08FA0F15503012BF8D8553818BF61
S3150800F43001200121FDF7E2F8FCF750FF002005B096
S3150800F440BDE8F04F15F089BD002503A84FF0FF3140
S3150800F4500395FCF753FA03985F4E58B1FDF7BEF9CA
S3150800F4600828804603D85D4B1F5C380709D403A8D3
S3150800F47014F0E4FB736A13F0060F20D0FFF710FEB2
S3150800F4801DE0B8F1070F21D1726A12F48012EED18D
S3150800F4903046039915F027FA0028EBD015F02EFA16
S3150800F4A068B1FCF71BFF40F27122B6F84A305343A5
S3150800F4B0F26B9A4203D201210846FCF7FBFF0121B1
S3150800F4C0084605B0BDE8F04FFDF798B8039CFDF770
S3150800F4D04BFC736A814613F0040343D017F002030A
S3150800F4E040D0A0F56E73002B0DDD0120A2790C32F9
S3150800F4F02244917A0090C1F380130C32C1F3401173
S3150800F500FFF746FE05462046FCF728FA2146012065
S3150800F510FFF726FE736AD9072ED503F0800A94F8FA
S3150800F52006B014F021FF0BF10C0BA34480F0010385
S3150800F5309BF80A00BAF1000218BF0122DBB20BF1F0
S3150800F5400C01C0F3801017F0F1F868B155BB736A67
S3150800F55020469A073AD5FB0712D47B0739D5FDF71B
S3150800F560A1F887E71D46CEE7BAF1000F04D1514648
S3150800F57014F000FF0028E9D02046FBF7E5F81CE068
S3150800F58018F035FB70B1A9F21659B9F1000F09DD6B
S3150800F590A0790C302044817A0C30C1F38011FFF732
S3150800F5A0A1FD0546B8F1040F02D1736A9907E3D5A0
S3150800F5B07A07E1D52046FDF775F8002D7FF47FAF71
S3150800F5C058E705B0BDE8F04FFFF7B2BDB8F1040F34
S3150800F5D0C3D1FBF7B9F84DE7304A01207304030895
S3150800F5E0512808B50BD1084800F02EF80122074B20
S3150800F5F0104693F95010BDE80840FDF7CFBABDE8AC
S3150800F6000840FFF703BF00BF0DF40008304A012089
S3150800F6100022024BC3E90022704700BF404C01207C
S3150800F62010B5074C24220021204614F031F8062391
S3150800F6302384044BE36100F029FB9430206010BD5D
S3150800F6401C4C0120CF64020810B504461EF05DFF6D
S3150800F6500022044B5C60044BBDE81040DA611EF0E2
S3150800F6604FBF00BF404C01201C4C0120024B03EB4E
S3150800F67080035960704700BF1C4C0120034B03EB05
S3150800F68080035868003818BF012070471C4C0120B9
S3150800F69010B504461EF039FF0022044BDC61044B0A
S3150800F6A0BDE810405A601EF02BBF00BF1C4C01205D
S3150800F6B0404C012070B5C6B2212E0446144D10D117
S3150800F6C0FBF782FD230CC4F3074405EB84042B8463
S3150800F6D06368EB61EB69CBB130462968BDE87040D9
S3150800F6E01847222EF6D11EF019FFEB69044633B1EE
S3150800F6F00020FFF7CDFFFF232B84FBF7B5FF00F0B3
S3150800F7000FFA2046BDE870401EF003BF70BD00BF6B
S3150800F7101C4C012038B5104B04461A7812B1002249
S3150800F7201A7038BDC5B2FDF75FFC68B1C38AB3EB82
S3150800F730144F0BD1312D02D1012015F0AAF8284615
S3150800F740BDE83840FDF746BCFF23F0E72846BDE88C
S3150800F750384016F09FBE00BF404C012038B5A0F1D6
S3150800F76021030E2B04461AD8FDF73EFCA8B3C08A1F
S3150800F770FF2832D0212C4FEA004508D1002015F089
S3150800F78088F845F02100BDE8384000F045BA222C3B
S3150800F79044EA0500F7D1BDE8384016F08EBEA0F160
S3150800F7A031031E2B0ED8114B188C44EA004000F08A
S3150800F7B047FA312C11D10020FFF76AFFBDE838401F
S3150800F7C014F0F7BFA0F111030E2B06D8132C40F442
S3150800F7D0C02003D006D9142CD5D038BD0122044B3D
S3150800F7E01A70D0E7BDE8384000F02ABA1C4C012050
S3150800F7F0404C01200B4A10B5D36904461BB1116869
S3150800F800BDE810401847084B5B6813B1BDE81040C7
S3150800F8101847FDF7E9FB014618B183690BB1204685
S3150800F820EEE710BD1C4C0120404C0120024B186924
S3150800F83008B108F05DBD7047884D00200C4B73B5C4
S3150800F8401C6804B10C3400250A4B68461E683560EE
S3150800F85000F020FA009B20467360FBF765FC2846FB
S3150800F86016F096FD024802B0BDE8704014F0E6B9FD
S3150800F870484C0120904C0120002310B5424A02F161
S3150800F880100151E8001F02F1100C4CE80034002C5E
S3150800F890F5D140EA0104A00201D5FDF7D9FA210104
S3150800F8A001D5FBF7A3FEE20301D500F06FF9002CA2
S3150800F8B001DAFCF7FFFA630001D5FDF73DF8E00031
S3150800F8C007D5FDF767FE20B94FF080512F4816F08F
S3150800F8D0B7FD610107D516F0F5FB20B94FF0806139
S3150800F8E02A4816F0ADFDA20105D516F097FFFFF7D9
S3150800F8F0C1F815F006F8E30108D514F0F2FF072859
S3150800F90004D14FF08071214816F09AFD600201D5A6
S3150800F91014F0CCFF210201D514F026FFE20207D528
S3150800F92015F039FF20B94FF48011184816F088FDF4
S3150800F930A30507D500F0B8FE20B94FF400711348A7
S3150800F94016F07EFDE00507D5FEF7F4FF20B94FF463
S3150800F95080710E4816F074FD610503D514F09FFFFB
S3150800F96014F09EFF220501D515F0EAF8A30309D580
S3150800F97014F09AFF30B9BDE810404FF4003103483F
S3150800F98016F05EBD10BD00BF884D0020984D0020C2
S3150800F990014B1B6818407047884D002010B5044B72
S3150800F9A0D3E9064204430A43C3E9064210BD00BF31
S3150800F9B0884D002038B50546354CFDF7DFF900219E
S3150800F9C02022204613F064FE4CF20C000021FFF7BB
S3150800F9D0E5FFC5B1AB684FF6FF720020698B23605F
S3150800F9E0FEF788FC022014F0F4FA2A4B1860002867
S3150800F9F04BD02B460C3005F1200253F8041B9342DA
S3150800FA0040F8041BF9D1244B2448A3600023237330
S3150800FA10FAF7D0FE00F0BEFB2846FBF7C9FE0446FF
S3150800FA2070BBFBF74FFB20B14FF480700021FFF746
S3150800FA30B5FFFBF74DFB20B14FF400600021FFF73F
S3150800FA40ADFF2DB1B5F91210B5F91000FCF7A8F9FC
S3150800FA5016F0EFFE00F0B8FA01F0CEFC044678B9CD
S3150800FA60FCF710FA00F040F800F000F9FFF7D0FDB7
S3150800FA7000F074F830B900F077F8044616F03DFD4A
S3150800FA80204638BDFFF7DAFEF8E70124F8E700BF9D
S3150800FA90884D0020484C01202DF800088C4D002088
S3150800FAA0014BD3E906017047884D0020054B9B6939
S3150800FAB0DA054CBF032001201B0548BF40F00400AF
S3150800FAC0704700BF884D0020014B1860704700BF83
S3150800FAD04C4C01202022034BC3E900229A600022E5
S3150800FAE01A767047744C012038B50025094C0A4B24
S3150800FAF01C2229462046C3E9005513F0C9FDFFF725
S3150800FB00E9FF30230122C4E903336361034B6576B9
S3150800FB101A7038BD744C0120504C0120CA6001206F
S3150800FB2008B51EF0FBFCFFF7D5FF3023084A094944
S3150800FB30D36013615361CB600B614B61002353762D
S3150800FB4001224B76044B1A70BDE808401EF0E1BC52
S3150800FB50584C0120744C0120CA600120014B1878CA
S3150800FB60704700BF565B012010B5044C23781BB9BB
S3150800FB7016F0A5FC01232370002010BD565B01205A
S3150800FB80014B1868704700BF504C01202DE9F04121
S3150800FB901EF0C4FC1C4F80463B7843B94FF48030B6
S3150800FBA008F0A6FB4046BDE8F0411EF0B2BC174E71
S3150800FBB0174C35460FCD0FC495E80700002584E895
S3150800FBC00700FFF787FF30234046C6E90333736112
S3150800FBD075763D701EF09DFC0E4E103CE068302890
S3150800FBE004D07368C6E90030FFF794FD54F8040B97
S3150800FBF0202801D0FFF75EFD0135EDB2032DEDD1CA
S3150800FC0001233B70BDE8F081CA600120744C0120D5
S3150800FC10584C0120504C012010B504461EF07EFCBD
S3150800FC20064A137E42F82340013313761EF071FC10
S3150800FC30BDE810404FF4803008F05ABB744C0120E0
S3150800FC4010B504461EF06AFC074A537E02EB830190
S3150800FC500133CC6053761EF05CFCBDE810404FF4CF
S3150800FC60803008F045BB00BF744C0120F422002107
S3150800FC70014813F00DBD00BF944C0120014B024A08
S3150800FC801A607047904C0120284D012000487047A3
S3150800FC90944C0120024A02604FF400724260704799
S3150800FCA0884D0120014B186E80B2704700C001B81C
S3150800FCB00A4BD86800F07060B0F1106F0CD008D805
S3150800FCC0B0F1E06F08D0B0F1006F14BF002001203A
S3150800FCD07047B0F1406FF8E701207047000002B89E
S3150800FCE038B5044680790C4D0C30204414F04DFD8F
S3150800FCF00123A179E279521A0C3121442869D2B23A
S3150800FD001CF066FC246804B938BDA179E2790023A1
S3150800FD10521A0C31F1E700BF684D00202DE9F04F6B
S3150800FD2087B0074692469B46ADF80C1014F012F8B9
S3150800FD30B0F1000945DD1EF0F1FB0290002F43D01B
S3150800FD403C464FF00008294EA279E57902F10C01EC
S3150800FD50AD1AEDB2214406EB08002A4613F0A0FCC2
S3150800FD602468A844002CEFD19DF80C1020484A4678
S3150800FD7001F023010DF1140900915B46C0F808A0B3
S3150800FD801A49CDF804901EF098FDBA469AF806303E
S3150800FD909AF8075003F10C00ED1AEDB231195044E8
S3150800FDA02A4613F07DFCDAF800A02C44BAF1000FBD
S3150800FDB0ECD102981EF0ADFB04224946384614F0F1
S3150800FDC06AFA07B0BDE8F08F9DF80C1008484A4655
S3150800FDD001F023010DF1140900915B46C0F808A053
S3150800FDE00249CDF804901EF068FDE2E7884F01202D
S3150800FDF0345F01202DE9F04784B090469946039078
S3150800FE00ADF8081013F0A6FF071F002F25DD039D88
S3150800FE10002D40D04FF0000A204EAB79EC7903F163
S3150800FE200C01E41AE4B2294406EB0A00224613F050
S3150800FE3037FC2D68A244002DEFD11948F119C0F8F6
S3150800FE40088001919DF808104B4601F023010091A6
S3150800FE503A4612491EF025FD18B1002004B0BDE847
S3150800FE60F087039D7DB10746AB79EC7903F10C0069
S3150800FE70E41AE4B2F1192844224613F011FC2D685D
S3150800FE802744002DF0D103A8042114F005F8012019
S3150800FE9004B0BDE8F087014ECFE700BF884F0120C8
S3150800FEA0345F012030B514460D460246064883B035
S3150800FEB0019580218360234600941EF00AFDB0FA5E
S3150800FEC080F0400903B030BD345F01200023F0B54F
S3150800FED00E46D1688BB009BA0291C17890F800C075
S3150800FEE061F3070381781A4D61F30F23417802AF56
S3150800FEF061F317436CF31F630993936851681BBA40
S3150800FF000393836809BA1BBA0793136842681BBA36
S3150800FF100593C36812BA1BBA06AC0491AF6008927F
S3150800FF200693234680222946012000941EF0D4FC1D
S3150800FF300028F6D1DDE90810DDE9063200BA09BA6B
S3150800FF4012BA1BBA30607160B260F3600BB0F0BDD4
S3150800FF50345F01202DE9F84FDFF868908246D9F81A
S3150800FF6000B088461746BBF1000F28D0002699F83E
S3150800FF700450B54207D13D7099F80400A84214BF51
S3150800FF800120022017E074196110C1EBC101594420
S3150800FF908879C4F3470400F00100B8EB000003D1E8
S3150800FFA00622504613F04AFB002806DB02D0661CE0
S3150800FFB0F6B2DEE73C70BDE8F88F2546D9E70320A0
S3150800FFC0F9E700BF985001200022014B1A717047CB
S3150800FFD098500120F8B505461EF0A0FA104C85F396
S3150800FFE0070563790646AB4205D1002430461EF064
S3150800FFF090FA2046F8BD002720686571277110B170
S3150801000014F090F927606379002BEED0C5EBC50093
S31508010010FAF7C0FD20600028E7D160710724E5E7FB
S31508010020985001204840704700EB0010084480B200
S31508010030704700BF90FAA0F000BA80B2704700BFBF
S31508010040044BD3F8012002605B7903F01F030371A7
S31508010050704700BF575B0120234B2DE9F04100296A
S3150801006014BF0C461C4600250646174613688AB077
S31508010070C4F801301379257063715FFA85F8414632
S31508010080384616F0C0FB38B1237803F128026A44D2
S31508010090013302F8288C23700135252DEDD194F80A
S315080100A000803EB142466946A01D13F0F9FA0AB02E
S315080100B0BDE8F081B8F1000FF9D00534F5B229464B
S315080100C0384616F0A0FB40B9B5FBF8F308FB135503
S315080100D00AAB53FA85F515F8285C0136252E04F87E
S315080100E0015FEBD1E3E700BF575B0120034B002813
S315080100F018BF03460B449879704700BF575B012028
S31508010100F8B50D4682EA124296B2314603462846AA
S31508010110FFF788FFFFF78EFFFFF786FFFFF78AFFD6
S31508010120FFF782FFFFF786FFFFF77EFF0546FFF71A
S3150801013079FF164C002B14BF1F4627460446144B5D
S31508010140781CA3FB0423E21A03EB52035B0903EBB6
S31508010150C30203EB8203E41AE4B2214616F053FB09
S3150801016040B93B786E40B6B206FB03F307EB13477B
S31508010170B879F8BD7B1D2A3701E09F4204D013F8F0
S31508010180010F8442F9D1F4E72046F8BD575B0120F7
S315080101904D91CFBA104B1A7842F0F0021A701A7CB8
S315080101A042F0F0021A7493F8202042F0F00283F824
S315080101B0202093F8302042F0F00283F8302093F89B
S315080101C0402042F0F00283F8402093F8502042F094
S315080101D0F00283F850207047A05001200368054AB1
S315080101E023F07F6323F4002302EAC1421343036029
S315080101F0704700BF0000F80FF8B54488054604F0BB
S315080102000704072C1C4E28D11EF088F9002211017B
S31508010210735C06EB02171B090F2B0AD00132062A5B
S31508010220F5D1164A1388013313801EF072F9192085
S31508010230F8BD2B6894B27B80112373541EF069F9BB
S31508010240FBF720FA06EB0413D8602B68002023F489
S31508010250E02343EA04432B60EAE72301F15CC1F397
S315080102600312013202F00F02052A28BF002262F3A7
S315080102700711F154E4E700BFA0500120645601209C
S3150801028038B54488054604F00704072C0FD01EF03C
S3150801029045F9074A2401135D43F0F00313552B680A
S315080102A043F4E0232B60BDE838401EF032B938BD6F
S315080102B0A05001202DE9F0474588074605F00705B6
S315080102C0072D894637D01D4C4FEA051814F80860E2
S315080102D0FBF7D8F904EB051ADAF80C30360906EB00
S315080102E0C506C01A04EB4606708014F8083003F0F8
S315080102F00F02042A9EBF013262F3030304F8083091
S31508010300B9F1030F14D114F8081004EB0514A01C55
S3150801031001F00F0117F002FC04461EF0FFF83A68D7
S31508010320074B134023433B60BDE8F0471EF0F1B885
S315080103304FF6FF74F1E7BDE8F08700BFA050012032
S315080103400000FF7F242816D80F2805D802280CD8C4
S31508010350B0FA80F040097047084B103880B2C340A4
S3150801036003F0010383F0010070470538012894BFA3
S315080103700020012070470120704700BF2D20110081
S315080103802DE9F04F95B0FBF789FD42F236038679E0
S3150801039005460C3630F80680841998450ED1FBF7C8
S315080103A07DFD022113F01AFC7F22A3780233A37084
S315080103B0AA55002320222377627063770121E0780A
S315080103C0FDF718F800230546ADF84630002800F079
S315080103D0C080CDE91233E288237AADF848208DF83A
S315080103E04A30B4F80920E37AADF84C208DF84E303E
S315080103F0A288E37802F01C01FE2B4FF6FF7308BFB3
S315080104004FF480431C2922D0DDE91201884203D822
S315080104101F2801D999421AD941F21105FBF744FD62
S315080104200446EAB20123414614F070FAA3791C4442
S31508010430BDF94630002BB4BF6FF004020522134400
S315080104400A2293FBF2F3A37415B0BDE8F08FD30625
S31508010450E67D677E19D5012E14D1237B013B062B38
S31508010460DAD8E07814F023FA18B1A088FFF76AFF02
S3150801047040B1394B277F1B7823B3042F02D8637FFA
S31508010480042B24D941F21205C8E706F0FD03012B16
S31508010490C2D17B1EDBB2022BBED8237B013B062BC6
S315080104A0BAD8FFF703FB032E08BF04260640F6B2A7
S315080104B0002EB1D0032F08BF04273840C0B2002848
S315080104C0CFD1A9E7002FA7D1637F002BA4D1E07D67
S315080104D094F91630032808BF04207F2B08BFC823C8
S315080104E0667B94F81DB018BF03EB83030E96A67BB3
S315080104F018BF5B00E188B4F8092094F80CE094F879
S31508010500159094F818A00F96ADF84630667EA38824
S31508010510CDE90B7BE77E032E08BF0426003F18BFF3
S3150801052001270A9704F10F0CA47ECDE9060A0DF1FD
S315080105304600CDE904900F98DBB201900E98CDE9FB
S31508010540086400902846CDE902CE14F0CBFD054695
S3150801055064E741F2070561E7825B01202DE9F04175
S315080105601D4690460E460746FEF704FDFEF7E8FCD3
S3150801057004464046FEF7E4FC194B04449D4225D93E
S31508010580184B9D4215D9184B013D93FBF4F3002BEB
S31508010590B8BF03339A1005EBA305B5FBF2F37968E7
S315080105A03268A1EB930102EB430279603260BDE840
S315080105B0F0810E4B0E4AA3FB05535B0904FB03F3BB
S315080105C003F6C313A2FB0323DB0AE8E704FB05F3DF
S315080105D0084A03F574338F33A2FB03231B0CDEE7AA
S315080105E04C6210001366660640420F001F85EB51E8
S315080105F05917B7D183DE1B43024B1A68026018608C
S31508010600704700BF045101200022024B1A6000F016
S315080106100DBA00BF045101202DE9F843064615F02D
S315080106201EF90446002835D045784DB91DF076FFE8
S31508010630237863701B4B1B68257063601DF069FF87
S315080106404FF00108677837B923781BB34FF4007068
S3150801065007F04EFE1EE097FAA7F5B5FA85F508FAF2
S3150801066005F55FFA85F9636833B90E4B27EA05057F
S3150801067065701B686360E5E79B681BB963681B685F
S315080106806360F0E7494630469847012805D1636813
S315080106901B6863600120BDE8F8830228EED10020BB
S315080106A0F9E700BF0451012070B500250D4EFDF78D
S315080106B063FDA84201D8012012E03068FDF70CFB62
S315080106C050B93468FDF758FD0134B4FBF0F303FB68
S315080106D0104401353460EAE7FFF79EFF0028F0D1A0
S315080106E070BD00BF0051012010B50446837903444B
S315080106F01B7B3A2B96BF044AFF21D15C13F06EFA95
S31508010700A0790C30204410BD38040308F8B5174603
S3150801071006460C461D4615F097F8020713D5022121
S31508010720304615F0DFFC70B11121204616F0CEFDDA
S315080107302046FFF7D9FF4570877021463046BDE848
S31508010740F840FDF7F7BF29200B49C5F12002A5F1AD
S315080107502003E94000FA02F220FA03F31143194390
S31508010760CB07E1D40D21204616F0B0FD2046FFF750
S31508010770BBFF4770E1E700BF000040842DE9F34164
S3150801078005460C46019115F059F8030705D501A848
S3150801079013F054FA02B0BDE8F081019FBE790C3618
S315080107A0BB5D3A2B18D8164A12F80380B8F1FF0F29
S315080107B012D0384613F0CEFA013840450CD1114B08
S315080107C01E6896B921462846A37923441A7B02B0A6
S315080107D0BDE8F04116F08EBD019813F02FFA2846B0
S315080107E0BA5D019916F086FDD4E773680BB93668C8
S315080107F0E7E72146284698470028F8D0CAE700BF08
S31508010800380403080451012037B504460D4608216A
S3150801081015F016F82946204615F04FF8214601200D
S3150801082016F00FFE2146002016F00BFE01200023CC
S315080108302146034A009016F095FD03B030BD00BF6E
S315080108402172020837B5044616F077FF03212046C0
S3150801085015F036F80025034621460120034A00957E
S3150801086016F080FD284603B030BD00BF2176020888
S315080108702DE9F74F80460F4614F0E6FF10F480166F
S3150801088051D1022013F0A5FB054600284DD0BB79AE
S3150801089031460C333B44B3F80490B3F806B0B3F8C9
S315080108A008A016F013FD2846FFF71EFF022104468D
S315080108B0404615F005F8A4F804906081A4F806B03E
S315080108C0A4F808A013F020FF09F10109B0FBF9F318
S315080108D003FB1900022360806370AB79BB71EA7967
S315080108E003F10C00FA71D21AD2B22918384412F05F
S315080108F0D7FE4146012014F098FF1022C76063898C
S315080109004146012000920A4A16F02CFD4FF4803127
S31508010910404614F09BFF4046294616F0D5FC304662
S3150801092003B0BDE8F08F2320FAE70720F8E700BFF8
S31508010930777702082DE9F34104460D460146012061
S3150801094014F073FF01210746284616F0BFFC284616
S31508010950FFF7CAFE064600F101084046FFF770FB9D
S31508010960D6F801300221C7F8123073792046BB75D3
S3150801097014F0A6FF29460746F080204616F0A4FC87
S3150801098020232146009301203B46034A16F0EAFC40
S31508010990002002B0BDE8F081077702087FB504465A
S315080109A00D4614F04BFFC2073BD5204614F04CFF09
S315080109B0430715D5002320461A460DF10F0115F0F8
S315080109C0A1F99DF80F30062B0AD82846F9F7BCFE7F
S315080109D0012200232046FDF7FDFD002004B070BD6D
S315080109E00E21284616F072FC2846FFF77DFE0646BC
S315080109F0FFF756F8C6F80510FFF752F82946C6F864
S31508010A000100204616F060FC0321204614F058FF29
S31508010A1000220346009221460120034A16F0A2FC51
S31508010A20DBE70821DDE700BF2576020810B5054C8E
S31508010A30054A2046054916F0E4FD2046BDE8104062
S31508010A40FFF7DABD08510120F5770208AD0B010859
S31508010A502DE9F04191F806800F4686B008F10C0899
S31508010A600391044601EB08060146012014F0DDFE58
S31508010A7017F808300546023B0F2B00F28E80DFE897
S31508010A8003F0088C8C8C8C638C6D8C8C2D5C8C8C17
S31508010A908C4D1DF043FD71780546204614F00DFF77
S31508010AA00821204614F0CCFE2146012016F0C9FC87
S31508010AB02146002016F0C5FC012300930023214698
S31508010AC01846374A16F04EFC03A813F0B7F828461D
S31508010AD01DF01FFD012006B0BDE8F081B388204650
S31508010AE07288717815F0F9F8204614F0ADFE83077F
S31508010AF008D42046039916F020FE0121204616F057
S31508010B00CDFBE7E7AA68274B9A4203D12146012084
S31508010B1016F067FC03A813F091F8EEE7836843B172
S31508010B2003AA0492B27803218DF8142004AA204658
S31508010B30984703A813F082F8CCE78368002BF8D00E
S31508010B4003AA04927278EEE78368002BF1D000229B
S31508010B50059203AA0492042104AAE8E7039D214603
S31508010B600120AE7914F061FE0F4B82689A4203D0D8
S31508010B702846F9F7E9FDADE7AB19D3F80D2020466C
S31508010B80D3F81130FDF726FD2846F9F7DDFD214694
S31508010B90012016F026FC0221B0E700209BE700BFE2
S31508010BA02F77020821760208257602082DE9F341F6
S31508010BB00D46044614F042FE10F0010FAB7974D0CD
S31508010BC00C3315F80380EE18B8F1010F4AD0B8F1C5
S31508010BD0080F42D0B8F1000F5AD12046718916F094
S31508010BE0AFFBB38872889A4294BF07460027092B40
S31508010BF038BF09237278013B9BB29A4219D8002A59
S31508010C0008BF00272046FDF77BF880B214F0C8FD1F
S31508010C1088B14388B18800930846F388328916F06B
S31508010C20D5FA50B92846F9F78FFD012002B0BDE87B
S31508010C30F0814746E6E70123ECE7002FF2D021468B
S31508010C40002014F0F2FD1023C560009373891B4A36
S31508010C502146002016F086FBE7E72946204616F0CE
S31508010C6004FDE2E72046F18816F06AFB0746701C88
S31508010C7015F0EDFD0028D5D0002FD3D02146002050
S31508010C8014F0D3FD2023C5600093F3880C4ADFE7EF
S31508010C902946204614F037F90028C6D129462046A8
S31508010CA002B0BDE8F041FFF7D3BE2B441B7B0E2BE8
S31508010CB0D3D02946204614F015F9EDE777770208CF
S31508010CC0BF76020838B504460D4614F0BDFD420745
S31508010CD00FD4204614F0B8FD83070AD42046022112
S31508010CE014F0B4FD29462046BDE83840034A16F0FB
S31508010CF01DBC2846F9F728FD002038BD450801081E
S31508010D0038B504460D4614F099FD00F0050004288F
S31508010D100CD1204614F098FD10F4C02F06D12946AF
S31508010D202046BDE83840044A16F000BC2846F9F7C3
S31508010D300BFD0C2038BD00BF71080108014A16F0E9
S31508010D40F5BB00BF3509010870B505460C460146D5
S31508010D50012014F06AFD0646284614F075FD0107C0
S31508010D6004D52046F9F7F0FC002070BD33685A0512
S31508010D70F7D4284614F062FDC30708D5214628464C
S31508010D80FFF7A0FF18B913F024F9044670B156E825
S31508010D90003F43F4806346E80032002AF7D1214632
S31508010DA02846BDE87040024A16F0C0BB0720DCE7BA
S31508010DB09D09010873B504460E4614F03FFD00F07F
S31508010DC00C0004284FF0020031D113F002F9054650
S31508010DD078B34379022143F00203437116F076FA98
S31508010DE02846FFF781FC29464670204616F06CFA1C
S31508010DF01621204614F061FD0821204614F020FD35
S31508010E002146012016F01DFB2146002016F019FB8C
S31508010E10204616F0C0FB0121204614F051FD034679
S31508010E20012021460090044A16F09CFA002002B0DF
S31508010E3070BD0720FBE700BF4F7602082DE9F04396
S31508010E4087B004460E4614F0FFFC00F4C060B0F506
S31508010E50C06F06D1022013F0BCF8054610B9072069
S31508010E6053E000252146012014F0DFFC814696F85F
S31508010E70068000F1120208F10C08B04408F10F03CC
S31508010E8008F11F0153F8040B8B4242F8040BF9D100
S31508010E900321304616F01AFA3046FFF725FC0A22D6
S31508010EA0074608F10501013012F0D8FB0C210DEBBC
S31508010EB0010000F0B5FA03AB03CBC7F80B00C7F87E
S31508010EC00F10059B07F10B02C7F8133005B30A216A
S31508010ED0284616F0FBF92846FFF706FC2946204660
S31508010EE016F0F2F940212046C9F80C6014F0A8FC66
S31508010EF00321204614F0E4FC00250346214601207F
S31508010F000B4A009516F02EFA284607B0BDE8F0837D
S31508010F10204607F11303012115F0ACFC20463146A2
S31508010F2016F0D2F92046C9F80C5015F0BFFCDFE7D8
S31508010F302F780208F0B589B00D46044614F07EFCF8
S31508010F4010F00100AB7900F0A1800C33EA18EB5CD4
S31508010F50033B082B00F23381DFE813F00900310166
S31508010F60310182003101310131015C007C00D2F886
S31508010F700100D2F8051003ABB2F8097003C302F1F8
S31508010F80130301210B32204615F074FC042128466F
S31508010F9016F09CF92846FFF7A7FB06460C2105A87B
S31508010FA000F03EFA05AB03CB3346C6F80100C6F896
S31508010FB00510079A002143F8092F2046721C15F0DF
S31508010FC059FC2146002014F030FC034603AA478346
S31508010FD003CAC3F81200C3F8161020460821FCF705
S31508010FE0A5FE8021204614F02BFC204615F05EFC58
S31508010FF02946204616F068F90321204614F060FCBC
S315080110000346002021466F4A009016F0ABF90120ED
S3150801101009B0F0BD0B21284616F058F92846FFF706
S3150801102063FB2946204616F04FF91DF077FA054667
S31508011030C021204614F004FC4FF48051204614F0D8
S3150801104005FC28461DF065FA4FF48061204614F028
S3150801105001FCDCE72846F9F777FB4FF40071F5E761
S315080110600621284616F032F92846FFF73DFB2046A9
S3150801107014F059FE2946204616F026F9204615F0A1
S315080110803AFC2146002016F0ACF9C0E72B441B7B3D
S31508011090043B072BBCD801A252F823F0BD10010866
S315080110A0E110010843110108111001081110010886
S315080110B01110010811100108591101082046802153
S315080110C014F0BEFBAA7920460C322A4402F1090320
S315080110D00021013215F0CEFB2846F9F735FB96E7D4
S315080110E04FF48060FEF754FCB0B100274FF400615D
S315080110F0204614F0ABFB2046CDE90577FCF700FE48
S315080111000646204614F098FB39460346009505AA7B
S31508011110B0B215F089FF7AE72146012014F085FB64
S3150801112000F11201204615F0FBFB0621284616F0B0
S31508011130CDF82846FFF7D8FA2946204616F0C4F80E
S3150801114065E72846F9F700FB2146012016F079F9EB
S31508011150204615F0D0FB5AE71DF0E0F90646802136
S31508011160204614F06DFB4FF48051204614F06EFBB7
S3150801117030461DF0CEF94FF4C061204614F06AFBE3
S315080111802946204616F0A0F82146012014F04DFB09
S31508011190C268054682B1937901210C331A4402F1DA
S315080111A0130320460B3215F065FB204615F07EFB2E
S315080111B02046E96816F088F80023EB6027E7002047
S315080111C026E700BF2F78020810B5074C07492046C5
S315080111D0002216F016FA2046FFF70EFABDE810406F
S315080111E001200021FEF7DABB14510120350F010851
S315080111F038B505460C4614F021FB00F00500042815
S3150801120006D121462846BDE83840044A16F08EB96B
S315080112102046F9F799FA0C2038BD00BF3D0E0108A2
S3150801122038B50C468B7905460C331944E35C142B07
S3150801123003D0152B0FD0002038BD013116F0CDFB98
S3150801124015212846224616F010FC2146284616F096
S315080112503BF80120F0E70146012014F0E6FA0B4BB2
S3150801126082689A4203D02046F9F76EFAF1E7A17926
S31508011270284621440D3116F0B0FB2046F9F764FAE9
S315080112802946012016F0ADF8E3E700BFBF7A020848
S3150801129037B504460D460A46142116F0E6FB2946DB
S315080112A0204616F011F80321204614F009FB3022D6
S315080112B00346009221460120024A16F053F80020FF
S315080112C003B030BDBF7A020810B5074C074920465E
S315080112D0074A16F096F92046FFF78EF9BDE8104041
S315080112E020200021FEF75ABB2051012021120108B6
S315080112F0C37A020873B51E46ADF800208DF8023090
S31508011300009B044601A801930D46114616F04FFBB2
S315080113109DF80630B34203D1BDF804308B4205D09F
S315080113202846F9F711FA122002B070BD204614F0CA
S315080113308EFB9DF80230827A9A4209D18288BDF8DD
S3150801134000309A4204D12846F9F7FEF90020EBE766
S315080113506946204614F034FF29462046014A16F00C
S31508011360E5F8E1E7911201082DE9FF4107460E4626
S315080113701446DFF838804346694638460A4AFEF776
S3150801138091FD0028F7D0102C254628BF1025304698
S315080113902A46694612F084F9641B2F442E44EAD181
S315080113A004B0BDE8F08100BF935B0120835B012097
S315080113B030B589B020226946FFF7D6FF6A460C4D3B
S315080113C004AB144603CC9C4228606960224605F1A9
S315080113D00805F6D1074C08AD1A4603CAAA42206089
S315080113E06160134604F10804F6D109B030BD00BFA7
S315080113F0835B0120935B012010B588B069462020E4
S315080114000EF0DAFC044630B96846FFF7D1FF01222F
S31508011410024B83F82020204608B010BD835B0120CB
S3150801142070B5134B054693F820300C468CB00BB9B2
S31508011430FFF7E2FF0023CDE90033CDE9023354B9C2
S315080114401C22214605A8049412F022F904A8FFF7E4
S31508011450AFFF0CB070BD102C264628BF10262946B2
S3150801146032466846FFF780FF3544A41BE7E700BF0D
S31508011470835B012010B5FCF77FFE06220121064B8E
S315080114800138DB6840B20333040600D510BD02FB00
S3150801149000F401381955F7E72C51012038B5094DE3
S315080114A00446E86818B112F03DFF0023EB602CB141
S315080114B00621204612F033FFE86008B1002038BD46
S315080114C01920FCE72C510120820800F0030030B5F1
S315080114D0430003290FD8DFE801F0020F1A2601207D
S315080114E0591C144C00FA01F1984041EA0003A15C29
S315080114F021EA0303A35430BD01200E4C00FA03F57B
S31508011500A15C03442943984021EA0003F2E701203C
S31508011510084C00FA03F5A15C21EA05010344984049
S3150801152041EA0003E6E70120024C00FA03F5A15C53
S315080115302943F3E72C510120F0B5164C054694E8EA
S315080115400700267C0127002485B001AB03C31A8056
S31508011550C4F3C403EA5C04F0070307FA03F31A4267
S31508011560E0B210D103210134FFF7AEFF252CEFD1EC
S315080115700A22084901A812F061F848B105B0BDE888
S31508011580F040FFF777BF012E14BF00213146EAE785
S3150801159005B0F0BD2C51012008B5FCF7B1FB054B90
S315080115A000B2DB6800EB400013F81000431E5842F6
S315080115B0584108BD2C510120F8B50546FCF7A0FB9A
S315080115C0144E03B2F26803EB43035F0002EB4303D5
S315080115D0DA78F2B19A88B5F8801028460A449A80D2
S315080115E05B7803EB830303EB8303DC0014F0D7F981
S315080115F040F271234FF47A714343B3FBF1F3F26876
S315080116009BB23A449188A4B24B439C42BCBF022385
S31508011610D370F8BD2C51012070B50546FCF770FB57
S31508011620074E04463146284600F050F838B9F268A4
S3150801163023B203EB430302EB4303D870988070BDD2
S315080116402C51012037B50446FFF7A6FF18B32046EB
S3150801165014F0F4F8C3071ED5104D2B7C012B05D1C8
S315080116606846FEF7EDFC6846FFF766FF2046FFF77A
S31508011670A3FF2046FCF744FBEB6800B200EB4000F1
S3150801168003EB4003DB78022B05D1204603B0BDE806
S315080116903040FFF7C1BF03B030BD00BF2C51012058
S315080116A013B5044615F010FE0321204614F008F977
S315080116B002220346009221460120034A15F052FEF2
S315080116C0002002B010BD00BFF37B020870B50646C4
S315080116D000200D4612F07DFC0446A8B1292115F01B
S315080116E0F5FD2046FFF700F82B682146C0F80130C2
S315080116F06B68064AC0F805302B89A0F809303046D0
S31508011700BDE8704015F012BF072070BDA11601088B
S315080117100022034B1A609A80FF229A71704700BF14
S31508011720C65B0120064A1379834207D90123126849
S315080117308340134214BF01200020704700207047E0
S3150801174040510120054A03461068002208B91A606B
S315080117507047C10748BF01324008F7E740510120E9
S31508011760F0B541EA002087B040F4902706200E46DE
S315080117701546F3F74BF812F0D0FD044640B9014679
S315080117801A2003F0BDF86FF08C05284607B0F0BDA6
S3150801179043684761DAB222B923F0FF0343F0010334
S315080117A0436010F005F80002062E1C4B40F00100BC
S315080117B060600CBF40F201114FF48071204616F0AB
S315080117C02CFAE360164B2A46236002AB1E4605F146
S315080117D010071D4610685168083203C5BA422B46E0
S315080117E0F7D1102130461BF0AEFC102231462046B7
S315080117F001ABF4F7E9FA054620B1014640F2074084
S3150801180003F07EF8102130461BF0ABFC204611F0A0
S3150801181080F8204612F086FDB7E700BF0044400471
S3150801182000248000102A2DE9FF4706460F46154673
S3150801183023D800244FF00109DFF84480DFF844A0DB
S31508011840D8F8002009FA04F3134213D046EA042013
S3150801185040EA0A006A46E9B280B206F0DBFD48B9F9
S315080118602A463946684611F0E9FE18B960B204B04D
S31508011870BDE8F0870134202CE2D14FF0FF30F6E7BE
S31508011880405101200080FFFF2DE9F3411D4E054619
S3150801189001460622304611F0D1FE20B996F9060016
S315080118A002B0BDE8F0810024A046EF1C2046FFF7F0
S315080118B039FFD8B13B88CDF80080ADF80330BB7845
S315080118C06946E0B28DF8053019F054F821280DD093
S315080118D0A8B903222946684611F0B0FE30B92B682B
S315080118E060B23360AB88B071B380D9E70134202C7C
S315080118F0DCD12B683360AB88B380FF23B3714FF01B
S31508011900FF30CDE7C65B0120034B93F9063001335F
S3150801191001D1FFF7FDBE7047C65B0120F7B5044646
S315080119201AF00BFD631C58D1FFF7F2FE0024624E34
S315080119303379A3422CD84FF400410024084606F017
S31508011940C9FD20224FF0FF315C48346011F0A0FE3A
S31508011950204600F055FCFF260446594D5CBB594804
S3150801196010F0ECFC014630B110F1880F03D040F2BB
S31508011970074002F0C5FF0C214F4A43F6FF7006F0F7
S315080119802DFD202138204D4A06F028FD00202AE0A9
S315080119902046FFF7C7FE60B165B20521284616F055
S315080119A03EF90321284616F03AF90621284616F08B
S315080119B036F90134BCE794F97530013305D02B7833
S315080119C043B91321204616F0FFFD204600F018FC06
S315080119D00446C3E784F87560F7E72046FFF7A2FED9
S315080119E018B940F2064003B0F0BD6B460622002145
S315080119F0204616F06AF9002845D049238DF80630A5
S31508011A004FF47F41304840EA0420084006F062FD61
S31508011A100521204616F003F90321204616F0FFF8A2
S31508011A200621204616F0FBF801222349E3B29A4023
S31508011A300B6823EA02030B60244B93F90630A34291
S31508011A4001D1FFF765FE002005460B791B4A013BCC
S31508011A50C1B2994221DBFF260020D65400F0D0FB03
S31508011A600546174F002D86D095F97530A34205D145
S31508011A703B78EBB91321284616F0A6FD284600F057
S31508011A80BFFB0546EEE76B4606220121204616F006
S31508011A901CF90028B4D07223B0E75656A64200D0E6
S31508011AA025B1551895F90150555401250130CFE74F
S31508011AB085F87560E2E700BF40510120A65B012069
S31508011AC0A45B0120370004000080FFFFC65B0120EC
S31508011AD02DE9FF41354C064601A8FFF733FE237968
S31508011AE0019A93421ED86279012A40D100274FF004
S31508011AF0FF383D4610E02368EB40D9070BD508228D
S31508011B0002AB114668B216F0E0F820B1039B4345D3
S31508011B103CBF2F469846013523799D42EBD378B2CF
S31508011B20FFF7FCFE236813F0010529D000250122E1
S31508011B300135202D18D002FA05F71F42F8D13B438B
S31508011B402360A3680C21013343F6FF70174A7361BA
S31508011B50A36006F043FCA8B1236823EA07032360C0
S31508011B60A368013BA36073614FF0FF3519E0022AB0
S31508011B70FAD10F4A134413F9010D421CFBD0CFE7E2
S31508011B800127DCE722790A4C013A2146D2B2601CC8
S31508011B9011F064FD6DB2224620213820257006F029
S31508011BA01DFC284604B0BDE8F08100BF4051012064
S31508011BB0A65B01202DE9F043002489B0AF4D04212D
S31508011BC03F2001AA2C7006F025FC00B10194019F63
S31508011BD0002F4FD00026781E4742474100242C701B
S31508011BE0A74D0C212A4643F6FF7006F013FCC0B137
S31508011BF00D23AB80019B2C60032BAC6011D803AC81
S31508011C002246142143F6FF7006F004FC48B994E80D
S31508011C10070085E807002A460C2143F6FF7006F0FF
S31508011C20DDFB019B042B06D004213F200DEB0102AD
S31508011C30019106F0D3FB20213820924A06F0EAFBEF
S31508011C4028B120224FF0FF318E4811F021FD0322E1
S31508011C502B795B00B3FBF2F38B4A1370FFF758FD40
S31508011C60F4F79CFA014618B140F2074002F048FE23
S31508011C70002413E001263746B0E72B68E340D9076D
S31508011C800BD508224FFA84F81146404603AB16F0E5
S31508011C901CF810B94046FFF741FE01342B799C42E6
S31508011CA0EBD38EB11021372003AA06F0B3FB002827
S31508011CB052D10620F2F7AAFD12F02FFB044680B98D
S31508011CC001461A2002F01CFE3FB13D2006F0BEFB7C
S31508011CD000242B799C42C0F0AB80002009B0BDE8F6
S31508011CE0F0836A4A43684261DAB222B923F0FF03F4
S31508011CF043F0010343600FF05BFD0002644B40F0C3
S31508011D00010040F201116060204615F086FFE3608C
S31508011D10604B1021236003A81BF015FA102202ABB1
S31508011D2003A92046F4F750F80646102103A81BF02C
S31508011D3018FA204610F0EDFD204612F0F3FA372086
S31508011D4006F084FB46B140F20740314602F0D8FD61
S31508011D504FF0FF30FFF7E2FD002623E03046FFF79C
S31508011D60E1FCF0B174B210220321204603AB15F051
S31508011D70ACFF1028814620D10321204603AAFFF78C
S31508011D80EFFC8046494603A81BF0EBF9B8F1000FB2
S31508011D900CD040F20740414602F0B2FD2046FFF75B
S31508011DA0BDFD01362B799E42D8D38DE748F2030053
S31508011DB040EA062080B206F049FB1022052120469A
S31508011DC003AB15F082FF1028814613D10521204661
S31508011DD003AAFFF7C5FC8046494603A81BF0C1F9CB
S31508011DE0B8F1000FD5D148F2050040EA062080B2C5
S31508011DF006F02CFB10220621204603AB15F065FFE1
S31508011E0010288146CDD10621204603AAFFF7A8FC52
S31508011E108046494603A81BF0A4F9B8F1000FB8D1CA
S31508011E2048F2060040EA062080B206F00FFBB8E742
S31508011E302046FFF777FCF0B166B204220C21304642
S31508011E4002AB15F042FF04280AD1029B0122C3F313
S31508011E5000238DF80C300C21304603AB15F0F4FE47
S31508011E6000231022CDE90333CDE905330D21304690
S31508011E7003AB15F0E9FE01342BE700BFA45B012093
S31508011E8040510120A65B0120A55B01203700040013
S31508011E900044400400248000F8B5104B0446187924
S31508011EA00F4B00221D46D1B2884204D913F9017B92
S31508011EB0561CA74204D10B4B1B788B4202D9F8BD9D
S31508011EC03246F0E70649481C11F0C8FB2C70202160
S31508011ED0BDE8F8403820024A06F080BA4051012090
S31508011EE0A65B0120A55B012020F00040A0F2054079
S31508011EF0F8B5032817D8DFE800F0021728330C795C
S31508011F000F78A4F11B02534253414E88CD8801F143
S31508011F1008021948990011F064FD20B10771A0F86B
S31508011F200560C4710581F8BD0E784D888C8801F16C
S31508011F3008021248002111F054FD0028F3D0067159
S31508011F40A0F80550A0F80740EDE70D480D784C6854
S31508011F5011F00FFD0028E6D00571A0F80540E2E76B
S31508011F6007480C7811F005FD0028DCD007234371DA
S31508011F70002304718371D6E79404030890040308C7
S31508011F808C040308002110B5821D8388044608467F
S31508011F9012F0AEF9024648B16188208817F0CAFBEB
S31508011FA0044603481BF007F8848010BD1A24F8E795
S31508011FB020020A17002313B5CDE90033421DB0F8F4
S31508011FC00330B0F80110007815F09CFE044603486A
S31508011FD01AF0F1FF848002B010BD00BF20020A1971
S31508011FE040F2055320F0004098422DE9F0410BD804
S31508011FF040F20153984209D840F2014398420DD064
S3150801200040F20A43984214D0BDE8F081A0F2035089
S31508012010022816D8DFE800F024495C000D784C88C0
S315080120202D4811F0A6FC0028EED00571A0F8054050
S31508012030EAE72A480C7811F09CFC0028E4D00471E0
S31508012040E2E727480F784E880D79CC8811F091FC84
S315080120500028D9D00771A0F80560C5710481D3E7B6
S315080120608C684E880D790F7884B1B1F8068001F134
S3150801207008021C48002111F0B4FC0028C4D00771DD
S31508012080A0F80560C571A0F80880BDE72346224679
S315080120902146144811F07EFC0028B5D00771A0F836
S315080120A00560C57104724472AEE70F4891F8008065
S315080120B04F880E79CD880C8911F05BFC0028A3D0D6
S315080120C080F80480A0F80570C671058144819BE7F4
S315080120D00D784C680548A4E7BC040308A80403085E
S315080120E0B8040308B4040308B0040308AC040308DD
S315080120F030B587B005460C4600930749134603A831
S3150801210002220DF0E9FA28B9049B03A89D80DC8018
S315080121101AF0C7FE07B030BDC804030830B587B04A
S3150801212005460C4600930849134603A802220DF0FA
S31508012130D3FA30B9049B03A81D71A3F805401AF018
S31508012140B0FE07B030BD00BFC004030870B5044631
S315080121500D461B4A13686BB393F87D10586811F046
S31508012160040129D110608C22184693F8706011F089
S315080121708FFA034680F870602268C0F85A20A28850
S31508012180A0F85E20A27980F860202868D864AA7928
S31508012190A98883F85220FF2283F8752083F87620D0
S315080121A040F6FF72A3F86E20064AA3F8501011688C
S315080121B013605960184670BD1A1D0346CBE700BF68
S315080121C0505101204C510120054A0346106800B9B7
S315080121D07047B0F86E209A42FAD04068F7E700BF18
S315080121E04C510120054A0346106800B9704790F81A
S315080121F070209A42FAD04068F7E700BF4C51012097
S3150801220010B9024B18687047406870474C51012055
S315080122100023114A2DE9F0418C21136080460246BC
S315080122200120F8F711FC044620B905460B4E30602B
S31508012230454502D32046BDE8F0810120F8F76AFC3E
S3150801224007468C220021013511F022FA87F87050D1
S3150801225037603E1DECE700BF4C510120505101206B
S31508012260012310B58B4090F87110044621EA030149
S3150801227049B280F87110002949D11AF05AF8204656
S3150801228018F0A3FB102104F118001AF06AFF204682
S3150801229002F02EF804F1380011F0D0FC204618F0AF
S315080122A0F6FA214A13681BB19C42596830D111606C
S315080122B0A36859050BD51A0509D443F40063A18906
S315080122C094F87000A36004F1780205F009FD002373
S315080122D0204663601AF00AFF15F03CFD4FF4807240
S315080122E0B2FBF0F2424394F870300344B3FBF2F1C7
S315080122F002FB1133DBB2591EC9B2FD29F5D884F8A0
S31508012300703000236360094B1A6852B91C6010BD0E
S315080123101A465B68002BCBD09C42F9D1636853609F
S31508012320C6E7131D5268F0E74C51012050510120B0
S3150801233090F8743003F00B03013BDBB20A2B9ABF0A
S31508012340014AD05C00207047D00403081FB5014636
S3150801235090F870308DF80430FFF7EAFFB1F8623073
S315080123608DF80C00ADF80630B1F8643001AAADF865
S315080123700A30B1F86630054840F20311ADF8083065
S315080123801AF0C8FE05B05DF804FB00BF985101209C
S3150801239007B590F870308DF8051001AA40F20721AB
S315080123A003488DF804301AF0B5FE03B05DF804FB56
S315080123B09851012038B50A4B04461B680D462BB1C6
S315080123C043699B0702D516F0D3F930B12A4620682E
S315080123D00421BDE8384018F008BAA3699D6138BDE3
S315080123E054510120014B1860704700BF5451012018
S315080123F0024B1868003818BF012070475451012054
S3150801240013B50446019120B901A811F017FC212042
S3150801241012E008460029FAD011F09CFC80B2002887
S31508012420F2D0094B20461B6801994BB1984728B948
S315080124302046019901F0D0F802B010BD0020FBE753
S3150801244001F00CFDF3E700BF54510120436A70B552
S315080124505904044616D4154A03F4004392F8242075
S31508012460012A10D1826A92040DD4002B00F10101D0
S315080124700CBF5320142016F025F918B9636A43F0E6
S315080124800803636270BD002BFCD1094D661C294601
S31508012490304600F0A3FC0028F4D12B68C4F80130BB
S315080124A0AB88A4F80530AB79E371E7E79C510120C5
S315080124B0A75101202DE9F0411E4E3071C0B33346B4
S315080124C000224821F1F7C0FD38B905464FF0480802
S315080124D007463379AB4202DC0020BDE8F081346857
S315080124E0002108FB05441422A76104F1340011F008
S315080124F0CFF8A0224FF4A073C4E90723072304F1F8
S31508012500100084F83130E773E77111F097FB04F195
S31508012510140011F093FB204615F08AFD40F20113D1
S31508012520E3857F23A76284F8323067620135D0E7F5
S315080125303060D1E758510120084A03461179814292
S3150801254009D9106840B103EBC30300EBC300406A25
S3150801255000F0010070470020704700BF5851012064
S3150801256038B504460D46FFF7E7FF034640B100209C
S31508012570044B04EBC4041B6803EBC4032B6038BD8E
S315080125802120FBE7585101202DE9F04F0446344A32
S3150801259093B0106851680FAB03C3906812AA18600C
S315080125A0E37B94F82E7002EB430333F80C1C636A41
S315080125B094F82F60DA0444D40126374641F0100115
S315080125C094F80E80C3F340495B0348BF49F00209FA
S315080125D08BB288F00808012F94F800A094F83150BE
S315080125E00B9304F1080BD4E90723C8F3C00894F93F
S315080125F0324005D0022F03D0042F14BF002703272A
S31508012600012E05D0022E03D0042E14BF0026032660
S315080126105046CDE90C2315F0AFFDDDE90C23012168
S31508012620CDE90760CDE900515046CDE90547CDE929
S3150801263003B90B99CDF8088001F094FE13B0BDE8F3
S31508012640F08FA26A950648BF41F02001500648BF9F
S3150801265041F04001DA0348BF41F00401B0E700BF89
S31508012660DC04030837B5044648B104782046FFF769
S3150801267063FF10B9002003B030BD0134E4B2074D41
S315080126802B79A342F6D9204601A9FFF769FF08B9B4
S315080126900198F0E70134E4B2F2E700BF585101208E
S315080126A02DE9F04F054600F1100887B0404605F1BF
S315080126B014090C46164611F0C1FA484611F0BEFA3D
S315080126C0002011F086FC0390002800F00B81012EF2
S315080126D040F2726618BF1F26012C63D0022C0CBF6C
S315080126E006240424022115F0ADFC0121039815F0F6
S315080126F0A9FC2146039815F0A5FC039811F02AFBBD
S31508012700012384B2311B0A22009389B242F60723B8
S31508012710039815F0E7FC04230444A4B2311B009383
S31508012720122242F60423039889B215F0DBFC00EB6A
S31508012730040A1FFA8AFA039BA6EB0A07012F0493D8
S3150801274032DC0024DFF8A0A1DDF80CB09AF82430B9
S31508012750002B00F0A780404611F070FA6B6AC5F8A5
S3150801276010B043F080026A62DB0400F1AD809AF88A
S315080127702400002840F0A88011F02BFC03900028C3
S3150801278000F0A280314615F068FC002840F3A680C7
S315080127904846039C11F052FA6B6A6C6143F48073E4
S315080127A06B6291E005249DE7002011F012FC05906B
S315080127B00028C6D0022100F0AFFEB41EA4EB0A041D
S315080127C0A4B28442824613D224F001011FFA81FB86
S315080127D0411A05A8DA4611F05FFB4FF0020BBAF170
S315080127E0000F08D10598E8B905A811F027FAA8E756
S315080127F04FF0030BF3E70AF101010498C9B215F08A
S3150801280021FC5946049815F01DFC059904A811F0F8
S31508012810BCFB002011F0DDFB0590002836D0A4EBA7
S315080128200A04A4B2022C38BF0224A4F1020B1FFA2F
S315080128308BFBBBF10F0F30D9102100F06DFE8345DC
S3150801284004461FD22BF00F011FFA81FB411A05A876
S315080128505C4611F021FB4FF0060B611C0498C9B2C6
S3150801286015F0F0FB5946049815F0ECFB059904A8F8
S3150801287011F08BFB0AF102031C44A4B2BAF1000F52
S3150801288008D15FE748B14FF0070BE6E705A811F055
S31508012890D5F954460234A4B254E705A811F0CEF985
S315080128A05446EBE7391B89B2584615F0D6FB044660
S315080128B04046039F11F0C2F96B6A2F6143F080020B
S315080128C06A62002C3FF450AF686A10F0100002D01B
S315080128D0284615F08CFC07B0BDE8F08F03A811F067
S315080128E0ADF9F1E71A20F6E79C51012070B5144BB2
S315080128F00546197918680023994201DC1A201AE05D
S31508012900426AD60718D490F83940640714D4DCB261
S3150801291003460C4903F8014BD1F80B6042F0090252
S31508012920C0F80160B1F80F60497C9E8099714262D6
S31508012930FFF72AFE2C7070BD01334830DCE700BF73
S31508012940585101209C51012073B50579C67801A912
S315080129502846FFF705FEE8B9019C636A23F01003D0
S31508012960636276B92946A069621C0F4B00F09CF890
S31508012970222231460C48A66102B0BDE8704010F02B
S3150801298087BE204615F054FB636A5A0604D523F020
S315080129904003636202B070BD284604F1340102B0F7
S315080129A0BDE8704004F076BEC251012037B5044631
S315080129B00D4615F08DFD6988204615F0C0F96A7E29
S315080129C02B7E204643EA0223A4F862306A7F2B7FD6
S315080129D043EA0223A4F86430EA7EAB7E43EA022383
S315080129E0A4F866301B23A4F86C302D4B5A8B9B8BAD
S315080129F0A4F86820A4F86A30022384F8723019F022
S31508012A0097FC204617F0BCFF94F87330022B15D1BA
S31508012A1001F0D2FE70B194F9753001330AD105215E
S31508012A202046A36843F48053A36003B0BDE8304051
S31508012A3015F0CABD0021204615F084F9002120466B
S31508012A4000F044FA4FF6FF73288C984225D000F01F
S31508012A50EFF9009400F0DAF96A46ADF8040040F29D
S31508012A60062110481AF056FB002240F202212046A0
S31508012A701AF00CFB2046FFF769FC204617F08CFF7D
S31508012A80204601F0B7FBA368012123F480432046C1
S31508012A90A36015F09DFD03B030BD0020D9E700BF46
S31508012AA09C51012098510120F7B504460F46164658
S31508012AB068465A79991D1D4600F06EF92CB9694682
S31508012AC03046FFF743FB0446A0B140F2032384F8DE
S31508012AD07670A4F8723033682946C4F85A30B38838
S31508012AE02046A4F85E30B37984F86030FFF75EFFBC
S31508012AF003B0F0BD032140F2064017F00BFE6B88C8
S31508012B00A0F803300D2343710148F9F7F7F9EFE708
S31508012B10CB6C0208A0F11B03E02B10B5044618D8AC
S31508012B20042142F2240017F0F5FD6FF06F0343719B
S31508012B304223A0F8034083710748F9F7DFF917F034
S31508012B4017FE407920B117F013FE407940F4805002
S31508012B5010BD2120FCE700BFE76D020807B590F814
S31508012B6070304FF4887101AA03488DF804301AF0C1
S31508012B70D1FA03B05DF804FB98510120F7B5C67880
S31508012B8005463C2E00F1020404D103B0BDE8F0402D
S31508012B9015F06BBC87792FBB214A156A1762D6B126
S31508012BA02146284646F4805615F092FC40F201214A
S31508012BB06A462846EE6085F87270CDE900561AF025
S31508012BC0A9FAAB68394643F480632846AB60FFF738
S31508012BD047FB03B0F0BD2146284603B0BDE8F040E7
S31508012BE0FFF7E4BE4FF6FF73408C98420DD000F014
S31508012BF01FF950B100F08CF823460246FF21002048
S31508012C0003B0BDE8F040FFF74FBF064B223554F835
S31508012C10042BAC4243F8042BF9D122881A80D8E751
S31508012C209C510120C25101201FB50446B0F803008A
S31508012C30FFF7CAFA08B3B4F8053090F87020A0F87F
S31508012C406C308DF80420ADF80630227AE37940F22B
S31508012C50091143EA0223ADF80830A27A637A0848D3
S31508012C6043EA0223ADF80A30227BE37A43EA0223D8
S31508012C7001AAADF80C301AF04DFA04B010BD00BF28
S31508012C80985101201FB504468088FFF79DFA80B147
S31508012C9090F870300E218DF80430D4F806300648C5
S31508012CA0CDF80530D4F80A3001AACDF809301AF062
S31508012CB031FA04B010BD00BF9851012013B504467E
S31508012CC08088FFF781FAD8B190F870306A468DF896
S31508012CD00030E3784FF403718DF80130A379094880
S31508012CE08DF80230E3798DF80330237A8DF80430B4
S31508012CF0637A8DF80530A37A8DF806301AF00AFA48
S31508012D0002B010BD9851012000487047A751012013
S31508012D10044890F8241000F10B020430012918BF69
S31508012D20104670479C51012038B58379044613F043
S31508012D30280F25D00368134DC5F80B308388A5F8ED
S31508012D400F30837900206B74FFF78CFC40B92B6830
S31508012D50032043F002032B60BDE838400DF0DAB8D2
S31508012D60436A13F4404FEFD1226843F00803C0F8D1
S31508012D700120A288A0F80520A2794362C271E3E77F
S31508012D80212038BD9C5101204379024A9B09D05C18
S31508012D90704700BFF80403080B6810B503608B88F9
S31508012DA0FF2A0446838002D10723A37109E0032A77
S31508012DB008D8054B9B5C072B837102D1FFF7E4FF0B
S31508012DC0A07110BD0023F0E7FC0403088379024AC9
S31508012DD003F00703D05C7047F004030810B5827945
S31508012DE08B79094C02F0070203F00703A25CE35C46
S31508012DF09A4206D1062210F021FCB0FA80F0400969
S31508012E0010BD0020FCE700BFE804030850B11422F6
S31508012E10064B1B68C31AB3FBF2F3007C40EA032096
S31508012E2080B270474FF6FF70704700BF485F0120B8
S31508012E30024609490B7A0968FF2B01D10020704720
S31508012E4003EB830301EB830031F82330C3F30B0350
S31508012E509342F4D0437CEFE7485F0120F722014B08
S31508012E601A807047A460012010B5044658B300685B
S31508012E70836CA3421FD163688364224612491AF000
S31508012E8015F904F10C001AF031F904F1440010F0B7
S31508012E90D5FEA06948B1143010F0D0FEA0691830EB
S31508012EA010F0CCFEA06911F03DFA2046BDE81040AD
S31508012EB011F038BA1346002BDFD05A68A242F9D16D
S31508012EC062685A60D9E710BD0188020870B50546DF
S31508012ED048200E4611F021FA044650B1FFF788FA48
S31508012EE060B11C2011F019FAA06128B9204611F029
S31508012EF019FA0024204670BD0023037003212846D1
S31508012F0014F020FFAB6C22466360AC64172326815C
S31508012F1000266381144928462560267766640CF0E5
S31508012F2093FE04F04BFD3246014604F10C000CF009
S31508012F308BFE02232374FFF75BFA18B90B4B1B7838
S31508012F40002BD7D00A4B19881729D3D9204614F054
S31508012F5087FF0028CED11321204615F016FC636998
S31508012F6043F002036361C5E701880208CD5B0120CE
S31508012F70A4600120F8B5054610B3002920DB114CE1
S31508012F802468247E8C421BDD3F2919DC032701F0C6
S31508012F90030600EBA10191F831407600B74002F033
S31508012FA0030224EA0704B240224381F8312013B10F
S31508012FB0002115F0A4FC2846BDE8F84015F0FCBC34
S31508012FC0F8BD00BF6851012070B5164600221A7077
S31508012FD032800A7A0D46072A4DD8DFE802F004093D
S31508012FE00D111A1E304AE86830F8023B338043E077
S31508012FF0EB68981D5B88F9E7EB68981D9B88F5E7F0
S31508013000697B15F0C9FC02221C4B188018463280D0
S3150801301032E002231A4833802EE01A4C2B7BE889CA
S3150801302023702B88E11C013363702B8801331B1233
S31508013030A37000F0D9F90330308020461CE0124C09
S31508013040A889EB89020AA3701B0A20706270E370D3
S3150801305000F03CFA58B1C3681A88022A07D19A784F
S315080130602271DB78637106230748338004E0042361
S31508013070FAE780221A70002070BD00BFE75B0120C5
S3150801308000050308D45B0120CE5B0120054A064BE7
S315080130901860136843F001031360828B034B1A808F
S315080130A0704700BF60510120685101206656012012
S315080130B000232DE9F04FDFF8B89191B0D9F80070E7
S315080130C0054617F00807CDE90633CDE908330AD0D6
S315080130D0644B03F1100253F8041B934245F8041B91
S315080130E0F9D1002015E01022394610F0D1FA032053
S315080130F0F1F78CFB11F011F9804648B10620F1F77A
S3150801310085FB11F00AF9064630B9404611F00AF96D
S315080131101A2011B0BDE8F08FCDE90477F3F73EF830
S31508013120044668B1404611F0FDF8304611F0FAF848
S3150801313040F20740214601F0E3FB40F20740E8E789
S315080131400EF036FB4FF4A053DFF828A10002C6E9BA
S31508013150023A454B7060336010223046776104AB02
S3150801316006A9F2F731FE0446A0B95246404604992B
S315080131700FF0F6F9044668B9BB463C4BBAB21B6870
S31508013180D988914227D810222946404605AB0FF027
S315080131900CFA044640460FF0C6F9404611F0C2F84B
S315080131A030460FF0B6FB304611F0BCF804980FF024
S315080131B0C5F8002CBCD12B4B05F1100255F8041BA0
S315080131C0954243F8041BF9D1D9F8003043F00803B6
S315080131D0C9F8003085E71A68BCB2210102EB04146C
S315080131E02046ADF80EB00191009215F0E8FF82462F
S315080131F0204600F03FF930B3DDE90021AAF5205059
S3150801320080B2032802D9BAF5245F1ED1525A00208A
S315080132102146ADF828200DF10D030DF10E02ADF88A
S315080132202AA0FFF7D1FEBDF80E2001460BA810F023
S3150801323037FABDF80E20404604320AA90FF093F971
S3150801324004460028A6D1013797E70AF55640FF300C
S3150801325080B20428F7D8525AADF82AA0ADF828202A
S31508013260E7E700BFE95B01200024800068510120DF
S31508013270605101200002C003134B01461B6870B55B
S3150801328013F0040306D00022104B1C68E38990B2A0
S31508013290834209D80E4A14680022E58990B285420C
S315080132A009D84FF6FF7005E0A56835F812500132C6
S315080132B08D42ECD170BDA66836F8126001328E4295
S315080132C0ECD1034498B2F5E760510120645101201D
S315080132D068510120094B1B685B070AD5084B1A6818
S315080132E0D389834203D9936833F810007047C01A0B
S315080132F080B2044B1B689B68F6E700BF605101204A
S31508013300645101206851012038B5046805460C222C
S315080133102046084910F092F950B90222064904F1EB
S315080133200E0010F08BF918B902200C342C6038BD48
S315080133301020FCE703050308110503082DE9F743E7
S31508013340102801910BD0022804D04FF6FF7003B064
S31508013350BDE8F083019B1888FFF78EFFF7E701A800
S31508013360FFF7D2FF0228F5D01028EED11B4B019F9B
S315080133701E6816F0040608D00024194BD3F80080FD
S31508013380B8F81660A5B2AE421AD80025154BD3F87F
S315080133900080B8F81690ACB24C45D6D2D8F81000D1
S315080133A0102200EB0510394610F048F901350028BE
S315080133B0F1D1A0196FEA40406FEA504080B2C6E7E2
S315080133C0D8F81000102200EB0410394610F036F92F
S315080133D001340028D6D145F40040B8E760510120F0
S315080133E06451012068510120020408B51DD5124B0C
S315080133F0C0F30E001B685B0713D5104B1A68D38AF6
S3150801340098420CD2136903EB001000F1100350F82F
S31508013410042B984241F8042BF9D1102008BDC01A93
S3150801342080B2074B1B681B69EDE7FFF753FF08706E
S31508013430000A48700220F1E7605101206451012019
S315080134406851012038B50446094B1B681D68A54219
S3150801345009D2204621B915F0BCFE30B1103402E07C
S3150801346015F0C0FE08B1204638BD103CEFE700BF95
S3150801347068510120437ADA0702D5C3F38000704701
S31508013480034BC2881B881A4214BF012000207047CB
S31508013490665601200A4B1B68DB0708D570B1094B34
S315080134A01B68DB88834234BF00200120704728B19E
S315080134B0054B1B88834294BF00200120704700BF3B
S315080134C060510120685101206856012070B50246F5
S315080134D0FFF7E0FFE8B10F4B1968CD88954209D38C
S315080134E002F180500B680138040103EB00101B5BE5
S315080134F093420ED0002398B2854201D8002008E0F5
S315080135000E681C01345B06EB0310944203F10103B8
S31508013510F1D170BD685101202DE9F34100250E4610
S31508013520A846174F01903A68ABB2D18899421DD97E
S315080135301468ABB204EB0314B4F90430002B1CDA9B
S315080135402046FFF797FFC0B1E1680B889E4214D168
S3150801355032460198023110F09EFEE36882B21B885A
S31508013560934207D0114601A810F096FC404602B0D6
S31508013570BDE8F08143441FFA83F80135D3E700BF5C
S31508013580685101207FB5134B0E4605460446039341
S31508013590A0B115F09DF978B900223146204615F0FB
S315080135A0C7FA022807D1802331460093204604230F
S315080135B003AA15F0EEFE0DB104B070BD204615F054
S315080135C056F904460028F7D015F082F90028F5D1F6
S315080135D0E2E700BF0100FFFF2DE9F04F97B08346F0
S315080135E0099115F0BBF8099883790C33C45CC518A1
S315080135F010F0B0FB202C0646099F26D8012C28D9A5
S31508013600C74BA21ED2B2D340DA0722D5384697F85D
S31508013610068010F09FFBBBF80A2083B29A4228D293
S3150801362014F0010240F0A78004F07F03522B00F04A
S31508013630A2801E2C00F09F80099B214600935846C4
S31508013640042314F01EFC21240CE004F07F03522B02
S31508013650DCD02146062300225846009714F011FCB7
S3150801366041F20614584615F07EF8204617B0BDE813
S31508013670F08F47443A7B013B202A9BB246D8012A60
S31508013680CED9023A1E2ACBD801A151F822F000BFA1
S315080136902D3701082136010831370108213601087D
S315080136A0253701082136010819370108213601088D
S315080136B02D3701082136010831370108213601085D
S315080136C0353701082136010819370108213601085D
S315080136D06337010821360108213601082136010818
S315080136E067370108213601086B37010821360108B9
S315080136F0213601082136010821360108213601083B
S315080137006F3701082136010835370108522A28D0B2
S31508013710D22A85D10D2B06E0062B11D0142B7FF466
S315080137207FAF0DE0052B7FF67BAF09E0022BF6E7AD
S31508013730042BF4E7032B7FF673AFDB073FF570AF76
S31508013740022C00F00281DBF800309B689F0516D435
S315080137500BF1440010F072FA099BCBF844300024AF
S3150801376080E7012BDFE7032BDDE7012BD7E7002BEA
S315080137707FF456AFE4E709A810F060FA63E71E2C58
S3150801378000F03683584615F0A3F80746002840F09E
S315080137908280584615F097F800287CD004F07F03FC
S315080137A0522B00F0CE80082C68D1B6B2152E14BF64
S315080137B002201020691D15F071F800285ED0DBF88B
S315080137C01430D8074BBF23F0010343F001033946F0
S315080137D0012158464CBFCBF81430CBF8143015F0FC
S315080137E08EF809980D9014F0BBFA0446B0F80180DA
S315080137F0B0F803900D9810F0ADFA152814BF0225FC
S315080138001025053421462846FFF798FD21460390E1
S31508013810284615F043F80490B8F1000F00F05281DC
S31508013820C84500F24F81022109200D9A14F0B9FA10
S31508013830BBF80A708246023FBFB23E4640464FF089
S31508013840FF354946039A15F03EFB0446002800F069
S315080138507B8115F0F5F8002800F0938101222146B5
S31508013860584615F094F903468DF82E00002800F005
S315080138702E810D9A009222460821B2E0DBF8143017
S3150801388013F001064ED023F0010300215846CBF868
S31508013890143015F034F8202C72D8032C75D9231F4F
S315080138A01C2B72D801A252F823F000BF993B0108DC
S315080138B08B3901088B3C01088B390108E33701086C
S315080138C08B390108753D01088B390108933D0108BB
S315080138D08B390108A93D01088B3901089739010877
S315080138E08B390108C13D01088B3901088B3901085B
S315080138F08B390108DD3D01088B390108E73D0108CF
S315080139008B3901088B3901088B3901088B39010874
S315080139108B390108F13D01088B390108B73D0108CA
S315080139205555515043F0010301215846CBF814303F
S3150801393014F0E5FF1223324621465846009614F044
S31508013940A0FA09A810F07AF909E7099DBA4C2846A0
S3150801395014F006FA2188B0F801602A46584614F090
S31508013960A5FA2388BBF80A10B34228BF3346172B9A
S31508013970B8BF17235846ABF80A3014F0DBFEEEE65B
S31508013980522C00F02482D22CDBD0099B0022009312
S315080139902146062325E0099F384614F0E1F9054634
S315080139A0B0F80180B0F803A0384610F0D3F915280D
S315080139B00CBF20460220691DFFF7C0FCB5F805308B
S315080139C004900793B8F1000F07D0D04505D815F034
S315080139D0D8FB50B91023009701E00123009742460E
S315080139E01021584614F04DFAB9E63A46022111203B
S315080139F014F0D7F944464FF0FF35BBF80A30059065
S31508013A009E1E0393063B9BB2B6B2089351462046C7
S31508013A10049A15F058FA814668B35146079A15F083
S31508013A209FFA0446484615F00BF840B94FF6FF735E
S31508013A309C4201D00134A4B25445E7D91BE04FF0AA
S31508013A4000030DAAADF8343049460CAB584615F0BB
S31508013A503BF9039ABDF83430053A9A42089A06901A
S31508013A60D8BF1346002DADF8343009DB9D4202D18B
S31508013A70EB1CB34208DB691C1CD10A230097AEE78D
S31508013A80351F9D42A8BF1D46042211A93846ADF827
S31508013A904490ADF8464010F0FEFB2A463846069992
S31508013AA010F0F9FB4FF6FF73043E761B9C42B6B243
S31508013AB0C0D1E0E73946059B04355D705846FEF7E7
S31508013AC079FC4CE60D9B009301234246D4E6049B00
S31508013AD013B1204614F098FF204614F0C9FFD8B157
S31508013AE0002D54DC0DA810F0A9F8082358468BF8C8
S31508013AF01C3050F80C2B40F2025192F870208DF8C8
S31508013B00483000238DF8442011AAADF84640ADF897
S31508013B104A3019F0FFFA22E6ADF844000DF12E03FA
S31508013B202146584611AA15F0CFF8BDF8443005903C
S31508013B30BB4228BF3B46002DADF844300ADBAB42F9
S31508013B4002D16B1CB34209DB6A1C0D9B1FD1009382
S31508013B500A23BAE7B51E9D42A8BF1D4602220CA933
S31508013B600D98ADF8304010F096FB2A4605990D9848
S31508013B7010F091FB4FF6FF73023E761B9C42B6B2DC
S31508013B80E2D0601C80B28145BFF45BAEDCE702354A
S31508013B900D998AF8015091E7DDF82490484614F00A
S31508013BA0DFF8B0F80330B0F801800493B8F1000FDC
S31508013BB044D0984542D84FF6FF774A460221052058
S31508013BC014F0EFF84546BA46BBF80A400590023CA0
S31508013BD0A4B22946584615F058FA504506464CD01F
S31508013BE04FF400622946584614F0D1FF00283FD108
S31508013BF0304615F0E2FA00280CBF02231023574578
S31508013C00039321D0304615F0D8FA0690384615F0B8
S31508013C10D4FA069B834203D1039B0133A34214DBE7
S31508013C20384615F0CAFA059B0130194658705846A8
S31508013C3014F010F993E500BFA46001200123CDF823
S31508013C40009042460421CCE637460DF1460130463E
S31508013C50ADF84450FFF7C8FB039B48469A1C11A9C7
S31508013C6010F019FB039B023CE41A5545A4B2D7D0C0
S31508013C70049B0135ADB2AB42ABD24FF6FF739F42FF
S31508013C80CED10A23CDF80090DBE7DDF82490002495
S31508013C90484614F065F8B0F80530B0F803A0B0F856
S31508013CA0016007464846039310F054F8C51FADB2A4
S31508013CB0102D0C945AD82A46F91D0DA80FF0F0FCC0
S31508013CC0002E55D0564553D84A460121072014F0EF
S31508013CD068F8A046074633460A249A45049307D945
S31508013CE03946BBF80A0014F03FF80328049B04D8A8
S31508013CF0B8F1000F1CD0394699E7ADF84430039B5B
S31508013D005846ADF848300DAB139300230BAA009320
S31508013D1011A90DF12E03ADF846A0ADF8505015F0D6
S31508013D204BF90A280446E3D0BDF82C3030B11E46BB
S31508013D30234632460621CDF8009052E6ADF83030DA
S31508013D40BDF82E300CAAADF8323039460423BBF83B
S31508013D500A0014F014F84FF6FF72BDF82E3093429C
S31508013D60C9D001334FF001089BB2B6E70424DFE757
S31508013D700124DDE70A23099C8BF81C30204613F041
S31508013D80EFFF23460022B0F80110584615F0D1FB83
S31508013D90E5E4099C204613F0E3FF0C238BF81C305D
S31508013DA0B0F803202346EEE75A460F210E20099B59
S31508013DB015F018FCD3E45A4621212020099BF7E780
S31508013DC05846099AB5F8011015F0F9FCC7E45846A2
S31508013DD0099AB5F8011015F04DFDC0E45846099940
S31508013DE015F087FDBBE45846697815F0EDFDA8E5A1
S31508013DF0584615F009FEA4E57FB5174A0646136825
S31508013E0042F6052023F00803136015F097F80546D6
S31508013E1050B16846FFF74CF9002014F028FD044616
S31508013E2020B92946FFF7AEFB04B070BD10226846DB
S31508013E3004F121010FF002FC38B10121204614F0EA
S31508013E405EFD636923F0010363611EB131462046B5
S31508013E5015F04CF92046E0E76051012037B58B791A
S31508013E600A460C33CD180191C95C044611F00103C9
S31508013E7029D01D290AD101211E2013F092FF0146DE
S31508013E80204613F0E7FF012003B030BD032916D100
S31508013E900E4BB5F801201B884189934228BF13466A
S31508013EA0172BB8BF1723438114F044FC636940F20A
S31508013EB0094123F002032046636114F063FC01A85B
S31508013EC00FF0BCFEDFE71846DEE700BFA46001205D
S31508013ED038B5124B04461B8842898B4228BF0B46CC
S31508013EE0172BB8BF17231146438114F023FC6369C6
S31508013EF023F002036361A3699D693DB10022294646
S31508013F0020469A61BDE83840FEF754BA40F20941A5
S31508013F10204614F037FCA3691D7038BDA460012042
S31508013F200148FEF75FBA00BFA97301080022024BD8
S31508013F30C3E900229A60704770510120014B18604D
S31508013F40704700BF6C51012013B500F0E9F978B14B
S31508013F50019083790C33C418204604F02FFB0346DD
S31508013F6010B1204601A9984701A80FF067FE08E09D
S31508013F7000F0E2F9019020B1034B1B68002BF3D046
S31508013F80984702B010BD00BF6C51012010B5044618
S31508013F90062142F2050016F0BDFB2368C0F803307E
S31508013FA0A388A0F807300648F7F7A8FF16F0E0FB44
S31508013FB0407918B1BDE8104016F089BB10BD00BFA5
S31508013FC065BF000810B5044606214FF6284016F0CD
S31508013FD0A1FB2368C0F80330A388A0F80730064878
S31508013FE0F7F78CFF16F0C4FB407918B1BDE810400D
S31508013FF016F06DBB10BD00BFA5C0000838B5054653
S315080140000C4669B9022142F21B0016F083FBB5F88A
S315080140106E30A0F803300D48BDE83840F7F76EBF9B
S31508014020122142F21A0016F075FB2146B5F86E30D8
S31508014030053020F8023C04F1100351F8042B99428B
S3150801404040F8042BF9D10248E6E700BF496C02089B
S31508014050856C020808B5002142F20E0016F05AFBDB
S31508014060BDE808400148F7F749BF00BFB76D020828
S3150801407038B590F872300446032B154606D1FFF77A
S31508014080E9FF0123002084F8723019E0C9B9012B30
S315080140902DD9032140F2064016F03CFBB4F86E30E8
S315080140A04571A0F803301348F7F728FF16F060FBAF
S315080140B08378002BE5D016F05BFB807840F48050BE
S315080140C038BDA3B102214FF6044016F023FBB4F81C
S315080140D06E30A0F803300848F7F710FF16F048FBD2
S315080140E04379002BCDD016F043FB4079E6E7022051
S315080140F0E6E700BFCB6C0208016D0208F8B5074672
S315080141000E4642F213000E2115461C4616F002FB16
S31508014110B7F86E30A0F80560A0F80330BDF818307E
S31508014120A0F80750A0F80B30BDF81C30A0F80940DC
S31508014130A0F80D30BDF82030A0F80F300648F7F783
S31508014140DDFE16F015FB807820B116F011FB80789C
S3150801415040F48050F8BD00BF436D0208F8B5074624
S315080141600D4642F219001C211C46164616F0D2FAD3
S31508014170B7F86E300F3020F80C3C2B6804F11002AA
S3150801418040F80A3C6B6820F8026C40F8063C234666
S3150801419053F8041B934240F8041BF9D10648F7F774
S315080141A0ADFE16F0E5FA807820B116F0E1FA8078CE
S315080141B040F48050F8BD00BFF36B020870B506469F
S315080141C00D4642F27A000421144616F0A3FAA0F825
S315080141D00360457184710648F7F790FE16F0C8FA30
S315080141E0407918B1BDE8704016F078BA70BD00BFC5
S315080141F04971020810B50446022142F2300016F050
S3150801420089FAB4F86E30A0F803300B48F7F776FE52
S3150801421016F0AEFA43792BB916F0AAFA017A2046B6
S31508014220FEF7B6F816F0A4FA407920B116F0A0FA0E
S31508014230407940F4805010BD1DC1000801480FF0B7
S315080142401BBD00BF7451012040F6FF732DE9F341F0
S315080142500D46B0F86E100192994205D101A80FF0EA
S31508014260EDFC02B0BDE8F0811146134601229BBB65
S315080142701E480FF0D1FDFFF7E1FF04460028F0D0F4
S315080142800FF068FD6379074603F001086FF3000331
S31508014290637104212046A6680FF09FFE4379044600
S315080142A068F300034371DB438179B6F86E200C315C
S315080142B0866003F001036254C2F30322084442EA0A
S315080142C003124270478022463046294618F032F8D2
S315080142D02046F7F727FECEE75C79986024F00304B9
S315080142E014435C7100221B68C1E700BF74510120A9
S315080142F070B50546064C206800B970BD8368AB42A7
S3150801430004D10668F6F720FA2660F4E70446F2E7D0
S3150801431074510120014601480FF07EBD78510120F4
S3150801432001480FF0A9BC00BF785101200146014898
S315080143300FF072BD70510120034803680BB10FF0ED
S315080143409BBC1846704700BF70510120044B1A6880
S3150801435022B99868003818BF0120704701207047B4
S31508014360705101202DE9F041154606460F4642F2E5
S31508014370360019211C46DDF8248016F0CBF92B0AE4
S31508014380C371230A83729DF81830857103739DF8EA
S315080143901C30447243739DF820302D0C240CC670D2
S315080143A087800572C4728373D8F80030C0F80F305D
S315080143B0B8F804308676A0F813309DF8283043758E
S315080143C09DF92C3083759DF83030C375002303762B
S315080143D09DF8343043769DF83830C3760648F7F7AA
S315080143E08DFD16F0C5F9407920B116F0C1F940796D
S315080143F040F48050BDE8F0818103010838B50546CF
S315080144000C464FF61940052116F084F9C57044602B
S315080144100548F7F773FD16F0ABF9407918B1BDE811
S31508014420384016F0ACB938BD3B6B020838B50546BD
S315080144300C464FF61A40052116F06CF9C570446012
S315080144400548F7F75BFD16F093F9407918B1BDE811
S31508014450384016F094B938BD6B6B020870B50D4635
S3150801446006460121DAB1FFF7C9FF0446A8B90721B3
S3150801447042F2350016F04EF9C6702B684360AB88D8
S3150801448003810848F7F73AFD16F072F9437923B123
S3150801449016F06EF9447944F48054204670BDFFF74E
S315080144A0C5FFE2E7F36902080A4610B50421044686
S315080144B042F2370016F039F9032303710023C47059
S315080144C0437183710548F7F719FD16F051F94079DB
S315080144D018B1BDE8104016F052B910BD2B6A020892
S315080144E00A4610B50421044642F2380016F01DF9B1
S315080144F0032303710023C470437183710548F7F7D9
S31508014500FDFC16F035F9407918B1BDE8104016F0F2
S3150801451036B910BD776A0208F8B506460F4642F263
S315080145203900062114461D4616F0F4F80123847154
S31508014530240A0371C7704671C47105720548F7F7F5
S31508014540DDFC16F015F9407918B1BDE8F84016F00A
S3150801455016B9F8BDC36A02080148FFF7EFBC00BFE8
S31508014560654501082DE9F04F867987B00C36059027
S315080145700546805BC0F30B00FDF726FE044618B915
S3150801458005A80FF05BFB4EE090F87230022BF7D1CD
S31508014590AB5B059AC3F30B0103F44053B3F5805F94
S315080145A09060A95342D153796FF300035371836B1A
S315080145B0002BE5D0042105A804F138060FF045FCC7
S315080145C0304605990FF028FCA06B002301465A1CBA
S315080145D0A9BBDBB2012B01D90FF08FFCA06B0FF041
S315080145E0B9FB03281FD9D4F83890484699F80670BC
S315080145F00FF0B0FB0C3709EB070539F80770A0F186
S315080146000408474522D9524FD4F838A007F11009B2
S3150801461057F804BB5346424629462046D8474F45D4
S3150801462010D00028F4D007B0BDE8F08F38300FF06D
S3150801463005FB059A537943F001035371BAE713460B
S315080146400968C4E70028EED130469AE7A06B0FF057
S3150801465081FB04378742F7D36988A1F140033F2BD1
S315080146600BD8042130460FF0F0FB2046A26B69886F
S3150801467016F005F90023A363D5E705290BD006290A
S3150801468061D00429E0D130460FF0DFFBA16BA06CA5
S31508014690FDF7B6FEEEE72946204616F0EEF8024685
S315080146A00028D1D12B79122B06D0132B36D02046D0
S315080146B0697916F0BAF8C7E794F87330022BF6D081
S315080146C040F67A4029898B1F9BB2834224D86A898E
S315080146D0931F9BB283421FD891421DD8AB89B3F56C
S315080146E0FA7F19D240F6764CEF89A7F10A0080B213
S315080146F0604511D8B4F86A000290B4F86800CDE9AB
S3150801470000702046FFF7FAFC021E18BF0122204658
S31508014710697916F046F897E70122F8E794F87330B5
S31508014720012B03D12046697916F07FF8A3681A048C
S315080147308AD523F40043A3602B89012B84D1204613
S31508014740FEF70CFA80E72046A16B16F017F991E7F8
S31508014750140503080C4B01461A789AB95B689B073E
S3150801476010D490F97520013218BF012291F8523000
S3150801477013F0400005D091F8600010F0400018BF12
S31508014780D0B270470122F1E77C510120024B5868EB
S3150801479000F00200704700BF7C510120024B5868A7
S315080147A000F00800704700BF7C510120014B1B68CF
S315080147B0184700BF545F012008B513F043FA0128D2
S315080147C009BF034B0020586800F0100008BD00BF60
S315080147D07C51012007B502460846042802F001016A
S315080147E013D9B1B903200C4B5A6002F08003019327
S315080147F002F04003009302F0200302F0040200F0E5
S31508014800ABFB002003B05DF804FB0029EBD00328BD
S31508014810E9D12120F6E700BF7C51012010B50D49E9
S315080148200D480BF0B9FA044690B90C4B0C4A1A60BC
S315080148300C4A5A600C4A9A600C4ADA6000F0F8FB96
S31508014840032104460020FFF7C5FF0022084B1A7012
S31508014850204610BDEFBEADDEBEBAFECA545F0120CA
S315080148604D4F01083FAD0208994F0108A967010894
S315080148707C51012038B504460320F6F78BF9054625
S31508014880D0B194F87030037094F8753043702046AF
S31508014890FDF74EFD2A46A87040F20261074818F056
S315080148A0F5FB074B2046DB680121984794F975000B
S315080148B0BDE83840FDF728B838BD00BF985101203A
S315080148C0545F012070B5054608200E46F6F762F9D1
S315080148D0044680B195F8703000210370064B466096
S315080148E0DB68284698472246BDE8704040F20161D8
S315080148F0024818F0CBBB70BD545F012098510120C6
S3150801490038B5054608200C46F6F744F9024638B18B
S31508014910C0E90054BDE838400D21024818F0B6BB7D
S3150801492038BD00BF9851012038B5054608200C4608
S31508014930F6F730F9024650B195F8703040F2056144
S31508014940037044600248BDE8384018F09FBB38BD83
S315080149509851012013B504460191114612B301A9D4
S3150801496004200BF029FA019B104A2046B3FBF2F109
S3150801497002FB113345F218020021019301AB16F02F
S3150801498049F90820F6F706F9024648B194F8703055
S3150801499040F204610370019B4360054818F076FBF9
S315080149A002B010BD45F2180201ABE8E740420F001C
S315080149B09851012010B504460120F6F7EBF8024696
S315080149C048B194F8703040F203610370BDE81040B5
S315080149D0014818F05BBB10BD9851012038B5054652
S315080149E008200C46F6F7D6F8024650B195F870300D
S315080149F040F20761037044600248BDE8384018F088
S31508014A0045BB38BD98510120014B5B68184700BF6B
S31508014A10545F012010B50F4C2368D3B10022D3F897
S31508014A20A0001A7783F83D2083F85E200DF086FCF6
S31508014A3020684421603018F094FB206821211D303C
S31508014A4018F08FFB20682121BDE810403E3018F090
S31508014A5088BB10BD88510120F0B5062087B0EFF755
S31508014A60D5FE0FF05AFC054640B901461A20FFF754
S31508014A7047FF6FF08C04204607B0F0BD2F4E306813
S31508014A800DF05CFC044640B110F1880F05D00146D3
S31508014A9040F20740FFF734FFEDE713F0D3F8032898
S31508014AA0074622D1002434600CF082FE00026860B9
S31508014AB06C6140F20111284615F0A9FF204B6946A1
S31508014AC0EB60204B2B6000230093F1F733FB044680
S31508014AD0E0B1014640F20740FFF712FF28460DF004
S31508014AE018FF28460FF01EFCC5E732686B686A6135
S31508014AF0DAB222B923F0FF0343F001036B600CF02D
S31508014B0057FE000240F001006860D2E7032FE5D1A5
S31508014B1001AB102202A900980DF07BFC1021044676
S31508014B2002A818F010FB02A9102017F089FA102123
S31508014B3002A818F016FB009B3360CFE784510120C9
S31508014B400044400400248000FF282DE9F84316BFDD
S31508014B501C4D1D4B45EA002581464FF00600884647
S31508014B60174608BF1D68EFF751FE0FF0D6FB06463C
S31508014B7018B3014628460DF006FC044630460DF0EA
S31508014B80C8FE30460FF0CEFB14F1880F0FD1B9F1EC
S31508014B90FF0F0ED1FFF760FF044660B90A4B1D6887
S31508014BA00020C8F8005007B13C60BDE8F883002C26
S31508014BB0F6D02120F7E70025F2E71A206FF08C04DA
S31508014BC0F1E700BF06800400845101202DE9F04178
S31508014BD08AB006AC884615460346264600F11007F4
S31508014BE0224618685968083303C2BB421446F7D1EE
S31508014BF01021304618F0A7FA002306200593EFF78F
S31508014C0005FE0FF08AFB044610B310274FF4807196
S31508014C1015F0FDFE194B1A49036005ABC160324612
S31508014C2028460293CDE900873B46F1F7BDF90546CB
S31508014C30F0B93946404618F086FA3946304618F032
S31508014C4090FA20460DF065FE20460FF06BFB0BE04F
S31508014C506FF08C0140F20740FFF752FE10213046F3
S31508014C6018F07FFA6FF08C0528460AB0BDE8F08186
S31508014C70014640F20740FFF743FEDEE700248000C5
S31508014C80004440042DE9FF4105460620884616469C
S31508014C90EFF7BCFD0FF041FB044648B901461A205F
S31508014CA0FFF72EFE6FF08C05284604B0BDE8F081AB
S31508014CB00CF07EFD2A466D4600232F4600026060F1
S31508014CC06361204606F5807115F0A1FE144BE36079
S31508014CD0144B236002F110032E46106851680832FE
S31508014CE003C69A423546F7D11021384618F02BFAF1
S31508014CF04346102239462046F1F766F8054620B1A3
S31508014D00014640F20740FFF7FBFD1021384618F02F
S31508014D1028FA20460DF0FDFD20460FF003FBC3E7F8
S31508014D2000444004002480002DE9F0434FF00009B7
S31508014D3087B0044606200E4617469846CDE90499DB
S31508014D40EFF764FD0FF0E9FA054670B30CF030FD94
S31508014D5000024FF480516860C5F81490284615F092
S31508014D6056FEDFF874901B4B21462B601022C5F8BE
S31508014D700C9004ABF1F728F8044628BB05AB02935F
S31508014D8010233246CDE9008349463B4604980DF087
S31508014D9052FC0446C0B904980DF0D0FA28460DF025
S31508014DA0B8FD28460FF0BEFA0AE06FF08C0140F212
S31508014DB00740FFF7A5FD04980DF0C0FA6FF08C04C3
S31508014DC0204607B0BDE8F083214640F20740FFF7C9
S31508014DD097FDE0E7002480000002C003F0B50E4607
S31508014DE00446154693B02022304643490EF026FC68
S31508014DF068B92022284641490EF020FC38B9404BB3
S31508014E001B681B7D002B64D040F203401BE0246C19
S31508014E102022304604F151010EF010FC38B9202247
S31508014E20284604F171010EF009FC0028ECD0062091
S31508014E30EFF7ECFC0FF071FA044630B901461A2077
S31508014E40FFF75EFD1A2013B0F0BD002700970CF09E
S31508014E50AFFC000260604FF480412046676115F09F
S31508014E60D6FD284B3046E360274B06F12002236026
S31508014E7004238DF804300DF1050350F8041B904204
S31508014E8043F8041BF9D10DF10500202118F05BF94F
S31508014E9028460DF1250305F1200250F8041B90421E
S31508014EA043F8041BF9D120210DF1250018F04BF91F
S31508014EB001A96B4641222046F0F786FF014650B903
S31508014EC020460DF026FD20460FF02CFA00980DF02D
S31508014ED035FA0020B7E710F1870F03D040F20740F3
S31508014EE0FFF70EFD20460DF014FD20460FF01AFAC5
S31508014EF000980DF023FA87E7380603081806030811
S31508014F0088510120000002091241000100F0C00386
S31508014F10402B07D1094B1B6873B100F03F0053F8CA
S31508014F2020007047802B01D1054BF4E7054A064856
S31508014F30C02B08BF1046704703487047905101209F
S31508014F408C51012041AE02083D540108014B1B68F2
S31508014F50187A704788510120003918BF0121003B92
S31508014F6018BF012310B50B4C003A246818BF01225B
S31508014F70A3749DF808302070003B18BF0123E37421
S31508014F809DF80C302174003B18BF01236274237508
S31508014F9010BD00BF8851012001280AD002280ED071
S31508014FA098B90B4B1A68936943F001030020936182
S31508014FB07047074B1A68936943F00203F6E7044BF7
S31508014FC01A68936943F00403F0E72120704700BF8C
S31508014FD08851012038B5094D2C685CB9A4200FF019
S31508014FE09CF9286040B12246BDE838400449054885
S31508014FF00AF02ABE002038BD1A20FCE78851012094
S315080150005DAA020894510120024B034A00201A6046
S31508015010704700BF90510120D4050308024B034A8B
S3150801502000201A60704700BF8C510120AC050308A7
S3150801503010B5144CFFF7EEFC2068A42118F091F87E
S3150801504003224FF0FF3123681A70D960002210211C
S315080150501A7783F83D2083F85E201A829A741972AA
S315080150609A61F1F79BF8044648B912F0EBFD03285B
S31508015070054B08BF00232046044A136010BD40F2C1
S315080150800740FBE7885101203700040084510120BD
S315080150902DE9F04383680446590687B040F1B1808B
S315080150A023F04003836015F07AFD802802D040285A
S315080150B040F0AA8094F9758004F13409B8F1FF3FEC
S315080150C01DD112F0BFFD012871D1636B04201A8826
S315080150D08DF808201A4632F8021B090A8DF80910BC
S315080150E0D3F8023002A9CDF80A3053680A22CDF85E
S315080150F00E30FCF797FBB0F1FF3F804657D0A56805
S3150801510015F4807553D10620EFF780FB0FF005F9EA
S31508015110074698B901461A20FFF7F2FB204641F2E5
S315080151200601FFF7CFFB20460021FEF767FF04F1D2
S31508015130340007B0BDE8F04315F081BD204615F0EF
S315080151402EFD802828D1494D394645EA08252846A5
S315080151500DF019F9064638460DF0DBFB16F1880FF6
S315080151601BD1434D394645EA082528460DF00BF96A
S31508015170064638460DF0CDFB38460FF0D3F896B9FA
S31508015180606B2A4602A90A30FFF720FD70B3102189
S3150801519002A817F0E6FFC1E72E46204615F0FFFCE8
S315080151A04028E9D1DDE7314640F20740B4E794F8F3
S315080151B07430DA0702D4A368DB05AFD5002201A94A
S315080151C004F118000192FFF75DFD18B101980DF081
S315080151D0B5F8A3E7606B019A02A90A30FFF7F6FC56
S315080151E0054601980DF0AAF8002DD0D1204602A94E
S315080151F0FEF704FF02A8102117F0B3FF484615F081
S315080152001EFD07B0BDE8F083636B1A88002A85D1B5
S31508015210882801D04B2881D10021013313F8012FA9
S31508015220002A7FF47BAF01310829F7D1206C01A947
S3150801523000F598700192FFF725FD0028C6D1606B2D
S31508015240019A02A90A30FFF7C1FC054601980DF03B
S3150801525075F8002D9BD1204602A9FEF7CFFE02A8BC
S31508015260102117F07EFF04F13400C8E70580040019
S31508015270038004002DE9F043804693B006200F46CB
S3150801528016469946EFF7C2FA0FF047F8044648B9A9
S3150801529001461A20FFF734FB6FF08C05284613B038
S315080152A0BDE8F0830CF084FA0023000260606361B4
S315080152B04FF48041204615F0AAFB5A4BE3605A4B3E
S315080152C023605A4B1A68137F022B21D102F160031E
S315080152D002F1800153F8040B8B4247F8040BF9D10C
S315080152E002F1A00153F8040B8B4246F8040BF9D1DD
S315080152F0D2F8A0302046C9F800300DF00AFB204646
S315080153000FF010F8B8F1000F40F085800025C5E7C9
S315080153109369DB072DD5464B03F1200253F8041B8D
S31508015320934247F8041BF9D1424B03F1200253F883
S31508015330041B934246F8041BF9D14B4620223E49E9
S315080153402046F0F741FD054620460DF0E2FA2046D3
S315080153500EF0E8FF002DD5D0294640F20740FFF7A9
S31508015360CFFAB8F1000F99D00821404615F046FD4D
S3150801537094E74946F0F7DEFE054690B1014640F24C
S315080153800740FFF7BDFAB8F1000F03D008214046E0
S3150801539015F034FD20460DF0BCFA20460EF0C2FF8A
S315080153A07CE76B46412201A9D9F800000DF090F877
S315080153B0054620460DF0ADFA20460EF0B3FF4DB175
S315080153C0294640F20740FFF79BFAD9F800000CF08E
S315080153D0B5FFC6E73A460DF105030DF1250153F868
S315080153E0040B8B4242F8040BF9D132460DF1450103
S315080153F053F8040B8B4242F8040BF9D101A8412159
S3150801540017F0AFFE3846202117F09DFE20213046C1
S3150801541017F099FE76E7002245F21601404615F087
S31508015420E9FB73E7000002091271000188510120A6
S3150801543024050308450503085806030845F206032B
S31508015440994210B5044637D01FD840F20323994232
S3150801545007D045F2020399423FD040F2012399420F
S315080154601FD1244894F8701017F0E7FD94F87330AB
S315080154704FF4A041012B14BF80204020FFF746FDC1
S3150801548000220346204698470BE045F21703994246
S315080154902ED045F21A03994205D045F20C039942DA
S315080154A01FD0482007E0C02115F089FB07212046B7
S315080154B0FFF708FA002010BD93791A44517C41F48C
S315080154C09051FFF7FFF994F873302046012B14BF6A
S315080154D08021402115F073FBECE7052115F08EFCC0
S315080154E0E8E715F05CFB4128E4D005212046F5E7FD
S315080154F00220E0E794510120B1F5A04F2DE9F041D2
S315080155000446164600F01481A1F5A043DD1F042DBB
S3150801551000F215819279083B0C321644026C92F816
S315080155205021032B05D8DFE813F043009B00B9008F
S315080155300001D10719D5771D1022394682480EF088
S315080155407DF8002862D012F07DFB0128206C0ED16F
S3150801555003213A4690F95E01FCF702F91021054646
S31508015560384617F0FEFD002D4CD100276BE03B466F
S315080155701022032190F95E0112F066FB94F873304C
S315080155800546012B0DD13B4604F11802153653F891
S31508015590041BB34242F8041BF9D1A36843F4807390
S315080155A0A3601021384617F0DCFD002DDDD011E08F
S315080155B012F00107D9D012F045FB01282DD1236C31
S315080155C0062093F95E81EFF721F90EF0A6FE05464E
S315080155D018B91A250021284612E001465B4840EA17
S315080155E008200CF0D0FE804628460DF092F9284690
S315080155F00EF098FEB8F1000F0FD0414640F2074071
S31508015600FFF77EF90821204615F0F8FB2046082108
S3150801561015F0F4FB40F2034020E0206C06F1050882
S3150801562043460A22022190F95E0112F00DFBD6F8D3
S3150801563005300546A362D6F80930E362B6F80D309F
S3150801564023860028C6D1226C92F8503123EA070333
S3150801565082F85031204615F08FFC0020BDE8F08114
S31508015660920782D512F0EEFA012806F10506206C9A
S3150801567009D10621324690F95E01FCF771F810212D
S31508015680054630466DE706213346102290F95E013C
S3150801569012F0DAFA10210546304684E793077FF5BA
S315080156A064AF12F0CFFA01281AD1236C062093F9B8
S315080156B05E71EFF7ABF80EF030FE0546002888D08C
S315080156C00146234840EA07200CF05DFE07462846B6
S315080156D00DF01FF928460EF025FE0FB139468DE764
S315080156E0717989B90A46731D13F8010F60B9013238
S315080156F0062AF9D194F85210206C81F0080104F1B8
S315080157004C03C1F3C00106E000394FF0060218BF89
S315080157100121206CB31D90F95E0112F095FA054638
S3150801572000287FF457AF02278DE702F004078AE7BE
S3150801573015F0A1F90022236C83F85C218AE7BDE8FC
S31508015740F041FFF77BBE00BF08060308038004008B
S3150801575006800400F0B5B1F5A04F05468DB008D016
S3150801576045F21304A14244D00DB0BDE8F040FFF75D
S3150801577065BE0023046CCDE90833CDE90A3394F8F4
S315080157805D310DF1200C042B2CD11F4B1B6893F8AE
S315080157905E205AB1674603F13E024E333E46106813
S315080157A05168083203C69A423746F7D104F584731D
S315080157B0069305F15303059305F15A0304932379D7
S315080157C028460393637904F1C8020293A37904F185
S315080157D0F801CDE900C304F1B80315F044FE002031
S315080157E00DB0F0BD013B022B9CBFD4F82C310893B8
S315080157F0DCE7016C01F5847115F059F94A2128464F
S3150801580015F0DDF9EBE700BF88510120F0B545F247
S315080158100E06B142044613468DB00BD045F213036A
S31508015820994260D0B1F5A04F77D115F024F900203F
S315080158300DB0F0BD9979026C0C310B44591D02F576
S315080158408C72153351F8040B994242F8040BF9D1BD
S31508015850256C102205F58C7105F584700DF0EEFEA8
S3150801586020B90B21204615F0C9FAE0E70023CDE956
S315080158700833CDE90A3395F85D310DF1200C042B77
S315080158802AD1284B1B6893F83D205AB1674603F184
S315080158901D022D333E4610685168083203C69A42E6
S315080158A03746F7D105F5A073069304F15A03059314
S315080158B004F153030493EB7A204603932B7B05F1FA
S315080158C0B80202936B7B05F1F801CDE900C305F136
S315080158D0C80315F0C8FDAAE7013B022B9CBFD5F802
S315080158E02C310893DEE7056C102205F5A07105F544
S315080158F08C700DF0A3FE0028B3D1D5F858314B2191
S315080159009B0748BF94F87430204644BF43F002030E
S3150801591084F8743015F053F989E70DB0BDE8F04005
S31508015920FFF78CBD8851012073B545F21406B142C3
S3150801593004461AD045F21906B14221D0B1F5A04F55
S3150801594028D115F098F8216C204601F59473019336
S3150801595001F1B803009301F1110201F1C8035131B4
S3150801596015F022FE002002B070BD036CD3F8282181
S315080159700B4BB2FBF3F103FB1121FEF7D5FFF1E760
S3150801598013781BB90C2115F039FAEBE7492115F003
S3150801599016F9E7E702B0BDE87040FFF74FBD00BF53
S315080159A040420F002DE9F04F97B01546DDE92098E2
S315080159B004AA06468C4692461C46524B229F03F180
S315080159C0100B9646186859680833AEE803005B451C
S315080159D07246F6D16B46202261465046FFF7A4F976
S315080159E08346002871D1484B05F1100208936523B7
S315080159F08DF824300DF12503184655F8041B9542F8
S31508015A0043F8041BF9D1102117F09DFB0DF135035D
S31508015A10184604F1100254F8041B944243F8041B77
S31508015A20F9D1102117F08FFB99F80630062183F07A
S31508015A300803C3F3C0038DF84530D9F800300DF1DA
S31508015A404600CDF84630B9F804300124ADF84A309D
S31508015A5017F079FB98F80630062183F00803C3F39B
S31508015A60C0038DF84C30D8F800300DF14D00CDF853
S31508015A704D30B8F80430ADF8513017F064FB002307
S31508015A8035228DF854306846239B08A98DF8534072
S31508015A90FFF74AF98346C0B91021239817F053FB3B
S31508015AA03B463522684608A98DF82040FFF73CF9A0
S31508015AB0834650B9B27C0146C2F1100238460DF050
S31508015AC0E7FD1021384617F03EFB1021684617F00E
S31508015AD048FB352108A817F044FB1021504617F05A
S31508015AE040FBBBF1000F06D00821304615F086F9B8
S31508015AF017B0BDE8F08F5A4645F21201304615F047
S31508015B0079F8F5E7660503080062746C70B51E46F8
S31508015B100423054696B014468DF8143001F1200287
S31508015B200DF1150351F8040B914243F8040BF9D111
S31508015B3020210DF1150017F006FB22460DF135035C
S31508015B4004F1200152F8040B8A4243F8040BF9D1F7
S31508015B5020210DF1350017F0F6FA04AB0293202344
S31508015B6001931A9B314600930E48412305AA0CF06E
S31508015B7075FD0446412105A817F0F3FA54B12146EB
S31508015B8040F20740FEF7BCFE0821284615F036F913
S31508015B9016B070BD224645F21501284615F02AF8B9
S31508015BA0F6E700BF0000020945F20D039942F7B571
S31508015BB0044627D00DD8B1F5A04F1DD045F20403F0
S31508015BC0994200F08F80204603B0BDE8F040FFF708
S31508015BD035BC45F21103994200F0A68045F215033A
S31508015BE09942F0D1006C90F85D31052B06D8DFE8B3
S31508015BF003F0503A423A555014F03DFF0027384613
S31508015C0003B0F0BD93790C331A44561D02F12505EC
S31508015C102A463146FFF7E2F8074620B10B2120460E
S31508015C2015F0ECF8EBE73146236C113351F8042BE8
S31508015C30A94243F8042BF9D1236C01F1200231332F
S31508015C4051F8040B914243F8040BF9D1216C204613
S31508015C5001F1D8030093D1F8943001F131021131E1
S31508015C60FFF754FFCAE72046452114F0A8FF20464E
S31508015C70FEF7A0FEC2E72046452114F0A0FF364BE9
S31508015C8020461B68D9684B1C5A425A41FEF762FEE8
S31508015C90B4E74621204614F092FFAFE72E4B1B6866
S31508015CA093F85E5065B1002100F1110200F5A0706C
S31508015CB001900091204611463E3315F0EDF89DE717
S31508015CC01021C83014F0B1FF00283DD00821204624
S31508015CD015F094F8294640F20740FEF711FE40F206
S31508015CE007478CE79179036C0C310A44511DA83397
S31508015CF0153251F8040B914243F8040BF9D1256C7E
S31508015D00102205F1A80105F198000DF097FC20B9BC
S31508015D100421204615F072F870E7D5F8583143F09A
S31508015D200103C5F8583169E70B4B056C1968102250
S31508015D304E3105F5A0700DF081FC0028E8D110213F
S31508015D4005F1C80014F071FF216C2046C83114F022
S31508015D50CAFE47219EE700BF8851012045F2160376
S31508015D609942F7B5044600F0B0810CD8B1F5A04FB9
S31508015D700FD045F20303994210D0204603B0BDE87F
S31508015D80F040FFF75BBB45F217039942F5D10220B4
S31508015D9002E014F070FE002003B0F0BD9379056CA3
S31508015DA00C33D618F379DF070CD4FEF7EFFC18B9D4
S31508015DB094F97530013305D00521204615F01EF8F2
S31508015DC02120E9E7A24F337A3A68127A9A4202D831
S31508015DD0A27C9A4201D90621EFE7D6F80530C5F823
S31508015DE00B30B6F80930A5F80F300223AB7294F9D7
S31508015DF0523094F85210002BB2BF012381F00803E8
S31508015E00C3F3C003AB7094F8603083F00803C3F39F
S31508015E10C0036B70337A102B28BF1023A374F37950
S31508015E20D8072BD5AB79DA0728D5737A2A7A13409E
S31508015E3085F85131B37A6A7A134085F8503195F964
S31508015E405E3101331ED0206C90F850319B0719D46E
S31508015E5081F00801062290F95E0104F14C03C1F3B1
S31508015E60C00111F0F1FE68B140F21B412046FEF770
S31508015E7029FDA3685907A3D508219EE7002385F8BC
S31508015E805131DAE73B68F079597C00F0080229B10B
S31508015E9012B1AA79120703D403218EE7002A73D017
S31508015EA0AA79110770D5D5F8581141F00401C5F83A
S31508015EB05811B5F8501121F4807121F00101A5F8A6
S31508015EC0501193F81CC0B179BCF1020F03D0002917
S31508015ED037D0022171E729B3012283F83D20DA7C04
S31508015EE052BB042385F85D3194F91330022B03D193
S31508015EF0D5F858315B07CFD511F0A4FE01285CD13E
S31508015F0094F97500461C58D0002201A9C0B2FEF7C3
S31508015F101BFE002851D1236C93F85021900748D4D1
S31508015F200A214AE793F85E20002AD2D083F83D1069
S31508015F30DB7C002BCDD1D4E793F85E30002BD0D192
S31508015F40C7E7024312F0040209D185F85D211B7CDB
S31508015F50002BA1D194F8743098079DD4C4E77279BF
S31508015F601878052A28BF03223A4902EB82020A4415
S31508015F70125C85F85D211B7C1BB994F8743099076E
S31508015F80B2D5002AB0D187E71A7F012A02D1B279A0
S31508015F90002AA6D1420703D4AA7912F00402D4D062
S31508015FA072791878052A28BF03222B4902EB820247
S31508015FB0DDE793F851319907B2D594F97500421C7A
S31508015FC018D0226C0821D2F8583143F04003C2F8A0
S31508015FD0583111F050FE052194F9750011F01FFE94
S31508015FE0032194F9750011F01AFE062194F975003A
S31508015FF011F015FE95F85D31206C042B00F59870AB
S3150801600021D13B6803F11D022D3352F8041B9A4234
S3150801601040F8041BF9D1D5F8583195F85D2103F0FC
S315080160200401DAB923F00203C5F85831E2740029EC
S3150801603046D0216C204601F1940301F171025131D8
S31508016040FFF718F9A7E6102200210DF021FBE2E778
S3150801605088510120770503089005030843F00203D8
S31508016060C5F8583149B90123013AE374032A3FF6C1
S3150801607092AEDFE802F010181025A37C0F2B89BF1A
S3150801608094F87430012343F0080384F8743088BF08
S315080160900223E374CDE72046452114F090FD2046FE
S315080160A0FEF788FC77E62046452114F088FD3B6813
S315080160B02046D9684B1C5A425A41FEF74BFC6AE600
S315080160C04321204614F07BFD65E614F044FD422188
S315080160D0F7E700BFF8B50446FEF73CFB266C054614
S315080160E028B394F975305F1C0BD086F85E31FEF73C
S315080160F04DFB0721012014F0CEFC024638BB1A21BC
S3150801610011E02046FBF7E4FC86F85E01236C93F95F
S315080161105E310133EBD1FEF739FB60B1A3685D0748
S315080161200FD441F205212046FEF7CCFB0DE0FF23F3
S3150801613086F85E31EFE794F975300133EED1002523
S31508016140D7E70521204614F059FE0020F8BD32494B
S31508016150867909680C3691F800C0831983F801C05D
S3150801616091F81CE0281E18BF0120BEF1010F0DD1C0
S3150801617083F802E0D870487C00B3D87800071DD4AC
S31508016180A3685B07DDD441F20321CCE78F69BEF131
S31508016190020F07F002070ED191F85EE0BEF1000F7B
S315080161A009D04FF0010E83F802E0D870002FE2D132
S315080161B040F00800DEE74FF0000EF4E7BCF1030FEC
S315080161C007D0096911F0FF1F1EBFD97841F00401F4
S315080161D0D97094F874108F0708D5D978480705D46B
S315080161E0BCF1030FCFD041F00401D970002D18BFBF
S315080161F0032510215D7119719D71216C9059C1F8A2
S3150801620003009888A1F807009B7920464B7206215E
S3150801621014F0EBFA012099E788510120F0B545F20F
S315080162200E06B142044615468DB00ED045F2130648
S31508016230B1425CD0B1F5A04F40F0BD8014F01BFC13
S31508016240236CD3F85831190757D5236CD3F858213D
S3150801625012070CD4AA7903F584730C3215446A1D06
S31508016260153552F8041BAA4243F8041BF9D1002339
S31508016270256CCDE90833CDE90A3385F85C3195F803
S315080162805D310DF1200C042B2AD14D4B1B6893F877
S315080162903D205AB1674603F11D022D333E4610686B
S315080162A05168083203C69A423746F7D105F5A073F5
S315080162B0069304F15A03059304F1530304932B79C6
S315080162C005F1C80203936B790293AB79CDE900C353
S315080162D005F1B803204605F1F80115F0C4F80CE0FC
S315080162E0013B022B9CBFD5F82C310893DEE7056CE0
S315080162F095F85C3123B1012B54D000200DB0F0BDC7
S31508016300102205F5A07105F584700DF097F920B1F5
S315080163100B21204614F072FDEFE7D5F858310DF13F
S31508016320200C9B0742BF94F8743043F0020384F8AB
S315080163307430012385F85C310023CDE90833CDE9B2
S315080163400A3395F85D31042B25D11D4B1B6893F84B
S315080163505E205AB1674603F13E024E333E46106847
S315080163605168083203C69A423746F7D105F58C7348
S31508016370069304F15303059304F15A030493EB7A44
S3150801638005F1B80203932B7B02936B7BCDE900C31E
S3150801639005F1C8039EE7013B022B9CBFD5F82C31BA
S315080163A00893E3E705F58C7114F081FB88212046F3
S315080163B014F005FCA1E70DB0BDE8F040FFF73EB8C3
S315080163C08851012045F21403994213B504462BD08E
S315080163D00CD8B1F5A04F13D045F20E03994232D02D
S315080163E0204602B0BDE81040FFF728B845F2190368
S315080163F09942F5D1137813BB0C2114F0FFFC10E078
S3150801640014F039FB216C204601F59473019301F1CF
S31508016410B803009301F1510201F1C803113115F0D6
S31508016420C3F8002002B010BD036CD3F82821114B24
S31508016430B2FBF3F103FB1121FEF776FAF1E78721A7
S3150801644014F0BDFBEDE79179036C0C310A44511D3B
S3150801645003F58473153251F8040B914243F8040B82
S31508016460F9D1226CD2F8583143F00803C2F85831F1
S31508016470D7E700BF40420F0045F2100330B59942F5
S31508016480044685B000F0A6800CD8B1F5A04F27D0F8
S3150801649045F20503994228D0204605B0BDE83040AB
S315080164A0FEF7CCBF45F21103994200F0B08045F2E0
S315080164B012039942F0D1016C91F85D3113B1043B95
S315080164C0012B03D82046B83114F00DFB236C93F841
S315080164D05D31042B40F2DF80052B03D1862192E042
S315080164E014F0C9FA002005B030BD9179036C0C315E
S315080164F00A44511DC833153251F8040B914243F829
S31508016500040BF9D1206CD0F8583113F0040354D098
S3150801651090F85D31042B22D1604B1B6893F85E50CD
S3150801652065B1002100F111020091114600F5A07034
S3150801653001903E33204614F0AFFCD3E71021B83062
S3150801654014F073FB58B10821204614F057FC40F2A9
S3150801655007402946FEF7D4F940F20740C3E7216C04
S3150801656091F85D3101F1C80213B1043B012B12D830
S3150801657001F1F803039301F59873029304F15A03A1
S31508016580019304F15303009301F1B8032046D8316E
S31508016590FFF708FAA6E701F5A073019391F85C01E4
S315080165A0D1F82C31C34003F0010343F08003009373
S315080165B0134601F151021131BCE780F85C3100F153
S315080165C0C802009300F5987100F5A073204615F0EE
S315080165D05FF887E7056C102205F1980105F5A070AB
S315080165E00DF02CF820B10421204614F007FC79E7B8
S315080165F08821D5F858319B0742BF94F8743043F087
S31508016600020384F87430204614F0D9FA6AE7056C57
S3150801661095F85D3105F5A070042B1ED11F4B10228C
S3150801662019684E310DF00AF80028DCD1102105F160
S31508016630B80014F0FAFA216C01F1F803039301F595
S315080166409873029304F15A03019304F153030093D7
S3150801665001F1C80201F1B80398E70146102205F1D4
S3150801666098000CF0EBFF0028BDD105F1B8012046D2
S3150801667014F039FA216C91F85C310133DBB2142B31
S3150801668081F85C31D8D0D1F8583123F00103C1F82B
S3150801669058318421B7E78721B5E700BF8851012022
S315080166A045F215039942F7B5044651D00CD8B1F510
S315080166B0A04F19D045F20D0399421BD0204603B0CD
S315080166C0BDE8F040FEF7BABE45F216039942F5D188
S315080166D0016C01F1D8030093D1F8943001F131022C
S315080166E01131FFF713FA01E014F0C5F9002738460E
S315080166F003B0F0BD93790C331A44551D02F12506F2
S3150801670032462946FEF76AFB074620B10B21204689
S3150801671014F074FBEBE72946236C113351F8042B6B
S31508016720B14243F8042BF9D1236C01F1200231332C
S3150801673051F8040B914243F8040BF9D1216C204618
S3150801674001F1940301F171025131FEF793FDCDE791
S3150801675014F001FA236C93F85D31052BC6D8DFE8EE
S3150801676003F0190311111E192046822114F027FA84
S315080167700C4B20461B68D9684B1C5A425A41FEF7F6
S31508016780E9F8B3E72046822114F019FA2046FEF704
S3150801679011F9ABE78321204614F011FAA6E7852102
S315080167A0F9E700BF88510120204B10B51B68044644
S315080167B09B6913F0040310D141B180F8773090F842
S315080167C07010BDE810401A4816F037BC90F87330BF
S315080167D0012B03D18368580705D410BD022B02D1BA
S315080167E083685907F9D494F9772094F87730002A01
S315080167F0F3DBB3B9012384F8773094F877305B0873
S31508016800EBD04FF47A7294F870105343084800227B
S3150801681009F0F8F994F8773063F07F0384F8773054
S31508016820DBE75A06E9D45B00E5E700BF885101209A
S315080168309451012045F21E0330B599420446154686
S3150801684089B010D845F21603994213D845F20103C7
S31508016850994200F0828145F20C03994222D0B1F5A2
S31508016860A04F00F080812A46204609B0BDE8304095
S31508016870FEF7E4BDA1F5A043173B072BF3D801A208
S3150801688052F823F069690108676801086768010811
S3150801689067680108156B010867680108E16A01085C
S315080168A05569010890F97730002B02DB8268530796
S315080168B007D52046092114F0A1FA41F2092009B0A9
S315080168C030BDAB792B44914D5B7C2D6803F00801F3
S315080168D06D7CD5B121B9032114F090FA2120EEE798
S315080168E013F0040F03F0010308D042F00802826096
S315080168F093B9A36843F02003A36013E0002BF8D0F3
S31508016900836843F010038360F3E7580744BF42F0F6
S315080169100802A260DB0703D5A36843F01003A3604E
S315080169200029E6D1A368224643F00403A360784907
S31508016930204609F089F90221204611F003FA47F2A7
S315080169403053002245F21A01204609F05BF9A36883
S315080169509D054AD5A368580747D594F8700009B02C
S31508016960BDE8304013F0A1BF90F87430D90745D57A
S3150801697090F9753001333AD094F9131001291DDCC9
S31508016980A26893060DD5614B15071B6801D4187CBF
S3150801699038B1187F10B91878032802D09B6998076F
S315080169A02CD501290AD0594B11071B6801D41A7C29
S315080169B022B11A7F12BB1B78032B1FD10023CDE905
S315080169C00433CDE9063311F03DF9012801AB2DD089
S315080169D0A06AE16A228E03C31A802046BDF8042004
S315080169E004AB0DF10601FDF7B9FB002067E78368E3
S315080169F0DA0616D4FDF7CAFE0028BDD0434B1B683C
S31508016A00197F022929D1DA7C3AB393F85E3023BB80
S31508016A10A3685A0717D5204614F0F0F941F2022067
S31508016A204DE7FDF797FE0028E4D0E7E70A220221A1
S31508016A3094F9750011F049F90028CED1CDE9010084
S31508016A40ADF80C00C9E7204641F20221FDF73AFFED
S31508016A5001212046FFF7A8FEE0E7204613F0DDFFF7
S31508016A60A56860B96B0705D50821204614F0C6F953
S31508016A701A2024E71A212046FDF724FFF8E715F026
S31508016A80040508D0FDF78AFEC8B1204694F97510A9
S31508016A90FDF7A4FFA9E722461D49204609F0D4F8C7
S31508016AA00221204611F04EF947F230532A4645F2A3
S31508016AB01A01204609F0A6F8A3685D07E2D4226CFC
S31508016AC0D2F8583143F020032046C2F85831FFF76F
S31508016AD001FB002889D04121204614F070F884E78B
S31508016AE0FDF75CFE002868D0226C002A65D0A368F1
S31508016AF0580762D5D2F8583199065ED42978002903
S31508016B00E0D10521204614F079F96EE78851012074
S31508016B1015AC020890F87430D80707D440212046EE
S31508016B2014F04DF829462046FDF7CCFEA36859070F
S31508016B307FF55BAF204645F21A0116F07EFA20462C
S31508016B4022461F4916F0B2FAA368022123F03C0334
S31508016B502046A360FBF784FB47E702461849194814
S31508016B6009F072F841E745F21A0116F066FAA368C8
S31508016B7023F03E03A360236C6BB193F95E01421CBB
S31508016B8009D094F97520013203D0D3F858315B0640
S31508016B9001D5FAF7C3FE22462046094916F086FAB8
S31508016BA022460749074816F081FA20460221FBF7D3
S31508016BB057FB204614F082F817E702207FE600BF4C
S31508016BC015AC02089851012045F21E0399422DE998
S31508016BD0F3410446154611D845F21603994214D8CD
S31508016BE045F20103994200F0438345F202039942B3
S31508016BF000F09C80B1F5A04F00F040832A4620465C
S31508016C0002B0BDE8F041FEF719BCA1F5A043173B58
S31508016C10072BF3D801A252F823F000BF3D6C0108F7
S31508016C20FD6B0108FD6B0108FD6B01082B7201085C
S31508016C30FD6B0108FD6D0108C36D0108874E3368B8
S31508016C401A7F022A11D1DA7C7AB193F85E3063B9D8
S31508016C5041F20221FDF736FE20460121FFF7A4FD88
S31508016C6041F2022002B0BDE8F081A368590701D5B7
S31508016C700220F7E72046FDF76DFD3368051E1A78F1
S31508016C8018BF0125032A07D019696AB211F0FF1F37
S31508016C9028D042F0040503E094F87420920729D419
S31508016CA09A69960723D41A7F012A20D045F0080548
S31508016CB002210B2013F0EFFE024600B38379034449
S31508016CC05D7394F97530013303D094F87430DD0798
S31508016CD003D5A36843F00203A3600621204613F0F7
S31508016CE084FD0CE094F874108F07D2D4D8E75B7C46
S31508016CF0002BDDD041F203212046FDF7E3FDA36811
S31508016D00224643F00403A3605549204608F09CFF38
S31508016D100221204611F016F847F23053002245F2B7
S31508016D201A01204608F06EFF00209BE78368580782
S31508016D3003D494F97730002B05DB236C53B1D3F8D0
S31508016D405831D90606D52046092114F057F841F2DB
S31508016D50092087E7204613F060FE28B90821204656
S31508016D6014F04CF821207DE7206CD0F8583143F017
S31508016D701003C0F85831AB790C332B445A68C0F864
S31508016D8003201A89A0F8072001229B7A4372236CF3
S31508016D90DA70A26812F0040610D12246304920465C
S31508016DA008F052FF0221204610F0CCFF47F230537B
S31508016DB0324645F21A01204608F024FFA3689A05CF
S31508016DC0B2D5236C002BAFD0D3F85831DB06ABD53F
S31508016DD0FDF7E4FC94F9751030B1A3689F0703D455
S31508016DE02046FDF7FBFD9FE70846FAF79BFC28B10D
S31508016DF094F87430DE0701D40521B0E7236C002B23
S31508016E003FF436AFD3F85831D8067FF531AF990636
S31508016E103FF52EAFFDF7C2FC48B1A3689A0706D421
S31508016E202B7823B90521204613F0E8FF7CE7A368F0
S31508016E30256C23F00203A360D5F85831074F43F0B8
S31508016E402003C5F858313B68EA791B7A934202D880
S31508016E50A37C934206D9062181E700BF8851012008
S31508016E6015AC020894F9521094F852300029B2BFB1
S31508016E70012383F00803C3F3C003102A28BF102295
S31508016E806B7094F86030204683F00803C3F3C0039F
S31508016E90AB70A274AE79FDF75DFC90B3F30730D5FC
S31508016EA094F97530D4F84080581C20D088F85E31A2
S31508016EB006F00D063B689A69910704D41A7F012AE0
S31508016EC001D0320701D406F0F7061A78032A1BD037
S31508016ED01B6913F0FF1F01D046F0040607210220A3
S31508016EE013F0D9FD0190A8B940F20340BAE620464D
S31508016EF0FAF7EEFD88F85E01236C93F95E310133EA
S31508016F00D6D106F00C06D5E71B7F002BE6D106F095
S31508016F10FB06E3E790F806C03A680CF10C0C137807
S31508016F2000EB0C014B70137F012B06D0022B45D1C8
S31508016F3092F85E30003B18BF01238B701023CE7088
S31508016F4016F0010608BF32460B711FBF2B7A6A7A03
S31508016F5003F003034B71236C14BF02F003024E7155
S31508016F608A7183F851214A7983F8502150F80C2007
S31508016F70C3F80A208A88DA818A791A7406B3206CDA
S31508016F8090F8501111F002061AD194F852100622FF
S31508016F9081F0080190F95E0104F14C03C1F3C001C7
S31508016FA010F052FE60B13146FDF7AAFC20460821D1
S31508016FB013F024FF01A80CF041FE95E70023BCE776
S31508016FC0019E002E90D0FDF7E1FB95F806C018B991
S31508016FD094F9753001330FD01CF0010F04D0236CDE
S31508016FE093F95E31013307D10521204613F006FFD7
S31508016FF03046F3F7A9FBB5E63B680CF00802597C65
S3150801700029B112B16A7B100703D40321EDE7002ADF
S3150801701070D06A7B11076DD5D5F8581141F0040176
S31508017020C5F85811B5F8501121F4807121F0010104
S31508017030A5F85011187F697902280FD091B942EA4B
S315080170400C0212F0040240D185F85D211B7C002B4D
S31508017050DBD194F874309807D7D40DE021B993F8A9
S315080170605E203ABB0221C0E7012283F83D20DA7C83
S3150801707032BB042385F85D3194F91330022B03D111
S31508017080D5F858315A07C0D510F0DCFD01284DD185
S3150801709094F97500431C49D0002201A9C0B2FDF735
S315080170A053FD002842D1236C93F85021910737D418
S315080170B00A219AE783F83D10DB7C002BD2D1D8E769
S315080170C093F85E30002BD4D1CCE72A791978052AB2
S315080170D028BF03227C4801EB810101448A5C85F8BB
S315080170E05D211B7C1BB994F874309907C4D5002A15
S315080170F0C2D18AE71A7F012A02D16A79002AB8D150
S315080171001CF0040F03D16A7B12F004029CD02A7981
S315080171101978052A28BF03226C4801EB8101DCE7AF
S3150801712093F851319A0701D40A2118E694F97500A2
S31508017130431C18D0226C0821D2F8583143F0400379
S31508017140C2F8583110F097FD052194F9750010F031
S3150801715066FD032194F9750010F061FD062194F985
S31508017160750010F05CFD32460621204613F03DFB02
S3150801717095F85D31206C042B1DD13B6800F598709C
S3150801718003F11D022D3352F8041B9A4240F8041BE1
S31508017190F9D1D5F8583195F85D2103F004018AB97A
S315080171A023F00203C5F85831E274B9B181212046AA
S315080171B013F005FDB8E51022002100F598700CF0D2
S315080171C067FAE6E743F00203C5F8583141B90123E6
S315080171D0032AE37412D9042A7FF4A6AD8421E6E7CB
S315080171E0A37C0F2B89BF94F87430012343F008035D
S315080171F084F8743088BF0223E374D7E7012A07D0DD
S315080172002046822113F0DBFC2046FDF7D3FB8BE5F4
S315080172102046822113F0D3FC3B682046D9684D1CD1
S315080172206A426A41FDF796FB7EE590F87430D80705
S3150801723007D48021204613F0C2FC29462046FDF7D3
S3150801724041FBA36859077FF56FAD45F21A01204640
S3150801725015F0F3FE224620461D4915F027FFA368BF
S3150801726023F00403A36002212046FAF7F9FF5BE540
S3150801727002461749174808F0E7FC55E545F21A0191
S3150801728015F0DBFEA36823F03E03A360236C6BB104
S3150801729093F95E01421C09D094F97520013203D095
S315080172A0D3F858315B0601D5FAF738FB2246204652
S315080172B0074915F0FBFE22460549064815F0F6FE74
S315080172C0204613F0FBFCCEE7770503089005030873
S315080172D015AC0208985101200138C0B20A289ABF94
S315080172E0014B185C002070477806030801490248DB
S315080172F015F0D8BE645F0120985101201022074B72
S3150801730028215A826422C3E905124FF6FF729A832D
S3150801731000221A604FF470629A8470479C510120CA
S3150801732038B5114C94F82430EBB1226812F00105F6
S3150801733019D1201DFDF768FB236843F0020323607A
S3150801734014F081FE78B14EF6602294F825304FF498
S315080173508271534305482A4608F054FC18B9236834
S3150801736043F00103236038BD9C5101209851012047
S3150801737022F00042B2F5827F10B511D1094B1A6885
S3150801738093F8244022F00102012C1A6006D110F06C
S31508017390AAFFFFF7C5FF204608F0BCFD012010BD76
S315080173A00020FCE79C51012030B5044685B008460B
S315080173B0039114F042FF830708D410F0010003D0AB
S315080173C003A80CF03BFC012005B030BD03998B796D
S315080173D003F10C0288188A5C013A202A00F2178107
S315080173E0DFE812F021001501B1001501B4001501FD
S315080173F0BD001501C4001501CC001501D400150105
S31508017400DB001501E9001501F1001501150115014A
S31508017410F300150101011501030115010C011501FF
S3150801742015011501E20003790BB103F5885342787A
S31508017430023A1E2AC4D801A151F822F0B9740108EA
S31508017440C1730108C3740108C1730108CF74010827
S31508017450C1730108DB740108C1730108E7740108E7
S31508017460C17301080B750108C1730108F37401089A
S31508017470C173010817750108C1730108237501084D
S31508017480C1730108C1730108C17301082D7501088B
S31508017490C17301083D750108C1730108C17301086B
S315080174A0C1730108C1730108C1730108C1730108D9
S315080174B0C1730108FF74010817212046FCF708FD6E
S315080174C07EE700222046114612F0B9FC78E71A46F3
S315080174D00021204612F060FD72E70022204611467F
S315080174E012F00AFF6CE700222046114612F0B3FD9E
S315080174F066E71A460021204612F0A0FE60E71A4602
S315080175000021204612F0B9FE5AE71A460021204604
S3150801751012F077FE54E700222046114612F0DFFFEB
S315080175204EE71946204613F043F849E7009300232E
S3150801753020461A46194613F045F841E719462046EA
S3150801754013F092F83CE7B0F80110B6E702338B71F5
S315080175500A4600234178204612F071FC33E70133CD
S31508017560002220468B7112F017FD2CE702338B712E
S3150801757042780023204612F0BFFE24E701338B71BF
S31508017580002320461A4612F066FD1CE70133002245
S3150801759020468B7112F035FE15E70133002220468D
S315080175A08B7112F04BFE0EE70133002220468B71D8
S315080175B012F063FE07E702338B71427800232046F7
S315080175C012F08DFFFFE60021ACE705338B7100232E
S315080175D0B0F80320B0F8010000930B460146204697
S315080175E012F0F0FFEFE60021A9E703338B710A4693
S315080175F0B0F80110204613F056F8E4E603338B7110
S315080176000A46B0F80110204613F056F8DBE60020CA
S31508017610DAE600BF38B5FBF777FB0446FBF7D6FB7E
S315080176200546064815F0C7FC002303714371236814
S31508017630C0F80630A3880573438138BD20090205C1
S3150801764013B5C37A0093B0F80930D0F80520D0F8FD
S315080176500110007810F072FE0446034815F0ABFCE1
S31508017660848002B010BD00BF20020403FF2337B592
S315080176700DF107008DF80730FBF738F90446044881
S315080176809DF8075015F097FC8480857103B030BDCD
S31508017690200304014B7937B55B0705460C460CD424
S315080176A020461421064A0CF031F901A801940CF080
S315080176B059F910B9A3791C44257403B030BD00BF2C
S315080176C0A4060308024B1B6803B11847704700BF9D
S315080176D0E451012010B500210446007814F005FE96
S315080176E048B16178207810F016FE0446034815F073
S315080176F062FC848010BD0224F8E700BF200256010F
S3150801770010B54178007810F08AFE0446024815F053
S3150801771052FC848010BD00BF200256020020024B95
S315080177201870024B18707047FA5B0120F95B01204B
S31508017730F0B50D4691B0831C09AC00F11A02264634
S3150801774018685968083303C693423446F7D11B882B
S315080177501C21338028460CF078FBBDF826402E689C
S3150801776014F00C0439D130460CF0F4FA871EA742FE
S315080177700DDA4FF0FF3400239C428DF81C301EDBD6
S3150801778001223146A31C07A80CF047FA17E0631C2F
S315080177900122314605A80CF040FA9DF81430012B58
S315080177A0E9D023460122314607A80CF036FA9DF89E
S315080177B01C3013B101331C44D9E78DF81C3008F08D
S315080177C057FB012804D0022831D030B911B0F0BDD9
S315080177D09DF81C3013F0010FF8D09DF82F0000F02A
S315080177E09DFB04469DF8300000F098FB07AF9DF815
S315080177F028200DF12901064605A8FBF7CDFA3846DA
S315080178009DF836200DF13701FBF7C6FA0C4B1B78AC
S31508017810DB0711D405A810F051FACDE90105324666
S315080178202146009705AB09A800F00CF8CEE79DF8AC
S315080178301C3013F0030FCFE74FF0FF30EDE700BF21
S31508017840F95B01202DE9F74FB0F802C006461CF096
S31508017850100F1C460C9F9DF934A0DDF838B033D0C3
S315080178605FFA8CF51CF0080F184614BF05F00805D9
S3150801787005F00F0515F07DFC8146384615F079FCB3
S3150801788096F90F3080465A460421134801937678B3
S315080178900CF0A7F8019BA0B105712268C0F8052074
S315080178A0A28880F80B90A0F8092080F80CA04373F1
S315080178B086733B68C0F80F30BB8880F81580A0F83E
S315080178C0133003B0BDE8F08FCDE90DAB0C9703B0CB
S315080178D0BDE8F04F14F01DBDC80603081046194649
S315080178E0F8B522F0004340F20A4293420ED8B3F5A6
S315080178F0806F59D96FF480621344092B54D8DFE895
S3150801790003F00D101F3050505050530D40F20152E4
S31508017910934234D0A3F20253032B45D8FAF760FBFE
S315080179200CE00D784C688A6901F108031F480021AB
S315080179300CF030F810B10571C0F805400120F8BD0A
S315080179400E784D880C798A6901F1080318480021D7
S315080179500CF020F80028F1D00671A0F80550C47182
S31508017960ECE70D784C884A690B1D124800210CF08A
S3150801797011F80028E2D00571A0F80540DEE70F7876
S315080179804E880D79CC8801F108020B4800210CF0CC
S3150801799028F80028D2D00771A0F80560C5710481BE
S315080179A0CCE7FAF7A1FAC9E70020C8E7D806030821
S315080179B0D4060308D0060308CC0603080048704716
S315080179C0DD78010830B5124B0D469942144689B047
S315080179D01BD1930011D505A906A808F0C3F90623FA
S315080179E000220393059BE1B20293069B2846CDE943
S315080179F0003241F0005115F02AFB06480BF0B9FF99
S31508017A0000B10471012009B030BD0020FBE700BFB9
S31508017A10E8510120FC06030822F00042B2F1A04F0A
S31508017A2008B504D103480BF0A4FF012008BD0020C6
S31508017A30FCE700BF0007030810B5047FD4B1102C7A
S31508017A4028BF102415F07DFB621C81B20023062095
S31508017A50D2B2F2F7F9FF044650B90749074815F0BB
S31508017A6021FB0748074915F01DFB0748F2F7C6FF32
S31508017A70204610BD0424E5E77C5F0120EC51012076
S31508017A80E85101208C5F0120745F012022F0004239
S31508017A90B2F5887F2DE9F0471C4600F0E2800ED842
S31508017AA040F203139A423CD040F209139A4200F07D
S31508017AB0C2800E2A00F0B3800020BDE8F08740F2AC
S31508017AC007239A4247D0B2F5037F56D040F20623E0
S31508017AD09A42F1D120684C30FBF778F925680746B8
S31508017AE0644895F8736095F870A095F9759095F8BE
S31508017AF07680A4880BF03DFF0028DDD0EB6C43604F
S31508017B00B5F8503087720381731E5E425E41C672B4
S31508017B1080F80CA080F80D9080F80E80A0F80F4030
S31508017B20CAE72078FAF75EFB0028C5D0524894F8D0
S31508017B3000806788A688E588247A0BF01AFF002852
S31508017B40BAD080F80480A0F80570A0F80760A0F8FC
S31508017B500950C472B0E72078FAF744FB0028ABD085
S31508017B6060782578FFF7B8FB044644480BF001FF17
S31508017B700028A1D0057144719EE7A578012D1ED074
S31508017B80022D2DD0CDB9E37894F80080023BDBB203
S31508017B90022B8CBF01253A4A94F90470667998BF7D
S31508017BA0D55C94F9064037480BF0E3FE28B180F816
S31508017BB0048045718771C671047201207DE7E378F7
S31508017BC094F80080023BDBB2022B98BF2C4A94F949
S31508017BD00470667998BFD55C94F906402A48E3E7AC
S31508017BE0E3782A48023BDBB2022B94BF244A0125DB
S31508017BF094F80180277898BFD55C94F90490667942
S31508017C0094F906400BF0B5FE0028D6D0A0F80480FA
S31508017C108771C57180F8089046728472CDE723464C
S31508017C200822002113F8014B19480BF0B3FE00286E
S31508017C30C3D00471C1E7174894F800806788A688FD
S31508017C40E58824890BF095FE0028B6D080F80480D3
S31508017C50A0F80570A0F80760A0F80950A0F80B4035
S31508017C60ABE70D481C780BF084FE00283FF424AFDF
S31508017C70047121E73C07030838070308300703089E
S31508017C800407030828070308240703082C07030821
S31508017C90200703081C070308340703080022084BBA
S31508017CA010B51A609A8002681A60187810F08AFC72
S31508017CB0044618B90349044815F0F4F9204610BDDD
S31508017CC06A5601209C5F01209851012008B5034B93
S31508017CD05888FAF71FFF002008BD00BF6A56012021
S31508017CE073B5144606460D4620461421094A0BF07B
S31508017CF00DFE01A801940BF035FE48B9A3790C33A2
S31508017D001C44054BA6711B79A5800BB114F00CFB1D
S31508017D1002B070BD180703086A56012022F0004216
S31508017D200D2A73B51C460ED06FF4C0631A440B2A8C
S31508017D3012D80B2A10D8DFE802F03B12242C370F91
S31508017D4046505F84878E0422002153F8044B444829
S31508017D500BF020FE00B18480002002B070BD2078AF
S31508017D60FAF740FA0028F7D03E48267894F90150E8
S31508017D70A4780BF0FEFD0028EED0067145718471DA
S31508017D80EAE7247838480BF0F4FD0028E4D00471BA
S31508017D90E2E72578354864680BF0EBFD0028DBD06F
S31508017DA00571C0F80540D7E7257831486468F3E7D7
S31508017DB03048257864680BF0DCFD0028CCD00571C5
S31508017DC0A0F80540C8E72C48257864680BF0D1FD72
S31508017DD00028C1D005714471BEE7637827480D2B89
S31508017DE096BF274A0125D55C24780BF0C2FD0028E9
S31508017DF0B2D004714571AFE7637800210D2B98BFA6
S31508017E001F4A204898BFD55C6368A27888BF0125B8
S31508017E1026780BF0BFFD08B1067145716378012B11
S31508017E209AD88DF807300122002116480DF107036B
S31508017E3024780BF0AFFD00288ED00123047143711D
S31508017E408AE7247810489EE70021636822780F485C
S31508017E500BF0A0FD80E70E480BF08BFD7CE700BF19
S31508017E60800703086C0703087407030878070308E3
S31508017E70700703086807030864070308600703080F
S31508017E80400703085C070308580703085007030857
S31508017E905407030873B5054616F040FB1D4C064604
S31508017EA063795B070ED4204614211B4A0BF02EFD7D
S31508017EB001A801940BF056FD20B1304616F029FBB6
S31508017EC002B070BDA3790C33234455B91A79FF2A38
S31508017ED001D001321A71304602B0BDE8704016F081
S31508017EE018BB012D05D15A79FF2AF4D001325A71EE
S31508017EF0F1E7022D05D19A79FF2AECD001329A7160
S31508017F00E9E7032DE7D1DA79FF2A1CBF0132DA71D5
S31508017F10E1E700BFF05101207C070308042828BFC8
S31508017F200020014B185C70478407030830B585B0FB
S31508017F3005460A4901A807F0AFFB044650B901A84E
S31508017F4007F018FC044615B1029B9B792B7001A812
S31508017F5014F0A3FF204605B030BD00BF9007030803
S31508017F602DE9FF4180460F4601A80C4916461D46D4
S31508017F7007F092FB70B9029C9DF8283084F80480BA
S31508017F80C4F80570C4F80960A4F80D50E37301A894
S31508017F9014F087FF04B0BDE8F08100BF8807030825
S31508017FA030B585B005460C4601A8064907F074FBAD
S31508017FB028B9029B01A81D715C7114F072FF05B006
S31508017FC030BD00BFA007030830B585B005460C468D
S31508017FD001A8064907F060FB28B9029B01A81D7193
S31508017FE05C7114F05EFF05B030BD00BF9807030849
S31508017FF07FB505460E4601A80C4907F04DFB044618
S3150801800080B901A807F0B6FB029B044625B1D3F84F
S3150801801006202A605A89AA800EB11B7B337001A8F3
S3150801802014F03BFF204604B070BD00BFA807030843
S3150801803010B50F4C88B02060F2F7DAFC2168684663
S3150801804014F098F96846F5F717F8044660B90A2056
S31508018050084A094907F0B8FD044628B907F0E2FBC2
S3150801806007F0FEFFFFF74AF9204608B010BD00BF2A
S315080180702C5201203DC30208BDDD020870B58EB041
S3150801808008F01AF8002302AD29460DF107008DF80C
S315080180900E308DF80730E8F721FB00286BD128460A
S315080180A013F0C0FF002866D0302864D09DF8073049
S315080180B0012B17D172238DF80E30EBF78DFCCDE924
S315080180C00601030C8DF81230BDF81D30ADF810000D
S315080180D0ADF813309DF81F308DF8153049238DF80A
S315080180E016300AE049238DF80E3095E80300ADF8FD
S315080180F01410090C04908DF816109DF80E3013F023
S31508018100280F07D1DDE90401ADF80C10090C02901E
S315080181108DF80E10274E33681869002830D1336858
S315080181205A690AB9244A126824490A609A690AB935
S31508018130234A126823490A6093F82220D20727D4D2
S3150801814004A814F052F90446F8B9316806A814F0DF
S3150801815011F906A8E8F75EFA0446B0B9BDF92E008A
S3150801816013F02DFF14F046F92846FAF7DDFD1648F7
S3150801817007F024FD09E09DF80E3019079DD5B4E7EF
S3150801818011F0E7FC04460028C9D020460EB070BDA0
S3150801819093F8232000234FF0FF3006A9CDE90633D3
S315080181A08DF81A2014F0BCF90028C9D040F20C4405
S315080181B0EBE700BF2C520120A4EB0208085201206C
S315080181C0A0EB0208045201202182010870B50F486C
S315080181D014F0EAFEC8B907F053FD0C4D05F10C067B
S315080181E013F0DCFE07F05AFB0446284614F0D8FEC5
S315080181F010B930460BF022FD0BF022FC08B9002C11
S31508018200EED1BDE8704014F090B870BD3C52012023
S31508018210024B1B6803B11847704700BF045201207F
S3150801822050EA010337B504460D4604D103B0BDE84B
S315080182303040FFF7EDBFB1F1FF3F08BFB0F1FF3F97
S3150801824013D015F0BBFD221845EB0103084909486F
S31508018250C1E9002300239D420CBF21464FF0FF319F
S31508018260CDE90033044A16F0D1F903B030BD00BF99
S31508018270A84D00200C5201207D820108D3B516F0C5
S315080182804DF9044615F09AFD0B46104AD2E90067E6
S31508018290B04273EB070107D3FFF7BAFF204602B0D6
S315080182A0BDE8D04016F035B9D2E900670022311A87
S315080182B067EB03039342CDE90022134618BF4FF03B
S315080182C0FF31034A034816F0A1F9E7E7A84D002054
S315080182D07D8201080C5201200023044A52E8000F4E
S315080182E042E800310029F9D1F7F7C6BA3052012020
S315080182F0054A52E8003F034342E800310029F8D114
S31508018300024B1B68184700BF305201200852012052
S3150801831037B51C68E10705D513F035FE1649174828
S3150801832014F0C0FEA20723D5FCF710F8D0B9144DF6
S31508018330019016F0F3F8044628460BF09DFC0190CF
S31508018340204616F0E6F8019890B143799B070CD4BC
S3150801835001A802210BF079FD0198FBF7E7FFFBF76E
S31508018360F3FDE6E7FBF7F0FDDEE7FBF7D3FFF6E7FC
S31508018370002003B030BD00BFAC5F01209851012039
S315080183803452012008B5054807F058FA044B012173
S315080183901870BDE8084007F061BA00BFBC5F01204C
S315080183A0FB5B012038B5044648B116F0B7F8054617
S315080183B0214608480BF030FD284616F0AAF8064B68
S315080183C0022193F9000007F049FABDE83840FFF7A2
S315080183D01FBF00BF34520120FB5B01202DE9F0418C
S315080183E00A4B0B4F04460E46386819681546E9F7D5
S315080183F077FA40B933462A46386844F48021BDE8FD
S31508018400F041E9F791BCBDE8F08100BF105E01209B
S31508018410305E01202DE9F0410A4B0B4F04460E460A
S31508018420386819681546E9F75BFA40B933462A46AA
S31508018430386844F48021BDE8F041E9F71FBBBDE87F
S31508018440F08100BF105E0120305E012038B5084D6D
S31508018450084B044619682868E9F742FA30B92868CA
S3150801846044F48021BDE83840E9F7A2BC38BD00BF15
S31508018470305E0120105E01202DE9F043134B0E46B4
S315080184801968134B05468DB018681746E9F728FA97
S3150801849080B933460A222846009702A908F0A8F9A6
S315080184A04FF0000804460DF10809444505D1002C92
S315080184B0EFD120460DB0BDE8F083284659F8041BD4
S315080184C0E9F776FC08F10108EFE700BF105E012025
S315080184D0305E0120F8B50B4B0B4F06460C46386843
S315080184E01968E9F7FDF9054648B9E24316FA82F231
S315080184F0386842F4802246F48021FFF7BDFF2846FA
S31508018500F8BD00BF105E0120305E0120F8B50E46A9
S31508018510074630B329B300F03FF80446F8B9124DBF
S315080185200146182228460BF0B3F820232B7033692D
S315080185302E616B607369AB60F2F726FB07F02AF9C7
S31508018540BE6A002E08BF4FF48076304607F08CF8D5
S31508018550044620B9054B28461E6007F027F9204630
S31508018560F8BD2124FBE700BF3C5201203852012007
S31508018570014814F0DBBC00BF3C52012010B5054888
S3150801858014F0E6FC044618B900F03CF813F05AFD5D
S31508018590204610BD3C520120074BDA69D20407D5A3
S315080185A01B6A40F2044013F0010F18BF0020704700
S315080185B040F20440704700BF0080E00F10B5027812
S315080185C03E2A4FEA022302D18278134301E0FF2AA9
S315080185D0FAD0094A094910780022904201D80020A8
S315080185E006E031F8024BA34203D1054B53F82200AA
S315080185F010BDF4D30132F0E742EB020880EB020822
S3150801860044EB020830B5002485B002A8EBF7CAF995
S3150801861001A8BDF80850019407F04AFD00B101947C
S315080186200E48019C0BF0A5F9A8B10023437183718B
S31508018630C37143728372C372042383746FF0270371
S315080186400B22C3745F23027103750222142302727B
S31508018650C4600582437505B030BD00BFB007030885
S315080186601046044A1368591E033102D800211160C5
S3150801867018477047CC5F0120034B1868034B002845
S3150801868008BF1846704700BF54520120DC0703088B
S31508018690014813F0F0BF00BF5C52012013B50B4C23
S315080186A00229226005D10A4813F0E5FF002002B02D
S315080186B010BD0A4600930146064B054813F0BCFF58
S315080186C0003818BF01204000F1E700BFCC5F012048
S315080186D05C52012061860108014813F0DDBF00BF25
S315080186E05C5201200021014813F0F8BF5C520120B9
S315080186F008B5064B1B68013305D0FFF7EDFF80F07F
S315080187000100C0B208BD0020FCE700BFCC5F012014
S315080187102DE9F843DFF860900646D9F80080084647
S315080187201746B8F1000F03D00E242046BDE8F8839A
S3150801873006B3336801331DD1E1B100F075F805467A
S315080187400028F1D0C9F8000000F0DAF8284613F03D
S315080187507AFE044640B14046C9F8008000F0D0F8D8
S31508018760284613F06BFEE0E73560002FDDD028467A
S31508018770B847DAE72124D8E758520120024B18688E
S31508018780003818BF012070475852012038B50C46E9
S3150801879001F0DCFAA3780B4A13705A1E554255416B
S315080187A0A8420CD0012B04D02846BDE8384001F078
S315080187B0AFBA204601F07EFA0028F5D038BD002070
S315080187C0FCE700BFFC5B0120002108B5024B084607
S315080187D05B689847002008BDE85F012010B5FFF7E0
S315080187E04BFF0D4B0C461A1A534253418B4201D18A
S315080187F0002010BD094B1B683BB9094A064B002CE2
S3150801880008BF1346074A1360F2E714F048F8002830
S31508018810F3D00220EDE700BFB40703085852012040
S31508018820DC07030854520120F8B5044615F06DFE1D
S31508018830002607460E4B1B6893B19E68AEB196F8A3
S315080188402420D20711D435460FCC0FC50FCC0FC53E
S3150801885023682B6096F8243043F0010386F8243008
S31508018860384615F04DFE3046F8BD1B68E4E700BFF3
S31508018870DC5F0120431E033306D8044B984228BF08
S315080188801846642838BF6420704700BF40420F006D
S3150801889038B5184B05461B680C4603B1984744B1D1
S315080188A0236833B11B68013303D0E3680BB1A368AE
S315080188B043B914F0E4F900209122412100F022FA8B
S315080188C0212038BD204602F07BFD00230A4A85F89F
S315080188D04831C5E93A4313605360636943B1074AAE
S315080188E042211068B322C31A5842584100F00AFAC5
S315080188F00020E6E7AC540120D05F0120E8540120AE
S3150801890010B5044618B9054B054A136010BD00F0A9
S315080189103FFCD4F8F430002BF6D1F4E727C502085A
S31508018920E05F012008B502460868FFF7A3FF086063
S315080189304868FFF79FFF48608868FFF79BFF8860D4
S31508018940C868FFF797FF0B69C860581C03D00B4826
S31508018950834228BF03460B614B69581C03D007485D
S31508018960834228BF034688694B61FFF783FFBDE849
S3150801897008408861104601F02DB900BF40420F003A
S31508018980D0F8EC302DE9F04105460C4613B1038EBB
S315080189908B424CD0D5F8E830002B4BD09E68002E80
S315080189A048D0D868002845D0013800B200281ADB1B
S315080189B0002106E0128A591CA24217D209B288423E
S315080189C011DB0B1803EBD3735B1003EBC30206EB46
S315080189D08202B2F80EC003F1FF3EA445EAD90FFAA6
S315080189E08EF08842EDDA2120BDE8F0814FF6FF725C
S315080189F099B29142F7D09BB203EBC30306EB830608
S31508018A002846B6F9122095F83C11D5F8FC8008F0ED
S31508018A10C7FE0746B8F1000F04D0002332462846A0
S31508018A201946C0472C86C5F8EC6085F845710020C3
S31508018A30BDE8F0810E20BDE8F08100BF2DE9F047C1
S31508018A4082B004460F46164601F086F9002840F022
S31508018A509C80654D2B68D4F8E890D4F8EC8013B166
S31508018A604B4500F09F804FF0000AAF6001F0B2FE5F
S31508018A700128074604D001210022084613F01EFDED
S31508018A80204614F085F8002858D12B68D9F800102B
S31508018A90D8F800201BB11868884200F0908020465B
S31508018AA014F06AF8BAF1000F11D086B9204601F020
S31508018AB031FC0546D4F89830002B38D1012F02D065
S31508018AC0002D66D10025284602B0BDE8F087474B40
S31508018AD0C5F800901A78C5F804808DF80760002A51
S31508018AE03BD1D4F8FC50002D71D0114620460DF12A
S31508018AF00703A847204601F00DFC0546BAF1000F09
S31508018B0040D1B5FA85F040F205423321400900F01B
S31508018B10F9F83146204601F075FD354B05461B68C7
S31508018B20414620469847D4F89830002BC6D00022F3
S31508018B304FF40073204600F03BFBBFE794F825305D
S31508018B409A07A2D5D4F8A0305B059ED5294B0122F8
S31508018B50002120461B68984797E7D4F8EC30B4F90A
S31508018B60481023B1B3F912309942A8BF19463246C3
S31508018B70204601F023FB204601F0CCFB0546BAF15D
S31508018B80000FBED0002EBCD194E70023164D6B60B2
S31508018B9060E7194B00215B6803209847284602B015
S31508018BA0BDE8F0876B68002B3FF45DAF43457FF462
S31508018BB05AAFAB689F4285D04FF0010A55E76968FD
S31508018BC019B1096891423FF46DAF596867E794F89E
S31508018BD02A1094F845313246994228BF194620464B
S31508018BE001F0BAFA86E700BFD05F0120D8FD020876
S31508018BF0E05F0120B0540120E85F0120F8B50F4677
S31508018C00054615F082FC394606462846FFF7B8FEA2
S31508018C10044620B1304615F073FC2046F8BD01F034
S31508018C20B9FD224639462846FFF708FF04460028BB
S31508018C30F0D1284613F0ACFF0028EBD095F8253083
S31508018C4013F002030DD0D5F8A0305B050DD5B5F8A4
S31508018C503631BB420BD0B5F83831DB1BB3FA83F397
S31508018C605B09044A82F8D830D4E72346F9E7012399
S31508018C70F7E700BF003E00B070B5044600200D4678
S31508018C8014F001F8094B1B784BB9D4F8FC6036B1DE
S31508018C9029462046B446BDE870401A46604729462B
S31508018CA02046BDE8704013F056BF00BFD8FD020844
S31508018CB030B4064DBDF908402D781DB1029430BC7B
S31508018CC013F04CBF0E2030BC704700BF055C012075
S31508018CD0024B1860024B1960FEE700BF745401206D
S31508018CE0E45F012038B5044D044C054B286021602A
S31508018CF01A60FFF7EDFF38BD74540120E45F0120C7
S31508018D007854012010B550B90548064B016006484C
S31508018D1002601868054B18601868FFF7E3FF10BD75
S31508018D20E45F01205852012078540120745401202F
S31508018D30054B1B680BB918467047834201D01B695E
S31508018D40F8E70120704700BF80540120094A1368DB
S31508018D500BB918467047834207D11B690120136076
S31508018D60054A1368013B1360704703F110021B693A
S31508018D70EEE700BF805401207C5401202DE9F74F0E
S31508018D80064615F0CBFBDFF82881012398F800B0D9
S31508018D90DFF820910190BBF1000F06D089F8003069
S31508018DA003B0BDE8F04F15F0B4BB3F4F88F800306B
S31508018DB089F800B013F0CCFC08B113F0C7FC3D6884
S31508018DC03A495DB9DFF8F0A0DAF800200024AA4292
S31508018DD03B682ED84FF0FF3134483AE06B7D8BB1B2
S31508018DE02B68B34202D09A1B8A420BD96A6813448C
S31508018DF02B60AB68003A18BF0122003B18BF01235C
S31508018E006A75AB752D69DCE7907D20B1107D8842C6
S31508018E109CBF014614461269002AF5D1002CD9D007
S31508018E2094E80B00A275411AE26820469847013575
S31508018E30CAE71A46FF21EFE75A7D4AB11A68B242D4
S31508018E4024D0921B824221D8914201D311461C4655
S31508018E501B69002BF0D15CB12046FFF777FF38B1CB
S31508018E603B683C602361DAF800300133CAF8003008
S31508018E703B685A7D6AB913F067FC064699F80030D3
S31508018E80002B95D1019888F8003089E71C46002106
S31508018E90DEE7186800F0D2F8044613F055FC0646DA
S31508018EA0002C85D1EAE700BF80540120FCFFFFBFF3
S31508018EB0FE5B0120FD5B01207C54012038B5054687
S31508018EC008B3182200210AF0E3FB15F027FB024636
S31508018ED02846FFF72DFF20B1104615F01AFB022090
S31508018EE038BD0A4B1C6854B909491D600B68104600
S31508018EF001332C610B6015F00CFB2046F0E704F1F9
S31508018F0010032469EFE72120EAE700BF8054012016
S31508018F107C54012038B50446FFF70AFF15F0FEFA1E
S31508018F2005462046FFF704FF637D23B9284615F059
S31508018F30F0FA0E2038BD00236375064B1B68A34261
S31508018F4003D113F001FCFFF719FF284615F0E1FAE2
S31508018F500020EFE7805401202DE9F84FDDF828902D
S31508018F60984604460D469246FFF7E2FEDDF830B014
S31508018F7015F0D4FA074613F0E7FB06462046FFF735
S31508018F80D7FE637D23B12046FFF7C4FF0023A375EF
S31508018F90BAF1010F21D175B9B8F1000F1FD1B9F195
S31508018FA0000F03D05A4631462046C847384615F0C1
S31508018FB0B0FA002017E035440C4BAA1B9A420ED88A
S31508018FC0012363759DF82C30304684E82003237508
S31508018FD0C4F80CB0FFF7D2FEE8E7AE42ECD138464A
S31508018FE015F097FA2120BDE8F88F00BFFCFFFFBFF7
S31508018FF02DE9F04107468846FFF79AFE15F08EFAE5
S315080190003D68064613F0A0FB7B7D7BB185420DD0FA
S31508019010094B2C1A9C4209D8304615F07AFAB8F150
S31508019020010F08BF25462846BDE8F081304615F0F0
S3150801903070FA0025F7E700BFFCFFFFBF0023024ACD
S31508019040194600F08BB900BF13C70208024B00226C
S31508019050196813F0AABD00BFD4FD0208024B01220C
S31508019060196813F0A2BD00BFC054012090F827303B
S31508019070FF2B0FD0012904D90239012906D921204C
S3150801908070470222044B196813F08FBD034B032264
S315080190901968F9E702207047CCFD0208C8FD0208E5
S315080190A0024B0422196813F080BD00BFC4FD0208F3
S315080190B038B5094B5A68094B9A420AD115F025FA6F
S315080190C0054606F029FA0446284615F019FA2046F7
S315080190D038BD0024FBE700BFE85F0120D1C70208BD
S315080190E0024BD868C0F30360704700BF000002B89E
S315080190F010B5054C237823B103F0A6FD0020207096
S3150801910010BD0E20FCE700BF005C012008B503F086
S3150801911069FD0122014B00201A7008BD005C01207F
S31508019120F8B504460F46164615F0EFF90546A04769
S31508019130044620B1284615F0E3F92046F8BD05F0A6
S31508019140BDFE04220549D1F8EC3E23EA0703334361
S31508019150C1F8EC3E024B5A64ECE700BF003000B0A0
S31508019160002002B800F01803182B0AD003070AD406
S3150801917040F2011310F0100018BF1846034B986708
S3150801918070470020FAE70120F8E700BF003F00B06A
S3150801919038B10368044A002B08BF1346034A136013
S315080191A07047014BFAE700BFD9C70208F85F0120EB
S315080191B010B4D0E9584122400B4052EA030104D0C9
S315080191C003495DF8044B096808475DF8044B704785
S315080191D0F85F01200F2938B505460C460ED801F06F
S315080191E0F9FA01280CD1074A2846536E23F00F03D2
S315080191F02343536613F0CFFC002038BD2120FCE73A
S315080192000220FAE7003F00B008B50E4B5A6C12F07F
S31508019210A00F01D0002008BD9B6C5B070FD40A4B39
S31508019220D3F8EC3E23F07F4323F0FF033BB1FFF76E
S3150801923057FF0928EED00C3818BF0120EBE70120AB
S31508019240E9E700BF000002B8003000B0074A084B42
S3150801925030B10221C2F864120422C3F864227047AD
S315080192600421C2F864120222F7E700BF006001B8C0
S31508019270005001B870B50D46064620B91A4B1B6851
S31508019280CBB10E2016E001F0A5FA01282AD1174B19
S31508019290D6F8F00093F9004013F029FCC4F11C0438
S315080192A0241A641BC4F12B03002BB8BF5B42232B82
S315080192B00CDD212070BD01F10F03002BB8BF5B4205
S315080192C0232BF6DC094B19700020F3E786F82850A2
S315080192D015F01BF9054660B200F070FE284615F038
S315080192E00FF9F1E70220E5E758520120FF5B01205B
S315080192F008B513F072FA8022024B5867024B1A61BD
S3150801930008BD00BF003F00B0000002B8014B186855
S31508019310704700BF9854012037B515F0F6F80123B8
S31508019320002200240093002305461946104601949D
S3150801933005F09CFB052002F00DFD064B21461C603D
S31508019340054B02205B689847284615F0D9F8204650
S3150801935003B030BDA0540120E85F01202DE9FF418B
S3150801936002290D4616469846039004D1FFF7D4FF05
S3150801937004B0BDE8F08115F0C8F81E4F04463B68F5
S315080193803BB1B34205D015F0BBF8002321203B6061
S31508019390EEE7194B0022C3F800803E600023012640
S315080193A04FF00008104619460196009605F05EFB37
S315080193B0124B052083F8008002F0CCFC43462A466E
S315080193C0052003A902F0E4FC0D4B039A1A6008B9BB
S315080193D02046D8E70B4D2B689847212804D020460C
S315080193E015F08EF80020C3E731466B6802209847CE
S315080193F0F5E700BFA05401209C540120035C01201D
S3150801940098540120E85F0120044B5B6E9B044EBF14
S315080194100120034B187800F00100704700C001B81D
S31508019420035C012090F82730023B022B05D84B7CC0
S31508019430DBB1012B1BD0022B15D0D0F868311B06E6
S3150801944006D5D0F8A4300D2B04D18B8A1A2B10D847
S3150801945013F028BA0F2B03D0102BF6D0112BF7D106
S315080194608B8A1A2BF4D90448704704487047044874
S3150801947070470448704700BF40420F0020A107000B
S3150801948048E8010080841E000A78022A11D0101FBC
S315080194904242424152004B781201022B0BD0191F4E
S315080194A04B424B415B000549054842EA8312FFF7E7
S315080194B037BE0122EFE70123F5E700BFF0FFFF0002
S315080194C01DA801080B78022B10D0181F43424341EF
S315080194D05B004A78022A0BD0111F4A424A415200C0
S315080194E00F21044843EA8202FFF71ABE0123F0E777
S315080194F00122F5E749A80108D0F8B03010B599421C
S3150801950004460ED0C0F8B01002F074F80649A4F863
S3150801951040010123054AD1F8FC1004F5827004F0D4
S315080195201DF9002010BD00BF004F00B0A43F00B0D8
S315080195302DE9F74F04460F4615461E46FFF764FE0A
S3150801954038B3A38A2BB3204613F056F878B9774B6C
S31508019550D3F8EC2E1EB10E2003B0BDE8F08F02F051
S315080195603003102BF7D002F0C002402AF3D0DFF8FF
S31508019570E48104F035F8D8F81430DA07EBD514F09D
S31508019580C4FF0646032002F0F1FC20B1304614F070
S31508019590B7FF0220E0E7D8F8142012F0060BF5D140
S315080195A0304614F0ADFF614B4FF400612046D3F805
S315080195B0ECAED3F8C49E05F0F1FD58B14FF400782E
S315080195C001215B4E5A460846C6F8448012F076FFDA
S315080195D0C6F8448094F825309B0707D5D4F8A030FF
S315080195E05E0542BF4FF40022524B5A643946204663
S315080195F0FFF704FB4D4BC3F8ECAEC3F8C49E002835
S31508019600AAD194F82430980601D4002D4ED0C5F37A
S31508019610400004F0D7FB022315F4807F1FBF454A9B
S31508019620002153644FF03A420BBF414A916153649A
S31508019630536305F043FC4FF4806315F0040F14BF20
S315080196403D4A3E4A3A4E1365042328467364FFF79A
S3150801965089FD204613F04EF938B14FF4807315F0A1
S31508019660010F16BF334A73645364A90647D54FF6EB
S31508019670FF72B4F8423093420FD0314A3149526FE2
S31508019680100CC2F301120132B3FBF2F308802A4A25
S315080196902A492D481B0448675367003D18BF012511
S315080196A094F8243065F3451384F82430204613F0E2
S315080196B06FFAF0B1204613F01DF9D0B14FF400311D
S315080196C0204605F06BFD431C03229BB21F4801A9E6
S315080196D013F0CCFA9DF8042002F00703052B9DF838
S315080196E0053015D112070DD443F48073184AC2F810
S315080196F0CC30002003B0BDE8F04F13F0C4BA01F036
S3150801970029F8CAE713F0040F09D19DF80630EBE7EB
S3150801971003F03002202A05D113F0010FF4E74FF4C4
S315080197208073E3E79DF80630E0E700BF003000B03C
S31508019730002002B8001002B8005001B8006001B854
S31508019740004001B8A66001200000FFFF0C0000BA26
S31508019750003E00B000C001B82DE9F0410B460646AF
S31508019760154611B92120BDE8F081002AFAD003294E
S3150801977005D8002201F072FD03460028F2D01C88A4
S315080197809A78B4F5804F02F0070180F08480A1F140
S31508019790070C1879DF88DCF1000343EB0C03052974
S315080197A02B7394BF0023C2F30013C2F3801C6B739F
S315080197B0930985F810C003F00203C2F3C00C43EA0B
S315080197C00C03C2F34012E8746B74AA74D6F8A0307D
S315080197D0AF82D8064BD40639012948D8B6F8128083
S315080197E0F76908F1FF38083C04EA0804395D0020E6
S315080197F080290CBF6FF07F013239284B18BF49B257
S315080198005B6DA973A86096F827300134FF2B04EA2B
S3150801981008040BD13B5D5B0103F47E63FF2B9CBF00
S31508019820DB43D8B2D6F8F83003B19847631CE8731E
S3150801983003EA0803F95C013303EA0803FA5C013316
S3150801984003EA080341EA0221FA5C013303EA080341
S31508019850F85C41EA0241002341EA00616A7C30462C
S3150801986004F02AF806232860AB7100207BE7002361
S315080198700020EB730A4BDA69C2F30723120448BFC7
S3150801988063F0FF035AB212F1800F1CBF323B5AB282
S31508019890AA730346E7E7022065E700BF004000B860
S315080198A000C000B8F8B507460E468C88FFF7BAFD22
S315080198B097F827700546042F737C0CD1012B0AD81B
S315080198C00146012004F022F8421C01D10220F8BD0C
S315080198D0E30003330EE0023FFFB2012F8CBF0020E5
S315080198E00120294604F012F8431CEFD0012F4FEA54
S315080198F0C403EED90E4A0344D2F8A810326801F01F
S315080199001F01A2EBC10203213260B171002DDDD026
S31508019910B3F5803FDAD84FF22440690900FB0313F7
S315080199202D09B3FBF5F3D21A00203260CFE700BF49
S31508019930003E00B0F8B507460D4614468BB113F044
S3150801994019F929463846BE8A01F0F2F8B44228BF09
S315080199503446A4B222462946044801F03FFA204675
S31508019960F8BD12F0F0FF0646F0E700BF0C0000BA9A
S31508019970082310B1024A53647047024AFBE700BF45
S31508019980001002B8002002B8054A12681AB190F808
S315080199902A1119B91047084602F0E2BE0148704774
S315080199A08854012000FEFFFF394B2DE9F3471C6857
S315080199B001F4007900F00103174653EA0902064645
S315080199C00D463FD04FF000088BB30023002201203B
S315080199D00021CDF80480CDF8008005F047F841460E
S315080199E02046FFF7D1FF01224FF0FF3A4146608634
S315080199F0DFF8B080104612F061FDD4F8A01094F893
S31508019A00270002F02BFFD8F8000000F011FAC8F879
S31508019A1000A0DFF89480D8F8000000F017FA94F84F
S31508019A202430C8F800A043F0040384F82430B9F1BF
S31508019A30000F07D00121204613F0F3F925F400752C
S31508019A4006430D432B4632462046FFF7B1FBFB077B
S31508019A500FD51049104A08680021136811600121C1
S31508019A600E4A117003B198470D4B002102205B681D
S31508019A70984717F00E0F08D040F2C7123B21002075
S31508019A8002B0BDE8F047FFF73DB902B0BDE8F0877F
S31508019A90585201209C540120A0540120035C012046
S31508019AA0E85F0120F45F0120F05F012008B5582224
S31508019AB00021064809F0ECFD1022FF21044809F0AF
S31508019AC0E7FD05F075FB002008BD00BFF03E00B0BC
S31508019AD0343F00B073B5314A3149137809784FF0EC
S31508019AE0FF350B4386211370A0F820116F228221BE
S31508019AF0C0F80C21C0E944126422C0E9462240F2AA
S31508019B00FF320C2382854FF40042002680F83C314F
S31508019B104FF6FF730446A0F84820224A03860264DA
S31508019B2000F154020265204AC3844263C0F8B0506A
S31508019B304585856380F8286003F0B0FF2046FFF766
S31508019B40B5FF0122194B2046C3F8382294F928108B
S31508019B50FFF790FB6023164A41F6FF71D3644FF075
S31508019B603A4211631167134A2946D3644022124BBC
S31508019B7020465A64D4F8A02012F085FE0E2300224E
S31508019B800193009340F202231046194604F06EFF32
S31508019B9001F0CCFC304602B070BD00BF055C012067
S31508019BA0D8FD02080700FFFFFFFF4000005001B87B
S31508019BB0004000B8005000B8002002B8044BD3F8A2
S31508019BC0EC3E13F0806F14BF23200020704700BFBE
S31508019BD0003000B00246F8B5B0F8404100F582758C
S31508019BE0FFF7ECFF0B688E68013304BFD2F80C311E
S31508019BF00B604B68013304BFD2F818314B60771CF0
S31508019C003FD1D2F81431CF688B607E1C40D1D2F88F
S31508019C1010610F69CE60013704BFD2F804710F6174
S31508019C204F69013704BFD2F808714F618F6901374F
S31508019C3004BFD2F81C718F618F6987BBC0F16404B8
S31508019C4008688C6110B16F2838BF6F20C2F81431CB
S31508019C504B68C2F80C01C2F818310B692846C2F8DC
S31508019C6004314B691149C2F81061C2F81C41C2F8A6
S31508019C700831D1F8FC1007230D4A03F06FFD0020C7
S31508019C80F8BD04F16F031B1AB34238BF3346BAE76E
S31508019C9004F18606361ABE4238BF3E46B9E76F3426
S31508019CA0241ABC4238BF3C46CAE700BF004F00B081
S31508019CB0A43F00B038B5054C054B417800782568B6
S31508019CC0236002F0E5FE00B1256038BDA4540120E9
S31508019CD02408030838B514F018FC054600F07AFD87
S31508019CE0012805D0284614F00BFC0224204638BD6D
S31508019CF0FFF7F6F90028F1D1044BDC6814F080541B
S31508019D00ECD1284614F0FCFBF0E700BF000002B8CE
S31508019D100A4B10B51B68044673B1094B48B10121BA
S31508019D20084A1A60022003F071FC0020064B1C70D9
S31508019D3010BD01461860F5E70220F9E7A454012091
S31508019D40A85401201C080308045C0120014B18785B
S31508019D50704700BF045C01204FF40022034B586C86
S31508019D6003F500535A64C0F3C0407047000002B8B7
S31508019D70024B586900F00100704700BF00C001B8E6
S31508019D8008B50D4B5A69D10710D518B9BDE8084071
S31508019D9001F0BABF5B69DA070DD401F0A7FF032307
S31508019DA0064A1364A2F58052536404E05B69DB0733
S31508019DB001D40028F1D108BD00C001B800E009505E
S31508019DC090F92430002B0CDA4FF08053064A29B15A
S31508019DD09360A2F58052D36000207047D3609360E8
S31508019DE0FAE70E20704700BF006001B84FF08063A4
S31508019DF010B1024A53617047014AFBE7001002B8E5
S31508019E00002002B8202350B1064AC2F8F433064BA3
S31508019E10196C11F0010104D1032003F0F7BB034AC1
S31508019E20F3E77047001002B800C002B8002002B874
S31508019E30431C07D06FF0FF02034B10405A62A3F58B
S31508019E4080535862704700BF00E000B8431C06D033
S31508019E506FF07E42024BDA63A3F58053D8637047ED
S31508019E6000E000B8014B986E704700BF003F00B094
S31508019E70014B002099667047003F00B003282DE981
S31508019E80F74F0C4691467ED8404B13F800A0404B3D
S31508019E901E5C404B13F800B014F037FB804604F003
S31508019EA0D7FF074640B10023002201930093012002
S31508019EB00023002104F0DAFD04F0D2FF48B10023A3
S31508019EC0002201930093002000234FF4004104F07F
S31508019ED0CDFD002E4AD0304BDD6C05F008050AEBA6
S31508019EE006002E4B23305844DD64C0B201F066FEED
S31508019EF03146504604F0FAFF5A463146504605F0B7
S31508019F0063F8274BDD649FB14FF0FF35254B1B687E
S31508019F10D3F8A01093F8270002F0A0FC224908689C
S31508019F20FFF786FF0D6021490868FFF78FFF0D606F
S31508019F30B9F1000F04D01E4B002103205B68984736
S31508019F40B4B14FF400521B4B1D6F03F50053C5F313
S31508019F5040351A67404614F0D3FA00F03BFC012855
S31508019F6008D15DB9002003B0BDE8F08F3546B6E7E4
S31508019F702546EFE7002CF0D10520F4E74FF400520F
S31508019F800D4B1A67EEE72120EDE700BF3C080308F1
S31508019F903808030834080308004000B8006000B810
S31508019FA0005000B858520120F45F0120F05F0120EB
S31508019FB0E85F012000C001B800D001B8054AC00217
S31508019FC0136A00F4FF2023F4FF23184310620020CC
S31508019FD0704700BF00C000B8094B08461A6D9102C8
S31508019FE00BD4D3F84021D20708D4D3F8803013F420
S31508019FF0706F14BF0120002070470120704700BF11
S3150801A000004001B8F8B50D46144601F00B0323EAE2
S3150801A0100201494A2340D1646F07A2F580520646D8
S3150801A020D36410D50121FFF7D7FF60B104F046FFCD
S3150801A0304FF4007314F0040F14BF404A404A1365E5
S3150801A0400422404B5A64E90606D514F0100F14BFD2
S3150801A05000221B223C4B5A652A0618D5230611D520
S3150801A0604FF40012354BDA6414F04FFA0E21074605
S3150801A070032002F063FB40F20122334B3846DA62D1
S3150801A08014F03EFA214696F8270002F0E7FBEF05A1
S3150801A09003D5E00538D502F0BBFBA90503D5A20512
S3150801A0A035D502F0C1FB15F48C6F18D014F4806213
S3150801A0B032D096F825309B070CD5328EB6F8363154
S3150801A0C0934227D0B6F838319F1A7B427B411F4A03
S3150801A0D082F8D8303046D6F8F010FFF709F92B0583
S3150801A0E010D504F0EBFE1A4A14F4006FD2F8EC3ED0
S3150801A0F014BF43F0006323F00063C2F8EC3E042268
S3150801A100104B5A640020F8BD02F07CFBC5E702F04B
S3150801A11085FBC8E70123DAE76805DBD596F825301C
S3150801A1209907D7D5094B114683F8D820094B3046EC
S3150801A1301B689847CEE700BF006000B8005001B819
S3150801A140006001B8002002B8004000B8003E00B027
S3150801A150003000B0B054012070B5054690F83C01B6
S3150801A1600C460C2822D0FF2901D1212070BD1AB135
S3150801A1704FF0FF320F4B1A6012F088FD064695F82C
S3150801A1803C0101F029FA844228BF0446E4B2B442EC
S3150801A19038BF3446E0B285F82B0001F049FB064A80
S3150801A1A00346107820B9FF2BE0D1DEE70220DDE770
S3150801A1B00020DBE7FC5F0120D8FD02087FB51C4BB8
S3150801A1C004461B780E4615460BB3D0F8EC306BB334
S3150801A1D002AAB3F9123000920022EAF795FA029917
S3150801A1E02046C1F3813112F092FC70B9BDF90C30E9
S3150801A1F0029902460093C1F30D0103462046FEF774
S3150801A20057FD2946204612F049FD04B070BD02A942
S3150801A21012F0DCF932469DF80810204607F0C0FA1C
S3150801A2202A4601462046FFF797FFEEE71846ECE770
S3150801A230D8FD0208F8B50D4690F83C1104460C29DC
S3150801A240174603D12E4B1B78002B51D02A462046A0
S3150801A250A4F8485007F0A4FAD4F8EC3084F82A0098
S3150801A260002B41D0274A1678D4F8FC204EB1002A93
S3150801A27040D1B4F94800B3F91210884206DC002629
S3150801A28007E0BABB94F84521824202D20126B3F906
S3150801A290125000222946204684F82D70FFF78EFFBA
S3150801A2A008BB76B1C4F8EC00204612F062F94FF605
S3150801A2B0FF739842014615D02046BDE8F840FEF7DF
S3150801A2C09DBC114B1B7813F0FD0F0BD1204601F0F5
S3150801A2D091F90E4901230E4AD1F8FC1004F5827052
S3150801A2E003F03CFA0020F8BDFF2384F82B30F9E788
S3150801A2F00220F8E7B4F94410B3F912209142BDE7F8
S3150801A300D8FD0208055C0120A8600120004F00B0B5
S3150801A310A43F00B0F0B504468FB000F075FCD4F840
S3150801A320A8300546012B00D010B128460FB0F0BD64
S3150801A3307549204612F009FDD4F8EC600146258ED0
S3150801A340C4F8F0003EB133682BB15B681BB11A68DB
S3150801A350032A00F2B58014F0D8F8D4F8F030002BAF
S3150801A3607BD01A68032A78D99F6A7F0E14F0C8F839
S3150801A370D4F8F010B3898DF80E70B0687268EB1ACC
S3150801A3809BB200FB03226148ADF80C3003680292C8
S3150801A390994202D02046FEF7ABFF5D4D5D4E00F0B7
S3150801A3A019FA0128FBD12B6CDB07F8D4736CDF0192
S3150801A3B0F5D4D4F8F01020460D919DF80E20029997
S3150801A3C008AB02F03DFF00285AD100F003FA012834
S3150801A3D0FBD1504A4E49536CD801FCD40B6CDB07B0
S3150801A3E0F9D408A901A803F0A3F80546002847D11E
S3150801A3F0228E494B5A6494F8243060F3410384F859
S3150801A400243000F081FCD4F8EC305969431E0E68FB
S3150801A410DBB2FD2B049637D84B680128059343D147
S3150801A4200126DF1C06D901333C4B5B6859D0DA1C7F
S3150801A43054D80593024604A9204600F027FC002EAD
S3150801A4407FF473AFD4F8643199053CD494F8243079
S3150801A45043F0020384F8243067E72F4BDB6BC3F321
S3150801A460C20213F0380F03F0070718BF574313F456
S3150801A470E07FC3F382123FF479AF02FB07F775E772
S3150801A480022528460FB0F0BDF71C13D9234B013618
S3150801A4901B6818BF0126DA1C1BD804934B68FF28D2
S3150801A4A00593BED00020C5E70246204604A900F060
S3150801A4B0EDFB3AE74B68FF280593B1D02A46F4E746
S3150801A4C09F6A7F0E56E720464FF4803112F0A9FCA9
S3150801A4D02BE7FF284B6813D00593B0E7FF28AED1C9
S3150801A4E0E0E7DE1C06D80246204604A9059300F0DB
S3150801A4F0CDFBA7E7FF28A5D10022204604A9F6E748
S3150801A500012005938DE700BFFC4F00B08C54012054
S3150801A51000C002B8000002B8008001B8046001203A
S3150801A520F8B590F84861044666B313F0EEFF1F23A9
S3150801A530154F013E3B651E40144B05461E65D4F872
S3150801A5404C21A3F580539A67D4F85021DA67D3F8DA
S3150801A5504031DB0711D5204612F0E8F94FF0FF33F9
S3150801A56018B1C0F120029340DB43C7F84431D4F84F
S3150801A570AC201340054AC2F844312846BDE8F840E4
S3150801A58013F0BEBFF8BD00BF006001B8005001B8A6
S3150801A59010B504234FF03A4101240A4AD1F81801AB
S3150801A5A0C2F81831C2F814314C634FF400511163E3
S3150801A5B0410742BFC2F81431A2F58052C2F81831D8
S3150801A5C010BD00BF002000BA70B54FF03A434FF4F2
S3150801A5D080640A4DD3F818610020C5F81841C5F8FA
S3150801A5E0144104F0C9FC4FF400532B67730542BFAD
S3150801A5F0034BC5F81441C3F8184170BD002000BAD1
S3150801A600001000BA2DE9F04104460E4619B990F832
S3150801A610243059065CD4434B434A5B6AA18EC3F383
S3150801A620032313704FF6FF739942D4F8F07004D0E0
S3150801A6303E4B1B680BB1204698473D4D2B68BB42E4
S3150801A64069D03C4B1B6833B1002F67D0396801B11B
S3150801A650B968204698474FF00708204600F0CAFF18
S3150801A660002E4DD0344B93F90030C3F11C0317B1BA
S3150801A67097F926209B1A06202A4994F928600A6A1E
S3150801A6809B1BDB0222F4FF2203F4FF2313430B6215
S3150801A690D4F8F020294B2A60986701F065F901255D
S3150801A6A00022274B274920460D7083F8802012F097
S3150801A6B072FA254B5B6C5A0203D4D4F8A0301B06F8
S3150801A6C003D54FF40012214BDA640020BDE8F0816E
S3150801A6D04FF6FF7C66F38613124A80F82430536AD4
S3150801A6E0134D1149C3F30323D0F8F0700B702B688F
S3150801A6F0A0F834C0BB42A4D100F07CFF4FF001089A
S3150801A700134A4346D2F8FC1004F58270A2F65C722D
S3150801A71003F024F8A6E74FF001089EE739462046DC
S3150801A720984798E700C000B8025C012094540120BC
S3150801A7308C54012090540120FF5B0120006000B871
S3150801A740003F00B0015C0120000002B8005001B8CA
S3150801A750004F00B038B513F0D8FE4FF6FF710A4A1C
S3150801A76013888B4203D113F0CBFE0E2038BD074C5C
S3150801A770074D1B046567A4F580546367118013F0C0
S3150801A780BFFE0020F2E700BFA6600120006001B805
S3150801A7900000FFFF08B50C4BD3F84C21531C11D010
S3150801A7A012F080420ED1094B1B681BB111460320DA
S3150801A7B0FFF764FB4FF08062054B1A6501225A6167
S3150801A7C002229A6208BD00BF0080E00F585201209C
S3150801A7D0001002B80F4BDB68C3F30363013B0B2B75
S3150801A7E00FD8DFE803F006060C06060606080A086F
S3150801A7F00808022070470420704705207047032087
S3150801A8007047054B5B6913F0060F0CBF0120042046
S3150801A810704700BF000002B800C001B8094AD368F2
S3150801A820C3F303630B2B08D06FF49050184100F063
S3150801A830010080F0010040007047506C10F4803030
S3150801A840EDD17047000002B80C4AD368C3F303631D
S3150801A850062B07D8042BD8B20BD8C31E5842584129
S3150801A86040007047072B06D1D2F868010028ECD1C1
S3150801A8707047022070470020704700BF000002B8E9
S3150801A880094BDB68C3F303639A1E012A8CBF0022B6
S3150801A8900122012B02701EBF4FF4026222FA03F352
S3150801A8A003F001030B707047000002B8024B1B68E6
S3150801A8B003B11847704700BFBC540120024B1B68FF
S3150801A8C003B11847704700BFB854012011F00103BE
S3150801A8D011D09AB9552391FAA1F193FAA3F34A082B
S3150801A8E01B0F490042EAC37201F00203C0F8AC200B
S3150801A8F080F82930704722B9AA23ECE70023024AD7
S3150801A900F4E7014AF2E700BFB75635120F2337B508
S3150801A91001911E494B67019B13F0010F1C4B15D082
S3150801A920A2B901225A674FF0FF32C1F84421D0F883
S3150801A930AC20C3F844214FF07042C1F8482190F881
S3150801A94029201207C3F8482103B030BD4FF0FF355F
S3150801A95002245C67C1F84451D0F8AC50C3F844519D
S3150801A9604FF07045C1F8485190F829100907C3F806
S3150801A9704811002AE8D00422006D0DEB020108F007
S3150801A9808FFE4FF03A43C3F8F440DDE7006001B8A3
S3150801A990005001B813B590F827100446FFF768FA76
S3150801A9A0012001F017F94FF4F0620B4BDA644FF40A
S3150801A9B00072A3F58053DA6494F82730023B012B21
S3150801A9C008D80421054B01229B6F0DEB0100019369
S3150801A9D000F0D2FA02B010BD006000B8004001B81C
S3150801A9E038B5184B05461C6844B1E36833B120688D
S3150801A9F001F0E8FDA368186801F0E4FD124B134A5B
S3150801AA001B6813602BB1DA681AB19B68186801F0E4
S3150801AA10D9FD0F4B1B682BB1DA681AB19B68186808
S3150801AA2001F0D0FD0B4B1B682BB1DA681AB19B6894
S3150801AA30186801F0C7FD21462846BDE838400022BE
S3150801AA4012F0B3B8D4FD0208D0FD0208C0540120A3
S3150801AA50CCFD0208C8FD0208F8B5D0F84C31044609
S3150801AA608B420D46164603D190F84831202B0ED05D
S3150801AA70324629462046FFF729FF202384F8483124
S3150801AA800023C4F84C51C4F85031FFF749FD4FF083
S3150801AA900077074B32465F6429462046FFF736FFA3
S3150801AAA08022044B1A6103F500535F64F8BD00BFA9
S3150801AAB0001002B8000002B8072330B5144CE3634E
S3150801AAC0144B61B94FF480424FF48041C3F8081121
S3150801AAD0C3F80C21C3F81021C3F8142130BD44254D
S3150801AAE00D4940F040004D6388630121D9634FF455
S3150801AAF080414AB1C3F80811054BC3F80C11C3F8D4
S3150801AB001011C3F81411E9E7C4F80811F4E700BFF6
S3150801AB10006000B8005000B8004000B8034BD3F8F5
S3150801AB20F80780F00070C0F340607047000002B873
S3150801AB3010B590F82700FF2814D0304BD3F8A02081
S3150801AB4012F0060F01D001280DD94FF470622C4B73
S3150801AB50DA604FF48072A3F58053DA600022274B3E
S3150801AB60C3F89C2010BD02F0020412F0040202D0C0
S3150801AB700B789B0637D4002C39D00B7803F00F03DA
S3150801AB80072B34D14B78022B31D98B7813F03E0F32
S3150801AB902DD0CC7814F0040F29D014F0010F0CBF76
S3150801ABA004230A23A40748BF0633CB5CFBB1002A5A
S3150801ABB014BF02220122012840F6FF7003F01F018B
S3150801ABC008BF4900013940EA01310E4801654FF4D1
S3150801ABD070600B491202C860A1F58051CA60074A24
S3150801ABE0C2F89C30BEE7002CC7D18B7823B9002365
S3150801ABF0044A13650122EAE70222DCE7003E00B0B7
S3150801AC00006000B8004000B810B590F82710012977
S3150801AC1003D8174BD3F898300BB1002010BD028E1C
S3150801AC20272A22D8134B14481B68834219D031248A
S3150801AC301248181A434243415B000D48A0F8B24036
S3150801AC4050246343282404FB01330D491944895CC4
S3150801AC50FA31A0F8B8100B490B449A5C0A4B1A70E2
S3150801AC60DBE76FF003040123E7E70E20D6E700BF11
S3150801AC70003E00B0E854012000F04902005A620281
S3150801AC807445030884440308285C012010B5124B57
S3150801AC900C68C3F87842C3F87C42C8B1D0F8EC30E6
S3150801ACA0B3B15B69A3B1501EC0B2FD2812D90134F4
S3150801ACB004BF6FF0010008600868FF2A186007D111
S3150801ACC04A68013202D16FF001024A604A685A6045
S3150801ACD0002010BD012AF2E7004001B8FF2818BF7D
S3150801ACE0C3434FF0180108BF1023064A18BFDB00FB
S3150801ACF0C2F8FC1318BF03F00803A2F58052C2F884
S3150801AD00FC337047002002B8024BD3F8F807C0F3AA
S3150801AD10C0407047000002B84FF03A43D3F81421F7
S3150801AD20D2031ED54FF480320E49C1F81421A1F57C
S3150801AD308051C1F818215A6DD1B2C2F30722C3F85E
S3150801AD40A410C3F8A4200422C3F8A4200022C3F83F
S3150801AD50A420C3F8A420C3F8A420C3F8A420C3F8E8
S3150801AD60A4207047002000BAF0220B4B01219A64F7
S3150801AD70A022A3F580539A644FF03A43026DC3F8B3
S3150801AD80F410FC21C3F8CC10C3F8D0204FF40052BC
S3150801AD90C3F8F020704700BF006000B8F8B54FF05F
S3150801ADA03A440D461746064613F0AFFB0123042223
S3150801ADB06363084BE76026616561C3F814214FF4A4
S3150801ADC00042054BC3F8842113F09AFB0DB1022307
S3150801ADD06363F8BD002000BA00E100E02DE9F04107
S3150801ADE005460124006800F00700063004FA00F35E
S3150801ADF0A868EC685E1EA04200F0928000EA060789
S3150801AE006C6810441E430640D81B07EB040C8242AB
S3150801AE10644638D9D31AFA18A0B3431E062B74D937
S3150801AE2041EA0C039B0770D14B1CACEB0303022BC5
S3150801AE306BD90B4620F0030E8E44ACEB01071C6858
S3150801AE40DC5104339E45FAD120F0030310F0030FB9
S3150801AE5001EB030EA0EB03040CEB030700F088805B
S3150801AE6011F80380012C0CF8038000F081809EF80C
S3150801AE700130022C7B7018BF9EF80230084418BFB7
S3150801AE80BB7001466C685AB3531E062B01F10103C8
S3150801AE902FD9E01A02282CD941EA0400800728D1C3
S3150801AEA0234622F0030CA444081F50F8047F43F8F4
S3150801AEB0047B6345F9D122F00303D01A920701EB0B
S3150801AEC0030C04EB03070BD0CA5C0128E25407D034
S3150801AED09CF8013002287B7002D09CF80230BB70C6
S3150801AEE013F013FB0223AE60AB62BDE8F04113F029
S3150801AEF007BB0A4404F1FF3C00E0013313F8011CC7
S3150801AF0093420CF8011FF8D1EAE70B460844ACEB6B
S3150801AF100107D91913F8014B83420C70F9D1B0E72F
S3150801AF20042A0DD90878043AA86148780431A86139
S3150801AF3011F8020CA86111F8010CA861A8685DE76F
S3150801AF40013A032A12D8DFE802F00F1507020B4669
S3150801AF5013F8012B1946AA610A4612F8013BAB619F
S3150801AF60114611F8013BAB610B78AB61BDE8F08185
S3150801AF70084486E70A46F3E738B50B4615460146FF
S3150801AF804FF03A4468B101221048C4F8F4201A4631
S3150801AF90FFF724FF25B14FF03A430422C3F8F42002
S3150801AFA038BD73B1D4F8D8209A4284BF0122C4F8B7
S3150801AFB0F4204FF03A42C2F8D4300223C2F8F430F2
S3150801AFC0E8E70123C4F8F430E4E700BFCC0000BA8F
S3150801AFD038B5044613F099FA4FF03A420121A38F86
S3150801AFE0054651674BB3B3FA83F3C3F11903DBB2D1
S3150801AFF0A069C2F8B410C2F88C300723C2F89000D1
S3150801B000C2F8B0304FF4A02302F50052C2F8143149
S3150801B010A2F58052C2F8183100220D4B1A600D4B69
S3150801B0205B6C5B0209D54FF480020B4B5A64D4F86A
S3150801B030A01094F8270001F011FC0023E3870723E9
S3150801B0402846A4F84030BDE8384013F059BA00BF85
S3150801B050C4540120000002B8002002B82DE9F843C3
S3150801B06005460C46B1B1D0F81880878F13F04DFA12
S3150801B070B5F83EC0791E01EA0C0323F00702032C3A
S3150801B0800646DFF800E1424461D1DEF8004024B902
S3150801B09013F036FA0E20BDE8F88324F00104DEF831
S3150801B0A0000020F00100A04256D10023CEF800305E
S3150801B0B0238894426FEA43436FEA5343238041D17D
S3150801B0C0B5F8403008EB07091846083880B202F18E
S3150801B0D008044C4528BF4446082804D9B4F800E0BA
S3150801B0E0BEF5804F43D263440F431B1A3B409BB2C4
S3150801B0F0EB87A5F84000947811884FF03A42C1F3DE
S3150801B1000C019165C2F89830C2F8B0004FF480225C
S3150801B110184B04F00704C3F814214FF40042164BE8
S3150801B120C3F88421FFF7F8FD042C0BD14FF48002F4
S3150801B130124B5B6C124B5A64D5F8A01095F8270090
S3150801B14001F08CFB304613F0DBF90020A3E7601E03
S3150801B150012898BF1446A2E7B5F840004344E31A0C
S3150801B16048BFDB1908389842A2DC304690E72246E8
S3150801B170ABE700BF002000BA00E100E0000002B81A
S3150801B180002002B8C4540120164B10B51968B1F84D
S3150801B1904020CB8F888F13440138073B8C690340C5
S3150801B1A023F007031C4402F108034FF03A429BB20D
S3150801B1B0A1F84030C2F8B0304FF480220A4BC3F8E8
S3150801B1C014214FF40042094BC3F88421A07800F0FA
S3150801B1D00700042803D1064AD3681B03FCD4054B90
S3150801B1E01C6010BD58520120002000BA00E100E0A1
S3150801B1F0000002B8C454012010B5064C216839B1C3
S3150801B200CB0703D4044B1868FFF728FF00232360F4
S3150801B21010BD00BFC4540120585201204FF480329A
S3150801B2200C4B0D49C3F818214FF03A43C1F81421C4
S3150801B230D3F8AC10D3F88C20012302F007020632AA
S3150801B2409340C1F30C01083B994201D8FFF764BD4D
S3150801B250704700BF002000BA001000BA2DE9F04778
S3150801B26080460C4616468769858F13F04EF9B8F85D
S3150801B2703E2005F1FF3C02EA0C0323F00701032CEB
S3150801B28082463944B8F8400019D14A4C24689CB919
S3150801B2900244073A02EA0C0222F00702BC183B44B0
S3150801B2A0E31A48BF5B19834210DB504613F028F9AD
S3150801B2B000242046BDE8F08724F00104EFE7012CBD
S3150801B2C002D0022CEBD108380C46E8E7002E3FD015
S3150801B2D08C4241D14FF03A42D2F858904FF03A4158
S3150801B2E0D1F8AC20B8F81270C2F30C02934247DACF
S3150801B2F02588B5F5804FD8D2A378C5F30C0503F098
S3150801B30007037A1EA5EB09053A43052B337005EAAF
S3150801B31002052DD82DB2E84340F24F420421C00F51
S3150801B320FDF7F0FC7580E3783374D8F81C207B1E92
S3150801B33003EA0903D118B160A9B213FA85F5AF4238
S3150801B3402FBF0023FF1AB780F26024BFB180F360D4
S3150801B350504613F0D5F8ACE7A4F10802974284BF2A
S3150801B360ED0802EBC502B2F80090C9F30C09B5E77E
S3150801B370114B5B6D003B18BF0123A5EBC305C9E75C
S3150801B3804B6D7A1EA3EB09033A431A400B4915B2D2
S3150801B390002DCB680BDCC3F30363D81E434243413C
S3150801B3A0DB003370CB6C72801B0A3374BDE708234C
S3150801B3B0F7E700BFC4540120004000B8000002B8F6
S3150801B3C0054BA822D3F84C013121431C0CBF01209F
S3150801B3D0C0F38070FDF796BC0080E00F10B50F4BE7
S3150801B3E01C78ACB90E4BD3F8F8375B0309D490B186
S3150801B3F00F23441EB4FBF3F410300444E4B2204690
S3150801B40010BD40F648023F212046FDF77BFCF6E7D2
S3150801B4100001C4B2F3E71024F1E700BFA8600120D8
S3150801B420000002B8014B588000207047A86001202F
S3150801B43038B5284D0446297819B92022264808F036
S3150801B44027F92378254A264913704FF2F002C1F8E5
S3150801B450C821244A4BBBA1F50051D1F8F81711F4BC
S3150801B460002F4FF0FF011CBF1F48C0F8DC301170D8
S3150801B4704FF040731A4AC2F834311C4BD3F8F837E7
S3150801B48013F480230BD14FF47F01C2F83011184908
S3150801B490C1F8303148F2C801164BC3F8F410072336
S3150801B4A0C2F8FC330122124B0DE000240E48022B90
S3150801B4B0C0F8DC404FF0FF001070D9D107230422F1
S3150801B4C0C1F8FC330A4BC3F8FC23012300202B7077
S3150801B4D038BD00BF065C0120E03F00B0A86001202E
S3150801B4E0002002B8CE600120004001B8000002B871
S3150801B4F0001002B8003F00B010B5044600F074FF12
S3150801B500094BD3F8F80734B900F44020B0F54020C8
S3150801B51018BF012010BD022C0ABF80F4003000209C
S3150801B520C0F34040F6E700BF000002B82049D1F851
S3150801B530FC37FF2B31D01F48C3F303120270D1F831
S3150801B540F81703F00F0309035BBFC2EB02120F3BA7
S3150801B55002F1FF32D2184ABF03EB0213D3B2DBB2B0
S3150801B560154A164913700978154B1A68E9B1B2F1EB
S3150801B570A06F1AD3D3F85012124A134BB1F1FF3FF9
S3150801B58018BF1346114A136041F66A02104B1B682D
S3150801B590B3FBF2F30F4A13607047D1F8F83713F487
S3150801B5A0002F0CBFB4235A23DAE7074BEAE700BF9B
S3150801B5B0000002B8CF600120085C0120CD6001209F
S3150801B5C00080E00F5082E00F40080308C8540120AC
S3150801B5D0E8540120CC54012020B1022804D1034BA0
S3150801B5E018787047024BFBE700207047CF600120AF
S3150801B5F0085C01202DE9F74FD0F8B0404C22022C07
S3150801B60038BF02247B49013CCB6CD1F8DC507A491E
S3150801B610C3F38213DA400B680646A34290F83C71DD
S3150801B620764BDFF800A2DFF80092DFF8008202F01D
S3150801B630010216D11878904213D19AF80000B8423F
S3150801B6400FD1D6F8B40060B1A8420AD196F82B50AA
S3150801B65099F80000854204D1B8F8040003B0BDE8A2
S3150801B660F08F98F800001A700C60FFF7B5FF0346D3
S3150801B670002A00F0918004234FF07F41604AC2F806
S3150801B680BC30604BC3F8BC1096F82B301B06C2F8C9
S3150801B690BC30002040F271225B4B19211B68B3FBB9
S3150801B6A0F2F36343182BB3FBF1F14FEA004400F2BE
S3150801B6B09380002C00F09B80B4FA84F2C2F1200238
S3150801B6C0C2F10F03012B38BF0123D440A14201D295
S3150801B6D0013B6408421C03F01F0152008A40121BF9
S3150801B6E0DFF838B19208CBF8B0201A0242EA031201
S3150801B6F01343019300EB002300EB0325434B40F66C
S3150801B700C20218682B21003818BF0120FDF7FAFA82
S3150801B710FA223E4B02FB04F01B6840F6FF72B0FBAF
S3150801B720F3F00A2358433A4B00F57A74C3F8D82044
S3150801B730019AA3F58053C3F8D820364AA3F5805356
S3150801B740C3F8DC50D2F8F827520308D4D3F8DC3012
S3150801B75003F47F02C3F303531343CBF8FC30C6F853
S3150801B760B4502D4D00F6B8302C6001F081FF4FF42E
S3150801B7707A722A4BC3F8A400C3F8F8002B68B4FB05
S3150801B780F2F0B3FBF2F3A8F8043096F82B308AF8F6
S3150801B790007089F8003061E796F82B00984228BFB7
S3150801B7A01846C0B22FB1022F7FF473AFFFF716FE0A
S3150801B7B070E7184BD3F8F8371903F7D450B10F23AC
S3150801B7C00138B0FBF3F00130154B1B68034413F83D
S3150801B7D0010C5FE70120F7E7B1FA81F23CB1B4FA4F
S3150801B7E084F3D21A002A3FF76BAF0F236EE70F23B4
S3150801B7F070E700BF004001B8FC5F0120075C01202B
S3150801B800001002B8002002B8E8540120CC540120E7
S3150801B810006001B8000002B8D0540120003F00B012
S3150801B820C8540120CC600120CB600120A86001200A
S3150801B83038B5254B05461A78244C0C2A02D1FF2027
S3150801B840207038BD104611F021FA01461046FFF75F
S3150801B850C3FEA84228BF2846C0B2884238BF084658
S3150801B8602378C0B28342ECD020703ABB184BD3F888
S3150801B870F83713F4002321D14FF2F001154AC2F823
S3150801B880C811C8B10F230138C0B2B0FBF3F3591C74
S3150801B890C3EB0313C01A431C0D4A1B01D2F8C80196
S3150801B8A043EA01330343C2F8C831D2F8C8210A4B27
S3150801B8B0C3F8FC202078C4E70121EDE7074B186897
S3150801B8C0FFF798FEF6E700BFA8600120CE600120C9
S3150801B8D0000002B8002002B8003F00B0585201200B
S3150801B8E0014B1870704700BFCD60012010B50446A2
S3150801B8F0FCF744FF78B1154B1B786BB964B1144B4F
S3150801B9001B784BB1134B1B78013B012B04D84FF421
S3150801B9100042114B1A6510BD104B1B6D1B04FAD45E
S3150801B92012F0F3FD044603F0C9FA4FF400420C4B3A
S3150801B9302046BDE810401A6502220A4BC3F81425B1
S3150801B9400422054B5A6412F0DBBD00BF095C0120D5
S3150801B9500A5C0120D4540120002002B8000002B874
S3150801B960001002B800D00350054BD3F8843013F009
S3150801B970030F4FF4802314BF024A034A93647047A6
S3150801B980004000B8005000B8006000B8F7B5064698
S3150801B990534C00F029FD01213A20E6F7D3FE514B1D
S3150801B9A02578514F1E7085BB2846FFF79FFF2378E0
S3150801B9B0013B012B19D8E37B01A88DF80430237CC0
S3150801B9C08DF80530E4F7A8FFC7F814554FF6FF724E
S3150801B9D0464BC3F88420F822A3F58053C3F8842084
S3150801B9E00022414BC3F814250DE04FF6FF723F4B79
S3150801B9F0C7F81455C3F88420F822A3F58053C3F871
S3150801BA008420C7F814553A4B5BE00020FFF76EFF18
S3150801BA102378013B012B08D8E37B01A88DF8043074
S3150801BA20237C8DF80530E4F777FF0023C7F8143532
S3150801BA30002ECBD062685AB32E4B1B6803EB520318
S3150801BA40B3FBF2F3013B1B0243F0F80326782749BF
S3150801BA50022E294A1ED0032E4FF6FF75224826D0FC
S3150801BA60012E36D143F00203C1F88450C2F884305E
S3150801BA700723C0F81435E37B01A88DF80430237C2D
S3150801BA808DF80530E4F738FF0120FFF72FFF17E09F
S3150801BA90F823DBE74FF6FF7043F00103C1F8840092
S3150801BAA0C2F884300622104BC3F81425E3E743F0A5
S3150801BAB00503C1F88450C2F884300423C0F814354C
S3150801BAC00E4B4FF080421A650020FFF74DFF03B079
S3150801BAD0F0BDC1F88450C2F884300023EEE700BFF8
S3150801BAE0D45401200A5C012000C00350006000B84C
S3150801BAF0002002B8E8540120005000B8001002B82E
S3150801BB00F0B52B4F06463D4604460FCE0FC53368A2
S3150801BB1085B02B6000F068FC01213A20E6F712FE99
S3150801BB200022244BC3F81425A17A627A42EA01421B
S3150801BB30C3F82025217CE27B42EA0142C3F81C2591
S3150801BB40217B627B41EA0240C3F818053B78032B47
S3150801BB502AD8DFE803F022020C178DF80410042115
S3150801BB608DF805200DEB0100002204F0BEFAE37BF7
S3150801BB7000228DF80830237C042102A88DF80930AB
S3150801BB8004F0B3FA637A01228DF80C30A37A042102
S3150801BB9003A88DF80D3004F0A8FA074B187805B0FC
S3150801BBA0BDE8F040FFF7F2BE212005B0F0BD00BFA9
S3150801BBB0D454012000C003500A5C0120034B1B6DBD
S3150801BBC0002BBCBF024BC3F888007047000002B8BF
S3150801BBD0004000B84FF0006338B1064A1365064BBA
S3150801BBE04FF40032C3F884207047044A1365044BA6
S3150801BBF0F6E700BF001002B8005000B8002002B8EE
S3150801BC00006000B82DE9F04700F048FC4FF47A7659
S3150801BC102D4BB0FBF6F618604FF4FA7373430746DB
S3150801BC202A48190E1B021818294A4FF0000341F138
S3150801BC300001EDF729FF274BA0F5807205461A6327
S3150801BC4020B94A222B21FDF75DF801254FF47A72B6
S3150801BC504FF0000A6A43534650083102EDF714FFC4
S3150801BC601C4B1D4AB7F57A7F9A601C4B4FEA05684B
S3150801BC7019601B4B8946044618604FEA152505D2FB
S3150801BC809D222B215046FDF73DF801264FF47A7384
S3150801BC90A8FB030103FB05117308C01841F1000154
S3150801BCA000233246EDF7F0FE0E4B023419600E4BB7
S3150801BCB049F10009A408186044EA8974054B013C56
S3150801BCC09C63BDE8F08700BFE854012020A1070066
S3150801BCD040420F0000C001B802110100F8540120CA
S3150801BCE0F4540120F0540120EC5401204FF40022B1
S3150801BCF0034BC3F884215A600122024BDA6070476C
S3150801BD0000E100E000C001B84FF40022064BC3F879
S3150801BD108421C3F88420BFF34F8FBFF36F8F0422AA
S3150801BD20024BDA60704700BF00E100E000C001B8CD
S3150801BD3010B50446A242A2EB0000A3EB010104D20E
S3150801BD40034B01399B6B0133184401F0030110BD04
S3150801BD5000C001B838B501250A4B02019D504FF4C0
S3150801BD6080730446084A8340536612F0CEFB074A9D
S3150801BD70A540137823EA05031370BDE8384012F08D
S3150801BD80BFBB00BF00E101B800E001B8145C0120A7
S3150801BD902DE9F84F164605468A461F4612F0B5FBA9
S3150801BDA0022E00F09180804612F0B8FB604B614A82
S3150801BDB0D3F8209092F879405A6EE4B2520744BFFC
S3150801BDC0D3F82090013404F0030412F0A2FB48468C
S3150801BDD0214600F03DF98446DAF80000012E04BF39
S3150801BDE001306044ACEB000C08BFCAF80000BCF196
S3150801BDF0804F7DD300F03EF98145A1EB040188BF50
S3150801BE004B4BDFF854C188BF01F1FF3101F0030143
S3150801BE1088BF9B6BA0EB090E0CF80510A1B1F907B9
S3150801BE2042BF41F61F72444B5A67BA0742BF424B9B
S3150801BE30424A5A677B0742BF00223D4B9A673C0735
S3150801BE4042BF00223A4B9A6511244FF0010A384B3A
S3150801BE5005F11002120103EB051BCBF80C01384959
S3150801BE609C501A6A0AFA05F4586E0B78A2EB090275
S3150801BE70E4B2234372450B7025D34FF48073AB406C
S3150801BE80034220D11CF80520002A4CD10EB32D4AB5
S3150801BE90F807536607D541F61F7140F20110264B84
S3150801BEA0596750675967B90706D5234B234A254968
S3150801BEB025485A6748675A677A0742BF0122234BC2
S3150801BEC01A613B071AD4404612F01AFB0120BDE855
S3150801BED0F88F1F4A2D0142F805A042F89C3C12F042
S3150801BEE014FB17490B7823EA04030B7012F008FBBD
S3150801BEF0404612F005FB0020BDE8F88F2120FFF728
S3150801BF005DFE4FF480310A4A124BD1601A78002A35
S3150801BF10D9D000222D201A70FFF750FE1022094BA6
S3150801BF2040465A66D0E7074A40465366CCE700BF03
S3150801BF3000C001B8003E00B000E001B800001F1FB4
S3150801BF40145C012000D001B800000101000002B80C
S3150801BF5000E101B80B5C01200C5C0120024B18784A
S3150801BF60003818BF01207047145C0120034B1030BC
S3150801BF700001185800F00100704700BF00C001B861
S3150801BF8070B50646FDF7F4FE044608B1FFF7BCFE98
S3150801BF9000230A4D3046AB61EB612B6200F06AF86B
S3150801BFA0074BC9B283F8791028622CB1FFF79EFEB8
S3150801BFB04FF08062034B5A64002070BD00C001B87F
S3150801BFC0003E00B0002002B810B504462120FFF754
S3150801BFD0F5FD1CB14FF48032064BDA60064B1A7830
S3150801BFE03AB100222D201A70FFF7E8FD1022034B03
S3150801BFF05A6610BD00C001B80B5C012000D001B81B
S3150801C00038B512F08BFA084B084A1D6A92F879403E
S3150801C0105A6EE4B2520744BF1D6A013412F079FA26
S3150801C020284604F0030138BD00C001B8003E00B03F
S3150801C0300346064A103302EB00111B01D1F80C0125
S3150801C040D158C1F3400110F044BE00BF00C001B889
S3150801C050064B1B68434303EB8171054B1B68A3FB26
S3150801C060003013F1004341EB00007047F054012002
S3150801C070EC5401200C4A20F04043014610B500203B
S3150801C08014684FF00042E4FB0320084A890F12683E
S3150801C09002FB0300064B9B6B984204D9013301311D
S3150801C0A0C01A01F0030110BDF4540120F85401200F
S3150801C0B000C001B8044B01F0F071103041F00301E2
S3150801C0C000011950704700BF00C001B808B5222009
S3150801C0D0FFF774FD4FF48022014BDA6008BD00BFFB
S3150801C0E000C001B840B1836833B10649C26809681E
S3150801C0F003F13043032A00D8704743F8041B043A76
S3150801C100F8E700BF2C55012070B51646054600B361
S3150801C110F9B1F2B14268104B006803321B68920804
S3150801C12000F130409847044688B9EA68A86803329E
S3150801C1303146920800F1304010F0EBFD044630B963
S3150801C140286921466A6900F1304007F0A1FA2046BC
S3150801C15070BD2124FBE700BF0060012070B50C68A3
S3150801C160651C15D0C4F302669E42C4F3074530D157
S3150801C170A4B294422DD804EB8506B24229D2141BE7
S3150801C180A50824F003040E59340F04D0012C08D055
S3150801C1900022212402E06B1C51F82320C0E9002467
S3150801C1A070BD0E4C34F8133042EA03431A686B1C0F
S3150801C1B051F8234001EB83014B6822405E4036F07B
S3150801C1C0704404D11B0F032B04BF8B681A43002448
S3150801C1D0E4E7013501EB8501C1E700BF540803080F
S3150801C1E007B501A8E7F7AAFA264B2749D3F860222B
S3150801C1F0D2B2FF2A1DBFD1F87801130243EA02130E
S3150801C200D1F878311CBF20F47F621343C1F8F833A3
S3150801C2100C20E7F7CFF901213F20E6F793FA4FF013
S3150801C22000421A4B42F201015A60C822184B5A655C
S3150801C2304FF4C02203F51043C3F868214FF4803246
S3150801C240C3F86C21134AC2F8701202F52042D2F8DB
S3150801C250F827120308D44FF470610F4AC2F8A010E8
S3150801C2604FF42062C3F8A02001220C4BC3F8002426
S3150801C27003F53043D3F86821094B1A6003B05DF81A
S3150801C28004FB00BF0080E00F000002B800900950CF
S3150801C290008001B8006001B8002002B8005001B85A
S3150801C2A0B4540120134B1B78002B20D0124B134A90
S3150801C2B000201A60124B134A1A60134B134A1A606C
S3150801C2C0134B1A68134B1A60134B144A1A60144B12
S3150801C2D0144A1A60144B154A1A60154B154A1A6006
S3150801C2E0154B164A1A60164B164A1A6070470220F1
S3150801C2F0704700BF155C0120385501205C11030801
S3150801C30030550120C008030834550120E008030808
S3150801C310146001202C55012050550120A808030856
S3150801C32048550120640C03084C550120DC08030814
S3150801C33044550120900803083C550120E4080308E8
S3150801C34040550120D80803080022012138B51E4BA3
S3150801C3505A649A64DA641D4A516102219162DA6863
S3150801C360C2F303620D2A01D0002AF8D11122012451
S3150801C370174DDA634FF0FF302C7005F015FA0023DC
S3150801C3802B70144D40F2D15228685421C01A18BF97
S3150801C3900120FCF7B7FC104B28681A680F4B19687F
S3150801C3A0FFF7B2FE01F0DAFA0D4B1868FFF79AFEAD
S3150801C3B00C4B1868FFF796FE4FF08062034B5A61E3
S3150801C3C003F580535C6138BD000002B8001002B85D
S3150801C3D0155C0120305501203455012038550120BE
S3150801C3E0505501204455012001230D4A0D49C2F833
S3150801C3F0803291660C4A53600C4A53600C4A53606A
S3150801C400A2F580425360A2F54042536002F5C0325C
S3150801C410536002F580425360A2F5004253607047AB
S3150801C42000900050FF0B001600D000B8001000BAAB
S3150801C430005001B810B50324FFF7D6FF114A124B75
S3150801C4401A65FFF7CDFE114BC3F8104100F0DAF972
S3150801C45001F0C6F84FF460720D4B5A614FF4007241
S3150801C4601A65FEF751FC0021FEF738FC4FF48002ED
S3150801C470084B1C64A3F580535C64074BC3F88421FD
S3150801C4805A6010BD0048F000000002B8005001B81B
S3150801C490001002B800E0095000E100E008B510F00C
S3150801C4A079FE044B1B6FC3F300430133B0FBF3F072
S3150801C4B008BD00BF008000502DE9F04F044687B043
S3150801C4C00290894659F8043B5A1C06D12360029BFF
S3150801C4D0E01A801007B0BDE8F08F3748C3F3016151
S3150801C4E05FEA137B30F8110008BFC3F307429BB21A
S3150801C4F018BF012243EA004010F014FC4FEAC20AB1
S3150801C50005460AF104032D48234483421BD8072311
S3150801C5100127C846CB4003F0010301939300049316
S3150801C52007FA0BF705EB8203039307F0940304F16B
S3150801C53008060593039B08F10408AB4208D1049940
S3150801C54054444944BDE71E4B9C42E0D80020C1E74C
S3150801C550059B53B917F0420F19D117F0280F0BD1C4
S3150801C56046F8085C58F8042C21E040F6B702322157
S3150801C5700020FCF7C7FBF3E740F6BB02322101981E
S3150801C580FCF7C0FB05F5805246F8082CEAE74FF49C
S3150801C5900C6232210198FCF7B5FB05F50052BBF197
S3150801C5A0010F46F8082CDDD158F8042CD24346F879
S3150801C5B0042C04350836BDE74C080308DF4F00B0E4
S3150801C5C0E04F00B0F8B50646E0B10024144B254605
S3150801C5D01F46144953F8042BAAB91348314600EBF0
S3150801C5E08500FFF769FF30B940F66C223621BDE8B0
S3150801C5F0F840FCF787BB0D4B0135281847F824602E
S3150801C60023F81400F8BDB242FCD001340C2C02D038
S3150801C61031F81450DEE740F6862236210020E6E797
S3150801C620FC5401206E560120404000B0705601208E
S3150801C63070B5044698B1B1B13A4A52F8043B8342FF
S3150801C64013D10023384A116CC907FCD4374800EBCB
S3150801C650830010F067FB364B106001221A6470BD27
S3150801C66001330C2B02D1334D2CE0012352F8041B64
S3150801C670A142F5D1304A32F81330E3E7C2F3016338
S3150801C68035F81300110C93B211F0FE0F43EA00437B
S3150801C690606820D00434CAB2022A216808D96668BB
S3150801C6A0A068033AC3E9001698600C340C33F3E723
S3150801C6B004D16268C3E90012083403E0012A01D1F2
S3150801C6C0043419602268531CD8D10022164B1A600B
S3150801C6D003F58053C1E7120F072AEDD8DFE802F008
S3150801C6E00704090D1013181DC04303F500531860FC
S3150801C6F0E2E71A6842401A60DEE703F58053F6E777
S3150801C70010F0DCFAD8E7012203F580538240F2E7FC
S3150801C710012203F500538240EDE71A6830EA020266
S3150801C720FBD1C9E7FC54012000C002B8404000B063
S3150801C73000D002B8540803086E560120064BDB6880
S3150801C740C3F30363984206D1044A536E23F0F003F8
S3150801C75043EA011151667047000002B8003F00B074
S3150801C7602DE9F743064610F0A2FA00248046DFF8C1
S3150801C770909011F0CAFE0DF1070105460DF106006C
S3150801C780FEF77EF89DF806308BB9721C29D010F099
S3150801C7908EFAA0EB0804284611F0B2FE9DF8063081
S3150801C7A013B99DF807303BB3A642E2D824E0D9F87D
S3150801C7B00C3013F4603FE8D0D9F8180010F005FBE7
S3150801C7C0731C074603D010F072FAA0EB080428463A
S3150801C7D011F096FE17F5007FE0D0384603B0BDE8A4
S3150801C7E0F083284611F08CFE9DF80630002BC0D147
S3150801C7F09DF80730002BBCD1004FEEE700FEFFFF86
S3150801C80000C000B80122014B1A657047001002B832
S3150801C8100122014B1A657047002002B84022014BDC
S3150801C8201A657047002002B84022014B1A65704705
S3150801C830001002B80122024B98611A61704700BFC5
S3150801C840000001B8044BD3F8B03010B1C3F303327A
S3150801C850027003F00F007047000002B8064B01F0A2
S3150801C86080015B6C03F480030B4302BF4FF4001293
S3150801C870024BDA64704700BF000002B8006001B8D5
S3150801C8800F4B1B788BB1012B11D10E4A012102F5F1
S3150801C89080528B4291600FD80A4A0B49002B08BF78
S3150801C8A00A4693689B07FCD47047074AEEE70022BD
S3150801C8B04FF480539A60FFDE00239B68FBE700BFB5
S3150801C8C0165C0120004003B8000003B838B50B4BCD
S3150801C8D00B4C002818BF1C46A569E3691D4007D003
S3150801C8E0084B1B682BB12846984704F50054A561E7
S3150801C8F038BD6B05F9D5FFF7C3FFF6E7004003B866
S3150801C900000003B8545501204FF604014FF60502FD
S3150801C910044B01201B6C9BB28B4208BF1346024A8B
S3150801C920136670470080E00F00C001B82DE9F74F84
S3150801C93081460F464FF0FF35FFF762FB002601904F
S3150801C9408A462C463046DFF8D8B006F110031B019B
S3150801C9505BF8033003F00308B8F1010F15D130462F
S3150801C960FFF766FB02460B4601985146FFF7E0F9C9
S3150801C970DBF8643006F10802D340DB0739D5002F0E
S3150801C98040D000252C463E6040460136082EDCD1B3
S3150801C99060B3234A0027D2F808C0916B0CF44033E0
S3150801C9A00131A4FB0141641941F10001B3F5003FCE
S3150801C9B030D1536B0CF4405C013347F10006BCF5EA
S3150801C9C0805F22D1156B15F5807505FB06F647F1D3
S3150801C9D0000203FB0266A5FB03323244594304FBFA
S3150801C9E00212A3FB04341444C9E9003403B0BDE8B8
S3150801C9F0F08FA84271EB0403C6D207B13E60054623
S3150801CA000C46C1E73D463C46BEE7320242EA13629E
S3150801CA101B02E3E7136B13F5807347F10002DDE7A9
S3150801CA2000C001B8F8B5062010F064F9044610F004
S3150801CA303EF942F21073041B9C42054618D94FF081
S3150801CA4080624F240B4B5A6441F26F770A4E0BE012
S3150801CA5010F02DF9401BB8424FF4837221468CBF62
S3150801CA6000200120FCF74EF9736C5B01F0D5F8BD87
S3150801CA701A24E9E7002002B8000002B8034B1A6E2F
S3150801CA80596E03F500530A401A66704700C00A50EA
S3150801CA90FF28F8B506D1FF294FF0070006D000296F
S3150801CAA068D103E0FF2963D10F2863D80026324CE9
S3150801CAB0324D84F8740084F87560686940F25D1235
S3150801CAC04B2100F00100FCF71DF911234FF48012E8
S3150801CAD0AB662B4B6E66C3F888219A6001213B2011
S3150801CAE0E5F730FE94F87510264A94F874300A432F
S3150801CAF02549063341F82320244B3E201D68E5F7D6
S3150801CB0037FE6F08ED070246334628463946ECF7E5
S3150801CB10BBFF090241EA1061C0F3C05040EA410077
S3150801CB201B4B6066186B10F5807005D14FF4D672F1
S3150801CB302B21FCF7E7F802200246002300200121F9
S3150801CB40ECF7A2FFA0663E20E5F712FE40F6494340
S3150801CB505843000DFF2828BFFF20022838BF0220AE
S3150801CB60002184F87800012000F050FD0020F8BD6E
S3150801CB700F2894D92120FAE7003E00B000C00A50D8
S3150801CB8000E100E0020D0C0000800350E85401208A
S3150801CB9000C001B82DE9F34105460F46684611461E
S3150801CBA0FFF7C4FE0646B0B1AFB1DDE900321B0A94
S3150801CBB043EA0263A5FB0384094B120A05FB0244F7
S3150801CBC01A6812B9FFF76AFC024600234046214655
S3150801CBD0ECF75AFF3860304602B0BDE8F08100BF75
S3150801CBE0E854012070B5FFF71DFF0021022000F06F
S3150801CBF00DFD10F05CF804460F4D104ED5F8F433D0
S3150801CC001B070BD511F081FCBDE8704002220C4BC5
S3150801CC10DA6001220B4B1A7011F072BC10F047F85A
S3150801CC20001BB0424FF405724FF045018CBF00203E
S3150801CC300120FCF767F8E1E7000002B83F420F0060
S3150801CC4000C001B8175C0120224910B50B78002BEA
S3150801CC503ED00122204C94F875300133DBB202FA3A
S3150801CC6003F31E4A536613664FF400221C4BC3F89E
S3150801CC70882100230B7003231A4A39211364A2F56C
S3150801CC8080525364184B40F2C322586CC0F380603B
S3150801CC90FCF738F84FF48041144A154BC2F8941042
S3150801CCA0144AE16ED26E914202BFD3F86C21226713
S3150801CCB0D3F86431206F08BFA4F87A30B4F87A1033
S3150801CCC000F0DEF8BDE810400121022000F09EBC0C
S3150801CCD010BD00BF175C0120003E00B000E00A50FD
S3150801CCE000E100E000E00950000002B800E001B8E8
S3150801CCF000C001B800C00A5010B504463E20E5F749
S3150801CD0037FD6043034B00F5F42000F59070B0FB46
S3150801CD10F3F010BD40420F002DE9F74FFFF7ECFF86
S3150801CD200446FFF77FFE11F0F0FB00214B4F054645
S3150801CD3068463970FFF7FAFD494B80469E69494BAB
S3150801CD40DB6813F0706F1CD1474B5B6913F0060A59
S3150801CD5017D1E0B1454B611D1868A1FB00B93E200A
S3150801CD60E5F706FD5346024649465846ECF78CFE5A
S3150801CD70009B090241EA106100029842019B994110
S3150801CD8005D3284603B0BDE8F04F11F0B9BB002121
S3150801CD90022000F03BFC0FF08AFF8146DFF8C4B0A1
S3150801CDA0DFF8D4A0DBF8F4331B0741D5B8F1000F3F
S3150801CDB04DD0DDE900893E20E5F7DAFC4FEA182176
S3150801CDC041EA09614FEA1923A0FB019800FB038890
S3150801CDD0264B1A6812B9FFF761FB0246002348463B
S3150801CDE04146ECF751FE0121214B013493F8753088
S3150801CDF0DFF86CC001331F4A361BDFF880E0DBB26F
S3150801CE0001FA03F30644CEF86030CCF86C60536639
S3150801CE10DCF81820DCF86C60241A921BA24216D2A0
S3150801CE20CEF864300220CEF8603000F0EFFBA8E7B8
S3150801CE300FF03DFFA0EB0900504540F26A224FF082
S3150801CE4045018CBF00200120FBF75CFFAAE70222FF
S3150801CE50054BDA6001233B7093E700BF175C01209D
S3150801CE6000C00A50000002B800C001B8E854012009
S3150801CE70003E00B000D00A503F420F0000E00A50C1
S3150801CE8001232DE9F74F9A4F044697F875208A46EC
S3150801CE909340984A0E46936697F87420964B054632
S3150801CEA0C3F8F0204FF40032944B4FF0000B1A618F
S3150801CEB00223DFF85482C8F80C30914B9B6903F1C1
S3150801CEC0FF39A3EB0903002B40F3D5800BF1010BC6
S3150801CED0BBF1020F58D9EC220D210020FBF712FFF6
S3150801CEE04FF08053874A884F53664FF40031804B81
S3150801CEF0C7F86C511D670025C3F86C90C7F86461C3
S3150801CF00A3F87A6011617C4AC2F8F05093F875204B
S3150801CF1001239340774A936611F0F7FA2A462B467E
S3150801CF204FF4807E3E6AD7F864C002F11001090108
S3150801CF30795801F00301012910D10EFA02F111EA1B
S3150801CF400C0F0BD107EB0215B442D5F80C5100F2C0
S3150801CF50A580AC4202D2AE4280F0A3800132082AF3
S3150801CF60E3D16A4D2968012940F29E803BB16049A7
S3150801CF70B1F876201A43A1F87620604A536603B0C1
S3150801CF80BDE8F04F11F0BCBA012397F875205C4D46
S3150801CF909340584A936611F0B8FA4FF08052594BAC
S3150801CFA001905A66AB6903F10109C5F86C90D8F886
S3150801CFB03010D8F80830DD036DD5FA6E7E6EA9EB10
S3150801CFC00202A2FB0626BB6E01F58071A6FB03E5EC
S3150801CFD0A2FB03C313EB0E03A1FB03EC45F100050A
S3150801CFE001FB05CCB2EB0E0266EB0C06120A42EA0D
S3150801CFF006625244B2EB112F4FEA112603D30133CD
S3150801D00045F10005921B043E964228BF1646C8F80C
S3150801D010186097F87920D8F82010E318D2B245F1AC
S3150801D02000058C42D8F8381084BF02F1FF32D2B21B
S3150801D030481C0ED04FF0000E01F1010C99427EEB0F
S3150801D040050008D20132B3EB0C03D2B265F1000533
S3150801D050F4E72A44D2B21D4602F0030287F8792082
S3150801D060C8F82030012397F8752001989340284A7B
S3150801D070936611F045FA224B9B6900BF00BF00BFBA
S3150801D08000BF00BF00BF00BF00BFD8F86420D200B0
S3150801D0907FF517AF24E756462546E3E7AC42BFF4CA
S3150801D0A05AAF19438BB259E71A4A1478142C01BF9F
S3150801D0B00024194E14703470147801341470002B3E
S3150801D0C03FF45DAF0A4EB6F876401C43A6F87640A3
S3150801D0D00A4C6366104C23780133DBB2022B2370AA
S3150801D0E07FF44DAF0023013129601370237046E7A1
S3150801D0F0003E00B000E00A500080035000D001B89D
S3150801D10000C00A5000E001B800C001B884540120EB
S3150801D11000D00A50195C0120185C01204FF4005216
S3150801D120014B5A60704700BF00E100E04FF400521E
S3150801D130034BC3F88420BFF34F8FBFF36F8F70473C
S3150801D14000E100E037B50446FFF74EF901213A2020
S3150801D150E5F7F8FAE17822791B4841EA0243C0F873
S3150801D160BC35E579A37943EA0543C0F8C035237888
S3150801D1704BB18DF8041004218DF805200DEB010043
S3150801D180002202F0B2FF63785BB10421A379002281
S3150801D1908DF80430E3790DEB01008DF8053002F0C6
S3150801D1A0A4FF227801235AB1084AC2F8B835627831
S3150801D1B002233AB1054A0020C2F8B83503B030BD9A
S3150801D1C0034AF2E7024AF6E700C0035000D00350CB
S3150801D1D000E00350F8B50B46002213F8044B9442BD
S3150801D1E025D91D68854224D106245A791D79124B01
S3150801D1F088181E6804FB0503104F33F8063C7B4369
S3150801D200B3420ED900238A5A7A43964202D804FBBE
S3150801D2100300F8BD9D42FAD9013304FB03F2825A91
S3150801D220F2E740F247423D210020FBF76BFD002063
S3150801D230EFE708330132D2E75855012040420F0083
S3150801D24000202DE9F84FA2FB017BAA4EDFF8DCC2CC
S3150801D250BE1998466BF10003B44570EB030307D278
S3150801D26040F23E220E21FBF74DFD0220BDE8F88F64
S3150801D270D8F814A00C461546BAF1000F04D0DAF80E
S3150801D2800030032B00F2A9809B4B9C4A9B6BD2F87A
S3150801D290FCA0C3F314099A4B1B6F58074EBF4FF4F2
S3150801D2A040039B0503F0E07349EA0309954BD3F85C
S3150801D2B0EC30590048BF49F0807949EA45690FF0D1
S3150801D2C0A3FF012D0646D0D10028CED08E4B984219
S3150801D2D000F0948003F5122303F5F863984200F0F1
S3150801D2E0B6808A4B984200F0BE80002502462B463E
S3150801D2F000204FF00071ECF7C7FB2B46013007FB06
S3150801D30003F3C9F3130100FB0B33A7FB0070A1FB61
S3150801D3100662034401FB052220339B09C8F8003045
S3150801D3207B4BF60C1C6046EA42367A4B19F4801F91
S3150801D33008BF76421E60784B34441C60BAF1000F70
S3150801D34048D00023DAF81C5019F0807F18BF64080A
S3150801D350C8F80830C8F80430002D53D1DAF800604F
S3150801D3600023062EC8F80C30C8F8103032D9DAF87E
S3150801D37030307BB30FF048FFDAF83010FFF72AFF99
S3150801D380044618B18378002B40F099800FF0FCFE13
S3150801D390DAF83010FFF71EFF0446D8B18378CBB10F
S3150801D3A0407940F27352003818BF01203D21FBF73E
S3150801D3B0A9FC207940F2745200384FF03D0118BF9C
S3150801D3C00120FBF79FFC237962791B0243EA0213CA
S3150801D3D0C8F810300020BDE8F88F042BDAF8289039
S3150801D3E07FF46DAF19F0807F14BF4FF4400309F045
S3150801D3F0E07329F0E07949EA030960E70023474821
S3150801D4001D467CE73E4FD7F83C21D2022FD4DAF8E5
S3150801D41000601CB1B4FA84F107291CDD2B462102F0
S3150801D420B1FBF3F14B0067020133E40D01E002336E
S3150801D4300131A5FB0302874274EB0202F7D2C1F35D
S3150801D4400E01090341F00061C8F8081088E70023B6
S3150801D45033481D4653E7C1F1080325FA03F304FAD5
S3150801D46001F10133DCE700232E481D4647E719463B
S3150801D4702D4AC9F3815912F80920002EB8BF764200
S3150801D48092066008C2FB06012246ECF7FDFADAF8B5
S3150801D49000600E2E0ED9184B9A6BBB6CD7F83C114F
S3150801D4A0DB0607D502F4801201F400110A4308BF0E
S3150801D4B0C0F58010C0F31300C8F80400A9E7407945
S3150801D4C04FF4AB62003818BF01203D21FBF71AFC67
S3150801D4D0207940F25952003818BF01203D21FBF747
S3150801D4E011FC237962791B0243EA0213C8F80C304E
S3150801D4F04CE700BF006CCA88008001B8004F00B035
S3150801D500004001B8000002B800F04902005A620260
S3150801D510605501205C550120585501200A3BB2DFB0
S3150801D520313641DCD694BFD65C080308807C814A33
S3150801D53010B5044686B059B9214B4168D3F8FC3079
S3150801D540827A2048059300686B46FFF779FE69469B
S3150801D5501D4B0A685A631A4BD3F8FC3033B34B6830
S3150801D56043B11A4B1A4AC3F83C214A68A3F58053BA
S3150801D570C3F83C218B6843B1144B164AC3F81C21E6
S3150801D5808A68A3F58053C3F81C21134AC868D2F8E0
S3150801D590983123F4EE630343C2F89831D2F89031F7
S3150801D5A0096923F4EE630B43C2F8903100202289FE
S3150801D5B00A4B9A6203F5A033186406B010BD00BF82
S3150801D5C0004F00B058520120008001B8006001B830
S3150801D5D0FFFF0F0000F0FF0F000002B8004000B87F
S3150801D5E0074BD3F88022D20707D55B6E002B4FF481
S3150801D5F08043B4BF034A044A13650020704700BF3D
S3150801D60000800050002002B8001002B8064B1A6CC0
S3150801D6109207FCD4022240EA01205860034B1A649F
S3150801D6200122034B1A70704700C002B800D002B835
S3150801D6301A5C012010B590B10468012C0FD9026952
S3150801D6406AB11168094B102C1960516859609168C3
S3150801D65088BFD268996094BFD960DA6010BD10227C
S3150801D6600021024806F014F8F8E700BF68550120C2
S3150801D670084BC1171A68A2FB000302FB013310F11C
S3150801D680807043F10003400E40EAC310803820EA57
S3150801D690E0707047785501200722194B70B51A6456
S3150801D6A0184B194A1D68194BEC08E005C0184FEAD2
S3150801D6B0153141F100010023ECF7E6F9144B154E3B
S3150801D6C018601548FFF7D4FF4042C6F8DC0049F652
S3150801D6D05800FFF7CDFFC6F8A8001048FEF7CAFCA8
S3150801D6E0024660B1E301500818184FEA15714FF068
S3150801D6F0000341F10001ECF7C7F9C6F8B40070BDA3
S3150801D700000002B8E854012065CD1D00B2E60E00FE
S3150801D71078550120003F00B07011010040420F000A
S3150801D72010B5044698B10B4BD3F8FC00FFF782FFFE
S3150801D7304FF47A7303FB04F0074BA0F6AC50DA6892
S3150801D7409B681044C01ABDE81040FFF791BF4AF61E
S3150801D750C870F8E7004F00B0685501202DE9F84375
S3150801D7600546084614461E46FFF764FF9DB106F0B6
S3150801D770020716F0040610D16FB1284600F0DEF84C
S3150801D78020636B69002B7ED147F23050FFF770FF9B
S3150801D790E062002E58D1BDE8F8832869002869D0CF
S3150801D7A04FF47A7358433F4BA0F6AC509B68C01AA6
S3150801D7B0FFF75EFFA062A88B00285ED04FF47A734C
S3150801D7C05843384BA0F6AC509B68C01AFFF750FF78
S3150801D7D0E061354BE968D3F80080002950D04FF451
S3150801D7E07A7359432F4BA1F6AC519A685B68891A2B
S3150801D7F0C91A2E4BC8171A68DFF8B890A2FB01138D
S3150801D80002FB003311F1807143F10003490E41EA2D
S3150801D810C3118039264B2162D3F8C4306362D9F823
S3150801D820003053B140460FF0B3F930B12246D9F86A
S3150801D83000301C49D8F8E40098470021A869FFF789
S3150801D8406FFF6063002F98D1A86828BB47F2305054
S3150801D850FFF70EFF60614FF47A702B6858432BB1BE
S3150801D860104B1B6803F51C5310331844FFF700FFD0
S3150801D870A06190E74AF6C8709AE74AF6C870A5E724
S3150801D8804AF6C871B5E7074AD0684FF47A7202FBBF
S3150801D8900300A0F5FA5079E74FF47A735843A0F5D7
S3150801D8A0FA50D5E7685501205852012078550120CC
S3150801D8B0003F00B06455012070B5064608461C466F
S3150801D8C00FF01FFA0546D6F8F00000F011F8436884
S3150801D8D0054A002BA8BF4FF4FA721A44034B601984
S3150801D8E092FBF3F2104470BD0CFEFFFF18FCFFFF1C
S3150801D8F040B10368012B05D90069034B002808BF0D
S3150801D90018467047004870476408030828B1094853
S3150801D91081420CBF2F20BC207047074A536F106DF8
S3150801D920C3F301111B0C01FB033300F01F00013087
S3150801D9301844704748E80100004001B843684FF4AD
S3150801D9407A7058432BB1044B1B6803F51C531033EB
S3150801D9501844FFF78DBE00BF6855012070B588B021
S3150801D9606D46184C0FCC0FC594E80F0085E80F00DB
S3150801D970EC220021144805F08BFEB0220021134841
S3150801D98005F086FE20220021114805F081FE0FF0E0
S3150801D99038FA104B1B783BB16D460A4E0FCD0FC6B0
S3150801D9A095E80F0084E80F000C220B490B4805F097
S3150801D9B077FE0B4B0B4AD3F87831C3F382431366D0
S3150801D9C008B070BDE03F00B0643E00B0503F00B003
S3150801D9D0E04F00B0065C012074080308AC3E00B0B5
S3150801D9E0000002B8003F00B0064BD3F8EC0E064B18
S3150801D9F09B6C1A0103D4054B9B6E1B0401D500F5DC
S3150801DA0080707047003000B0000002B8004000B8CE
S3150801DA1010B510F07AFD0E2104460320FEF78EFE9E
S3150801DA2040F20122034B2046BDE81040DA6210F0AD
S3150801DA3067BD00BF004000B8064B00201B6893F87D
S3150801DA402430DB0902BF0322034BC3F85022FBF73C
S3150801DA50FDBB00BF58520120006001B8012370B513
S3150801DA60074C2370074B1E68074B3240D3E9005316
S3150801DA7019402840FBF798FF0023237070BD00BFAB
S3150801DA801F5C012080550120F04F0020024B586889
S3150801DA90C0F3C000704700BFF04F002010B5044620
S3150801DAA0FEF7C8FC00F066FF2046FDF75DF9FEF7B4
S3150801DAB04BFCFEF7A7F8FEF719F9FFF7EDFD134939
S3150801DAC00723134AD1F8FC1004F58270FFF746FEC6
S3150801DAD04FF080710020FEF7EDFA4FF000720D4B02
S3150801DAE04FF400110120C3F80021FEF7E3FAFEF70F
S3150801DAF00BFF20B940F223121421FBF703F90FF0AB
S3150801DB007EF9BDE810400120FDF740BF004F00B087
S3150801DB10A43F00B000D001B88023074A5364082304
S3150801DB2040B15364054AD2F8BC3E23F02003C2F83B
S3150801DB30BC3E7047024AF4E7001002B8003000B054
S3150801DB40002002B810B510F0E0FC012104460020BF
S3150801DB50FFF7E2FF044B1961044B5B6898472046BF
S3150801DB60BDE8104010F0CCBC000002B8E85F012007
S3150801DB70F0B583B014460646FFF732FDFCF7F8F810
S3150801DB80002800F0A980594B5D6915F0060540F09B
S3150801DB90A38010F0BAFC23790095022B054647D1DC
S3150801DBA0237B022B33D00320FEF7E0F920B9504B33
S3150801DBB0DB685B0440F19280A37B277B003B18BF9F
S3150801DBC00123A2684B49012F01920B706FD000F017
S3150801DBD0C3FE0420FEF7BEF80420444E0223716FEB
S3150801DBE03A4621F0F85121F4F81141F0506141F417
S3150801DBF0803171670DEB0001FEF7CAF8044600286B
S3150801DC0060D0012030223C493C4B08701A653C4ED5
S3150801DC10336898472128044604D1012100207368F6
S3150801DC2098470024284610F06BFC204603B0F0BD47
S3150801DC300320FEF79BF9002850D12279D6F80C313A
S3150801DC40012A226830D0D01A00900020274B2D4A8D
S3150801DC502D495A679867637B2C4A23F040000028B0
S3150801DC60C3F380130B700CBF012300231370284BD9
S3150801DC70274AD3F8BC3E4FF003000CBF43F02003FC
S3150801DC8023F02003C2F8BC3EFEF764F8174B214A7D
S3150801DC9003205A67694601232279FEF779F8F8B114
S3150801DCA001221D4B1A707BE79A42CDD3CBE7237924
S3150801DCB0022B8CD0009BD6F80C1100270B44134479
S3150801DCC0019384E70320FEF745F828460D4A124BCF
S3150801DCD072671C7010F014FC0E24A6E72846F9E7B3
S3150801DCE0284610F00DFC21249FE700BF00C001B8AB
S3150801DCF0000002B8245C0120215C0120001002B852
S3150801DD00E85F012000000101225C0120235C01205B
S3150801DD10003000B0010C01001E5C01202DE9F34121
S3150801DD200D460024074610F0F0FB214B0646204617
S3150801DD30DFF88C801C70FFF7EFFE1E4BC8F87430B5
S3150801DD40C8F878406879431E58425841FBF710FED7
S3150801DD5040F60143C8F878302A792968012AD7F8A4
S3150801DD60143101D1994200D3CC1A042303200DEBB7
S3150801DD7003010194FEF70CF850B988220E4B304680
S3150801DD805A6410F0BDFB2124204602B0BDE8F0819B
S3150801DD900A4D2B6898472128044604D10121002001
S3150801DDA06B6898470024304610F0AAFBECE700BFE1
S3150801DDB01E5C012000000101002002B8E85F012075
S3150801DDC000C001B8F8B5194C0546207840F27D2205
S3150801DDD0B0FA80F03E214009FAF794FF55B9607808
S3150801DDE040F27D22BDE8F840B0FA80F03E214009B4
S3150801DDF0FAF788BF4FF440660D4F0E4DD7F8083134
S3150801DE0040F27D22C3F381232370C5F80861607847
S3150801DE103E21B0FA80F04009FAF774FFD7F80C31C1
S3150801DE20C3F381236370C5F80C61F8BD1B5C01203F
S3150801DE30004000B8006000B810B5104B104AD3F87E
S3150801DE40B8001478596A9A6A00F00F0021F47061D3
S3150801DE5022F0E052844241EA042142EA84624FF008
S3150801DE601F04084835BF9A6259625962C0F8B8401A
S3150801DE7034BFC0F8B8409A6210BD00BF00C000B8F0
S3150801DE80025C012000E000B8A82238B51C4B5D6C85
S3150801DE9003F500535A6410229A60A3F5804302F1F0
S3150801DEA000521A675A6600F0E3FF164B1B7813B93E
S3150801DEB00320FDF74FFF0024134B9C6700F0FEFF7C
S3150801DEC0124A134BD2F8EC1E0B40C2F8EC3E042260
S3150801DED0104B5A64104BC3F8C440FFF7ADFFAB06AD
S3150801DEE007D50E4B5B6FB3F5817F22BF8022044BAA
S3150801DEF01A61FCF72FFC0022094B1A7038BD00BFC6
S3150801DF00000002B81E5C012000C001B8003000B054
S3150801DF10DF0000FF002002B8003E00B0003F00B05D
S3150801DF201D5C01200D4A10B5D2F8A030D2F8A41014
S3150801DF300B40B3F1804F0CD34FF040400849094CD0
S3150801DF40C1F8A400D467C1F8A0004FF48021064A9D
S3150801DF50D161034AC2F8A03010BD00BF004000508D
S3150801DF60006000500000FF01001002B89C4B2DE92B
S3150801DF70F04F9A6EDB6E85B002EA0308994BC3F837
S3150801DF8068804FF03A43D3F81461D3F818311E402C
S3150801DF90954BC3F81461954B9A68DB6802EA030A44
S3150801DFA0934BC3F808A003F52043DA691B6A02EA12
S3150801DFB00309904B09F47702DA618F4BD3F80422EF
S3150801DFC0110306D4D3F804311A03C3F3C04740F149
S3150801DFD0E58010F09AFA894B5A695F6E1B6F12F049
S3150801DFE0060F07EA0307864A27F0007323F400633E
S3150801DFF014BF4FF0010B4FF0000B53667B0706D594
S3150801E000804A92F879300133DBB282F8793010F020
S3150801E01077FAB8F1000F00F0DF8018F4004427D032
S3150801E02010F073FA0146FFF7DFFC0446764B1D68CC
S3150801E0302A682B689A42FCD02A689A42FCD0FFF7D4
S3150801E040D3FCA04240F0AC80084610F059FA6F4B59
S3150801E0501C606F4B5D6C15F4E05240F0A38024F010
S3150801E0607F4424F0DF040CB9FFF70EFF4FF08074EC
S3150801E07018F0020F4FF0000514D0654B5D495B6C33
S3150801E08003F460424A64002A00F0A0801D0400F1EE
S3150801E090A08013F4005F0CBF4FF000534FF00063EC
S3150801E0A000251C43C8F340384FEA4808594B33400A
S3150801E0B0002B4BD016F4206F0AD040F2BC52062131
S3150801E0C00020FAF71FFE002000F056FF26F48026EE
S3150801E0D0F00506D5FF22474B44F4C0649A60FFF762
S3150801E0E097FC16F0090F0BD040F2D15208210020F7
S3150801E0F0FAF708FE00F034FF4FF03A4301225A635B
S3150801E10016F0106F0CD040F2DA5209210020FAF706
S3150801E110F9FD00F025FF002211461046FCF72CFFF9
S3150801E12016F4202F0AD040F2E25207210020FAF70E
S3150801E130E9FD002000F020FF26F48026F10301D531
S3150801E140FDF76CF8002EB8BF48F0080872070ED51F
S3150801E1504FF03A431B6B13F4005F4FF4005317BF9C
S3150801E160214A2D4A136344F4000408BF1363730557
S3150801E17048BF44F0040416F48023019300F0B580E7
S3150801E180FDF702F80138062848D8DFE810F0420101
S3150801E1904501420148014B014E014E01BB4638E794
S3150801E1A0044645E70192FFF76FFE124B019A5A643E
S3150801E1B015F4805307D115F4806F0CBF4FF08054C6
S3150801E1C04FF0806454E74FF0804451E74FF00073F5
S3150801E1D066E74FF0004363E74446454666E700BFF6
S3150801E1E0004000B8006000B8002000BA004001B83D
S3150801E1F0006001B8002002B800E100E000C001B8E3
S3150801E20000E001B8003E00B0300803087C55012043
S3150801E210000002B8090B0B89001000BA40F213621C
S3150801E22003210020FAF76EFD4FF03A420121D2F898
S3150801E2308C30D2F8AC0003F00703063301FA03F376
S3150801E240C0F30C001B1A9BB2072B12D97F4B5B6CD0
S3150801E25058020ED47E48D36CD26E406D58B103F085
S3150801E260070306339940C2F30C03C91A89B2072971
S3150801E27001D844F40074774B1B78002B35D04FF046
S3150801E2803A43D3F8143113F4A02F2ED1724B734AA3
S3150801E2901B7893B9FB0410D4137873B1E30870495A
S3150801E2A043EA457383F00103D1F8EC1E03F0010339
S3150801E2B05B0021FA03F3980717D10420FDF74AFDFD
S3150801E2C0684B6949596700F047FB644A137843B9B3
S3150801E2D0664B1B782BB1664B664A1B682340134273
S3150801E2E001D144F4804427F48057BAF1000F31D0A4
S3150801E2F01AF4805F18BF44F480241AF4807F18BF8B
S3150801E30044F400241AF4005F18BF44F010041AF408
S3150801E310007F18BF44F020041AF4806F06D04FF42A
S3150801E3208062554B44F04004DA609A601AF4006F33
S3150801E33006D04FF40062504B44F08004DA609A60CC
S3150801E3401AF0805F06D04D4B0021186845F48055B8
S3150801E350FBF736FDB9F1000F3AD019F4802F18BF33
S3150801E36045F4007519F4803F18BF44F4805419F434
S3150801E370801F18BF44F4003419F4001F18BF44F075
S3150801E380020419F4003F18BF44F4801419F4800FED
S3150801E39018BF45F0100519F4002F19D0304BD3F8E2
S3150801E3A0BC3E13F0C00F13D0284AD368C3F30363E6
S3150801E3B0032B01D0072B05D1936CD90602D4D36C54
S3150801E3C01A0735D54FF400222D4B29F40029DA61B5
S3150801E3D0002F00F020813B0540F18A802949214A16
S3150801E3E091F803A0284BBAF1000F53D04FF40060FF
S3150801E3F00AF1FF3A58665FFA8AF3CB7033B9234BB1
S3150801E4001B78C3B140F60142214B5A67002300220B
S3150801E4106CE044F4803407E744F4006404E744F408
S3150801E420806401E744F48074FEE644F00804FBE6E0
S3150801E43044F40014CCE7936F13F4A05F15BF4FF4AF
S3150801E440807340F6014393659367DFE7000002B8DE
S3150801E450004000B8215C0120205C0120235C0120DA
S3150801E460003000B000C001B800000101225C0120A3
S3150801E470F04F0020088D0100006001B858520120B4
S3150801E480002002B80C5C012000E001B81E5C0120E6
S3150801E49000D001B80320FDF75DFCAA4AAA4B5269D0
S3150801E4A012F0060F77D05046FDF78EFD4FF4006146
S3150801E4B0A54BA44A59665369A44813F0060308BF35
S3150801E4C09367B0F87630A24913F4006267D023F453
S3150801E4D00063A0F876300B7803F0FF0A002B62D1AF
S3150801E4E0FDF7F4FDFFF7D0FC534620221C431543E4
S3150801E4F0B80009D52E20FDF761FB4FF00052924B6B
S3150801E50045F008051A675A66F90608D52B20FDF75E
S3150801E51055FB10228C4B45F400151A675A6617F0FD
S3150801E520306F05D1FA046AD5BBF1000F00F0CA8035
S3150801E5303B0115D52920FDF741FB864B8649DB684A
S3150801E54003F48042C3F380330B70FFF79FFA28B1B7
S3150801E550824B7D4982484B6603673ABB45F0040501
S3150801E56017F0007B2FD00420FDF7F4FB2720FDF7D9
S3150801E57025FBFFF789FC4FF00072734B5A66794BFE
S3150801E580D3F8EC2E510600F184800222764B9A606C
S3150801E59045F002052EE041F61F725A6786E70B78A9
S3150801E5A04FF40053A2E74FF4004330E70B672020EE
S3150801E5B04B66FDF703FB45F400152D2045F00C05C8
S3150801E5C0FDF7FCFACCE717F0807FDFF878A14BD08E
S3150801E5D00420FDF7BFFB2820FDF7F0FADAF87830BA
S3150801E5E0002B3ED1FFF750FC574B5C4A45F001051D
S3150801E5F01A675A66FFF720FA0022524B9A65BA043F
S3150801E60009D55A4A5379002B00F0D180013B537141
S3150801E610002348EA0308534BD3F8BC3E1B0603D52F
S3150801E62020462946FCF74AF9424620462946FFF77D
S3150801E63015FA019B0BB1FCF7DFFD4FF400424C4B79
S3150801E64006F00436C3F814614A4B19F4002FC3F8CF
S3150801E65084211EBF4FF40022434BDA6105B0BDE8A1
S3150801E660F08FCAF878B0BFE7F804C5D50420FDF7DE
S3150801E67071FB414BCAF87430FDF728FDDAF86430AE
S3150801E68013F0407FB8D12A20FDF798FAFFF7FCFB73
S3150801E69075E7D3F8BC3E9A063FF57AAF0222374BA7
S3150801E6A09A60374B1B6893F825309B077FF570AF47
S3150801E6B0264B93F8D830002B3FF46AAF8022254BBE
S3150801E6C01A6165E7294A13794BB1013BDBB213712C
S3150801E6D013B9234B2B4A5A6700231C438FE704209F
S3150801E6E0FDF738FB0320FDF735FB164B224A5A671F
S3150801E6F00FF00BFF82460DF10F00FEF7A3F8224B30
S3150801E70083461B780BB1FFF783F9BBF1030F0ED1D3
S3150801E710DFF840B00020FEF795F8032807D1DBF8AB
S3150801E7202830D807F6D4DBF84830D903F2D49DF857
S3150801E7300F30032B2CD10122144B50461A700FF0BF
S3150801E740DFFEC9E700C001B800E001B8003E00B02D
S3150801E7501E5C0120000002B81D5C0120100000208B
S3150801E76000D001B8003000B0002002B80C5C0120CE
S3150801E770002000BA00E100E000000101001002B823
S3150801E780585201200000010D245C0120205C012063
S3150801E7904FF03A43D3F8143113F4A02FCBD100F03C
S3150801E7A0DBF850460FF0ACFE4FF4804395E70520A1
S3150801E7B0FDF7D0FA01232CE70122024B1A62DA612E
S3150801E7C0704700BF002002B8094A08B5D369116A23
S3150801E7D00B40084923F47F00DB07C86106D5D168D9
S3150801E7E04FF0FF30C1F303610EF014FB08BD00BF03
S3150801E7F0000002B8002002B80C4A08B5936CD26C26
S3150801E80013400B4A9364DB070FD50A4B40F66D029A
S3150801E8101878122100F00100FAF774FABDE80840E9
S3150801E820002201200021FFF719B908BD00C000B870
S3150801E83000E000B8F04F002070B5154D2C6C6B6CDC
S3150801E8401C40144B24F002021A64E20705D540F66F
S3150801E850D40200202968FAF755FAA30716D5022229
S3150801E8600C4B1A640C4A6B6814687CB1DBB2042B36
S3150801E87007D100220121094B18682346BDE87040DB
S3150801E8801847052B02D100221146F4E770BD00BFD7
S3150801E89000C0095000E00950B05401205852012027
S3150801E8A038B50C4C0C4DD4F88430DB0706D4A36F6D
S3150801E8B0D4F884201340094A936738BDD5F8043142
S3150801E8C05A02F0D5FFF7B8FF4FF48003C5F8843133
S3150801E8D0E9E700BF008001B800E100E000A001B847
S3150801E8E008B50FF012FE0E4B1A78A2B90D4A126836
S3150801E8F012F4843F0FD10C4A102111651B7863B9B4
S3150801E900084B1B68DB0508D4074B20221A65BDE8AE
S3150801E91008400FF0F5BD054AEEE7044BF5E700BFE1
S3150801E920215C0120F04F0020002002B8001002B837
S3150801E93010B50FF0EAFD0E2104460320FDF7FEFE91
S3150801E94040F20122034B2046BDE81040DA620FF07F
S3150801E950D7BD00BF004000B80022044B1A70044B13
S3150801E960197811B11A70FFF7BBBF7047205C0120F7
S3150801E970215C012038B50FF0C8FD4FF48043274CC0
S3150801E9800546C4F88430BFF34F8FBFF36F8F4FF43A
S3150801E9900043C4F88430BFF34F8FBFF36F8F4FF432
S3150801E9A08033C4F88430BFF34F8FBFF36F8F4FF4B2
S3150801E9B00033C4F88430BFF34F8FBFF36F8F4FF422
S3150801E9C08023C4F88430BFF34F8FBFF36F8FFEF7F0
S3150801E9D0ADFB4FF40023C4F88430BFF34F8FBFF368
S3150801E9E06F8F4FF48013C4F88430BFF34F8FBFF392
S3150801E9F06F8F4FF40013C4F88430BFF34F8FBFF302
S3150801EA006F8F4FF40003C4F88430BFF34F8FBFF301
S3150801EA106F8F2846BDE838400FF072BD00E100E06F
S3150801EA2038B50FF072FD05464FF480430E4C63600E
S3150801EA304FF4004363604FF4003363604FF480235F
S3150801EA406360FEF76BFB4FF4002363604FF480139A
S3150801EA5063604FF4001363604FF400036360284654
S3150801EA60BDE838400FF04CBD00E100E02DE9F04764
S3150801EA70DDF820A003EA0108099B06460D4602EACD
S3150801EA80000703EA0A09BAF1000F40F06881031F7B
S3150801EA900B4300F02881052871F1000380F0FE8000
S3150801EAA050EA010300F0D081431E0B4300F03E817A
S3150801EAB0FFF760FFBD4AD2E9004323EA050324EACA
S3150801EAC006043C4343EA0807B94BC2E900471E68F6
S3150801EAD026EA0A0646EA09061E60FFF701FF14F050
S3150801EAE02A4F14BF48F202034FF40043B14AB5074F
S3150801EAF0D26EB14848BF43F4005383EA020122EAC1
S3150801EB000302C266AD4A0B408166D366C4F38042EE
S3150801EB101203200348BF42F48072E10648BF42F45B
S3150801EB200052A749A30648BF42F4007214F0400FE9
S3150801EB30D1F88830A34800F031815D0505D44FF43A
S3150801EB4080652B438560C1F8883014F0800FD1F8B1
S3150801EB5088309C4800F05C811D0505D44FF400659A
S3150801EB602B438560C1F88830974B9648D96817F4C6
S3150801EB70007F82EA010323F0805301EA030102EAD6
S3150801EB800302C1608360914BDA608D4B07F4007212
S3150801EB9000F0468101224FF4802583F88420E3049E
S3150801EBA048BF45F48035A00348BF45F48015A10741
S3150801EBB048BF45F4001514F4001FDFF84C8206D04F
S3150801EBC0D8F800000EF042F908B945F40025E2022A
S3150801EBD048BF45F40035FB067D4B48BF45F4800523
S3150801EBE01A6A7C4985EA020323F001031A400A627C
S3150801EBF01D40CB61784B16F0010F1D62774B784AA1
S3150801EC0018BF1A46774B7D071B6F48BF42F0006253
S3150801EC10754882EA030123EA02030367734B0A4034
S3150801EC2041661A67724A04F00103D16CA0F5803077
S3150801EC3081EA030221EA0301C16482641A406D4B29
S3150801EC402002DA64D8F8002048BF6B4B92F80221FB
S3150801EC5058BF6A4B610748BF43F4806322B114F475
S3150801EC60C06F18BF43F4807332074FF03A42BDE8CC
S3150801EC70F047D2F8181148BF43F0004383EA01026E
S3150801EC8022F4A0225E481140C0F818111340C0F8BA
S3150801EC9014215C4AC2F81831FFF7C2BEA0F5806399
S3150801ECA00B4306D020F48063A3F500730B437FF46E
S3150801ECB0FFAE0FF02AFC3D49D1E9003223EA0603EB
S3150801ECC022EA050242EA08023B43C1E900324E4AFA
S3150801ECD0126892F802114A4A09B313F4C06F1ED09A
S3150801ECE04FF4807311E00FF010FC304AD2E900317D
S3150801ECF023F004033B4341EA080157EA0807C2E93E
S3150801ED0000314FF480633E4A0BD0C2F81431A2F5A4
S3150801ED108052C2F81831BDE8F0470FF0F1BB4FF445
S3150801ED208073C2F81831C2F81431F4E70FF0EDFB1D
S3150801ED301E4AD2E9003123F001033B4341EA0801A7
S3150801ED40C2E900310123314A57EA08071BBF936418
S3150801ED50A2F58052D364D36408BF9364DBE750EA13
S3150801ED6001037FF4A5AEBAF1010F7FF4A1AE0FF04E
S3150801ED70CCFB0F4A136823F0010343EA0903136026
S3150801ED804FF40053184AB9F1000F04D05366A2F59F
S3150801ED9080521367BFE713675366BCE723F48063A2
S3150801EDA0C1F888304FF480638360CEE6F04F0020C7
S3150801EDB080550120004000B8006000B8005000B836
S3150801EDC0003F00B0006001B8004001B8005001B82A
S3150801EDD0000002B8002002B8001002B80438000387
S3150801EDE00418000300C001B800E001B800D001B85A
S3150801EDF000C000B800D000B80D0A0A09090A0A09B4
S3150801EE00002000BA001000BA5852012000E000B8EC
S3150801EE1023F40063C1F888304FF400638360A3E6E6
S3150801EE2093F8841071B183F88420084BD3F8A410A1
S3150801EE3003F50053C3F8A410C3F8A0104FF05023EC
S3150801EE40C3F8A4200025AAE6BDE8F08700400050D3
S3150801EE50024B186800F00100704700BFF04F002010
S3150801EE60024B5868C0F3C030704700BFF04F00200E
S3150801EE700A4B197801F0FF0229B1002119700849D6
S3150801EE809202C1F80821597801F0FF0229B100213F
S3150801EE9059709302024AC2F80C3170471B5C012073
S3150801EEA0005000B84FF40062034B5A644FF4004215
S3150801EEB0A3F5E0339A667047001002B8F8B5084C16
S3150801EEC0084D636C0423084F6B64636C5B0300D4C1
S3150801EED0F8BD042602207E640DF0F0FE6E64F4E7A8
S3150801EEE0000002B8001002B8002002B838B504467E
S3150801EEF079B948B1164BDB681B0E13F00E0F04D017
S3150801EF004FF4C062134B9A6538BD134B1B6CD90776
S3150801EF10F6D4FFF70DFD0E4D0020FDF793FC0328EF
S3150801EF2001D0092805D1AB6ADA07F5D4AB6CDB0346
S3150801EF30F2D4FFF7C3FF0122084B5A6102229A62F3
S3150801EF40042203F580535A64002CDDD0D8E700BFAC
S3150801EF50000002B8006001B800C002B8001002B88B
S3150801EF6008B503210920FDF7E9FB2022014B1A61A7
S3150801EF7008BD00BF000002B838B505460FF0C5FA4E
S3150801EF800E4B04461868FCF723F835B1FFF7E4FC85
S3150801EF902046BDE838400FF0B3BA094B1B78002B61
S3150801EFA0F6D0084B1D78002DF2D1FFF7D5FC2A467D
S3150801EFB04FF480400021FEF751FDE9E75852012040
S3150801EFC0205C01201F5C01202DE9F84F5A4B0646AB
S3150801EFD00D4614465B6C002A40F0AB8013F0A00F77
S3150801EFE014BF4FF001094FF00009FBF7B3FBFEF719
S3150801EFF023FFA0234FF0000ADFF854810320C8F845
S3150801F0004430FCF7A7FE0420FCF7A4FE4B4FFFF79C
S3150801F010A3FC4B4B4FF0040B7B67C7F878A0FFF7AF
S3150801F0204DFF484B4FF48071D3F8BC2E42F02002B5
S3150801F030C3F8BC2EFF22C8F808203F4A1161D3F84D
S3150801F040EC2E41491140C3F8EC1EC8F844B0C3F888
S3150801F050C4AE7B6913F0060F04D0FDF737F858469E
S3150801F060FCF778FEB9F1000F01D0FFF71BFF66B177
S3150801F070364BDB6C180701D4FFF75AFCFFF770FF14
S3150801F0800420FCF767FEFFF7F3FE2B4B5A69D107FD
S3150801F0904AD5DA6812F0706FFBD12D4B2D4A5A64A6
S3150801F0A02D4A536E23F0F003536615B12046FFF738
S3150801F0B063FF2A4BD3F84C315A1C01D05B0002D5A9
S3150801F0C00122234B5A61002C2ED0204B2249DA6E9D
S3150801F0D003F500539A6603F5D0331B6A1C4A23F0DD
S3150801F0E00103D3611E4BD1F88800DB681D49034330
S3150801F0F08B601D4BC860D3F8841003F500539967DC
S3150801F1004FF03A43D3F8181103F50053C3F8141115
S3150801F110164BD96C03F500539964154903F58033E9
S3150801F12059664FF6084353640020BDE8F84FFBF7CC
S3150801F130BDBB4FF0000958E7000002B800C001B88E
S3150801F14000000101003000B0DF0000FF004000B8F8
S3150801F150002002B810003000003F00B00080E00F28
S3150801F160004001B8006001B8008001B800C000B8CD
S3150801F1705000002F38B514460D460FF0C6F9064B58
S3150801F180D3F8BC2E54402C405440C3F8BC4EBDE8BD
S3150801F19038400FF0B5B900BF003000B0034BD3F8C3
S3150801F1A0BC3E99430CBF012000207047003000B0D7
S3150801F1B0174BD3F8BC2E12F0010312D0154B93F856
S3150801F1C04830154A43F08073C2F8D0304FF48013A3
S3150801F1D002F50052C2F8B430A2F58052C2F8B8302E
S3150801F1E070471106EDD40D4B93F8471121B1D2069C
S3150801F1F002D593F84431E4E74FF480120020084B16
S3150801F2000549C3F8B820C1F8D000C3F8B42070473F
S3150801F210003000B0003F00B0004000B8003E00B02A
S3150801F220006000B870B5164E032804460D463378BB
S3150801F2301ED023FA04F202F00102AA421DD053B1EC
S3150801F2400122A240A54023EA02032B43DBB2337015
S3150801F2504BB1012070BD2DB10A4B01201B6898479F
S3150801F2603378EDE73570074B00201B689847F0E7C0
S3150801F2709A07DED003F0FC03E9E7002070BD00BF62
S3150801F280265C0120BC550120F8B505460C460FF051
S3150801F2903CF9104F06463B7833B1012D04D01CB911
S3150801F2A00D480EF00DFD3C7021462846FFF7BAFFC2
S3150801F2B00A4B04461B783BB93B782BB90DF015FC74
S3150801F2C010B1074B1B68984730460FF019F92046CD
S3150801F2D0F8BD00BF275C012094550120265C01205A
S3150801F2E0E85F0120054A0B46117831B100211170FA
S3150801F2F0034A01215268187810477047275C012094
S3150801F300E85F012038B5074D04462B78834207D0BC
S3150801F310FAF778FD20462C70BDE83840E5F702B8C3
S3150801F32038BD00BF255C01201B4B022910B518709A
S3150801F33002D0032904D010BD184B1B78002BFAD133
S3150801F340F9F71CFA0028F6D04FF40052144BC3F80B
S3150801F3508420BFF34F8FBFF36F8FFAF709FD00289B
S3150801F360E9D0FAF7B7FC0028E5D10E4B1C6834B191
S3150801F37023689847BDE810400020FAF737BD0DF01D
S3150801F38057F9094B18600FF084F9084B18602046A5
S3150801F390FAF7F6FCEEE700BFD1600120255C0120F3
S3150801F3A000E100E0A8540120B8550120B455012018
S3150801F3B038B504460D46F9F7E1F980B14FF4005224
S3150801F3C0124B5A60FAF7D4FC48B9012D07D8012027
S3150801F3D0FAF70CFD0E4B1B6823B15B6898470D4B7A
S3150801F3E01C7038BD0FF055F90B4B1A68801A186056
S3150801F3F00EF022FD4FF47A72084B1B6802FB0030AF
S3150801F4000DF018F90120FAF7BBFCE8E700E100E086
S3150801F410A8540120D1600120B4550120B855012016
S3150801F420F0B585B00FF071F8344D04462B7823B149
S3150801F43033480EF045FC002852D10EF0D9FC02AA39
S3150801F44003A90DF03CFB0346002838D00DF04BFB11
S3150801F450029B98421CD100202A4B03991B682A4E0D
S3150801F4609942307020D90027C91A012324482B70E4
S3150801F470264A3346019700970FF0E7F8002837D157
S3150801F480234A1378D90701D53178F9B1204611E015
S3150801F4900DF027FB029B984228D0002318461949EC
S3150801F4A0194A0968137003910121FFF7BBFE00236E
S3150801F4B020462B700FF024F8002005B0F0BD204639
S3150801F4C02B700FF01DF8212005B0F0BD03F0FE03E7
S3150801F4D01370002BDAD10F4B1B6898472046E9E7D2
S3150801F4E020460FF00DF80E2005B0F0BD0220B3E757
S3150801F4F0032320462F703370F3E700BF275C0120F2
S3150801F5009455012084540120D0600120E5F20108B8
S3150801F510265C0120BC550120114B10B55B6F0024F8
S3150801F52003F44073B3F5007F04BF02220D4B0E4965
S3150801F53008BF1A600D4B0E4A1C700E4B0E481A6016
S3150801F5400E4A5A60E4F7A0FE0D490E48E4F79CFE00
S3150801F5500D4B0E4A1A60E4F7F7FF204610BD00BFAF
S3150801F560004000508454012080080308275C0120CC
S3150801F57021F40108E85F01208455012089F2010878
S3150801F580880803088C550120BC55012005F301089C
S3150801F590014B1868704700BFE45E01202DE9F84F5A
S3150801F5A00F46884657F8041B0546144600203A4676
S3150801F5B01E460DF04EFCD8F8008040460DF04AFC78
S3150801F5C020B19DB941684FEA186359B90F213346ED
S3150801F5D0224640460DF056FC0D461AE04A799A42F3
S3150801F5E004D008310D68002DF8D1EFE7DFF8349023
S3150801F5F0DFF83480D9F800B0D8F800A03846C9F841
S3150801F6000040C8F80060A8470025C9F800B0C8F846
S3150801F61000A02246012052F8041B0DF01AFC2846C8
S3150801F620BDE8F88FC4550120C055012070B50C4BB3
S3150801F63004020D4604F4E064C0F307211B680C4379
S3150801F640084A04349C42126807D91D210DF01AFC98
S3150801F6500022134610462B6070BD1060043BF9E783
S3150801F660C0550120C4550120094A10B5116851B980
S3150801F670B0F5006F09D2041D2046E4F7DDFC08B990
S3150801F680044B1C6010BD1220FCE72120FAE700BFDD
S3150801F690D0550120CC55012038B5044608680D46D9
S3150801F6A00DF090FC50B9094B1B6800202A68C4E983
S3150801F6B000531A60064B1B68A36038BD2028FCD18D
S3150801F6C0044B1B68002BF0D10920F6E7D055012021
S3150801F6D0CC550120C85501202DE9F84F1D460C6867
S3150801F6E016464FEA042AC4F307230AF4E06A4AEAEB
S3150801F6F0030A1F4B0AEB050B1B680BF104029A421E
S3150801F7000746DDF828802DD80123F20093409D4253
S3150801F71028D215B1B8F1000F27D03846FFF7BCFF3C
S3150801F7208146E0B924F47F4424F0C70444EA1B2443
S3150801F7304FEA0B2B7B681FFA8BFB44EA0B0443F851
S3150801F740044B53442DB118462A46414603F0A8FFF7
S3150801F7500346012E0CBF03F8015C23F8025C4846F8
S3150801F760BDE8F88F4FF01D09F9E74FF02209F6E7D2
S3150801F770CC55012038B50446054B00681D6840681C
S3150801F780D4E901231146A8476368988838BD00BFA4
S3150801F7901860012010B5044C23781BB90DF058FBED
S3150801F7A00123237010BD00BF295C0120084A136894
S3150801F7B033B94178436141F00101417010607047E6
S3150801F7C0197802789142FAD003F114025B69EFE7DE
S3150801F7D0D4550120044A0346106810B102789A42AA
S3150801F7E000D170474069F8E7D4550120014B1868E4
S3150801F7F0704700BFD4550120094A5168C84390FA99
S3150801F800A0F048B1B0FA80F0042805DC0123834052
S3150801F8100B43536040B270474FF0FF30704700BF4B
S3150801F820005601200021034B28220348C3E9001191
S3150801F83003F02EBF00560120D855012038B50546DC
S3150801F840FFF7DAFF04460448294600EBC4000DF029
S3150801F85029FC204638BD00BFD8550120C3B2042B68
S3150801F86010B515D804230B4A03EBC003134453E818
S3150801F870002F0A4343E80024002CF8D10122064947
S3150801F880824051E8003F134341E800300028F8D18F
S3150801F89010BD00BFD855012000560120F7B54FF01D
S3150801F8A0040C01260827184A1849194D106800B38F
S3150801F8B00B7806FA03F420421DD0E04352E8004FC4
S3150801F8C0044042E8004EBEF1000FF7D117FB03C30F
S3150801F8D02B4453E8000F43E800E4002CF9D10190CA
S3150801F8E048B1087801AA0B4905EBC0000DF012FCD6
S3150801F8F0012003B0F0BD0B78506883422EBF002368
S3150801F9000133DBB20B70D1E7005601202A5C0120D6
S3150801F910D855012078563412024B1868003818BF9A
S3150801F92001207047005601202DE9F041164D064683
S3150801F9302B680C462BB10EF0F1FD2B6823B90EF09E
S3150801F940E8FD0020BDE8F0812B68D3E904870EF0B5
S3150801F950E0FD58EA070315D056EA04030CD10B4D0E
S3150801F960D5E9006456EA040306D1094B1B68984792
S3150801F97006460C46C5E900014645BC412CBF012097
S3150801F9800020DFE70120DDE718560120F84F0020A7
S3150801F99010560120F7B54FF0FF34274605460E46A7
S3150801F9A00EF0BCFD1A4B1B6883B90EF0B2FDB7F118
S3150801F9B0FF3F08BFB4F1FF3F04D054EA070315D14E
S3150801F9C0002427462046394603B0F0BD5969DA684E
S3150801F9D0019119695B685218019941F10001A24226
S3150801F9E071EB070C3CBF14460F46DDE755EA0603E3
S3150801F9F004D1084B1B68984705460E46AC4277EB7F
S3150801FA000603DDD3651B67EB06062C463746D9E7A1
S3150801FA1018560120105601202DE9F74FDDF840A0B0
S3150801FA200E46DDE90C7815469DF83CB008B101682B
S3150801FA3091B9BAF1000F07D029463046D04740F2AE
S3150801FA40034003B0BDE8F08F002DF8D0002EF6DB99
S3150801FA50284604F067FCF2E701900EF05FFD814647
S3150801FA605846EBF757F8044648460EF052FD019AF8
S3150801FA709CB9BAF1000F08D029463046D047032071
S3150801FA803146EAF7D1FF1A20DBE7002DF7D0002E21
S3150801FA90F5DB284604F046FCF1E70E9BC4E9067837
S3150801FAA0E3600023636057EA0803A66025622260C3
S3150801FAB084F824B0C4F828A001D10E9B33B1184BA1
S3150801FAC01B689847C019074648EB01080EF026FD42
S3150801FAD0002205461349C4E904780B682BB1D3E91A
S3150801FAE004AB574578EB0B0011D2A2B90B680C6031
S3150801FAF063600D4B1C682CB1094B1B689847FFF7CF
S3150801FB0049FFA04728460EF004FD002099E75868EA
S3150801FB101A460346E2E7536863605460E9E700BFA3
S3150801FB201056012018560120085601202DE9F74FD5
S3150801FB304FF0000881460D4692461E460EF0EEFC31
S3150801FB404746DFF874B00190DBF8004084B9B8F194
S3150801FB50000F07D0174B1C6824B100200021FFF7BE
S3150801FB6019FFA047019803B0BDE8F04F0EF0D1BCCC
S3150801FB7022684A4511D12DB1A268296822F00042AE
S3150801FB808A420AD126B9626857B9CBF8002008E03B
S3150801FB905146206AB0470028F5D027466468D5E75C
S3150801FBA07A60D4F8048020460DF028FA44464FF0CE
S3150801FBB00108CBE70856012018560120014B1860A9
S3150801FBC0704700BF0856012070B50E46094904461C
S3150801FBD00846154601F0D9F80023074A3021136073
S3150801FBE0064A05201660064A15602246BDE8704099
S3150801FBF0EAF72ABF64460308185601201056012061
S3150801FC000C56012070B504461646184600220023F4
S3150801FC1086B0CDE904230B4B0D461B6813B9212089
S3150801FC2006B070BD04A998470028F8D1DDE9042378
S3150801FC300290CDE900232946324620460DF018FAEE
S3150801FC40EEE700BF0C560120F8B5054610200F4611
S3150801FC501646EAF79FFF044601461022074801F0B7
S3150801FC6099F844B101230020E3602B68C4E90176C1
S3150801FC7023602C60F8BD1A20FCE700BF6446030820
S3150801FC8000200021014BC3E900017047F84F00200D
S3150801FC902DE9F04706460D464FF0000850EA0103E4
S3150801FCA018BF2C4BDFF8B89018BFC3E900012A4FDB
S3150801FCB030462946FFF738FEC0B9B8F1000F47D0DC
S3150801FCC00EF02CFC002104460020FFF763FEB1F17B
S3150801FCD0FF3F08BFB0F1FF3F03D0204B1B6803B1BC
S3150801FCE098472046BDE8F0470EF013BC0EF016FC07
S3150801FCF0D9F800408CB16368C9F800300EF009FCE8
S3150801FD00A3683C6033F000430BD138680DF076F9EF
S3150801FD1000234FF001083B60CAE70EF0FAFB3C608E
S3150801FD20C6E72368002BF0D018680028EDD0A26832
S3150801FD3032F00043E9D0D0E9008A236A2168806855
S3150801FD40D0470028E1D1B8F1000FDED04046EEE7F2
S3150801FD50BDE8F087F84F0020145601200856012007
S3150801FD6018560120F8B504460D460EF0D7FB094B87
S3150801FD701B684BB1D3E90667C4E90067DB682B60EA
S3150801FD80BDE8F8400EF0C5BB00260027C4E90067A8
S3150801FD90F5E700BF1456012010B5064C237823B9A0
S3150801FDA0E6F7FCF918B901232370002010BD40F2CB
S3150801FDB00740FBE72B5C012038B50B4B04461B7843
S3150801FDC00D464BB12146284602F0AFFC002840F209
S3150801FDD0074008BF002038BD04490548FFF7DCFF86
S3150801FDE00028EFD0F7E700BF2B5C0120EFBEADDEA0
S3150801FDF0BEBAFECA73B5144D144C2A68236802F0BC
S3150801FE00400103F002030B431BD093064CBF0126A6
S3150801FE10A67AF2F77DFF0196837983F00803C3F387
S3150801FE20C0030093E388A288217A607A00F08CF8EF
S3150801FE3040B9236823F0020323602B6823F04003AB
S3150801FE402B60002002B070BD9C5101201C56012078
S3150801FE5001210020054BA3F10802C3E9000043F87C
S3150801FE60081C4FF010135172536070472456012035
S3150801FE70014B187B704700BF1C560120024BD87AEC
S3150801FE80003818BF012070471C56012070B51F4D58
S3150801FE902B68590707D50021084600F07BF82B681F
S3150801FEA023F004032B601A4E2B68326803F008030B
S3150801FEB002F00202134310D0F2F72AFF83791A07D8
S3150801FEC01FD5F4F77FF80446C8B92B6823F0080351
S3150801FED02B60336823F002033360FFF78BFF044678
S3150801FEE068B9EB7A5BB12B685B0708D40121084630
S3150801FEF000F050F840B92B6843F004032B60204604
S3150801FF0070BDF4F743F8DEE70446F8E71C5601200E
S3150801FF109C510120032805D10A4A136843F00803B6
S3150801FF20136008E0012808D1064BDA7A42B11A684B
S3150801FF3042F008021A60FFF7A9BF10F0FD0FEBD0D7
S3150801FF40002070471C560120F8B507460E4642F2B6
S3150801FF504100082115461C460AF0DCFB9DF81830BD
S3150801FF604771C3709DF81C3086710371A0F807505C
S3150801FF70A0F809400648EBF7C1FF0AF0F9FB4079FA
S3150801FF8020B10AF0F5FB407940F48050F8BD00BF76
S3150801FF9001C0000838B505460C4642F24200062162
S3150801FFA00AF0B8FB0023C57043718371C3710372EC
S3150801FFB004710648EBF7A2FF0AF0DAFB407920B193
S3150801FFC00AF0D6FB407940F4805038BD69C0000874
S3150801FFD007B5064803F050FE042101900DEB010018
S3150801FFE003F033FF019803B05DF804FB2C5601209A
S3150801FFF0F7B5186810F0020003D0164E316811B92A
S31508020000012003B0F0BD0024042223460DEB0200B2
S31508020010019403F002FEBDF80630DB0702D4FFF7AF
S31508020020D7FF044600250C4F57F8043B23B1214657
S31508020030BDF80400984748B13368002BE0D0074B57
S31508020040022193F90000FFF709FCD9E70135062DCD
S31508020050EAD1F1E72C560120305601202C5C01200A
S3150802006010B50948FFF7EAFB0024084B084918703F
S3150802007020200C60EAF7B0FB064BC3E90044C3E94B
S315080200800244C3E9044410BD1C6001202C5C012013
S315080200902C56012030560120704708B5EAF7D8FEDB
S315080200A0BDE80840EAF71ABFF8F768BAF8F714B9CC
S315080200B0002303600E20704770470F207047FEE743
S315080200C000239A4200D1704710B550F8234041F8F0
S315080200D0234001339A42F8D110BD002303607047CA
S315080200E003680B6001607047FEE7F8B50E461746CF
S315080200F0044660B10EF012FA05463A4631462046E3
S31508020100E3F7A6FB28460EF004FA0020F8BD2220E3
S31508020110FCE7416C436910B5DA1CA1F11404B2FB81
S31508020120F4F203EBC2000330B0FBF4F0B1F5805FE2
S3150802013000F1010002D1012828BF0120013010BDBB
S3150802014038B505460C46FFF7E4FF6B6CA3F11402BB
S31508020150B3F5805F02FB00F005D140F6E8736969E2
S31508020160994288BFCC30E31DB3FBF2F3013304EBAB
S31508020170C304204438BD38B5054644692146FFF70D
S31508020180DFFF6A6CE31D143AB3FBF2F3013304EBA7
S31508020190C304204438BD73B506460D460024F36BE6
S315080201A001225B6901A928199847019B013309D1E4
S315080201B0736C043462196A405B421A42EFD02046D5
S315080201C002B070BD0024FAE770B505460C46E1F7A1
S315080201D09DFEEB6B2046BDE87040DB68184770B59C
S315080201E00025044686B00562E369AB4202D8206A56
S315080201F006B070BD666C2068E36B05225B6901A9CF
S3150802020006FB0500984701A800F080FC00F0A3FC55
S3150802021010B1236A013323620135E5E738B504468E
S31508020220456C006804F1400305FB0101E06B00F030
S315080202309FFC05462046FFF7D2FF284638BD2DE922
S31508020240F04700254FF0FF384FF6FF730446C146C4
S315080202502F46C0E9085386B0E369BB420DD8A5EB21
S315080202600805012D06D94FF6FF7300256362E36977
S31508020270AB4226D806B0BDE8F0872368E26B606C0D
S31508020280566900FB0730052201A9B04701A800F00C
S315080202903DFC824601A800F010FC0646504600F0D6
S315080202A05AFC60B1B14588BF6762B04528BFB046FF
S315080202B0B54238BF3546B146236A01332362013750
S315080202C0CAE7666C2068E36B052206FB05005B69D4
S315080202D001A9984701A800F0F0FB0135C7E7F0B578
S315080202E00546002687B0EC69013CB44203D80C46A1
S315080202F0204607B0F0BD01B14C1E6F6C2868EB6B47
S3150802030005225B6901A907FB0400984701A800F0CA
S31508020310FDFB00F020FC0028EAD121460136E2E77F
S31508020320F0B504460D46466CE36B006887B00522B5
S315080203305B6901A906FB0500984701A800F0E6FBE0
S3150802034000F009FC20B101A800F0B7FB07B0F0BD28
S3150802035029462046FFF7C3FF0646676C2068E36B0B
S3150802036005225B6901A907FB0600984701A800F068
S31508020370A4FB431CEAD0B54238BF0130E6E72DE9B3
S31508020380F0434FF6FF79D0F8248004460E46C84556
S3150802039014BF45460025002787B0E369BB4202D849
S315080203A007B0BDE8F083E26B2368606CD2F814C02C
S315080203B000FB0530052201A9E04701A800F0A6FBCB
S315080203C0022806D0C8450CD1721C29462046FFF7DA
S315080203D025FFE3690135B5FBF3F2013703FB125535
S315080203E0DBE729462046FFF79BFFB0F1FF3F14BF24
S315080203F0024632460132E8E70368F0B5CC1A436C86
S315080204000646B4FBF3F4002587B0F36937685A1E2B
S315080204109542706C08D3706C336800FB043007B0E1
S31508020420BDE8F04000F0A2BB0134B4FBF3F203FBD3
S315080204301244F36B05225B6901A900FB0470984715
S3150802044001A800F063FB00F086FB0028E3D1013522
S31508020450DBE710B423F0030422449B070A44436CE7
S3150802046018BF04325B4282EA0104234203D05DF8D4
S31508020470044BFFF7C1BF10465DF8044B70472DE9E0
S31508020480F041D0E90A369E42044686B028D11422A3
S31508020490C369456802FB1355284606B0BDE8F081D4
S315080204A02068676C331AB3FBF7F3E26B07FB0300AA
S315080204B0D2F8148001A90522C04701A800F026FB3C
S315080204C0012804D0636C1D44013B3340ED1A3146C2
S315080204D02046FFF791FF0646A36AB342E0D1DBE75F
S315080204E00025F9E708B508301346D1E90012E1F705
S315080204F093FC012008BD13B50C4600212176009312
S31508020500616813462246E0F737FA18B1E37D03B16C
S31508020510A07EA075A07D02B010BD73B5164600F187
S3150802052008050C46284609680DF1070200F0A1F9EC
S31508020530032E06D16368834203D12846216800F058
S315080205407FF9012002B070BDD01E009B4242424193
S31508020550187E824211D11A688A420ED85A688A428D
S315080205600BD35A6901325A61D3E9030282423FBF69
S31508020570986840F8221001321A610120704710B5B6
S31508020580032A029C07D1A26A5340626C5242134262
S3150802059001D100F055F9012010BD08B5C368002045
S315080205A09847BDE80840E1F7B9BC012814BF042002
S315080205B0022070B5002442431C70CC7D101D02F047
S315080205C002024CB91AB1012220F003001A7000F196
S315080205D008034868184470BD1AB1012220F00300C6
S315080205E01A7000230C7E01F12005DAB2944201D872
S315080205F00020F0E735F833205E1C824206D901EB6B
S31508020600C30300F10802D8691044E4E73346801AA6
S31508020610EBE773B5054690F842601C4630460DF185
S315080206200303FFF7C2FFEB6B012E5B690DD132465E
S3150802063001A998479DF8033013B1BDF80630019316
S31508020640BDF80430236002B070BD0122214602B013
S31508020650BDE870401847F0B5054600244868EB6BBC
S3150802066087B00E4601225B69029402A908309847B0
S31508020670274695F84230012B40F08480632C02D934
S31508020680029807B0F0BD612C08D805AB2246314660
S315080206902846FFF7BEFF9DF814301BB305AB22466A
S315080206A0314628468DF81070FFF7B3FF95F84230A9
S315080206B0012B059B55D14FF6FF72934200F09680A7
S315080206C0082205A904A800F06DFA059B9DF81010EA
S315080206D0C3F30722914240F08980DBB2029A1A4498
S315080206E0029283E095F84230012B30D122463146F8
S315080206F0284603ABFFF78DFF3146284604AB621C3A
S31508020700FFF787FF3146284605ABA21CFFF781FF94
S31508020710102208230DEB02010DF107008DF80730B0
S3150802072000F040FA102205A90DF1070000F03AFA86
S31508020730039BDAB2002A52D19DF80720B2EB132F97
S315080207404DD1DDE9043203EB0243029347E0302C34
S315080207502BD944E09DF80720B2EB134F3FD1049BF7
S31508020760F3E7013342D0102205A90DEB020000F08F
S3150802077019FA059B9DF81010C3F30742914235D129
S315080207809BB2ABE7312C3FF67BAF87D005AB22464F
S3150802079031462846FFF73DFFBDF81430002B7FF49B
S315080207A07DAF95F84230012BA0D022463146284625
S315080207B003ABFFF72EFF3146284604AB621CFFF750
S315080207C028FF102320220DEB03010DF107008DF8F7
S315080207D0073000F0E7F9039B9AB2002ABAD095F8D7
S315080207E04230012B14BF012302231C44013440E783
S315080207F013B500240194049C0094E0F75DFD02B051
S3150802080010BD13B501240194049C0094E0F754FD2D
S3150802081002B010BD00234FF0FF3230B544689C4247
S3150802082002D10023037230BD016801EBC30541F80A
S3150802083033206A600133F2E7C0E90012FFF7EABF24
S315080208400023F0B545689D4210D00468DF0054F8CD
S31508020850332004EBC306B2F1FF3F08D0C2F31302FA
S31508020860914204D14FF0FF33E3517360F0BD013377
S31508020870E9E70023F0B545689D4202D14FF0FF3003
S315080208800EE00468DE0054F83340671C09D0C4F34E
S315080208901307B94205D1240D147003683344586806
S315080208A0F0BD0133E8E7704770B594002246054665
S315080208B00E460EF0C5F8431C0AD058B922463146F0
S315080208C0284602F0BBFE002814BF3D20002070BD5A
S315080208D06E20FCE77120FAE713B5044601A8E2F791
S315080208E02DFFBDF8063023804FF480736380E2F74C
S315080208F041FF6060002002B010BDE2F7D7BE08B51E
S31508020900E2F7C4FE002008BD10B5044644EA010316
S3150802091013F00303084609D1934201D1002010BD02
S3150802092054F8231040F823100133F5E721469200C4
S3150802093002F0B6FEF2E710B504460EF07DF8431C47
S3150802094010D088B9E2F716FF234620F003002044A8
S31508020950984201D1002010BD53F8042B0132F7D07A
S315080209603E20F8E76E20F6E77120F4E70A460139D9
S315080209700144E3F7FFBB13B50023044601461B22D5
S315080209800DF107008DF8073000F00CF922689DF882
S315080209900730B3EBD26F0CBF0120002002B010BDA6
S315080209A013B500230446014620220DF107008DF8EF
S315080209B0073000F0F7F80DF107001A22211D00F0A2
S315080209C0F1F862689DF80730B3EB926F0CBF01200D
S315080209D0002002B010BD0068431C584258417047B7
S315080209E0006810F07E0F0CBFC0F3C160002070478C
S315080209F00068C0F3D3107047006800F07F00012832
S31508020A008CBF002001207047036813F07E0F14BFC5
S31508020A10042008207047036813F07E0F03D140684C
S31508020A2020F07C40704713F078001CBF03F07F0368
S31508020A30D81F7047006800F07F007047032809D066
S31508020A40022803D1C1F10201C8B2704700290CBFBE
S31508020A5007200020704737B5054601F10C044369A3
S31508020A606946012220469847BDF8003001220193C3
S31508020A702046AB6901A9984703B030BD37B501F1E5
S31508020A800C044369012269460546204698474FF6F3
S31508020A90FF72009B99B291420DD11B0C1B0443F4C1
S31508020AA0254343F0A503019301222046AB6901A918
S31508020AB0984703B030BD0020FBE737B5044600254A
S31508020AC01B22011D0DF107008DF8075000F06AF888
S31508020AD060689DF80720B2EBD06F03D120F078400A
S31508020AE003B030BD0DF107001B2204F108018DF891
S31508020AF0075000F057F8A0689DF80730B3EBD06F9F
S31508020B0001D1C043EAE74FF0FF30E9E74BF29A22F8
S31508020B10036810B5B2EB134F044613D19BB2012BEF
S31508020B2013D1FFF7CAFF01300CD04FF6FF72E06807
S31508020B30B2EB104F4FEA104309D180B2C01A18BF60
S31508020B40012010BD2368013303D00420F9E70220EF
S31508020B50F7E70320F5E701288CBF0020012070473C
S31508020B60033801288CBF00200120704714307047D3
S31508020B702DE9F04105469846036908460E4617468A
S31508020B809847044638B943463A4631462846E1F775
S31508020B9035FA044618B131462846FFF75CFF204667
S31508020BA0BDE8F0811F2A0B689EBF4FF0FF319140C6
S31508020BB08B43590801F055315B1A03F033319B0810
S31508020BC003F033330B44017803EB13130A444FF053
S31508020BD0013103F00F334B43A2EB136202707047E5
S31508020BE070B5054614460E460DF08FFC2B685C4020
S31508020BF034405C402C60BDE870400DF081BC08B5FD
S31508020C000CF0FAFABDE808400021E1F76FBD0029A9
S31508020C10CCBF01210021E1F769BD02214FF4207002
S31508020C20E2F79CB97047704770477047704770B5CE
S31508020C30054614460E460DF068FC2B685C403440A7
S31508020C405C402C60BDE870400DF05ABC0346142B7C
S31508020C5008460AD00ED8012B0CD0122B0AD101292C
S31508020C6007D0042908BF01207047022901D00529A7
S31508020C70F8E7002070473AB122F0030202F1A042D7
S31508020C8002F5603209B9106070470002FBE738B511
S31508020C900546144621B94FF42070E1F769FD01466D
S31508020CA001396400B1FBF4F10902E96138BD38B5CE
S31508020CB00D46E2F78BFD012200F580535A602B8A16
S31508020CC0826843F001031343AA7B044643EA82235C
S31508020CD0836083682A7D43EA42738360AB7C13B1DF
S31508020CE0E97CE2F751FDD5E901122B7B204643F454
S31508020CF08053E360FFF7CBFF6B7B0BB11023636175
S31508020D006B7D1BB1A36843F48033A360AB7D1BB133
S31508020D10A36843F40043A360EB7D2A7E1B071205F2
S31508020D2003F0E04302F4E0021343A3652B78636100
S31508020D3038BD83695A06FCD5C16383699B06FCD50F
S31508020D40406AC0B2704770B5054614460E460DF0A5
S31508020D50DCFB2B685C4034405C402C60BDE870408C
S31508020D600DF0CEBB704700F005B809B1E2F73ABEFE
S31508020D702220704700207047E2F782BEE3F76EB87A
S31508020D80E3F7A8B840B2E3F7D7B80E2070470E20AB
S31508020D907047704770477047F8B50C468D18073587
S31508020DA052421540A5F108070646384600F0B5FB3B
S31508020DB0A0883B1B618800EBE30080B2A1EBE3014C
S31508020DC025F8040C25F8061CA188DA10D1B1A4EB83
S31508020DD0C101B1F802C0C88002EB0C004880E18864
S31508020DE0B9B18A1A92B204EBC10125F8022C8A809B
S31508020DF0A2888AB9B2681344F268B360934288BF7C
S31508020E00F3600EE015F8081C41F0020105F8081C0B
S31508020E10E5E725F8021CEBE7A4EBC2042278D20721
S31508020E20E8D43846F8BD2DE9F04F17464FF00008CA
S31508020E3087B07A1C109A054614BF3C460824CDF89A
S31508020E401480002A00F0CB80C2F80080002900F046
S31508020E50C88042688A4240F2C480073103F0010919
S31508020E6021F007060DF05AFB05AACDE90082824653
S31508020E703A464B463146284600F053FB059F8346C1
S31508020E8007B130B950460DF044FB192007B0BDE84A
S31508020E90F08FB7F8028029694FEAC802C0EBC80882
S31508020EA00139B8F1270F29617ED9B9F1000F55D159
S31508020EB0864206F108084CD0224639462846FFF7EC
S31508020EC06BFF04460590059B9844404600F025FBB7
S31508020ED0059906F10F004A88C308A2EBD002A8F8C2
S31508020EE00220CA88A8F80430002A34D0D31A9BB242
S31508020EF001EBC202A8F8063093808B88F608A38015
S31508020F00B8F804303A46E38041460023284666800C
S31508020F1000F074FBAB68EA6808339342AB6088BF9B
S31508020F20EB60237843F0010323702B6901332B61AD
S31508020F306288AB68504603EBC203EA68AB60934229
S31508020F4088BFEB600DF0E5FA109B083400201C60A0
S31508020F509CE73C46B7E7A8F80620CEE707EB080465
S31508020F602046039200F0D9FA0BF10703DB0805992C
S31508020F70638008F10703DB08A380CB8893B1DB0003
S31508020F80039AD81D821A5A44C2F3CF020B44E2804E
S31508020F909A80A38808F1FF384FEAD808A1F8028098
S31508020FA0CB80B7E7E380F4E7B9F1000F1BD007F16E
S31508020FB00803B3FBF4F204FB1233B3B122463946F3
S31508020FC02846FFF7E9FE044623783A4643F001032A
S31508020FD0237021460123284600F010FBA8E72220A9
S31508020FE054E7212052E78642E8D13C46ECE707B5AA
S31508020FF000224FF0FF3101AB0192E3F70FF8019897
S3150802100003B05DF804FB07B5009313464FF0FF32B1
S31508021010FFF709FF03B05DF804FB2DE9F04F0C4614
S3150802102085B0002900F0EA8008460CF0EDF905467D
S31508021030D0E905680DF072FA14F808EC34F806CC13
S315080210401EF0010F019002D0BCF1000F06D10198E3
S315080210500DF05FFA012005B0BDE8F08FA968D5F852
S3150802106010B034F8049CA1EBCC010BF10103A4F1F6
S3150802107008070CF10102A9602B61B9F1000F43D0F0
S315080210804FEAC9030293A7EBC903D888B3F802A0AB
S31508021090039018780EF0020EC00725D4BEF1000F91
S315080210A025D10398A0EB0A0EBEF1010F2CD10CF143
S315080210B0020208395244C5F810B0A96034F802ECA5
S315080210C0BEF1000F22D114F8081C24F806EC6EF3C0
S315080210D0000104F8081C013A5A801A786EF30002D5
S315080210E01A700022DA8045E0BEF1000F0CD0029891
S315080210F04A44091AA96014F8081C6FF3410104F856
S31508021100081C00219980D9E73B46D7E707EBCE0AA8
S31508021110D5E9001001EB0009CA450ED314F8081CDC
S31508021120013A6FF3000104F8081C002124F8061C92
S315080211305A801A7861F30002D2E717F83E705146D0
S3150802114017F001072FD014F8087C013A6FF300074D
S3150802115004F8087C002792B224F8067C5A801A788A
S3150802116067F300021A70C3F107020A44C2F3CF02F8
S31508021170DA808A80002E3FD0B3423DD37288002A95
S3150802118008BF1E46B8F1000F06D0434504D8B8F882
S315080211900220002A18BF43460198C5E905630DF0E7
S315080211A0B8F9002057E7AEEB0C0EBEF1010FCAD113
S315080211B0BAF802C0AAF802709444BAF80620CAB16C
S315080211C00AEBC20100272A69013A2A61AA68083A83
S315080211D0AA6014F8082C24F8067C6FF3000204F8B7
S315080211E0082C1A78A3F802C067F300021A700029BD
S315080211F0B9D176E71146E5E71E46C3E722202AE774
S3150802120001460020FFF709BFFFF7FABF70B5049E33
S3150802121015461A4696B1002333608DB181B14D4306
S3150802122033462946FFF7EFFE044628B9306818B157
S315080212302A46214602F02CFA204670BD2224FBE7F4
S315080212402124F9E707B5002201AB0192E2F7FCFE79
S31508021250019803B05DF804FB2DE9F74F06460D46E3
S3150802126014469B46002B00F040810023CBF8003041
S315080212704368934240F23B8149B9002A00F037811C
S315080212805A46204603B0BDE8F04FE2F7D5BE2AB962
S31508021290084603B0BDE8F04FFFF7B2BF0DF03EF9BE
S315080212A035F8067C07344FEAC70924F00704A14536
S315080212B08046A5F1080180F0968035F8023C002B9D
S315080212C070D0DA1B012A6DD101EBC30A11F833304B
S315080212D0D80767D4BAF80220A9EB040313EBC203B2
S315080212E060D41F2B3CDD2F19C4F3CF0425F8064C16
S315080212F00134384625F8024C009300F00EF935F809
S31508021300022C009BBA80BAF80620DB087B802AB337
S31508021310BAF80210511A11FA83F39BB20AEBC20207
S31508021320FB809380524600233946304600F066F920
S31508021330504600F0F2F8002235F8061CB368CBF8DE
S31508021340005003EBC103F168A3EB09038B42B360B8
S3150802135047D8002A40D0083BB3603DE0FA80E1E76F
S3150802136033690137013B3361BAF80630174425F869
S31508021370067CA3B1BAF802209A1A12FA87F7BFB204
S315080213800AEBC30325F8027C9F80524601233046A6
S3150802139000F034F9504600F0C0F80122CCE725F8EF
S315080213A0023CF2E720465A460021E2F745FE044689
S315080213B030B140460DF0ADF8204603B0BDE8F08FD7
S315080213C04A462946DBF8000002F06AF92846FFF782
S315080213D017FF04460028ECD140460DF09AF800247F
S315080213E0EAE7F360B5E77DD935F8022CA9EB040ADA
S315080213F0531EDB1B002A37D001EBC20711F8322035
S31508021400D20732D48BBBC4F3CF03291925F8063C7D
S315080214100133084625F8023C009100F07EF800994F
S3150802142035F8022C7B888A80FA8803EBDA034B802C
S31508021430BAB17888101A10FA83F39BB207EBC20284
S31508021440CB80938000233A46304600F0D7F83846D8
S3150802145000F063F8B368CBF800502344A3EB090302
S315080214607AE70023CB80EDE71746BAF1270F39D979
S31508021470C4F3CF02291925F8062C0132084625F8A5
S31508021480022C009101930AF1FF3A00F046F80099FE
S3150802149035F8022C4FEADA0AA1F802A08A80FFB1CF
S315080214A0019B013313FA8AFA1FFA8AFAA1F806A0EF
S315080214B0A7F804A0336930460133336100231A467C
S315080214C000F09CF8B368CBF80050E2180832F368CB
S315080214D0A2EB09029A42B2607FF67EAFF2607BE720
S315080214E0CF80E7E7CBF8005076E7222464E7212489
S315080214F062E7002307B501AA0193E2F7B3FD019853
S3150802150003B05DF804FB0846FFF771BD0846FFF70E
S315080215107BBE08461146FFF7ECBF00230360436013
S315080215207047F0B5D0E90540551C08BF0822002BC4
S315080215304FF0000518BF0446DDF818C0CCF8005075
S31508021540002C37D09DF814706588FF0007EBC50597
S31508021550C2F1000E2078C00708D51BBBE088A0B1EF
S3150802156004EBC004658807EBC505F3E78D42F4D39F
S3150802157063B904F10806B6FBF2F002FB10667018AE
S315080215800EB1A842EAD8CCF80040F0BD082A0FD01E
S315080215906088013004EBC000461A06EA0E06801B74
S315080215A08542F0D2A0880028EFD0A4EBC004D9E780
S315080215B00846E8E72046E8E7034610461A69DAB11C
S315080215C008B921B918680378DB0702D47047986905
S315080215D0F9E739B9C3887BB100EBC3000378DA07A8
S315080215E0F8D47047012907D183882BB1A0EBC30031
S315080215F00378DB07F8D47047002070472DE9F041DD
S31508021600D0E90545074688461646F3B194420FD0F7
S3150802161042B1954215D1424601213846FFF7CCFF21
S3150802162005460EE00A463146FFF7C6FF0446F2E7CC
S315080216300A460021FFF7C0FFB5420446EBD0002E4A
S31508021640E9D0C7E90545BDE8F081944208D08C4245
S3150802165028BF0C46B54205D0454538BF4546F0E792
S315080216600C46F7E74546ECE738B51C46C3E90001E0
S315080216700023C4E90500C4E90233236122776362C1
S31508021680FFF74BFF23690139C908013341802361FA
S31508021690A368E268083393424FF00000A36088BF4C
S315080216A0E36038BD08B5E2F7DDFD08BD002307B5DE
S315080216B0684600938DF80430E1F752FE03B05DF8F0
S315080216C004FB10B50CF021FF04460BF0D5FE2046AC
S315080216D0BDE810400CF014BF4FF4C870E2F74ABEDA
S315080216E070477047704708B501F067FF01F074FF4D
S315080216F001F074FFFFF7F6FF01F083FFBDE808402B
S3150802170001F08ABF08B5E2F771FCFFF72BFBFFF77A
S31508021710E7FFE2F725FCE2F7E3FAFFF72DFBE2F72C
S3150802172019FFE2F7C9FDE2F7C3FCFFF7DAFF00F09B
S3150802173007F801F04FFFBDE80840FFF7D4BF70472E
S3150802174008B501F035FF01F034FF01F033FF01F06F
S3150802175033FFFFF7F4FF08BD08B501F05EFF01F09D
S315080217605DFF01F05CFFBDE8084001F05ABF00F0DA
S3150802177000B807B513200DF10601FFF7F6FABDF812
S31508021780060003B05DF804FB10B504460A210AF008
S3150802179014FF4FF4E16120460AF011FF002010BD44
S315080217A0FF207047F7F784BC0BF00CB801F0B1BA0A
S315080217B0012070470020704770B506460D4614464C
S315080217C08CB0CAB11022002108A801F061FF0022DC
S315080217D007AB029305AB019306AB00933046294645
S315080217E008ABCDE90522E3F763F818B9099B6360EC
S315080217F0059B23600CB070BD6FF08600FAE708B54A
S3150802180001F087FA002814BF6FF09200002008BD85
S31508021810FFF7F5BFF0B51C4600238BB023600F46D1
S31508021820164601F076FA70B968460DF086F805464E
S3150802183048B9324639466846E5F7ACF810B9266023
S315080218400BB0F0BD25606FF09200F9E720F00803AF
S31508021850102B05D0202814BF6FF086000020704791
S315080218600020704720F0FF03B3F5824F06D14138B6
S31508021870C0B2012894BF002001207047002070479B
S3150802188010B50024436814601B0A04D0012B0AD041
S315080218906FF0850010BD0088FFF7E4FF00B1013143
S315080218A000201160F6E72C31FAE7406810B5000A05
S315080218B0029C04D0012807D06FF08B0010BD93421A
S315080218C009D96FF08C00F9E703F12C009042F8D899
S315080218D0103103F11C020020C4E90412EEE7F0B548
S315080218E00B46C168044601298DB002D000200DB00E
S315080218F0F0BD2B2A02D86FF08900F8E713F0030728
S315080219001A460DD001AD03F1280C2E46106851680F
S31508021910083203C662453546F7D1106801AA306017
S31508021920012111800021518021685160616891600E
S31508021930A168D160002FD9D001AA15460BAE14466C
S3150802194003CCB44218605960224603F10803F6D163
S315080219502068186000231A46EA5401332C2BFBD15F
S31508021960C4E72DE9F0470F4692469946054694B0D4
S3150802197078B171B16AB14288D31D072B4FEAD308F1
S315080219805BD0038803F4E043B3F5805F04D15307C1
S3150802199008D06FF0860427E0B3F5005FF7D0B3F5F9
S315080219A0804F4AD002AE20220021304601F070FE56
S315080219B0324641462846E3F789FB0446A0B9434620
S315080219C05246394628460096FFF76FFF044658B92D
S315080219D0282201460DEB020001F05AFE0AA80CF075
S315080219E0ACFF28B16FF09204204614B0BDE8F08728
S315080219F031460AA801F064FB58B1482814BF6FF0B3
S31508021A0092046FF085040AA801F085F90028EBD044
S31508021A10E8E76B681B0A012B06D04A464146284668
S31508021A20FFF72EFF0446EEE7524639463046FFF7E1
S31508021A3056FF04460028F0D0E5E76FF08504D3E7A1
S31508021A402DE9F0439DB00D46DDE9248916461F4669
S31508021A500446002868D0002966D0002A64D0002BE4
S31508021A6062D0B8F1000F5FD0B9F1000F5CD0202226
S31508021A70002102A801F00CFE20463246294602AB96
S31508021A80E3F7A2FB0446F8B90AAD02AE0FCE0FC5BC
S31508021A9096E80F0085E80F000C9A7B1C22F08072EC
S31508021AA00E9322F4804208F1020323F0030342F460
S31508021AB0005201A90AA80D940F930C92019401F001
S31508021AC05AF928B16FF0920420461DB0BDE8F0839A
S31508021AD0019B01334345019329D82822214612A89E
S31508021AE001F0D6FD12A80CF028FF0028EAD10AAAAE
S31508021AF002A912A8E5F782F8012812D058B1482897
S31508021B0014BF6FF092046FF0850412A801F003F96E
S31508021B100028D9D0D6E704233B70019BC9F80030C8
S31508021B20F3E76FF08B04F0E76FF08604CCE76FF00B
S31508021B308904C9E7FFF715BFFFF782BF2DE9F04F02
S31508021B409FB01546DDE928AB0F46994606462A9AFE
S31508021B50002800F09F80002B00F09C80BAF1000F4D
S31508021B6000F09880002900F09580002D00F0928000
S31508021B70BBF1000F00F08E80002A00F08B80002354
S31508021B80B0F80080CBF8003008F44F41EB00B1F50D
S31508021B90824F13605FD15FFA88F112290ED128F0BD
S31508021BA0FF01B1F5824F02BF083B5B081360136859
S31508021BB0B3F5047F04BF40F20923136000232A46C3
S31508021BC003933946304603ABE3F7CAF904460028BD
S31508021BD03DD1039C40460734E408FFF743FE08B1AB
S31508021BE0013D01370DF110082022002140460394D9
S31508021BF001F04EFD214642463046E3F767FA0446AF
S31508021C0028BBC6460DF1300CBEE80F00ACE80F0043
S31508021C109EE80F008CE80F00EB1C214623F0030315
S31508021C20282214A8CDE90F47119301F031FD2B465E
S31508021C30524649463046CDF80080FFF736FE04463E
S31508021C4028B914A80CF079FE38B16FF09204204630
S31508021C501FB0BDE8F08F2C46C4E742460CA914A86B
S31508021C6001F0A3FA98B9524649464046FFF737FEAD
S31508021C7004460028EBD15A4629463046FFF700FEAD
S31508021C80044614A801F047F80028E0D0DDE76FF013
S31508021C909204F6E76FF08604D9E72DE9F0479CB07F
S31508021CA00C46DDE9249A15461F468046002866D06A
S31508021CB0002964D0002A62D0002B60D0B9F1000F47
S31508021CC05DD0BAF1000F5AD08368DB075AD52022B5
S31508021CD0002102A801F0DCFC21462A46404602AB56
S31508021CE0E3F772FA044638BB0AAD02AE0FCE0FC549
S31508021CF096E80F0085E80F0001A90AA8B8F800506F
S31508021D00019401F038F801462846FFF7ABFD012891
S31508021D1004BF042307F8013B4FF0000308BF09F18B
S31508021D20FF39CDE90D3709F1030323F0030305460D
S31508021D300F9329B16FF0920420461CB0BDE8F087D4
S31508021D40019B4B4521D8282212A801F0A1FC12A812
S31508021D500CF0F3FD0028EDD10AAA02A912A801F097
S31508021D606CFA48B9019B2B44CAF8003012A800F055
S31508021D70D2FF0028E0D0DDE76FF09204F6E76FF0B5
S31508021D808604D9E76FF08404D6E76FF08904D3E7AF
S31508021D9010B4048804F4E044B4F5805F06D0B4F5C0
S31508021DA0005F03D05DF8044BFFF7DBBD6FF08500DB
S31508021DB05DF8044B704770B40488DDE9035604F4F1
S31508021DC0E044B4F5804F04D0CDE9035670BCFFF762
S31508021DD037BE6FF0850070BC7047F8B51E4603889B
S31508021DE00F4603F44F43B3F5824F154610D1089BAD
S31508021DF0E3F7B6F8044648B9069B9D420BD82A462D
S31508021E003946304601F04CFC079B1D602046F8BD5A
S31508021E106FF08504FAE76FF08904F7E7E2F784BF03
S31508021E20F0B5044617461E460D468DB0D1B1C8B167
S31508021E302022002104A801F02BFC3A462946204616
S31508021E4004ABE3F7C1F958B9169B31460293159BC1
S31508021E5004A80193149B0093DDE91223E3F7C2FA5F
S31508021E600DB0F0BD6FF08600FAE7E3F7EBBB10B4EE
S31508021E7013460C46014640B104B932B9224601F16D
S31508021E8060005DF8044BE3F735BB6FF086005DF83A
S31508021E90044B704713B50C46014650B14CB142B1DA
S31508021EA03BB10093603013462246E3F769FB02B062
S31508021EB010BD6FF08600FAE708B528B1982200210E
S31508021EC001F0E6FB002008BD6FF08600FBE7E2F7AB
S31508021ED0ABBFE2F729BFF0B5044615461F460E46C4
S31508021EE08DB019B96FF086000DB0F0BD0028F9D093
S31508021EF02022002104A801F0CBFB2388CDE908653E
S31508021F00B3F5105FEED16388C02B16D0B3F5807F88
S31508021F1015D0802B15D110208542CDE90400E1D3D6
S31508021F20169B39460293159B04A80193149B0093AA
S31508021F30DDE91223E3F756FAD6E71820ECE7202064
S31508021F40EAE76FF08500CFE7F8B50E4614461D4658
S31508021F50074600283DD0E1B302B9D3BB5C22002173
S31508021F60384601F095FB31463846069AE3F79EFA5B
S31508021F70A0B97288D208182ABA6510D0202A1BD0AE
S31508021F80102A26D10F2D24D907F1380304F110029D
S31508021F9054F8041B944243F8041BF9D1F8BD172DD3
S31508021FA017D907F1380304F1180254F8041B9442AE
S31508021FB043F8041BF9D1F1E71F2D0AD907F13803B3
S31508021FC004F1200254F8041B944243F8041BF9D185
S31508021FD0E4E76FF08600E1E7FFF7B6BF70B50D4696
S31508021FE01646044688B098B101B98AB9002120225A
S31508021FF0684601F04DFB21466846E3F75FFB28B9C0
S3150802200033462A4669462046E3F774FA08B070BD95
S315080220106FF08600FAE7F0B50D4616461F460446E7
S315080220208BB0A8B1A1B19AB193B10021202202A81E
S3150802203001F02EFB214602A8E3F740FB30B93346EE
S315080220402A462046009702A9E3F79AFA0BB0F0BD92
S315080220506FF08600FAE708B528B15C22002101F084
S3150802206017FB002008BD6FF08600FBE7E2F7DCBE2F
S3150802207008B50CF0D5FB002008BD10B5044608B11A
S31508022080E3F73EFB2046BDE81040FFF7BDB800F473
S31508022090E040B0F5805F04D0A0F50053584258419D
S315080220A07047012070472DE9F0411F4600F0FE43B4
S315080220B086B0B3F1106F1646DDE90CCEDDF838802E
S315080220C00BD120F01F6424F4702434B9D1E9082313
S315080220D04C68240A04D0012C0CD06FF0850006E067
S315080220E0CDE903E8CDE9017C0096FFF7BFFF06B00C
S315080220F0BDE8F081CDE903E8CDE9017C0096FFF75A
S31508022100E6FEF4E73AB1002918BF00232121D21AC4
S31508022110184401F0BDBA704738B5037904460D462E
S315080221204BB9636900202B60237E012B0AD02860F5
S315080221306FF0960005E0D0E9081200F046FD002887
S31508022140EFD038BD02232376FBE700232DE9F341BE
S315080221504668D0F8148004460F4630461146136086
S3150802216000F004FD054688B9304600F001FD054633
S3150802217060B9F6B276B9B8F1000F05D1A06820F4B5
S315080221807F4020F0030060B16FF08605284602B052
S31508022190BDE8F0810146606900F0C0FC0028EDD177
S315080221A0F2E74FF6F87362889A4219D894F80480CF
S315080221B0B8F1000F00D101A83946E4F789F80546B7
S315080221C00028E3D10FCC3F683E460FC694E80300C9
S315080221D086E80300B8F1000FD8D1019B7B61D5E7E9
S315080221E06FF08505D2E741F2052398421AD8B0F571
S315080221F0905F09D241F2010398420CD0B0F5885F8C
S3150802220009D06FF0850070472923A0F5905080B257
S31508022210C340DB07F5D511F0070F0CBF00206FF09E
S3150802222086007047B0F5105FEBD121F04003802B92
S3150802223006D0B1F5807F0CBF00206FF0860070478C
S315080222400020704770B5046A05460E463CB901205F
S31508022250FEF7F8FF286228B120466E6270BD6FF05D
S315080222608A00FBE76FF08C00F8E7F8B50F461146CF
S3150802227006461546FFF7E6FF044620B92A463946BA
S31508022280306A01F00DFA2046F8BD2DE9F041089DA5
S3150802229088461F46048802B32046FFF7F8FEE0B1D7
S315080222A02B680BB9D3002B6020462968FFF79BFFE2
S315080222B0044678B9CE1DB2EBD60F11D1069B9A42C7
S315080222C011D84146384601F0EBF92B68079A0733CD
S315080222D0DB0813602046BDE8F0816FF08504F9E754
S315080222E06FF08604F6E76FF08904F3E710B5044643
S315080222F0006A10B1616AFFF7C0FE0020C4E908004F
S3150802230010BD38B50546FFF7F1FF2B7E0446012BB3
S315080223100ED0023B012B0ED8EB69012B18BF6FF0CA
S31508022320960428220021284601F0B2F9204638BD33
S31508022330EB69002BF2E76FF09604F2E713B5044651
S31508022340C0B101A9E4F704F8044698B9019B1A7EBC
S31508022350022A12D103221A761A79FF2A10D01AB142
S31508022360586900F017FC0446019800F0E8FB0028BB
S3150802237018BF0446204602B010BD6FF09604F3E774
S315080223806FF08404F0E773B5054608460C4600F07C
S31508022390C0FA002328461A4601A9E3F733FB50B9C7
S315080223A0019E35460FCD0FC495E8030084E8030065
S315080223B0304600F0D9FB02B070BD70B514460288EB
S315080223C01D461046049EFFF762FE68B944F20103F1
S315080223D022F44050984207D002F44F42B2F5824F97
S315080223E002D0B2F5844F0ED1B4420FD822462846FF
S315080223F001F056F90021321B281901F049F900208B
S31508022400059B1C6070BD6FF08500FBE76FF08900C5
S31508022410F8E7F0B50F461E46154685B04AB30023BF
S315080224200122336003A9E3F7EDFA044658B9039883
S315080224304368D0E908121B0A08D0012B13D000F012
S3150802244093FB6FF08604204605B0F0BD3B46CDE906
S315080224500056FFF7B2FF0446039800F085FB002CEE
S3150802246008BF0446EFE73B46CDE90056FFF715FCE1
S31508022470F1E76FF08904E6E770B514460288049D11
S3150802248002F4E040B0F5804F1CD144F2010022F478
S315080224904056864207D002F44F42B2F5824F02D026
S315080224A0B2F5844F0ED1AC420FD81846224601F037
S315080224B0F7F800212A1B204401F0EAF80020059BC0
S315080224C01C6070BD6FF08500FBE76FF08900F8E7C6
S315080224D0F0B50F461E46154685B00AB3002303A972
S315080224E01A463360E3F78EFA044638B90398038826
S315080224F05B0406D400F038FB6FF08604204605B06C
S31508022500F0BDCDE900563B46D0E9081200F0CEFAF6
S315080225100446039800F028FB002C08BF0446EDE7A2
S315080225206FF08904EAE710B50446006868B1042822
S315080225300CD005280FD06FF0860000232360A388ED
S3150802254023F4FF7323F00103A38010BD04F10800EE
S31508022550FFF781FDF1E704F10800FFF7ADFCECE7B0
S315080225600123E3F7ABBC38B505462B68D3B112B9DC
S315080225700024204638BD042B07D0052B0DD06FF05A
S3150802258086042846FFF7CFFFF3E705F10800FFF7B1
S3150802259025FD04460028EBD0F3E705F10800FFF70E
S315080225A066FCF6E76FF08804E3E72DE9F041054695
S315080225B000680E461746984648B36A79D20726D562
S315080225C02A7922B3BA4225D804280ED0052819D06A
S315080225D06FF086040023C8F800702B71EEB92846FE
S315080225E0FFF7A1FF2046BDE8F08105F10800FFF7D5
S315080225F012FD04460028EDD17EB92846BDE8F04111
S31508022600FFF791BF05F10800FFF744FCF1E76FF009
S315080226108804DFE76FF08904DCE721463A4630464C
S31508022620D8F80030FFF76EFD2846FFF77CFF002C2E
S3150802263008BF0446D6E71FB501240394089C0294F2
S31508022640079C0194069C0094E3F70EFB04B010BDA8
S31508022650036819430CBF0120002070472DE9F04793
S3150802266007469A46002386B0059307F0FE43B3F160
S31508022670106F0846DDE90E589146109E0BD0002DC4
S3150802268048D12846356000F06FFA6FF08604204676
S3150802269006B0BDE8F0873B464FF4804205A9E3F74A
S315080226A0B1F9044628B175BB3560059800F05CFAA5
S315080226B0EDE705990B8823F0FF03B3F5E24F02D045
S315080226C0B3F5E44F0CD14B880733B8EBD30F07D2D7
S315080226D01DBB0846356000F047FA6FF08904D6E755
S315080226E053464A463846CDE901860095FFF7DBFC94
S315080226F004463DB90598356000F036FA002C08BF45
S315080227000446C4E760B141462846E3F75DF9C6F8D0
S315080227100080CAE76FF08604F5E76FF08904F2E7EE
S31508022720059800F021FA0446B1E7E3F74DB908B572
S315080227300088DDE90221FFF7AAFC20B1BDE80840BE
S315080227401046E3F741B96FF0850008BD2DE9F04F51
S315080227501E46002389B01746129ACDE9053313603F
S31508022760438881460D46002B00F0D080038803F487
S31508022770E043B3F5804F00F0C98031462846FFF79B
S3150802278067FF002800F0C280484606AA05A9FFF797
S31508022790DCFC0446002840F08580059B5B6A9BB1F9
S315080227A0DDF81490CA46D9F80430D9F820B01B0AC5
S315080227B05AF8248F7BD0012B00F0A1806FF0860493
S315080227C00598FFF793FD6DE0D9F804301A0A62D12D
S315080227D0B9F800A0B9F802105046FFF758FC80B1C4
S315080227E05046FFF700FD044600285BD10AF4E04391
S315080227F0B3F5805F02D0B3F5005F0AD10731CA0884
S3150802280017E02AF0FF03B3F5E24F37D06FF08504DD
S3150802281048E00AF44F43B3F5844FEFD047F2010379
S315080228209A450FD149080131C90801EBC10101F1E5
S315080228303B02079207990598FFF704FD044600280C
S31508022840AED02FE044F201039A4503D1C90801F13B
S315080228501002EEE747F202039A4505D1C90801EBD1
S31508022860410101F15A02E4E744F202039A4505D10D
S31508022870C90801EB410101F14A02DAE72AF0FF0031
S31508022880B0F5E24FBAD0B0F5824F01BFCC1DE408CD
S315080228906400621CCDE7484607A900F03EF80446E4
S315080228A00028C7D0059830B3FFF72BFD23E0B9F807
S315080228B000305B040BD433463A4629464846CDE9EE
S315080228C0018ACDF800B0FFF732FF044609E0534605
S315080228D0424659464846FFF75BFA10F1860F044608
S315080228E0E9D00598002C7FF46BAF1299FFF714FC18
S315080228F004460028D6D1204609B0BDE8F08F5346D3
S31508022900424659464846FFF715F9DEE76FF0860450
S31508022910F1E71822002100F0BBBE426870B5120A20
S315080229200588438806D0012A56D000236FF0860010
S315080229300B6022E005F4E042B2F5805F02D0B2F500
S31508022940005F05D10733DB0840D16FF0850014E03C
S3150802295005F44F42B2F5844F03D10733DB080AD197
S31508022960F3E747F20102954208D15B080133DB0817
S3150802297003EBC3033B3300200B6070BD44F2010234
S31508022980954202D1DB081033F5E747F20202954277
S3150802299004D1DB0803EB43035A33ECE744F20202A1
S315080229A0954204D1DB0803EB43034A33E3E725F0F8
S315080229B0FF05B5F5E24FD0D0B5F5824FC5D107333D
S315080229C0DB085B000133012BD5D1BEE725F0FF05F5
S315080229D0B5F5824FCFD1F6E705F4E046DC1DB6F52C
S315080229E0805F25F0FF024FEAD40002D0B6F5005FF9
S315080229F006D100284AD0B2F5824F07D1034640E0F5
S31508022A0005F44F46B6F5844F02D190B3C31C32E0A3
S31508022A1047F20106B5420DD15B080133DB0803EB29
S31508022A20C3033B330333800723F0030335D1072C53
S31508022A3023D132E044F20106B54202D1DB08103353
S31508022A40F0E747F20206B54204D1DB0803EB43037B
S31508022A505A33E7E744F20206B54204D1DB0803EB30
S31508022A6043034A33DEE7B2F5E24FCED0B2F5824FE0
S31508022A7005D00B68033323F003032C337BE74300AB
S31508022A800133012B00D10B68013BCBE7B2F5824F2C
S31508022A900B6806D0033323F00303B2F5824FECD159
S31508022AA002E0023323F003030433E6E72DE9F34792
S31508022AB045680446DDE90A672D0A884691469A461C
S31508022AC006D0012D16D06FF0860002B0BDE8F08759
S31508022AD0CDE90067FFF76FF910F1860FF5D1534676
S31508022AE04A4641462046CDE90A6702B0BDE8F047A4
S31508022AF0FFF7C2BCCDE90A6702B0BDE8F047FFF7A7
S31508022B001BB8037E022B06D1C3695A1C03D00133B4
S31508022B10C361002070476FF09600704703466FF056
S31508022B2040420846591E914207D338B103F1404341
S31508022B3093428CBF0020012070470120704703464C
S31508022B4068B1017E8A1E012A0BD80329C26903D1FC
S31508022B50012A01D1FFF7D5BB1AB1013ADA61002081
S31508022B6070476FF096007047FFF7E9BF002070477D
S31508022B70C0B2FF280CBF6FF086000020704707B569
S31508022B8000216A46FEF718FE8C3018BF012003B0F2
S31508022B905DF804FB13B500216A460446FEF70CFEEF
S31508022BA08C3002D1002002B010BD00212046E2F787
S31508022BB073F8014610B16FF09800F4E76A462046AA
S31508022BC0FEF7FAFD8C30EDD0F5E72DE9FF41074611
S31508022BD01446884600293FD0002A3DD0B2F5005F48
S31508022BE03DD202F1240631460120FEF72BFB0546AB
S31508022BF0C0B303463A4621464046E3F707FC7F69D7
S31508022C0000243846FFF7BBFF01281FD021462B4672
S31508022C10324638460094E1F779FF0146C8B9384684
S31508022C2002AAFEF7C9FD044620B9029B9E4205D0B8
S31508022C306FF0980438460021E2F72EF83146284606
S31508022C40FFF71BFA204604B0BDE8F0816FF08A044C
S31508022C50F4E76FF09804F1E76FF08604F2E76FF095
S31508022C608D04EFE76FF08C04ECE7FFF706BA2DE95F
S31508022C70F047D0F814A086B08146884617465046D3
S31508022C80002104AAFEF798FD044610BB049E012003
S31508022C903146FEF7D7FA0546002837D02146504670
S31508022CA004AA0394FEF788FD044670B903AB0246EC
S31508022CB02146CDE9005350463346E1F797FF039B79
S31508022CC004469E4209D06FF0980431462846FFF71B
S31508022CD0D4F9204606B0BDE8F0870028F5D13B4670
S31508022CE0424631462846CDF80090E3F7ADFB044646
S31508022CF00028EAD1D8F800302BB13B68002B08BF70
S31508022D006FF09104E1E76FF09104DEE76FF08C044F
S31508022D10DFE70020704708B10BF00FBE212070478D
S31508022D2008B9212070470029FBD0036813F07042C6
S31508022D3009D1C3F30E030B601BB94368002BF0D00D
S31508022D400B6000207047B2F1004F07D18268D204A7
S31508022D500ED5C369002BE4D01B68ECE7B2F1204F0D
S31508022D60F4D0B2F1304FF1D0B2F1404FEED0D8E7FD
S31508022D7003F07F03DFE737B50C46054610B9212075
S31508022D8003B030BD0029FAD0002301A90193FFF749
S31508022D90C7FF0028F4D1296811F0704102D1019BBE
S31508022DA02360EDE7AA68B1F1004FC2F38033C2F39C
S31508022DB04035C2F3003207D1062103EB450301FB76
S31508022DC00233019A5343EBE7B1F1204F04D12B4466
S31508022DD002EB82021344F4E7B1F1304F02D0B1F1AB
S31508022DE0404FCCD12B44ECE72DE9F3470D469046EC
S31508022DF09A460446F0B1E9B106680F6806F07049CA
S31508022E00BE422AD0B9F1004F11D186EA0703B3F1BF
S31508022E10805F13D3BAF1000F36D1B8F1000F1FD075
S31508022E20A368AA68534013F4E04F19D002E0B9F137
S31508022E30404FEAD0212002B0BDE8F08700232046A1
S31508022E4001A90193FFF76CFF0028F3D1019AC2F397
S31508022E500E0216431743BE42ECD1B9F1000FD9DB75
S31508022E600023694620460093FFF75AFF0028E2D15D
S31508022E70019001A92846FFF753FF0028DBD1DDE9B7
S31508022E8000239A42D7D0D5E7AA68B8F1000F03D033
S31508022E90A3685340D904CDD49304E1D4CAE7F7B55D
S31508022EA00C46054648B141B100230B60036803F09E
S31508022EB070430B60C268032A02D9212003B0F0BD11
S31508022EC0012A70D812B143F000632360D5E90223C0
S31508022ED0900102F0407169D5B1F1407F69D0002BAB
S31508022EE0EBD04FF00072236823F04073134323603C
S31508022EF0EA68022A07D12A69032ADED823F47F035D
S31508022F0043EA02432360EB68032B03D12B69F62BB2
S31508022F10D3D9A370AB681A0442BF236843F40043AB
S31508022F202360EB68032B09D023682A6823F4FF433E
S31508022F3023F07F03C2F30E02134323602B68AE68A5
S31508022F40002B06F4805740DB16F4E84FB5D12B6800
S31508022F5006F4806603F0704303F10043B3F1804F31
S31508022F6004D21EB1236843F48063236000232846F3
S31508022F7001A90193FFF7D4FE00289FD12B6813F00D
S31508022F8070413BD12368019A23F4FF4323F07F0360
S31508022F90C2F30E0213432360002F8FD0EB69002B76
S31508022FA08BD00F208AE743F080638EE7B1F1407F2A
S31508022FB004D1002B81D04FF0407294E702F0807260
S31508022FC0002B90D1002A8ED077E7730406F40052BC
S31508022FD00DD4002A3FF471AF236843F400532360EB
S31508022FE0002FB4D0236843F480532360AFE72368E5
S31508022FF043F480432360002AF2D0EDE703F05043FE
S31508023000B3F1004F06D0B1F1304F03D0B1F1404FC2
S315080230107FF453AF019B2268013B03F07F0322F042
S315080230207F0213432360002F3FF448AFEA69002A60
S315080230303FF443AFB1F1004FB3D1117F71B1002E06
S315080230403FF43CAF43F400732360537F002B3FF4F5
S3150802305035AF236843F4807323602FE7537F002B31
S315080230603FF42CAF002E3FF429AFF2E773B50C46B6
S31508023070054608B921201AE00029FBD00123C668B3
S315080230804B609E4217D8002301A90193FFF773FEEE
S3150802309068B9019B06B11C336A699A4209D32A693F
S315080230A0002AE7D0226043F000530020A36002B052
S315080230B070BD1D20FBE7023E012EDBD80023F4E794
S315080230C02DE9F0410D46044698B0002869D000293A
S315080230D067D000234FF000728360C0E900230362C1
S315080230E015A92846FFF7DBFE002857D12046159971
S315080230F00BF02DFCAB68DB043CD52B68002B52DAAF
S315080231004FF00108EE696946376873682046CDF8BC
S3150802311004800093029700F0D8F8B368204603A902
S31508023120CDF810800393059700F0CFF8F368204690
S3150802313006A9CDF81C800693089700F0C6F83369ED
S31508023140204609A9CDF8288009930B9700F0BDF807
S31508023150736920460CA9CDF834800C930E9700F0BB
S31508023160B4F8B36920460FA9CDF840800F9311979A
S3150802317000F0ABF8284612A9E3F726FD70B92046F7
S3150802318000F0A3F8284615A9FFF770FF30B92046C4
S3150802319015A90BF002FC20460BF08AF918B0BDE817
S315080231A0F0812120FAE70F20F8E770B50E4615469A
S315080231B004468AB000283ED000293CD0002A3AD0DC
S315080231C00023012229463046FFF70EFE88BBF36824
S315080231D08BBBEB68013B012B2DD84FF08073A060A7
S315080231E0C4E90030206207A92846FFF758FE00BB4B
S315080231F0204607990BF0ABFB304601A9FFF736FFCD
S31508023200B8B9204601A900F060F8284604A9E3F7F0
S31508023210DBFC70B9204600F058F8284607A9FFF7E4
S3150802322025FF30B9204607A90BF0B7FB20460BF05D
S315080232303FF90AB070BD2120FBE770B50D46164668
S3150802324004468AB000283ED000293CD0002A3AD04B
S315080232500023012231462846FFF7C6FD88BBF368DC
S315080232608BBBEB68013B012B2DD84FF08173A06015
S31508023270C4E90030206207A92846FFF710FE00BB02
S31508023280204607990BF063FB284601A9E3F79CFC45
S31508023290B8B9204600F019F8284604A9FFF7E6FE51
S315080232A078B9204604A900F010F8304607A9FFF7B6
S315080232B0DDFE30B9204607A90BF06FFB20460BF05E
S315080232C0F7F80AB070BD2120FBE7436813B94160DD
S315080232D070475B685A68012AFBD15960704700BF7C
S315080232E000BF7047012100220346D0ED0A7A10B5C5
S315080232F02C30D0F8FC418C4229DCD3F82C02D3EDD1
S31508023300037A104403EB8202D2ED0A6AB7EE007A18
S315080233101A6937EE677A0244C3F83022022293ED1D
S31508023320066A67EEA67A83F82420D3F8382247EE8F
S31508023330067A0132C3F838220022C3ED067AC3EDB3
S31508023340936AD861C3F84802C3F8282210BDB0ECC4
S31508023350017AB4EEE77AF1EE10FAD4BFB0EE677AE4
S315080233600A46F0EE477A0131C5E7012230B5041D57
S315080233708A4200DB30BDD4ED007A2546531E35ED70
S31508023380017AB4EEE77AF1EE10FA03DD013B85ED38
S31508023390017AF4D200EB8303C3ED017A01320434D5
S315080233A0E6E740220021503000F072B92DE9F74FC6
S315080233B0044610EE100AE6F725F806460F4604F10B
S315080233C0100304F15005019354F8040BE6F71AF8B2
S315080233D0F5E8028932463B46E6F76CF842464B4622
S315080233E0E5F7B2FEB246BB460646E0680F46E6F782
S315080233F009F852465B46E6F75DF88046E06A894672
S31508023400E6F700F832463B46E6F754F802460B461C
S3150802341040464946E5F796FED5E90623E5F794FEC2
S3150802342045E90201E069E5F7EDFF52465B46E6F734
S3150802343041F88046E06B8946E5F7E4FF32463B46AB
S31508023440E6F738F80B46024649464046E5F77AFE5D
S31508023450019BC5E90601A342B6D130463946E6F7CD
S31508023460C3FA00EE100A03B0BDE8F08F0269002322
S31508023470D2430021C2614FF0FF328361C0E98A124A
S31508023480026280F82410C0F83022C0F83432C0F83C
S315080234903812C0F8443280F83C12C0F84822C0F804
S315080234A04C327047026A70B590F83C5201320346B4
S315080234B00C46026205BBF0EEC07A90ED917AB4EE44
S315080234C0E77AF1EE10FAD0F8401248BFC0ED917AC9
S315080234D001398A420DDBD0ED917AF5EEC07AF1EE2A
S315080234E010FAD8BFF7EE007A0122C0ED067A80F804
S315080234F03C2283ED8D0A40E090F82410022907D178
S31508023500D0F830128A42F4DB002280F82420F0E751
S3150802351001290FD1D0F8282200EB820181ED0A0A8F
S31508023520416901328A42C0F82822E2DBFFF7DAFE55
S31508023530206023E0D0ED067A90ED017A27EE877AAD
S31508023540B4EEC07AF1EE10FA1AD5D0ED8D6AF4EE21
S31508023550C76AF1EE10FA13D8C1690669511AB1425F
S315080235600EDD0121436980ED0A0A8B4280ED8D0A40
S31508023570C0E98A1280F82410D8D00025284670BDE2
S3150802358093ED027A67EE877AB4EE670AF1EE10FADD
S3150802359070FE277AC3ED067AABE710B50446E5F75F
S315080235A075FD2046E3F79EFD10BD01207047704762
S315080235B070477047DDF77CB8704708B5DDF7C2F883
S315080235C0FDF7D1FBFDF7DAFBDDF7B2F8BDE80840F7
S315080235D0DEF792BCE5F73ABDDDF772B908B5FCF736
S315080235E06CFDE0F793FBFEF7E1F8E2F7D7FDFFF78C
S315080235F090FBFEF7DFF8FEF73BFDBDE808400BF04F
S315080236000FB908B5E1F7DAF8FEF7CCF8E1F7E6F80C
S31508023610BDE80840FCF748BD704770477047E5F7B4
S315080236201BBD704708B5FEF76DF8E3F7A1FEFEF776
S3150802363093F8E4F747FF09F0D5FFF8E701390244A2
S3150802364010B5904201D1002005E0037811F8014F28
S31508023650A34201D0181B10BD0130F2E7884210B50B
S3150802366001EB020402D98442234607D8431EA1422B
S3150802367008D011F8012B03F8012FF8E70244014696
S315080236808A4200D110BD13F8014D02F8014DF7E741
S3150802369002440346934200D1704703F8011BF9E737
S315080236A00A44431E914200D1704710B511F8014BE6
S315080236B0914203F8014FF9D110BD034613F8012BC5
S315080236C0002AFBD1181A01387047034611F8012B54
S315080236D003F8012B002AF9D170472DE9F0471F4656
S315080236E08E6882460C46BE4290460B682DD8B1F9C2
S315080236F00C2012F4906F26D06569096905EB450519
S31508023700A3EB01097B1C05EBD5754B446D109D4255
S3150802371038BF1D46530527D52946FDF7F4FE06464A
S3150802372060B34A462169FFF7BBFFA38923F4906376
S3150802373043F08003A38126614E446561A5EB090522
S3150802374026603E46A560BE4200D93E4632464146FE
S315080237502068FFF783FFA36800209B1BA3602368EA
S3150802376033442360BDE8F0872A46FDF7D2FE0646B3
S315080237700028E0D121695046FDF7C8FE0C234FF018
S31508023780FF30CAF80030A38943F04003A381E9E772
S315080237902DE9F047164698468A6807460B690C468D
S315080237A0DDF820909342B8BF1346336091F8432060
S315080237B00AB1013333602368990642BF336802337C
S315080237C03360256815F0060506D104F1190AE3687F
S315080237D032689B1AAB422BDC94F843302268003BD2
S315080237E018BF0123920630D404F1430241463846F3
S315080237F0C847013023D023681A3454F80A2C03F038
S315080238000603042B0ABF54F80E5C002533684FF0F2
S31508023810000608BFED1A54F8123C08BF25EAE575FA
S315080238209342C4BF9B1AED18B5421AD1002008E08C
S315080238300123524641463846C847013003D14FF064
S31508023840FF30BDE8F0870135C1E7E1185A1C302080
S315080238500233224481F8430094F8451082F8431053
S31508023860C2E70123224641463846C8470130E6D018
S315080238700136D9E7C9B20346024410B5934218463F
S3150802388001D1002003E0047801338C42F6D110BD41
S31508023890F7B5044614F4004C4FF6FF7608BFFF2628
S315080238A020F40040050205F4E065C0F306209E42B6
S315080238B0019145EA000504F0380E0846897904D2D2
S315080238C001A800F0BBF900271AE0240C24044EF0E4
S315080238D0800EEE1844EA0E0444EA162436020C3127
S315080238E0B6B2471834434450391D2944BCF1000F77
S315080238F009D021F8023C1146E6F77EFE0028E2D1FD
S31508023900384603B0F0BD01F8013CF4E770B5044649
S315080239100E4615680A460021FFF7BAFE25F4004549
S3150802392020462122314600F0D0F8290A04312046E1
S31508023930C9B200F053F9A3791C44E56070BD026868
S3150802394010B501F0040022F40044C2F30622002155
S31508023950043240F0290000F0FDFB10B183790344DC
S31508023960DC6010BD0346002200681A600179E6F79A
S3150802397043BE10B50021FFF7E2FF044608B900204E
S3150802398010BD0179E6F738FE0028F8D1A3790C3381
S31508023990E018F5E72DE9F04117461A46036801F0E3
S315080239A0040123F400431C0204F4E064C3F306236F
S315080239B01C4341F02905043406463B46214628465F
S315080239C000F096FC804650B1E1B200F07EF93B4623
S315080239D02A4641463068BDE8F041FFF759BFBDE8BF
S315080239E0F0812DE9F341002401F004010668074637
S315080239F041F02905106829461460019000F028F95B
S31508023A00019800F0A7F926F40046310201F4E061B4
S31508023A10C6F30626314380460122043101A800F086
S31508023A2015FB30B101A800F009F9204602B0BDE83D
S31508023A30F08143462A4601993868FFF729FFF5E7D8
S31508023A4008B5FBF7D3FE08B1C3681BB1003818BF27
S31508023A50012008BD4069F6E72DE9F0478846164673
S31508023A6058B352B3E6F710FE074640B3B1460025EF
S31508023A70BA469AF806109AF807403F68641AE4B2FA
S31508023A80444584BF4446012544B10C314846224682
S31508023A905144FFF705FEA144A8EB04085046E6F791
S31508023AA053FE002FE4D165B93246022052F8041BB0
S31508023AB009F0CFF92846BDE8F0872220FBE71B204C
S31508023AC0F9E71E20F7E77047704738B505461446EA
S31508023AD00A460021FFF7DCFD24F01C046B7944F04A
S31508023AE0100443F004032C716B7138BD2DE9F74FAE
S31508023AF01F469DF830308A4680460093002850D0EB
S31508023B00002967D00C68002C66D04FF0000BE679C6
S31508023B10A179761AF6B2BE4208D30C31394408EBBB
S31508023B20020945462144F61BC84537E02068A346E4
S31508023B30BF1B002835D00446E9E7AB19994538BFBB
S31508023B40A9EB050632462846FFF7AAFD009B002B7D
S31508023B503DD0E279A079F3B237BB1844A071E27975
S31508023B60A37927689A4232D1DAF80030A34208BF0D
S31508023B70CAF80070BBF1000F01D0CBF800702046DE
S31508023B80E6F7E2FD3C4635444CB10027A379E679CF
S31508023B9003F10C01F61A2144F6B24D45CDD3A5EB35
S31508023BA0080003B0BDE8F08F121AD2B2F918914292
S31508023BB009DA0C302044D21BD21A01443844019344
S31508023BC0FFF74CFD019BE279D31AE371C7E7A346D7
S31508023BD02468D8E70846E4E72046E2E710B5C47940
S31508023BE00246C4F14503D8B2884228BF08460444AF
S31508023BF0D47110BD38B50546C079C0F14504E4B2A2
S31508023C00944288BFD4B20C3022462844FFF748FDB6
S31508023C10EB7920462344EB7138BD1FB50391002189
S31508023C20009103A9FFF762FF05B05DF804FB13B51F
S31508023C3001240094FFF75AFF02B010BD38B50446B6
S31508023C40206800B938BD0568E6F77EFD2560F7E706
S31508023C50034610B501F0EC0103B910BD1A7902F05A
S31508023C6013020A431A711A1A544254415A7964F3CE
S31508023C7000025A711B68EFE710B558B1016802686D
S31508023C805AB1136823B15C79E40704D50024146099
S31508023C900360084610BD0360F1E71346F8E720B152
S31508023CA0006810B14379DB07FAD57047034658B165
S31508023CB00020DA7999791B68521A50FA82F01BB1F8
S31508023CC05A79D207F5D57047704770B50D4604463E
S31508023CD0E8B186798E4203D3751A8571012070BDC3
S31508023CE0C27906F145039B1ADBB299420FD806F14F
S31508023CF00C010144921BA81BD2B20844FFF7AEFC82
S31508023D000023A371E3791D44AD1BE571E6E70020A4
S31508023D10E5E710B50C4698B191B18979E279C3798C
S31508023D20521AC3F14503D2B2DBB2934208D30C311D
S31508023D302144FFF75FFF2046E6F706FD012010BD86
S31508023D400020FCE70346006818B102681A600023DF
S31508023D50036070470346002003B97047DA799979F8
S31508023D601B68521A50FA82F0F6E72DE9F84F89468F
S31508023D7014468246FFF7EEFF05464846FFF7EAFF76
S31508023D80A542074601D3A04208D2BD4208D1002463
S31508023D90A346A046264647B9384604E02746F6E72C
S31508023DA038D24FF0FF30BDE8F88F5EB99AF8068030
S31508023DB09AF80760A6EB080608F10C08D044DAF868
S31508023DC000A0F6B2BBF1000F0BD199F8064099F89C
S31508023DD007B0ABEB040B0C344C44D9F800905FFAED
S31508023DE08BFB5E45354628BF5D46BD4228BF3D462C
S31508023DF021462A464046FFF721FC0028D3D1A8448B
S31508023E002C447F1BEDB2761BABEB0505F6B25FFAC7
S31508023E1085FBC0E70120C6E703680BB90160704756
S31508023E201A461B68002BFBD111607047036803B161
S31508023E300B600160704739B10B461A461B68002BA6
S31508023E40FBD1036813600160704770B504680646C3
S31508023E500D4644B12046FFF77DFFA84211D82368D4
S31508023E6013B9E379A37170BD20463360E6F76CFC9B
S31508023E703468F4E7ED1A236820463360E6F764FCF3
S31508023E803468002DEFD0A279E3799B1ADBB2AB42F4
S31508023E90F0D92A44A271E6E7F8B5066805460C4643
S31508023EA046B13046FFF756FFA0421DD8336813B90C
S31508023EB0F379B371F8BD30462B60E6F745FC2E68F8
S31508023EC0F4E7064638460768002FFAD1C27983799D
S31508023ED0D31ADBB2A34202D9121BC271EAE7E41A69
S31508023EE0E6F732FC3EB13760002CE3D0286800289A
S31508023EF0E0D00026E7E72E60F6E7F8B504460F4657
S31508023F00BC4200D1F8BDA179E5796D1AEDB2C5F1C9
S31508023F104506B6B20EB92468F2E749B10C312A460B
S31508023F20214404F10C00FFF799FB0023E571A37104
S31508023F302368BB42EFD05A79D207ECD49979DD7956
S31508023F40A0796D1AEDB2B54228BF3546E2790C3032
S31508023F5010440C312A4619442044FFF7A1FBE379A1
S31508023F60206853FA85F3E3718379761B53FA85F54C
S31508023F70C379EDB2AB42B6B2857103D10368236049
S31508023F80E6F7E2FB002ED3D1C5E738B50C46016841
S31508023F9009B9046038BD0D4609680029FBD12368B2
S31508023FA023B12046FFF7A9FF2C60F3E721462846EE
S31508023FB0FFF7AFFE0028EDD1F6E748B100230279F4
S31508023FC04360036083604379027143F004034371DB
S31508023FD0704700221146E6F737BC38B504460D4647
S31508023FE0FFF773FE98B984B12079FFF7F2FF58B14B
S31508023FF063794279C3F3400363F3410245235D1BA8
S3150802400004604271C371857138BD0120EDE720460F
S31508024010FAE738B5036804460D469BB11879FFF7E7
S31508024020D8FF88B12368427903605B79C3F34003FA
S3150802403063F3410245235D1B4271C371857120609A
S31508024040002038BD0120EAE71920FAE738B50C4600
S31508024050054640B3006830B309B9002038BD4AB9ED
S31508024060C9B2FFF732FE0028F7D12B689A79987100
S31508024070A41A06E0452918D8C9B2FFF726FE002871
S31508024080EBD1442C07D8002CE7D02846E1B2BDE88C
S315080240903840FFF7BEBF45212846FFF7BAFF00287A
S315080240A0DCD1453CEDE72220D8E72120D6E72DE9E9
S315080240B0F84390F8078090F806900446A8EB09079B
S315080240C0FFB2B9420D4602D30020BDE8F883007953
S315080240D0FFF77FFF06460028F6D0A17980790C31D2
S315080240E07F1B29440C30BAB221443044FFF7D8FA70
S315080240F0F37901203B44F371E37999444D442368EB
S31508024100A5EB0805E57133602660DEE7F8B50768B2
S3150802411006460D463C46002305B12CB90BB10022D2
S315080241201A6034603846F8BDE379A2799B1ADBB285
S31508024130AB4207D8E379A2799B1ADBB2ED1A23467A
S315080241402468E9E72046E9B2FFF7B1FF0028F1D172
S315080241500746E7E75318452B02DCC9B2E6F774BBF4
S3150802416000207047F7B5002605460F4601960DB999
S31508024170019C09E0002238461146E6F765FB04462B
S3150802418028B901A8FFF75AFD204603B0F0BDAB795E
S315080241908371EA79C27168796179D21A60F300018A
S315080241A0617169796079C1F3400161F34100607117
S315080241B003F10C002918D2B22044FFF771FA019BC9
S315080241C003B9019406B1346026462D68CFE72DE976
S315080241D0F74F0C4690468146002854D0002C55D0FD
S315080241E0E279A579521BD2B29A4204D90C351D44FA
S315080241F04646254440E024689B1AEFE7E77999F892
S3150802420007000C3727447F1BB7423B4628BF334675
S31508024210C0F1450B5FFA8BFB5B459A4628BFDA4627
S315080242200C305246294648440193FFF739FA99F861
S31508024230072057455244019B89F807205544A6EBA7
S315080242400A0605D05B450CD2002ED7D1002618E007
S315080242502468ECB1E279A579AA42F9D00C3525444D
S31508024260F0E7002EF2D0002299F804001146E6F78C
S31508024270EBFAC9F800008146002EE7D0B9F1000F23
S31508024280BCD1A8EB060003B0BDE8F08F2046FAE7DA
S31508024290002EF6D1DAE72DE9F8430D46144606460E
S315080242A010B319B3DAB1034699461B68002BFBD142
S315080242B02746C8463A4629464046FFF79BFCC1456B
S315080242C0A7EB0007054418BFC9F8008037B10022DA
S315080242D0B1793079E6F7B8FAC14618B9E41B20462F
S315080242E0BDE8F8838046E5E70446F8E70C46F6E7B4
S315080242F037B51546C9B200221C46E6F7A5FA01905B
S3150802430040B122462946FFF7C6FF844202D901A8D0
S31508024310FFF794FC019803B030BDE6F73BBC48436F
S31508024320E6F738BCFCF770BF212802D10846E6F743
S3150802433051BCE6F7A1BC512802D10846E6F74ABCA9
S31508024340E6F79ABC4FF0FF30704700207047704777
S31508024350704700207047002070474FF0FF307047C3
S3150802436011207047002070470120704700207047CF
S31508024370002070470020704770477047704708B59D
S31508024380E7F7EEF8BDE808403120EBF7E7B938B5AC
S3150802439000F12C050446284601F04AFF50B194F86C
S315080243A0203013F0180F05D02846BDE83840002102
S315080243B001F04FBFA06A38BD38B504462C3001F06B
S315080243C037FF94F8213001288CBF43F0080303F025
S315080243D0F70384F821302046FFF7D9FF054602F095
S315080243E08DF894F82030228CC3F38001C3F340037E
S315080243F09B0043EAC10394F8211042F40052C1F328
S31508024400C00143EA0113017842F0080201F02301D0
S315080244100B430370437803B122842846BDE838402B
S3150802442002F071B82DE9F04790F823300646012BC1
S315080244300D4602D90020BDE8F08790F8203003F037
S31508024440010369B983B996F8213013F00C0F4AD1E2
S3150802445096F82030DA0742D56B1E58425841EAE7E9
S31508024460012901D1002BEED13046347EFFF78FFFAA
S3150802447002F044F80778417817F020070CBF02319A
S315080244800331204618BFA02701F0FAFE96F821301C
S315080244908146590754BF022196F8241004F1FF33C6
S315080244A048BF0231012B9CBF013189B2204694BF15
S315080244B04FF0A0084FF0000801F0E2FE8246F468C9
S315080244C0E7F7E0F8A4F59673A3EB0903DB1BA3EB66
S315080244D00A03A3EB08031B1A002BABDDB3E7B5FAF5
S315080244E085F04009A7E70120A5E75328F8B50C4649
S315080244F015D009D8232800F0EA80512800F0C88090
S31508024500BDE8F840FFF73BBF5628F9D191F82030AD
S31508024510DA075CBF23F0100381F82030F0E7E6F7EC
S31508024520BDFE054600220221EAF734FDAB680646BF
S31508024530D80735D494F82330013384F8233094F815
S315080245402630013384F82630002601212046FFF75B
S3150802455069FF0746C0B194F82030D80740F1818038
S3150802456094F8213059077CD404F12C0001F060FE3E
S31508024570012894BF00230123580094F82210E6F775
S31508024580F5FD2046FFF718FF2846E6F7C5FE032E77
S3150802459069D1284601F0E5FE2B7B84F8273064E0D2
S315080245A0002394F8212084F8233042F0100384F87B
S315080245B02130317894F82030C1F38001C3F38000AA
S315080245C0814218D083F0040343F0100184F82010C6
S315080245D042F05002090784F821200CD523F008037B
S315080245E043F0100304F12C0084F8203001F038FE61
S315080245F03320EBF7B3F8327894F82030C2F3C001CF
S31508024600C3F34003994228D194F82130D2064CBF0D
S3150802461043F0040303F0FB0384F821307378B3B93B
S3150802462094F8203083F0020384F820303278970712
S315080246308AD072789AB143F0200384F8203094F82D
S315080246402130032643F0200384F821307DE72846EB
S31508024650E6F744FD0028E3D176E7012675E7022648
S3150802466073E7022089E7002E96D194F82130DA07FB
S315080246700AD494F8202043F00103D60748BF6A6893
S3150802468084F8213048BF2260002F3FF439AFF8BDC5
S3150802469091F82030084623F0300381F8203091F84B
S315080246A0213043F0020381F82130FFF770FE01F052
S315080246B025FF00212046FFF7B5FE00283FF420AF6C
S315080246C094F822100120BDE8F840E6F765BD91F896
S315080246D02030DD06DBD518070BD46568E6F7D2FF6E
S315080246E02D1AB5F57A7FD2DB2046BDE8F840FFF7EA
S315080246F063BE91F821301907EFD504F12C0001F0B9
S3150802470097FD0128E9D9C2E7EBF7CCBA0A2802D8FD
S315080247100130C0B27047242801D80230F9E72528AB
S3150802472005D0262805D0272818BFFF207047002065
S3150802473070470C20704708B5EBF7BAFA20B1BDE806
S3150802474008402020E7F790B908BD704770477047C0
S3150802475070478B69184700207047704770474FF0BB
S315080247600000704700207047704770470020704766
S3150802477000207047002070470020704700207047CD
S315080247804FF0FF30704770477047002070477047F8
S3150802479000207047704770477047704770477047E8
S315080247A07047F4F75BBCF4F761BCF4F779BCDEF743
S315080247B0DBBF704708B5E6F745FC18B1BDE8084007
S315080247C0E7F75EB908BD2DE9F8430E6A05460C46B9
S315080247D01EB106600020BDE8F883088B4B8B18448F
S315080247E0E6F794FB286090B32046E6F795FDD5F8E0
S315080247F000800A2198F806704046FFF7EFF90C3751
S31508024800A37B08EB070989F80730637B314689F8E9
S315080248100630628B238B20461344A9F80830237B83
S315080248204FF6FF7289F80530636848F807302B6837
S31508024830E6F7A4FD238B628B1344984201D12660C6
S31508024840C8E72B681BB12846FFF7F8F92E6019202E
S31508024850C1E710461946704737B50C4605460DF1AD
S31508024860060101A8E7F7B4F943F6FF739C420DD097
S3150802487047F6FF739C4209D0BDF904309C42B8BF83
S315080248801C46BDF906309C42A8BF1C46AC8103B043
S3150802489030BD704770471120704700207047704737
S315080248A07047002070477047002070477047002005
S315080248B0704700207047704708B501F047F808BDF1
S315080248C000207047002070477047704711207047D4
S315080248D07047704708B501F088F808BD0020704790
S315080248E070470020704707B501A80191FFF7A6F99E
S315080248F0002003B05DF804FB70477047002070473C
S3150802490070470020704700207047704710B5DC1DBD
S31508024910043383734379C47123F0030343F0030317
S315080249200E244371012344738371C3730182827413
S3150802493010BDD31CC371FF2343734379827323F0DB
S31508024940030343F0030343710123C1738371704761
S31508024950D31CC3713E2343734379827323F0030343
S3150802496043F0030343710123C173837170470F2315
S315080249704373042383734379A0F8111023F00303C6
S3150802498043F00303437140F20173C3800123C273E8
S3150802499003747047D31CC3714379417323F003032D
S315080249A043F003034371012382738371704708B589
S315080249B00023FFF7ABFFBDE80840E7F735BA2DE954
S315080249C0F84380460220894617461E46FFF701FB32
S315080249D0D0B10C2343730823837340F60133457918
S315080249E0C38025F003059DF8203045F0030545717F
S315080249F0A0F8108080F81290A0F81370A0F815603D
S31508024A00C373E7F711FA0120BDE8F88308B5022057
S31508024A10FFF7DFFA30B101221121FFF799FFE7F715
S31508024A2003FA012008BDF8B504460F4616461321B7
S31508024A301D460922FFF78CFF83790C331C44A170AB
S31508024A40E77026712B68C4F80530AB88A4F80930DC
S31508024A50BDE8F840E7F7E8B970B5054602200E4604
S31508024A60FFF7B7FA0446B0B12846E9F735F900F078
S31508024A70E5FE142100F001000422A0602046FFF79B
S31508024A8067FFA3790C3323449970A3F803505E7128
S31508024A90E7F7CAF9012070BD08B507F0ADFC08BDF5
S31508024AA02DE9F041074602200D4690461E46FFF7BD
S31508024AB090FA0446E0B109222121FFF749FF0A22AA
S31508024AC083790C331C44BDF9183084F8038093FBB0
S31508024AD0F2F323729DF81C30A7806372BDF9203069
S31508024AE0A67193FBF2F3E571A372E7F79DF901202C
S31508024AF0BDE8F08137B50446FFF72CF9FF22A37902
S31508024B00C0B20C33E518E254831E6B700D23AB70EA
S31508024B10AB791C38012BE8768DF8073009D10023CA
S31508024B20E91D1A460DF10700FFF711FC9DF807303B
S31508024B30AB712046E7F778F903B030BD00F0F4B957
S31508024B40704738B5044601F070FE054658B9C820C4
S31508024B50E7F758F8C82202212846E7F7E7F8844219
S31508024B60A8BF044624B22046E7F74CF801F05DFEDA
S31508024B70BDE83840C8220221E7F7D8B8B0F90020C4
S31508024B80B1F900302DE9F3479A4204460D464CDC4A
S31508024B9009F0C4FC8046E9F7F5FA002842D1E7F79E
S31508024BA0D9F8824601F041FEC8220221E7F7BEF88B
S31508024BB00DF10601814601A8E7F70AF847F6FF73E1
S31508024BC0B5F900209A4204BFBDF806202A80B4F936
S31508024BD000209A4204BFBDF804302380B5F90000CC
S31508024BE0FFF7AFFFB4F9003007468342C8BF2080FB
S31508024BF0B4F90000E7F756F8FFF762FE064660B119
S31508024C005046E7F74FF84846E6F7FCFF404609F0F4
S31508024C1080FC304602B0BDE8F087E7F79BF82080B3
S31508024C202F80F3E741F20C06F0E72126F1E730B1CF
S31508024C3090FAA0F00123B0FA80F08340D8B2704708
S31508024C4070B5064600F000FE80F0400402060546EE
S31508024C50C4F3801406D40821304601F072FA08B16A
S31508024C6044F00204EB0506D40B21304601F069FA3A
S31508024C7008B144F00404204670BD4B1E032B10B540
S31508024C800C4602D90023184610BD0329FAD0FFF7AD
S31508024C90D7FF04EA00038443F4D1F4E72DE9F74386
S31508024CA0044688461746019300F0CEFDC0F3401528
S31508024CB0204601F03DF821468146284600F0B5FD1A
S31508024CC0064607B32046E9F71BF88046204601F058
S31508024CD032F83A460146019B1FFA88F0E7F7F6F9D9
S31508024CE02146284602F07DFB2021204600F0B2FD2F
S31508024CF056E8003F43F4805346E80032002AF7D1CB
S31508024D0003B0BDE8F08301A8FEF798FF99F80110F1
S31508024D10404601F00F0101F0A7FA062818BF01461E
S31508024D202A4608BF0021204600F0B2FFD8E7032929
S31508024D3070B506460D4614460CD0042919D0012929
S31508024D4015D1222100F0B9FD2846314602F079FB39
S31508024D50002070BD136812791B680021FFF79EFFB9
S31508024D6000222368314601201A6002F06AFB0120FC
S31508024D70EFE713680C221B68EFE7012910B5044612
S31508024D800CD100F061FD2146C0F3401000F04DFD44
S31508024D900023817C1A462046FFF780FF012010BDBA
S31508024DA02DE9F7430F46054600F04EFD00F02009AF
S31508024DB0C0F34018284600F0BBFFBB790C333B44CE
S31508024DC05E789B781E400378C3F3030000EA13104B
S31508024DD03040FFF72CFF044648B9B9F1000F06D157
S31508024DE02846FFF72DFF3040FFF721FF04462846E5
S31508024DF000F0A1FFEAF77EF8A04223D01CB30221F5
S31508024E00284600F05DFD00210646284600F021FEF0
S31508024E101821384602F05AFA3846EBF765FCB6B25C
S31508024E20394644708470A0F80360284602F04CFAAA
S31508024E3023462246294640460096E7F79BF903B0E1
S31508024E40BDE8F08300242646E2E770B504460D461F
S31508024E5002F027FB28B929462046BDE87040FFF72D
S31508024E609FBF402829462046BDE870404FF01603EA
S31508024E7014BF2A222322EBF749BC38B505460C464D
S31508024E8000F0E2FC830604D42046BDE83840E5F784
S31508024E905BBC21462846BDE83840FFF781BF2DE9AD
S31508024EA0F3418C7906460C340C440D4600F0CCFCD2
S31508024EB0A17807463046FFF7E0FE6178804630461D
S31508024EC0FFF7DBFEB4F8032003460092C7F340104F
S31508024ED042463146E7F74EF9284602B0BDE8F041A8
S31508024EE0E5F732BC08B58B790B441B7B162B03D02E
S31508024EF0172B05D0002008BDFFF7A7FF0120FAE708
S31508024F00FFF7BBFFFAE708B58B790B441B7B162B19
S31508024F1003D0182B05D0002008BDE7F755F9012064
S31508024F20FAE7FFF7BCFFFAE77047830705D410F0E4
S31508024F30040F14BF0320012070470220704702287D
S31508024F4005D0032805D0012806D1EAF767B8EAF79B
S31508024F5055B80020E7F7C8BD704710B1012803D03D
S31508024F6070470120E7F7C0BD0020FBE7F7B51F46EB
S31508024F708B1E012B05460C46164613D8FFF7E2F997
S31508024F800023CDE90005F01A18BF01201A46394652
S31508024F90FFF7E6F980B1022C0BD1284601F037FA61
S31508024FA0002004E00029F8D0012902D0FF2003B02E
S31508024FB0F0BD284601F03BFA0120F8E770B50D4628
S31508024FC000219DF810600446817106F10C014173B7
S31508024FD0111E18BF012103F00F00237B40EAC110FE
S31508024FE003F04003184320732B469DF8141004F16E
S31508024FF00E00FFF7BBFF237B0E3660F3861323737F
S315080250002B686361AB882383A3793344E37170BD4C
S31508025010C0F3845303EB830300EB830080B270472B
S31508025020F8B500231360047D05468068FFF7F0FF94
S3150802503014F00807034602D00B446B6004E06E685E
S31508025040701AB0EB030C01D40120F8BD14F001006C
S3150802505009D1D5E90374E41B14EB0C0FF5D40B4400
S315080250609E1B1660E9E73846EFE710B50446E7F7F0
S315080250700DFE6168E069E7F793FEBDE8104001F0AE
S3150802508003BA38B50C46C94301F001010546E7F7EC
S31508025090C7FEA30702D4E869E7F7ACFEBDE83840C5
S315080250A001F0F2B910B50446E7F7BAFE2046E7F76B
S315080250B0EDFDBDE8104001F0E7B9007D00F0010002
S315080250C0704701F0C5B9FFF759BD431E032B06D831
S315080250D0DFE803F002040204032070470420704745
S315080250E001F086BC2DE9F04F1646002285B01D4612
S315080250F09DF84830044602939DF860308B46039328
S31508025100139B9DF83870B3F90030DDF8408001939F
S31508025110139B9DF850A01A8082699DF85890002A20
S3150802512040F0FA8005F01C021C2A04BF0626B34684
S31508025130E80600F1A98005F00302032A08BF05F074
S31508025140FD0505F0F70505F01402142A40F0A080C3
S31508025150AA0600F1AB809DF86400FFF7B6FF1AF0C5
S31508025160020F84F8690040F0A4801AF0040F00F0D8
S31508025170A28000F0FD00012814BF032104219DF836
S31508025180680084F87410FFF7A0FF19F0020F84F87C
S315080251908E0040F0928019F0040F00F0908000F023
S315080251A0FD00012814BF0323042384F88430002059
S315080251B0019AE6F7BBFDEB068146A4F8540008D42B
S315080251C001F033FB019A94F88410E6F7AFFDA4F8D0
S315080251D05400B4F95430139A4946138004F16C000A
S315080251E0FFF73AFB47F6FF7104F17C00FFF734FB41
S315080251F094F88410606CFFF74DFBFF22236A84F84B
S315080252005A20039A23F09F03236212B143F0100334
S31508025210236205F01803182B02BF236A43F08003A2
S315080252202362236A680723F0600323620CD4029A76
S31508025230D10744BF43F020032362029A236A9207E6
S3150802524044BF43F040032362236AA4F8505023F074
S315080252500703236204F16202B8F1000F31D0D8F8CD
S315080252600010C4F86210B8F8041091809DF83C202A
S31508025270012A02D143F004032362012F26D1236AAD
S3150802528043F0010323622EE04FF00109CA465AE7AA
S3150802529000222046A16AE8F79DFA40F2712272437B
S315080252A090427FF655AF41F2450032E005F0FC0523
S315080252B051E7022163E7012161E7022375E701232A
S315080252C073E7C4F86280A2F80480D6E7032F07D1F1
S315080252D0236A43F001032362236A43F00203D1E7F8
S315080252E0023F012FF8D9FFF70FFA9DF85C30C0F399
S315080252F00B0040EA03309DF84430A4F88C00A4F869
S315080253004CB02046A4F84E6084F8583000F06DF987
S31508025310002005B0BDE8F08F41F20C00F9E72DE94F
S31508025320F341884617460446019338B901A8FEF7A1
S3150802533085FC41F2420002B0BDE8F081012922D083
S31508025340022911D091B98369D3B900F128054FF41E
S315080253500076B4F85030D9061FD55A0728D501A8C1
S31508025360FEF76CFC0020E6E7406C28B901A8FEF7B8
S3150802537065FC41F20C00DEE71946FFF78CFADAE71C
S3150802538000F13005E3E7836923B900F12C054FF4F0
S315080253908066DEE700F13405F9E79B0708D5B8F120
S315080253A0000F05D101A8FEF749FC41F21200C2E737
S315080253B0236AF80723EA0603236202D52846FEF77C
S315080253C03DFC019921B12846FEF726FD00230193EB
S315080253D02868FEF7BFFCB4F85030D90605D51F2851
S315080253E001DC032F18D02846DDE740F272629042AC
S315080253F005DD2846FEF722FC41F207009BE7B8F1D5
S31508025400000F09D1BF2807DD9A0705D02846FEF7FF
S3150802541015FC41F245008EE72046D4E90C12E8F75E
S31508025420D9F9A36983B140F27122B4F84C305343D7
S31508025430984209D9B4F84E308342E7D300F51C7076
S31508025440B0FBF2F0A4F84C0009F068F8A369054627
S3150802545073B1BB070CD5236A334323626368C3F56A
S315080254607A76E6F70FF9F04202D52046E7F7C2FD4B
S31508025470284609F04EF875E783693BB1B0F8503013
S31508025480DB070FD490F85930FE2B0BD0036A43F48E
S31508025490005303620B68C0F85B308B88A0F85F3054
S315080254A00020704741F20C007047A0B1CB0742BFFB
S315080254B0036A43F4805303628A0742BF036A43F4CA
S315080254C0804303624B0701D400207047036A43F402
S315080254D000430362F8E741F242007047A0B1CB07E6
S315080254E042BF036A23F4805303628A0742BF036AF0
S315080254F023F4804303624B0701D400207047036AF2
S3150802550023F400430362F8E741F24200704738B5D4
S31508025510044608300D46EAF7B3FEE7F765FD84420E
S3150802552002D12220EAF71AF985F001010025204660
S31508025530FFF7A7FDE06BA56110B1E8F78FFEE563FB
S3150802554004F14000BDE83840FEF778BB70B590F824
S3150802555059300446FE2B09D15B3000F068FF00F093
S315080255605FFF18B1236A43F40053236242F2010330
S31508025570256A2B40012B35D0AB072CD5C5F3800500
S3150802558004F16206002231462846FEF7E6FE0021AD
S3150802559084F85A00FEF7F2FE314600222846FEF744
S315080255A0E1FEB4F8501018B194F95A00002814DA3A
S315080255B0236A23F002032362B4F8502002F003029E
S315080255C0012A08D131462846FEF7CCFE18B1236ACD
S315080255D043F008032362002070BD01F00101FEF7C3
S315080255E0CDFEE9E741F21200F6E738B5044608F0BF
S315080255F095FFD4E90A1205462046E8F7EBF8B4F80F
S315080256004C10B4F84E20E060521A40F2712101FBA8
S31508025610020303F59C53083328462361BDE8384044
S3150802562008F077BF036A10B5044613F4606023D006
S315080256309A0507D504F12800FEF700FB236BA3623F
S3150802564000232363236A5B0507D504F12C00FEF7C2
S31508025650F5FA636BE36200236363236A204623F445
S3150802566060632362FFF7C1FF0120B4F88C305A1C2D
S3150802567062F30B03A4F88C3010BD036A0B43036272
S315080256804FF08050F2F734BE10B5044619B390F8BD
S3150802569056208AB190F857300133DBB29A4280F825
S315080256A0573009D10121FFF732FF4FF480312046E6
S315080256B0BDE81040FFF7E1BF236ADA050BD5636A36
S315080256C062689B1A002B06DA01212046FFF71FFFA4
S315080256D04FF48021EBE7236A1B0624D4FFF714F85C
S315080256E01123B0FBF3F394F9682003EB0313C01AF2
S315080256F083B212FA80F0102888BFC3F110035BB296
S31508025700083A1A4484F8682040F27121B4F84C2009
S3150802571020461A44636801FB023301216360BDE82F
S315080257201040FFF7BFBC0023EEE7C94350E8003F2D
S315080257300B4040E80032002AF8D1704738B50546D2
S315080257400C4601F074F820B149F640439C4228BF42
S315080257501C46EA68A2420BD240F27121B5F87E30A5
S315080257604B43934238BF1346A34228BF23461A46E1
S315080257702A6138BD03469A6A4830920505D5D3F898
S315080257802821B3F84010EAF7BBBC93F87310EAF77E
S31508025790ADBC002070470120704700207047704753
S315080257A000207047704770470020704700207047F6
S315080257B0704770477047704700207047002070474F
S315080257C070470020704701207047C82070470020A4
S315080257D070477047012070477047704790F88920D4
S315080257E010B5531C03F00F03072B28BF00230446EA
S315080257F063F30302034480F8892083F8821090F841
S3150802580089306F2B4FEA13129EBF013262F30713D8
S3150802581080F88930FFF7E1FF204694F83011FFF748
S3150802582054F810BD70477047704710B101F1B000C7
S31508025830704701F1D4007047F8307047806A7047A4
S31508025840836A0B4383627047C06A7047C36A0B4315
S31508025850C3627047C36A23EA0103C362704700F54D
S315080258609C70704770B540F2712606FB01F34568D5
S315080258705643826A1D44D207044645600ED500F196
S315080258804405294690F84220EAF768FE3346294637
S315080258902046BDE87040012201F08EBC05EB560594
S315080258A0456070BDD0F8A40000B9704743799B07DC
S315080258B001D40068F8E70120704780F87B1070472A
S315080258C038B504460D46E8F71BFA80B2FFF768FFBB
S315080258D080B14288022DB4F8400011D0032D0BD0B6
S315080258E0012D06D1A38FA26B1B01B3FBF2F3184459
S315080258F080B238BD0122EDE74FF47A43A26BF4E792
S31508025900E38F5B00073313FB0200F1E738B5044661
S3150802591001F041FE04F1A400FEF790F904F1A80093
S31508025920FEF78CF904F1AC00FEF788F92046E8F791
S31508025930E7F9C4B22046FEF719FF05462046FEF7E8
S3150802594017FF01462846FEF710FF38BDB0F8343176
S3150802595010B5A0F832310446E8F7D2F9C0B2FFF71B
S3150802596034FF94F8303194F8312104F1480100F0FB
S3150802597057FF014604F59470FEF76EFFB4F932211B
S31508025980B4F934319A4209D0A36ADB0406D5204613
S31508025990BDE810404FF40041E8F7C8B910BD806B66
S315080259A07047836A0A4600F14801C3F34020EAF7C2
S315080259B053BB38B504460D4642B9836A23F44053AD
S315080259C009B143F480530020A36238BDFEF786FF6F
S315080259D048B1A36A23F440530DB143F48053A3623A
S315080259E043F40053EFE71120EFE72DE9FF41836AFD
S315080259F00446DB0428D5B0F93481B0F932710020A7
S31508025A00E6F7A8F98045CCBF0025012500F00DFF71
S31508025A10C82294F83011E6F789F906462046E8F7CF
S31508025A206FF9B045B4BF00260126002345EA4605AC
S31508025A30CDE90085A8EB07073FB202971A4694F804
S31508025A40301180B2FFF72CF804B0BDE8F0818A3035
S31508025A507047F8B504460E4600295AD040F271231B
S31508025A60876B30465F43A7F28A277F08394600F0DC
S31508025A7010FC94F89230851FADB29D4239463046E5
S31508025A80A8BF1D4600F005FC94F89320831F9BB21D
S31508025A909342A8BF1346F21E012AB4F88A10B4F834
S31508025AA08C202BD8B1F5296F44F29020B8BF4FF459
S31508025AB029618142A8BF0146B2F5296FB8BF4FF4E2
S31508025AC029628242A8BF02461B2DB8BF1B251B2B83
S31508025AD0B8BF1B23304684F8953084F89450A4F84E
S31508025AE08E10A4F8902000F0D4FB831F9BB2AB4221
S31508025AF0A8BF2B46DBB284F89630F8BDB1F5A47F71
S31508025B00B8BF4FF4A471B2F5A47FB8BF4FF4A4721C
S31508025B10DAE71B23EFE72DE9F341876B490089B2E0
S31508025B208F42044616461D4639D040F27122436812
S31508025B30816302FB073302FB11334360E8F7E0F89F
S31508025B404FF0000887B2334642460121384601958E
S31508025B50CDF80080FFF72CFE3846FFF731FE4146A6
S31508025B603846FFF726FE0123E18FA28FB14218D0ED
S31508025B709542E68700D0A587A38FA26B1B01B3FBCC
S31508025B80F2F3204694F83011A4F8A030FFF761FF2B
S31508025B900421204602B0BDE8F041E8F7C7B8002361
S31508025BA0E2E79542E7D1A26AD207E5D5002BE3D10F
S31508025BB002B0BDE8F081F0B585B004460E466A46E5
S31508025BC000F18A0300F192071546186859680833E6
S31508025BD003C5BB422A46F7D11868314628609B8816
S31508025BE02046AB80FFF735FF9DF80B2094F89530D9
S31508025BF09A4211D1BDF80620B4F890309A420BD1D8
S31508025C009DF80A2094F894309A4205D1BDF80420EA
S31508025C10B4F88E309A4207D04FF48141204605B037
S31508025C20BDE8F040E8F782B805B0F0BD37B50446DE
S31508025C3094F89250BDF818008D420BD1B4F88A50E8
S31508025C40954207D194F893509D4203D1B4F88C50EB
S31508025C5085421BD08DF80610ADF80420019D84F804
S31508025C60921084F89330A4F88C0094F830112046E8
S31508025C70C4F84051A4F88A20FFF79DFFB4F88E3085
S31508025C80A4F88A30B4F89030A4F88C3003B030BD4A
S31508025C9070B5044616460D4690F83031B1B19942B0
S31508025CA014D00122FEF714FE294600222046FEF7EA
S31508025CB00DFE2946204684F83051FFF77CFF204620
S31508025CC0BDE870404FF48441E8F730B819462046DB
S31508025CD0FFF771FF002EF2D170BD30B4C56A15F018
S31508025CE0040F0DD145F00405C56280F89E10A0F890
S31508025CF09A204FF4006130BCA0F89C30E8F716B839
S31508025D0030BC704710B511B190F89E400C7012B1B4
S31508025D10B0F89A10118013B1B0F89C201A80C06AA4
S31508025D20C0F3800010BD836A43F4806383627047C0
S31508025D3000F5A270704790F830017047F8B504462E
S31508025D4008F0ECFB65680646E5F79CFC2B1AB3F5EA
S31508025D50FA7304D53046BDE8F84008F0DABB40F2DB
S31508025D607122A16B94F874505143B3FBF1F3B4F862
S31508025D70402098B2121AA4F8402094F8732000FB27
S31508025D801522252592FBF5F705FB1722002AB8BF2F
S31508025D90521984F87320B4F8A020121AA4F8A02085
S31508025DA0626800FB1122002120466260FFF77AF939
S31508025DB0D0E7F0B5036B04469B0790F87B6087B083
S31508025DC001D5FFF7A3FD236BDF0700F14081236BA3
S31508025DD09D0411D52046E7F793FFA16AC0B2C1F325
S31508025DE04021FEF739FE002800F056814FF4005193
S31508025DF004F13000FFF799FC236BD90409D5002179
S31508025E002046E8F797FC4FF4805104F13000FFF77B
S31508025E108CFC236B5A0513D52046E7F771FF00233E
S31508025E2094F89F50C2B21946284600F0B6FE0028DA
S31508025E3000F032814FF4806104F13000FFF775FCFF
S31508025E40236B5B0712D52046E7F75AFFA16BA38F90
S31508025E50E28FC1F34F0180B200F0DCFF002800F0A8
S31508025E601B81042104F13000FFF75FFC236B1F0737
S31508025E700AD5204601F070FD002800F00D810821A0
S31508025E8004F13000FFF751FC236BDD0617D52046D7
S31508025E90E7F736FFE16A80B211F4805100F00F810C
S31508025EA0002101F04CF8002800F0F680E36A102180
S31508025EB023F48053E36204F13000FFF736FC236BC8
S31508025EC0580613D52046E7F71BFF94F87B3080B2B5
S31508025ED00093D4E9082301F015F8002800F0DC80C5
S31508025EE0402104F13000FFF720FC0026236B190538
S31508025EF016D52046E7F704FF00230093B4F89C3032
S31508025F00B4F89A2094F89E1080B2FEF758FD00283D
S31508025F1000F0C2804FF4006104F13000FFF705FC7F
S31508025F20236B13F480452FD19A0513D52046E7F73C
S31508025F30E7FE2B462A4694F8301180B2E6F7C6F8F1
S31508025F40002800F0A9804FF4007104F13000FFF731
S31508025F50ECFB2E46236B1B0616D52046E7F7D0FE2A
S31508025F60B4F8903080B2009394F89530B4F88E2045
S31508025F7094F8941001F015F8002800F08D8080211D
S31508025F8004F13000FFF7D1FB236B9F060FD520469D
S31508025F90E7F7B6FE94F87B1080B200F0E7FF002818
S31508025FA07AD0202104F13000FFF7BFFB0026236BCD
S31508025FB0DD0508D504F130004FF48071FFF7B5FB13
S31508025FC0204601F002FB236B180408D504F13000C1
S31508025FD04FF40041FFF7A9FB2046FEF77BFC236B33
S31508025FE0D90308D504F130004FF48031FFF79DFB41
S31508025FF02046FEF769FC236B9A0308D504F13000A4
S315080260004FF40031FFF791FB2046FFF7E5FB236BC0
S315080260109B0718D5002220461146FFF7DBFB2046D0
S31508026020FFF7DAFB2046E7F76BFE94F87B1080B29F
S3150802603001F052F880B304F130000221FFF775FB34
S315080260402046E8F70BF9012084F87B6025E0A76A69
S31508026050F807C7F3803522D5002D0CBF0125032585
S315080260602046E7F74DFE94F89F302946059300230C
S31508026070049394F84230C7F340020393A38F80B285
S315080260800293E38F0193A36BC3F34F03009304F1C7
S31508026090750300F0DFFE20B9002007B0F0BD6D00E1
S315080260A0DEE7012104F13000FFF73FFB50E8003F2D
S315080260B043F4005340E80032002AF7D187E600F09D
S315080260C055FFF0E608B50220FDF783FF10B100F090
S315080260D0E9FF012008BD826A002122F0C00282621D
S315080260E0E8F728BB012310B5A1F12002C1F120046B
S315080260F023FA04F403FA02F222438B40D0E9084158
S3150802610023400A40134314BF0120002010BDC36A6E
S3150802611010B5044613F0080012D00123A1F120029B
S31508026120C1F1200023FA00F003FA02F202438B407F
S31508026130D4E9080103400A40134314BF0120002092
S3150802614010BD10B50C46C9B2FFF7E1FF70B1E9F709
S31508026150A7FCC4F12002A4F12003E04001FA02F2EE
S31508026160104321FA03F3184300F0010010BD70B57D
S3150802617004460E46EAF748FB08F0D0F9054602211E
S31508026180204684F87B60E7F7D1FD20460121FEF719
S3150802619078FF2846BDE8704008F0BBB970B50D46D1
S315080261A0044608F0BBF906462046E7F747FD30469F
S315080261B008F0AFF929462046BDE87040FFF7D7BF79
S315080261C00B68C0F84031704738B540F64805D0F834
S315080261D040310C460B609BB2AB4204D90B21FFF748
S315080261E0B0FF08B9258038BD44F290232380FAE728
S315080261F008B5E7F7E7FE00F0F2FC00F03AFBEAF72B
S3150802620003FAEAF7E1FFBDE80840EBF75DB838B5EF
S315080262100546FEF7ABFA04462846FEF7A9FA2146D2
S3150802622002460220FEF7AFFA38BD00230382704702
S31508026230037C427C981AC0B2704710B5037C427C34
S315080262405C1C9A1A047403F0030340F82310D0B2B4
S3150802625010BD437C194401F0030150F82100704730
S31508026260437C013343747047022808D0042803D0BC
S31508026270012818BF0620704701F00101C81C7047A3
S3150802628010B50C46E8F74CFE0279408804FB02007A
S3150802629010BD10B50C46E8F743FE4388A3429BBFE0
S315080262A0E41A03790020B4FBF3F010BD2DE9F0419E
S315080262B00F460446242118461E4615469DF81880A0
S315080262C000F00CFAC319B8F1000F37D1033E012EBC
S315080262D094BF0322022240F27126520006FB0233C1
S315080262E042F21072608941007143A1F2E246964277
S315080262F0A8BF16466A1A921BD21A002AC2BFB2FB56
S31508026300F1F202FB0112AD1AEA1A09D55242B2FBA0
S31508026310F1F707FB011C01FB1722654402B96D1A46
S31508026320EB1A8B4240F2E2470AD8B3FBF7F3022292
S3150802633098B2E27120812846BDE8F0810122CAE7B7
S315080263405B1ABB42B8BF3B46B342A8BF3346B3FB50
S31508026350F7F107FB1133CAB2002BEAD00132D2B2E7
S31508026360E7E7002337B5044601A80193E5F7CAF81B
S31508026370054640B9A368322043F00403A360019B93
S315080263802362E9F7EBF9284603B030BDE9F758BCB2
S3150802639037B50546E9F77AFC04462DB12B68036042
S315080263A0AB88A38003B030BDFEF701FA0322CDE91C
S315080263B000010DF105010DEB0200FDF74FF90098FA
S315080263C0BDF804302060ECE738B50546E9F75EFC0F
S315080263D0044608F0A3F82B68A360AB88A381A379C7
S315080263E043F00103A37108F094F8012038BD38B5CB
S315080263F00C460546E9F74AFC014605B1083106226C
S315080264002046FDF71BF9B0FA80F0400938BD10B5F1
S315080264100446E9F73BFC036823608388A38010BD22
S3150802642008B5E9F733FC807900F0010008BD10B51C
S315080264300446E9F72BFC836823608389A38010BD91
S3150802644050E8003F0B4340E80032002AF8D1704773
S3150802645070B50E461546E7F7DDFD044648B93046DF
S31508026460E7F72CF8044620B92846E9F7B3FD0446AF
S3150802647040B10020E7F7CEFD0020E7F71FF800201D
S31508026480E9F7A8FD204670BD4FF40010F1F730BFBA
S31508026490FFF77EBF112808B502D0122805D008BD1D
S315080264A01320BDE80840E9F759B9E9F769FBE9F7A6
S315080264B0E5FBE9F7C3F91420F3E7E9F7FBB808B5F2
S315080264C0E9F7AEF8BDE808401120E9F747B91328FD
S315080264D008B502D0142809D008BDE9F7D7FBFFF79B
S315080264E055FFBDE808401220E9F738B90020E9F758
S315080264F0CFF8BDE80840F9F7D0BD704783790C3369
S31508026500184470477047002337B50446012501939E
S31508026510204601A900F0FAF808B903B030BD01987F
S315080265202A468379C1790025C91A0C33C9B2184497
S31508026530E5F7D2F9ECE70B7810B40478C3F38013C5
S31508026540B3EBD41F09D132B9023106225DF8044BE6
S315080265500830FDF773B80431F7E74FF0FF305DF8FE
S31508026560044B704729B143780C2B0CBF0320FF203C
S315080265707047FF20704770B586B004469DF82860BC
S315080265800B9D11B9FF2006B070BD62B9012204A99C
S315080265900DF10F00FDF7ECFED0B9204610F8021BEC
S315080265A0C1F3801117E0002BF0D129463046FDF7DA
S315080265B0D0FE0028EAD12378C3F38013B342E1D18F
S315080265C006222946A01CFDF739F80028DAD1DDE7AC
S315080265D09DF80F1004A8E7F763FE0028D2D101231D
S315080265E0218B00930846638BA28B00F0EFFD0028EF
S315080265F0C8D0627D531E072BC4D8238B9342C1D9B8
S31508026600E28A9A42BED8A37F5BB9E37F4BB994F874
S31508026610203033B994F821301BB994F822300F2B65
S31508026620B0D994F823301B3303F01F030B2BA9D8D8
S315080266300520A8E71FB50023CDF80A30ADF80E30BD
S31508026640D0E90023CDE900230389B0F90C00ADF89F
S315080266500830E5F78DFB6846E5F768F805B05DF89A
S3150802666004FB1FB5CDE9001200228DF80B308DF818
S31508026670082000F00F03C0F340128DF809208DF8A8
S315080266800C30C0F3001243068DF80A2001D5E4F750
S3150802669063FD6846E4F7A2FD05B05DF804FB1FB585
S315080266A00023CDE9003101238DF80830C0F34013E9
S315080266B08DF80930C0F300138DF80A3000F00F0385
S315080266C08DF80C3043068DF80B2001D5E4F744FD0E
S315080266D06846E4F783FD05B05DF804FB10B50C4681
S315080266E008B9E5F7B9F92146BDE81040FFF7C8BD74
S315080266F00B6803B11868086010B14379DB0703D544
S31508026700003818BF012070470068F4E70B6813B910
S315080267100860012070471868086020B1407900F0C7
S315080267200100C0F1010000F001007047F0B587B022
S315080267300D4616468DF8070002B9A3B329469DF8F9
S315080267400700FDF713FE0446B8B929469DF8070067
S31508026750FDF710FE40BB16B39DF80710003918BFA7
S31508026760012128460DF10F02E9F7F4FBF8B99DF865
S315080267700F40013418BF012416E004AF012239463E
S315080267800DF10700FDF7F4FD04464EB19DF80730FA
S31508026790191E18BF0121002818BF3D46E1E701244A
S315080267A0FDF7D3FD00B90124204607B0F0BD4FF02E
S315080267B0FF34DEE737B50246136A084603F00204D9
S315080267C003F48055DB0705D47CB9FFF720FE204683
S315080267D003B030BD4CB9B5FA85F4D2F85B1064093A
S315080267E00160B2F85F208280F1E7019092F95A308F
S315080267F0B5FA85F4009300231A4619461846FDF79A
S31508026800AFFD6409E3E7CB08C25C012301F0070187
S315080268108B401A4214BF0120002070477047704708
S31508026820024619460020E5F781BA00207047002083
S31508026830704707B500214FF0FF336A4608460093B2
S315080268408DF80430E9F708FC03B05DF804FB38B5A7
S315080268500546006806F0BFFB0446287900F01F00CB
S3150802686006F0B9FB2044C0B2012894BF00200120DB
S3150802687038BD704770B515460E461C46FEF7DCFF56
S315080268802B684EB103606B6843602368C0F82530F5
S315080268902368C0F8153070BD83606B68C3602368CF
S315080268A0C0F829302368C0F81930F4E770B50546F0
S315080268B0FEF7C2FF044607F031FE06464021284687
S315080268C0FEF7BEFF4FF400612846FEF7BFFF3046CB
S315080268D007F01FFE0023284623612375236284F8E6
S315080268E02430FEF7ABFF802310F0010F14BF237587
S315080268F084F8243070BD10B50446FFF7ECFB204639
S31508026900BDE810401021E7F711BA10B504464FF456
S315080269106061FEF79FFF2046BDE81040FFF7DBBB2C
S315080269207FB506460C46FEF787FF4FF4C06105465B
S315080269303046FEF78BFF4FF400613046FEF78AFFBA
S315080269404FF48060E9F724F8224670B9694628466A
S31508026950E9F7BCFA6B4605F1100213F8011B02F8B7
S31508026960011DAA42F9D104B070BD6C4602F11006A7
S31508026970234610685168083203C3B2421C46F7D14F
S31508026980E8E737B50D46ADF80420FEF755FF04468D
S3150802699000F12003024601992846E9F7BFF9236A5E
S315080269A00133236223B994F82430013384F824305E
S315080269B003B030BD37B50D46ADF80420FEF73CFFEF
S315080269C001990446024600F110032846E9F712FA2D
S315080269D030B123690133236113B9237D013323754A
S315080269E003B030BD41F0004141F4E0210160704737
S315080269F0704710B5E5F752FA837900210C33C418AB
S31508026A00E078E6F7F7FC68B1211DFEF735FD044686
S31508026A10E5F74AFAE2B20023BDE8104042F2350130
S31508026A20FDF774BF41F24204F2E72DE9F041E5F7BA
S31508026A3035FA837900250C33C418E678E5F72EFA79
S31508026A400768E5F72BFAA6F1FE0359425941056094
S31508026A503046E6F7CFFC3B4629462279FEF75FFC2D
S31508026A600446E5F721FA2B46E2B242F23701BDE8BF
S31508026A70F041FDF74BBF2DE9F041E5F70FFA8379AF
S31508026A8000250C33C418E678E5F708FA0768E5F72F
S31508026A9005FAA6F1FE035942594105603046E6F762
S31508026AA0A9FC3B4622790121FEF739FC0446E5F7A3
S31508026AB0FBF92B46E2B242F23801BDE8F041FDF796
S31508026AC025BF2DE9F047E5F7E9F983790C33C418B0
S31508026AD0277994F8038027B9B8F1010F27D0E6F78A
S31508026AE02BFC00260534BE420ADB0025E5F7DCF955
S31508026AF0EAB20023BDE8F04742F23901FDF706BFC4
S31508026B002078B4F80150A0F1FE035942594194F88D
S31508026B1003900434E6F76EFC60B12A464B464146BA
S31508026B20E6F742FB05460028E0D10136DBE741F2EB
S31508026B301205DBE741F24205D8E710B5E5F7AEF9EB
S31508026B40837900210C33C418E078E6F753FC6168B0
S31508026B50FEF7ABFC0446E5F7A7F9E2B20023BDE867
S31508026B6010404FF61941FDF7D1BE10B5E5F796F973
S31508026B70837900210C33C418E078E6F73BFC616898
S31508026B80FEF7ACFC0446E5F78FF9E2B20023BDE84E
S31508026B9010404FF61A41FDF7B9BEFE282DE9F84313
S31508026BA00646894690461F4616D00220FDF711FA78
S31508026BB0044690B106221221FDF7CAFE1223A579D0
S31508026BC020460C352544AB7085F803902E71A5F83E
S31508026BD00580EF71E5F728F90120BDE8F8837047CB
S31508026BE010B5E5F71FFC0446FDF78DFE2043C0B23B
S31508026BF010BD38B5E5F752F98379C17903F10C026C
S31508026C000244CB1A02200021B2F80350FDF770FBAA
S31508026C10044640B9E5F748F90722BDE8384042F28A
S31508026C201901FDF7A4BE2846E7F756F838B12146FA
S31508026C30EAF7DEFA0446E5F737F92246EDE7204693
S31508026C40E3F782FD0224F6E770B5E5F727F98379BB
S31508026C501844B0F80F60B0B2E7F73EF880B10021E9
S31508026C6000F01FFE0546E5F71FF9044602232A46E9
S31508026C7042F21B01FDF74AFEA3791C44668270BDE7
S31508026C800225F0E770B5E5F709F983790C33C418DC
S31508026C90B4F803502846E7F71FF8A0B1611D00F0C3
S31508026CA000FE0646E5F700F904460223324642F29A
S31508026CB01A01FDF72BFEE37923449D72E3792D0A27
S31508026CC01C44E57270BD0226ECE710B5E5F7E6F856
S31508026CD083790C3318444479B0F80300E6F7FCFFCD
S31508026CE060B12146EAF766F80446E5F7DDF8E2B24E
S31508026CF040F20641BDE81040FDF739BE0224F4E72A
S31508026D0070B5E5F7CBF883791844B0F80F5007F059
S31508026D1005FC04462846E6F7DFFF80B11621FFF791
S31508026D203DFA0025204607F0F4FBE5F7BDF82A46AA
S31508026D30BDE8704000234FF60441FDF7E7BD022582
S31508026D40F0E7F8B5E5F7AAF8847905460C34044461
S31508026D50B4F80300E6F7C0FF064640B9E5F7A4F81B
S31508026D600222BDE8F84042F21301FDF700BEAB79F4
S31508026D70E97903F10C020220CB1A2A440021FDF715
S31508026D80B7FA014618B9E5F78FF80722E9E78379D2
S31508026D90033383713046B4F80D50B4F80F70E9F72F
S31508026DA0AFFF04463A4629463046E7F7A3FAE5F71F
S31508026DB07BF82246D5E738B507F0B0FB0446FFF75D
S31508026DC00FFF00280CBF0C250025E5F76DF82A46AB
S31508026DD042F20E01FDF7EBFDE5F7C2FE2046BDE8DD
S31508026DE0384007F096BB10B5E5F758F883790C33A7
S31508026DF00344B3F80300B3F80510C0B2E7F790FAF4
S31508026E00E5F752F8BDE81040002342F224011A467B
S31508026E10FDF77CBD2DE9F8438146022088461746D0
S31508026E201E46FDF7D6F8044690B10A220321FDF75D
S31508026E308FFD0023A57920460C352544EB70A5F86D
S31508026E400490A5F806802F816E81E4F7EDFF0120F4
S31508026E50BDE8F8832DE9F043814685B002200E4647
S31508026E601F469DF844808DF80F20FDF7B2F80546B7
S31508026E70002844D022222921FDF76AFD0022AC7996
S31508026E8030460C342C4404F10E0304F11401C4F800
S31508026E900E209A806261228300913A460DF10F0113
S31508026EA0FDF756FA9DF84030A4F80490E37006F010
S31508026EB00103A3719DF80F3016F0FD0FE3713B68CD
S31508026EC0A360BB88A3814FF6FF7304D0032E08BFC5
S31508026ED043464FF0FF08BDF8302028466283BDF8C6
S31508026EE0342084F82180A283BDF838206384E283A3
S31508026EF09DF83C2084F82020E4F796FF012005B08F
S31508026F00BDE8F083F8B50746022016461D46FDF78A
S31508026F1060F8044690B10C220421FDF719FDA17907
S31508026F209DF818300C31214420468F80C1F806603E
S31508026F30C1F80A50CB70E4F777FF0120F8BD70B5A7
S31508026F40064602200D46FDF744F8044668B10322B8
S31508026F503021FDF71FFDA37920460C332344A3F8FD
S31508026F6003609D70E4F760FF012070BD70B50646A8
S31508026F7002200D46FDF72DF8044688B104220821A1
S31508026F80FDF708FDB5FA85F2A37952090C332344B5
S31508026F902046A3F803605A719D70E4F745FF012065
S31508026FA070BD2DE9F84381460220884617461E46DB
S31508026FB0FDF70FF80446B0B10B220721FDF7C8FC0E
S31508026FC0A579BDF820300C3525442046A5F803904E
S31508026FD0A5F80580A5F80770A5F80960A5F80B308D
S31508026FE0E4F722FF0120BDE8F883F8B50746022038
S31508026FF00E461546FCF7EDFF0446A0B10D22052103
S31508027000FDF7A6FCA37920460C332344A3F80370A4
S31508027010A3F80D602A68C3F805206A68C3F8092030
S31508027020E4F702FF0120F8BD2DE9FF4116466A463C
S3150802703080460F4615460A9C03F1100E94461868B8
S3150802704059680833ACE8030073456246F6D124B999
S315080270500220FCF7BEFF044608B31D22ED21204696
S31508027060FDF767FCA3790C332344A3F80380A3F83E
S315080270700D702EB13268C3F805207268C3F809206C
S315080270800F3304AE2A4603CAB2421860596015463F
S3150802709003F10803F6D12046E4F7C6FE012004B040
S315080270A0BDE8F08113B51321827901900C32841858
S315080270B081544FF44072C280E7F770FCA07020B981
S315080270C001A8FCF7BBFD02B010BD8000013060705C
S315080270D00198E4F7A9FEF6E770B5064602200D46C2
S315080270E0FCF777FF044678B104220521FDF752FC26
S315080270F00022A37920460C332344A3F803605D716A
S315080271009A70E4F791FE012070BD13B58379019058
S315080271100C33C418C05CE6F7DFFD20B901A8FCF7FA
S315080271208DFD02B010BD6378019913F0300F0CBFC4
S31508027130012200228B7904338B714B7962F30003A7
S315080271404B71E7F7F7FAECE72DE9F041E4F7A6FE0B
S3150802715083790C33C418B4F803801FFA88F0E6F76B
S31508027160BBFD054600B3A2796179FEF722FC064605
S31508027170E4F79AFE07460223324642F27A01FDF7FF
S31508027180C5FBBB7938463B44A3F81280E4F74CFEAC
S3150802719046B9A37933B12846FEF7CDFD01462846FE
S315080271A0FDF79EFBBDE8F0810226E1E74368143B42
S315080271B04360A0230B6070471AB94268A2EB5302D8
S315080271C042600A6802EB83020A607047884210B579
S315080271D01BD8052819D9B1F5486F16D8B3F5FA7F21
S315080271E013D240F67644A2F10A0080B2A0420CD825
S315080271F0BDF8080001339BB243434B435B00B3EB34
S31508027200C20F94BF0120002010BD0020FCE7C9432D
S3150802721050E8003F0B4040E80032002AF8D1704798
S31508027220002070472DE9F04104460E460025012745
S31508027230214685F00100FEF7F8FA4FF48051FFF770
S31508027240E6FF8368804633B938460DB1BDE8F0815A
S3150802725001250746ECE7028AB24206D1002201213D
S31508027260204698470028EFD1EFE70268D10502D5F4
S3150802727000221146F4E79307E6D52046FEF712FBED
S3150802728002460028E0D10521D8F80830E8E708B513
S31508027290FEF7E5FA00230380436008BD70B506468B
S315080272A00C4607F03BF905463046FEF7D8FA30B1E8
S315080272B003781C4304704FF40070F1F719F8284656
S315080272C0BDE8704007F025B9E7F734BA07B5427941
S315080272D08DF8071022F0030242F00302427140F2CF
S315080272E003320DF10701C2800122FCF783FC03B0C9
S315080272F05DF804FB70B50C4605460721204616467E
S31508027300FFF7E4FF2046E9F7EFF9214646702846DB
S31508027310BDE87040E7F70EBA38B50C4600210546B7
S31508027320FEF7CEFA47F6FE73241AA4B29C4205D992
S3150802733028462821FEF71BFF002038BD0120FCE75E
S3150802734038B504460D4601460020FEF76EFA036874
S315080273509B0505D429462046BDE83840FFF7DCBF21
S31508027360002038BD2DE9F04115461F469DF81880C4
S31508027370FEF75BFA044607F0D1F8B8F1010F0646A4
S3150802738023D154E8003F43F4807344E80032002ACC
S31508027390F7D105B354E8002F42F4007244E80023FB
S315080273A0002BF7D1FF212046FFF731FF54E8002FC3
S315080273B048EA020244E80023002BF7D13046A560CA
S315080273C02782BDE8F04107F0A4B84FF48071204641
S315080273D0FFF71DFFDDE74FF400712046FFF717FFA1
S315080273E0E0E773B5064601200C46FEF71EFA0023AF
S315080273F005461A46009321463046FFF7B3FF6B68E7
S3150802740063B14FF480712046E6F790FC55E8003FD9
S3150802741043F4007345E80032002AF7D107F07EF8F4
S3150802742005462046FEF71BFA28B103881BB14FF41E
S315080274300070F0F75DFF284602B0BDE8704007F01D
S3150802744068B838B505460C46FEF7EFF983684BB1BE
S31508027450022120460022984721462846BDE83840A0
S31508027460FFF7BFBF38BD012938B505460C4608D017
S31508027470CC1E012C03D801460120FFF7E2FF0120AA
S3150802748038BD2221FEF719FA20462946FFF7D9FF09
S315080274900020F5E708B5FEF7C8F9006800F0F00025
S315080274A008BD10B5014604460120FFF7F3FF20B9CF
S315080274B02146BDE81040FFF7EDBF10BD70B5064680
S315080274C00D4601460120FEF7B0F931460446002072
S315080274D0FEF7ABF92268036842EA0301C90523D419
S315080274E0920549BF248A4FF6FF74641BA4B29B0512
S315080274F054BF4FF6FF73038A304644BF5B1B9BB2E9
S315080275009C42A8BF1C46FDF73BF9002804DB411B39
S3150802751089B28C42A8BF0C464FF6FF739C4208BF3D
S315080275204FF0FF34204670BD0124FBE72DE9F341F5
S3150802753004460191014601201546FEF776F92146D1
S3150802754006460020FEF771F980462046FEF776F9D0
S31508027550010706D501A8FCF771FB0C2002B0BDE8AD
S31508027560F08106F0DBFF336807469A0503D4D8F89C
S3150802757000309B0509D50199301D8D60FCF74CFC3E
S31508027580384606F0C6FF0020E8E706F0C2FF2046A6
S315080275900199A847E2E738B5014604460120FEF7F5
S315080275A044F905460C30FCF749FB281DFCF746FB57
S315080275B021460020FEF739F904460C30FCF73EFB5B
S315080275C0201DBDE83840FCF739BB70B501460546B3
S315080275D00120FEF72AF906460430FCF7B3FB0446F7
S315080275E070B14FF400713046FFF711FE2146284666
S315080275F0A368984720B12046BDE87040E3F7A4B8CF
S3150802760070BD00238260C0E90031704708B50B4699
S3150802761001461846FEF709F90068C0F3402008BD7E
S31508027620FFF721BFCB1E012B70B504460D46164641
S3150802763006D81A21FEF741F940212046E6F776FBDD
S31508027640324629462046BDE87040FFF70CBF38B5DA
S3150802765004460D46FEF726F928B1012D04D122214A
S315080276602046FEF72AF9002038BDF8B50C468B7974
S3150802767007460B44D3F80D60D3F811303246E6F7C5
S31508027680A9FF09212046FFF721FE2046E9F72CF833
S31508027690A579E8F705FA0C3566F0FF062544064093
S315080276A0C5F80160E8F7FCF93846C5F80510214621
S315080276B0FFF70AFE02213846FFF7F0FDF8BD70B55E
S315080276C00E46054601460020FEF7AFF8012E04468F
S315080276D003D0022E11D0012070BDC16828468B79CD
S315080276E019440D31FEF75DF9E068E3F72DF800203D
S315080276F02946E060FFF775FEEDE7C068E3F724F870
S315080277000023E360E7E738B50D4604460146012043
S31508027710FEF78BF8012D08D100F112012046FEF77B
S3150802772040F921462846FFF75CFE012038BD08B518
S31508027730FEF78AF800F0010008BD38B50C460221AA
S315080277400546FEF783F80C212046FFF7BFFD2046C3
S31508027750E8F7CAFF4FF0FF3383700223C3700F2383
S315080277604370602303710623214643712846BDE808
S315080277703840FFF7A9BDF8B50C460546FEF75EF890
S3150802778000F0010787F0010729463846FEF74DF84B
S315080277900646C068012C837903D0022C20D001202A
S315080277A0F8BD0C33C41823892846E288A188FEF757
S315080277B0B2F96188627849005200284689B2FEF712
S315080277C051F8F068E2F7C0FF002328464FF48031EB
S315080277D0F360FEF73FF829463846FFF702FEDEE772
S315080277E0E2F7B2FF00234FF480312846F360FEF732
S315080277F031F8D4E7042910B5044601D0002010BD9B
S31508027800FEF71CF800F00100C0F10200E8F7C0F824
S315080278100028F3D1FCF7DDFB014608B90220EEE7A2
S315080278202046E9F791FA0028F8D10120E7E72DE981
S31508027830F0410F4604469046FEF700F800F00105AF
S3150802784085F0010521462846FDF7EFFF012F06467A
S3150802785003D0032F0FD001200BE02046FFF755F87F
S3150802786022212046FEF729F828462146FFF7E9FD98
S315080278700020BDE8F081C068E2F766FF00232046D3
S31508027880F360FFF742F8204698F80410FEF715F859
S3150802789020462021E6F74AFA21462846FFF7D1FD77
S315080278A0D9E737B504460D46FDF7CEFF00054FD595
S315080278B00220FCF78EFB019000284BD0204655B3D8
S315080278C0FDF7BCFFC1070AD505210198FFF7FEFCA3
S315080278D00198E8F709FF20460199FFF7F5FC2946C2
S315080278E02046FFF71DF82046FDF7A8FFC2070FD46A
S315080278F04FF400612046FDF7ADFF06210198FFF718
S31508027900E5FC0198E8F7F0FE20460199FFF7DCFC52
S31508027910002003B030BDFDF791FFC3070DD50199CD
S31508027920032306222046E8F7F1FE2046FEF7EDFF7E
S3150802793021462846FFF785FDEAE701A8FCF77EF906
S3150802794020463D21FEF713FC2046FEF7DEFFDFE761
S315080279500C20DEE70720DCE7F7B5014604460020DF
S31508027960FDF763FF054600F112074FF48060E8F75A
S315080279700FF850B92046E6F7C3F93A46698B80B242
S3150802798003B0BDE8F040FFF730BB2046E6F7B8F98A
S31508027990064620466D8BFDF74FFF002203460092EE
S315080279A029463A46B0B2FFF73FFB03B0F0BD8378EB
S315080279B01A2B09D81B2383700288B2F5A47F07D233
S315080279C04FF4A473038007E0FB2BF5D9FB23F2E7F8
S315080279D044F290239A42F5D87047F0B50446CA791C
S315080279E08B7987B043EA0223ADF80C308B8803A85B
S315080279F08DF80E30CA788B7840F6480543EA02239A
S31508027A00ADF810300B8805A98DF81230FFF7CFFFB5
S31508027A1004A8FFF7CCFF2046FEF7D6FB0B2120462B
S31508027A20FEF78FFB44F29023002818BF1D46BDF8C7
S31508027A300C709DF80E30BDF81460BDF810209DF844
S31508027A4016009DF81210AF42D4BF00970095FB2B83
S31508027A50A8BFFB23B242A8BF32468142A8BF01464D
S31508027A602046FEF7E3F807B0F0BD37B514460546DB
S31508027A701046FFF72BFC2046E8F736FE01A9044616
S31508027A802846FEF7A1FB0B212846FEF75AFB6FF0A4
S31508027A9004036370002344F29022A37040F648035D
S31508027AA0002818BF1346A4F803309DF80630A4F838
S31508027AB00530BDF80430A4F8073003B030BDFFF72F
S31508027AC0D2BC022973B505460C4603D000242046CB
S31508027AD002B070BD0521FEF705FB0028F6D0E6F7D1
S31508027AE025FC1B28F2D94FF40040E7F751FF00287E
S31508027AF0ECD1FCF76EFA06460028E8D0284601A91A
S31508027B00FEF762FB314628469DF80630BDF804208A
S31508027B10E9F7F0FB0028D9D10124D8E71FB54A1E98
S31508027B20042A03460C465FD8012902D1008804B00C
S31508027B3010BD022905D100885B88984238BF1846CD
S31508027B40F5E74A00014601A8FBF7AAFD032C07D16F
S31508027B500023ADF80A304FF6FF73ADF80C3001E09A
S31508027B60042CF8D0BDF80620BDF80430934284BF31
S31508027B70ADF80630ADF80420BDF80A30BDF80C2081
S31508027B80934288BFADF80A20BDF80A2088BFADF82F
S31508027B900C30BDF80430934288BFADF80A30BDF800
S31508027BA00620BDF80C309A4288BFADF80630BDF8FB
S31508027BB00820BDF80630934284BFADF80830ADF808
S31508027BC00620BDF80A30BDF808209A4288BFADF8EB
S31508027BD00830BDF80820BDF806309A4238BFADF81D
S31508027BE00830BDF80800A2E74FF6FF709FE70120AC
S31508027BF07047012938B504460D4608D12221FDF7FA
S31508027C005CFE28462146FFF71CFC002038BD0146CB
S31508027C100120FFF7E6FB0120F8E78160704741EA99
S31508027C20002008B540F49020FAF788FB014640B1D7
S31508027C3010F1880F05D0BDE8084040F20740ECF77E
S31508027C405FBE08BD0120704770B50C460646114650
S31508027C501D46E9F767FD58B144EA06206FEA404037
S31508027C606FEA50402A46BDE8704080B2F0F7B6BBCC
S31508027C7040F2064070BD10B50446E9F753FD50B10F
S31508027C8041EA04206FEA4040BDE810406FEA5040DE
S31508027C9080B2F0F7DBBB40F2064010BD837901469D
S31508027CA01A0703D506220020E9F7BCBD9B0602D5B2
S31508027CB006220120F8E74FF0FF3070478379532BED
S31508027CC001D1E9F7E1BDFFF7E9BF70B506461446EB
S31508027CD01D46E9F727FD10B90024204670BD41EA82
S31508027CE006206FEA40406FEA50402A46214680B293
S31508027CF0F0F790FB0028F0D0EEE708B5ECF710F99C
S31508027D00002008BD2DE9F0410D46DDE90648164674
S31508027D101F4600F0A6FD012C0AD860B144EA080401
S31508027D203B46324629460694BDE8F04101F098BE24
S31508027D302120BDE8F0812520FBE700207047A0F846
S31508027D406E10704701238B4090F87110194380F822
S31508027D507110704708B50120E2F70AFFC0B208BDE4
S31508027D6083790C331844704710B50446A1F1140000
S31508027D70FBF7F0FF201A20EAE07080B210BD70B55A
S31508027D801C460D461646FFF7EFFFA04207D32246CA
S31508027D903146A5F11400FCF77EFA012070BD0020D9
S31508027DA0FCE770B506460D4614467AB90A462046D9
S31508027DB00821FCF7CFF9044690B92A46082129205A
S31508027DC0FCF7C8F9044658B9204670BD1046FBF7B9
S31508027DD035FF2046FCF7F1F808231D44A371E57127
S31508027DE0A3790C331C442670EEE72DE9F0411646BA
S31508027DF0069A074688461D46FFF7D3FF0446F8B19A
S31508027E0014382A4631460690FCF745FA854218D9AF
S31508027E10069B06A81C7904F02004FBF70FFF7CB921
S31508027E20424608212920FCF795F9069040B12A46D0
S31508027E303146FCF730FA854206D906A8FBF7FEFE5C
S31508027E4000242046BDE8F081069A93790C33D418AB
S31508027E50D754F6E711B11439EAF7ACBA1A207047C3
S31508027E6038B5002204460D4602200321FFF799FF82
S31508027E70014608B1A0F801502046BDE83840FFF790
S31508027E80E9BFF8B504460F46164605210120069AAB
S31508027E901D46FFF786FF014638B1477046800571D1
S31508027EA02046BDE8F840FFF7D5BFF8BD38B50D4600
S31508027EB0032104460846FFF774FFA0F8015001465D
S31508027EC02046BDE83840FFF7C5BF73B505460846E4
S31508027ED011466C891A46641ABDF81830A4B29C4237
S31508027EE028BF1C46079B089E00932346FFF77DFF83
S31508027EF0014630B12846348002B0BDE87040FFF72B
S31508027F00A9BF1A2002B070BD012110B5002204468D
S31508027F101320FFF746FF014620B12046BDE8104070
S31508027F20FFF798BF10BDF7B54489054618460F46B0
S31508027F3016460193FBF70EFF053CA4B2844203DA08
S31508027F40011B01A8FBF7A8FF05210198FCF745F8D4
S31508027F50014628B901A8FBF771FE1A2003B0F0BD45
S31508027F6083790C33C2181720C8542846A2F8017020
S31508027F70A2F80360EAF71EFAF0E7012110B500221B
S31508027F8004461920FFF70DFF014620B12046BDE839
S31508027F901040FFF75FBF10BD73B50E460021448936
S31508027FA00546033CA4B2A342009128BF23460321F7
S31508027FB01B20FFF71AFF014670B1012210F80F3C89
S31508027FC0A0F8016062F3071300F80F3C284602B0D6
S31508027FD0BDE87040FFF73EBF1A2002B070BD73B508
S31508027FE00E46002144890546033CA4B2A3420091E9
S31508027FF028BF234603211D20FFF7F7FE014638B1A5
S31508028000A0F80160284602B0BDE87040FFF722BF1B
S315080280101A2002B070BD4B88042B07D1836C0888DE
S315080280205B8998428CBF0020012070470020704768
S3150802803010B50446806920B10021EAF711F9002338
S31508028040A36110BD07B501228DF807100DF10701CE
S31508028050FCF721F903B05DF804FBF7B505464FF4C2
S3150802806028500C4600F06AFF064600F0E9FCB0B359
S31508028070022C02D8002003B0F0BD002731460DF1CC
S3150802808005030DF106023846ADF8067000F01CFE2F
S31508028090BDF80620631E934206461EDC072C1AD933
S315080280A0023CADF806400824BDF80630002BE1D0A4
S315080280B00133D9B22846FFF7C5FF21462846FFF7FE
S315080280C0C1FF31462846BDF80620FCF7E4F8BDF89C
S315080280D006000230CFE7ADF806700924E4E74FF050
S315080280E0FF30C8E702292DE9F34104460D46174633
S315080280F0184603D8002002B0BDE8F08100F01EFF42
S31508028100064600F09DFC0028F4D04FF000083146E0
S315080281100DF105030DF106024046ADF8068000F0A2
S31508028120D3FDBDF80630BDF820200646934228BF87
S315080281301346AB4228BF2B469DF80500ADF806301C
S31508028140C0B9002BD7D001339AB29542D3D9D9B246
S315080281502046FFF777FF39462046FFF773FF314679
S315080281602046BDF80620FCF796F8BDF80600023050
S31508028170C0B2C0E74046BEE707B501A9EAF7F0F97B
S3150802818030B9019B586AC0F3C02003B05DF804FBFE
S315080281900020FAE7002008B5EAF764FA08B9FF20D2
S315080281A006E0C37B012BF7D1436ADB06F4D50078D8
S315080281B008BD73B50E4601A91546EAF7D1F990B975
S315080281C0019A546A14F010030FD0C4F300343470C1
S315080281D0D37B5A1E042A02D8D81E18BF012028703B
S315080281E0012002B070BD0020FBE71846F9E738B552
S315080281F0436A04465B0705D5002300781A461946E2
S31508028200ECF78AF9636A9D0706D52046EAF7BCF9B0
S31508028210636A23F002036362636A18070DD521466F
S31508028220E27911F8010BC2F3C002ECF717F9054619
S31508028230E8B9636A23F008036362204600F067FA26
S315080282400546A0B9626AD10611D5D30404D52046DB
S3150802825000F027F940B11BE01206E37B09D4E37B61
S31508028260626A023B012B15D9616A48071FD4284660
S3150802827038BD03F0FB03012BF6D021692078ECF711
S3150802828013F9636A256123F0800363620028E6D046
S315080282900546ECE7D305E7D561692078ECF720F9BE
S315080282A000236361636A23F480736362D2E7E37B24
S315080282B0A28D012B03D1A2B1802A28BF802211F0F8
S315080282C0400F94F830304FF0010118BF012320788F
S315080282D0ECF722F90028DBD1636A23F00403636210
S315080282E0C5E74022EBE7002010B5EAF7BBF90446DA
S315080282F000B910BD636ADA060BD55B0409D42046B9
S31508028300EAF7A4F8636A204643F006036362FFF7B6
S315080283106EFF2046E9E713B50C4601A9EAF720F9EC
S3150802832050B9022C07D802462146019802B0BDE888
S315080283301040EAF7B5B9212002B010BDF7B50E46CE
S3150802834001A915461F46EAF70BF9F8B9019C626AB4
S3150802835093050BD44FF6DF73A6F12001994217D87D
S31508028360A5F12001994213D8AE4211D8E369B34266
S3150802837002D1236AAB4204D0C4E9076542F002027D
S3150802838062629DF82030A78584F8303003B0F0BDCC
S315080283902120FBE790F8393037B55B0704460D46CE
S315080283A02AD4EAF753F86B1E042B14D8032D12D0DD
S315080283B0E379142B22D0A3696BB9684600F0A2F9B7
S315080283C0EAF7A6FC6946E9F7C1FE18B91A2528464E
S315080283D003B030BDA061636AE57343F016036362B6
S315080283E0EEF79EFF2046FFF702FF05460028EED06D
S315080283F02046FFF71DFEEAE70225E8E72125E6E71C
S3150802840007B501A9EAF7ACF830B90198C17B03B000
S315080284105DF804EBFFF7BEBF03B05DF804FB37B5A2
S315080284200C4601A9EAF79CF818B9052C019D02D950
S31508028430212003B030BD2869FBF78CFC1F28F7D82A
S315080284406869FBF787FC1F28F2D8012CF0D0231F96
S31508028450012BEDD9214628466B6A23F482536B62B7
S3150802846003B0BDE83040FFF795BF37B5FFF792FE78
S31508028470FF28044613D001A9EAF772F878B9019DD4
S315080284806B6A284623F010036B62FFF7D1FD20467C
S3150802849005F1340103B0BDE83040EFF7FBB803B08D
S315080284A030BD436A10B5044613F080000CD0E37B56
S315080284B02078032B216908D1ECF712F800232361EF
S315080284C0636A23F08003636210BDEBF7EDFFF5E7FD
S315080284D073B56E4604464A7930460D460631EAF7C2
S315080284E05BFC96E80300A4F85010090C11F0800F03
S315080284F0E06484F8521004F1530312D0012218469C
S3150802850005F11201EAF748FC0C35284603F08AFD04
S3150802851028B10122294604F15A00EAF73DFC02B0C5
S3150802852070BDB4F8501094F85220C4F853009980DC
S315080285309A71E9E7002337B580F8723040F6FF737F
S31508028540A0F86E3083680446DA040D46C16010D47A
S3150802855043F480636A46A36040F203212046CDE9CC
S31508028560004504F0D7FD00212046E9F779FE03B05D
S3150802857030BD90F87600FFF743FFA36823F48053D3
S31508028580E8E71FB590F87420044602F0010301904B
S315080285908DF808300BB102F002038DF8093094F811
S315080285A0753020468DF80A30039102F0D1F94FF45E
S315080285B0017101AA204604F0ADFD2046E9F7C6FE80
S315080285C004B010BDE9F724BE0A460021EBF750BDF8
S315080285D0826838B5C2F380320446B0F86E000D469A
S315080285E0EBF7ECFD20B9A3681DB143F40053A36071
S315080285F038BD23F40053FAE710B50446B0F8030071
S31508028600E9F7E2FD38B1617909B141F48051BDE873
S315080286101040FFF78FBF10BD10B50446B0F803002F
S31508028620E9F7D2FD38B1A17809B141F48051BDE824
S315080286301040FFF7A6BF10BD10B50446B0F80300F8
S31508028640E9F7C2FD90B1627990F874305AB143F0F5
S31508028650010380F87430A17809B141F48051BDE86C
S315080286601040FFF78EBF03F0FE03F2E710BD10B508
S3150802867004468088E9F7A8FDB8B1E278AAB9E17993
S31508028680A27942EA0122A0F86220E17AA27A42EAB3
S315080286900122A0F86420227A617ABDE8104042EAF3
S315080286A00122A0F86620E9F751BE10BD10B50446AE
S315080286B08088E9F789FD20B1A179BDE81040E9F77C
S315080286C067BE10BD532838B505460C4604D1BDE829
S315080286D038400846ECF798B90620F7F76DFB60B9FB
S315080286E06379142D03F03F03637104D0722D07D109
S315080286F063F03F036371A57138BD40F20740FBE79B
S315080287002120F9E7002303608380837170470020E4
S31508028710704710B5044660B1806C50B1EAF7A4FB05
S31508028720A06C0028FAD12046BDE810400321E9F7DB
S3150802873097BD10BD438907B58B420CD050F80C2B58
S3150802874040F2014192F87020ADF806308DF8042007
S3150802875001AA04F0DFFC03B05DF804FB436943F0A9
S31508028760040343617047436923F004034361704776
S315080287704069C0F38000704747F230530022006810
S31508028780F7F740BA006804F058BC38B5436904469E
S315080287909B070D4603D540F20941FFF7F3FFE9F7B8
S315080287A027FE08B1A3691D702046BDE8384040F28D
S315080287B00941FFF7E1BF07B5027C012A09D0012268
S315080287C0027440F20942914206D040F20A429142AC
S315080287D00ED003B05DF804FB4FF4816150F80C3BF0
S315080287E001AA93F870308DF8043004F093FCF0E790
S315080287F050F80C3B01AA93F870308DF80430F4E770
S3150802880038B522F000430D46114640F20322934240
S3150802881004461AD0B3F5017F09D240F201229342E7
S3150802882013D040F20222934209D0002038BD6FF4D9
S3150802883081621344012BF8D8FFF7BDFFF5E700F074
S3150802884020F9204601F02FF9EFE763699B0704D563
S3150802885040F209412046FFF795FF2846FFF759FFE0
S31508028860E3E708B5E9F7BEFC00B1806C08BD08B5B8
S3150802887000B10068E9F7C4FC08B9034602E0836C54
S31508028880002BF7D0184608BD10B5044642F62A3022
S3150802889000F054FB031B5842584110BD022806D16A
S315080288A042F62A330888C31A5842584170470020AC
S315080288B0704710B5044642F6293000F03FFB031B09
S315080288C05842584110BD90F8200000F00100704748
S315080288D01FB504466846EAF7EBFB1022694604F11F
S315080288E02100FAF7ABFEB0FA80F0400904B010BDD9
S315080288F008B5FFF7EDFFB0FA80F0400908BD70B57C
S31508028900044600F1210591B92846EAF7D1FB236806
S3150802891093F97500E8F706FF78B120682B46BDE89B
S31508028920704010220D2190F97500FFF78DB91022BB
S3150802893000212846FAF7ACFEE9E770BD38B50446C9
S31508028940002390F8202041FA03F0C50703D442FA1F
S3150802895003F0C0071ED40133082BF4D101F0010538
S3150802896023682A4384F8202093F97500E8F7DAFE8B
S3150802897040B1234653F8200B01220C2190F97500C9
S31508028980FFF762F90DB9002038BD00212046FFF72E
S31508028990B6FFF8E71320F7E768B13F290AD800EBD4
S315080289A0A10090F8310001F003014900084100F0E6
S315080289B0030070470020704710B50368044693F910
S315080289C07500E8F7AFFE50B12346BDE8104053F8EC
S315080289D0310B10220B2190F97500FFF735B910BD3E
S315080289E010B590F87430DB0706D490F97530013368
S315080289F014BF0F20052010BD847CEBF7D7FE8442F6
S31508028A0034BF0C200020F6E730B5044685B0684628
S31508028A10EAF74EFB1021684604F095FB2046EAF772
S31508028A2055FD6B46C26804AD06321C4603CCAC4201
S31508028A3010605160234602F10802F6D105B030BD36
S31508028A4008B5EAF743FD08B1EAF714FDC0B208BD56
S31508028A50013810B580B2EAF739FD044608B9002094
S31508028A6010BD408800F09CFB0028F8D0207BF7E771
S31508028A7008B5EAF72BFD18B1007AC31F58425841C8
S31508028A8008BD70B5054655F8213B044693F97500AD
S31508028A90E8F748FE20B92846BDE87040EAF708BB61
S31508028AA0234653F8310B10220B2190F97500FFF774
S31508028AB00CF9234653F8200B01220C2190F9750074
S31508028AC0FFF703F920682B46BDE8704010220D21F6
S31508028AD090F97500FFF7F9B801302DE9F04185B232
S31508028AE028460E46EAF7F2FC42F60217044642F612
S31508028AF003089CB12046EAF7BDFC78B1204600F08F
S31508028B005EFBB84205D10EB123883380607BBDE88F
S31508028B10F081204600F053FB404502D14FF0FF306A
S31508028B20F5E70135ADB22846EAF7D0FC0446E0E798
S31508028B302DE9F04707460E4690460D4642F60219BB
S31508028B4042F6030A0135ADB22846EAF7BFFC0446E7
S31508028B5078B1EAF78FFC60B1204600F030FB484551
S31508028B6005D1237A072B04D10320BDE8F0875045A7
S31508028B70E8D141463046FFF7AFFF431C014604D011
S31508028B803846BDE8F047FFF707BF0020EDE770B5A6
S31508028B90054608461646EAF799FC044608B901202E
S31508028BA070BDEAF767FC0028F9D0F00713D4B107BD
S31508028BB034D4720702D5A3885B0732D516F0060F9E
S31508028BC031D116F40060EBD0A38813F4006F14BFFA
S31508028BD000200620E4E7A388DA0743D513F0700FCE
S31508028BE00AD1980610D45806E1D52B6893F9753040
S31508028BF00133DCD10820D3E72868FFF7F1FEA38802
S31508028C00990608D50028CBD12A6892F874209207CB
S31508028C10E9D40520C4E70028C2D1E4E7A388990766
S31508028C20C7D40320BCE7A38813F4E06F09D19805DB
S31508028C300FD45B05C5D52B6893F975300133C0D1BE
S31508028C40D8E72868FFF7CCFEA388990507D5002838
S31508028C50A6D12A6892F874209207EAD4D9E700289E
S31508028C609ED1E6E702209BE738B504460846EAF7AE
S31508028C702DFC054608B9012038BDEAF7FBFB00289A
S31508028C80F9D0AB8813F4E04F0CD1980412D413F43C
S31508028C908040F1D0236893F97500431C5842584125
S31508028CA0C000E9E72068FFF79BFEAB88990408D560
S31508028CB00028E1D1226892F874209207E7D40520A9
S31508028CC0DAE70028D8D1E2E72DE9F0474FF00009A4
S31508028CD0044683F800900846A2F80090884616468D
S31508028CE01D46EAF7F3FB074620B9012300202B703D
S31508028CF0BDE8F08774B1EAF7BDFB0028F5D0404617
S31508028D00FFF7D7FD30B1012385F8009004F1200062
S31508028D103380EDE72B46324639462046BDE8F04712
S31508028D20EAF752B9F8B516461C460F46BDF9185069
S31508028D3009B90120F8BD50B93B7A072B0DD8DFE8EF
S31508028D4003F004181E272E0404160320F2E7084629
S31508028D50EAF790FB0028EFD1EBE725EAE573B34281
S31508028D6014DBA0199842CCBF0D200020E2E7802030
S31508028D70E0E7FB685B88AB42B8BF2B46EFE7FA68C9
S31508028D809388AB42B8BF2B46B34206DA0720D1E72F
S31508028D90022D2B46B8BF0223E1E75388E1E70620F6
S31508028DA0C8E72DE9FF4704460846894690460393D5
S31508028DB0EAF78CFB054638B903A8FAF73FFF0127FD
S31508028DC0384604B0BDE8F087EAF754FB0028F3D02A
S31508028DD0039888B1FAF7BEFF86B24FF0FF334246D0
S31508028DE00093294633462046FFF79CFF074628B1DB
S31508028DF003A8FAF723FFE3E70646EEE795F808A085
S31508028E00BAF1020F31D0BAF1030F33D0BAF1010F1A
S31508028E1008D0002C4ED14FF0000A03A8FAF70EFF2D
S31508028E205746CDE7E86806303B4632460399404442
S31508028E30FAF7F3FE002CEED02B7A032B3AD103A8CD
S31508028E40FAF7FCFE00212846EAF7FCFA70B3068810
S31508028E50697B2046FFF7A0FD0122034631462046DC
S31508028E60CDF8009000F093FCAAE7E86806EB080341
S31508028E708380D8E7039B9A79D979891AC9B2481E99
S31508028E80012810D8134402291A7B04BF5B7B42EAE5
S31508028E9003222B7B32EA0303BFD101232046697BD7
S31508028EA0EAF768F8C6E74FF00D0AB6E709F1FF36A2
S31508028EB0B6B2CDE7039B4946009320464346227F36
S31508028EC000F04BFC7CE7884270B504460D46164610
S31508028ED011D8012838BF01242046EAF7F7FA10B15B
S31508028EE04388B34208D00134A4B22046EAF7D2FA3C
S31508028EF008B1A542F0D20024204670BD70B50C46D2
S31508028F0016461D460146B8B1B3B1022C01D0102C43
S31508028F1012D1E0B2EAF712FA4FF6FF718842024618
S31508028F2002D141F20A1070BD3046FFF7CCFF002885
S31508028F30F7D028800020F6E72120F4E7002307B5BA
S31508028F400122ADF80400ADF8063002210DF1060340
S31508028F5001A8FFF7D3FFBDF8060003B05DF804FBCE
S31508028F60F8B50F461646441CA4B22046EAF7AEFAEE
S31508028F7010B9013CA0B2F8BD00F021F90546304609
S31508028F8000F0F9F820B1284600F0F5F80028F0D1EB
S31508028F90304600F0E9F820B1284600F0E5F8002846
S31508028FA0E7D10134A4B22046EAF774FA08B1BC4202
S31508028FB0DBD94FF6FF70DEE72DE9F04F9A4687B008
S31508028FC08B880D460C88814604A90220ADF810301C
S31508028FD09046EAF7B3F9AB680090A888AF8905937B
S31508028FE000F0C2F838B1102F05D105A8EAF78CF9B6
S31508028FF0022808BF02279DF840B00BF0010B38E0A3
S315080290002046009AFFF75FFF0646A8B3AA88698832
S31508029010FFF7A6FF04463046FFF712FD40EA0B00AB
S31508029020C0B200B30DF10F03314648460DF11202E4
S31508029030FFF74AFE9DF80F302BB1A8F800601846D4
S3150802904007B0BDE8F08FBDF81220BA420BD13A46F6
S3150802905005990193FAF7F2FA019B20B9A8F800607C
S31508029060AAF80040EBE74FF6FF739C4201D00134A1
S31508029070A4B26988A142C3D20A23E0E708B5EAF78F
S3150802908025FABDE8084000F09AB838B505460846FC
S31508029090EAF71CFA044610B94FF6FF7038BD0DB947
S315080290A06088FBE7EAF7E6F90028F9D1F4E770B534
S315080290B0044642F60520FFF741FFB0B10021FFF74B
S315080290C00BFD054601462046FFF766FC06461022BA
S315080290D0002104F13100FAF7DBFA32462946204626
S315080290E0BDE870400023E9F745BF70BD7FB5044669
S315080290F00D46102200216846FAF7CAFA0026AB572F
S315080291005A1C1BD031462046FFF746FC1946002B4F
S31508029110B8BFD91C04AA02EBA10100F00302584207
S3150802912000F0030003F0030358BF43425B0002FA50
S3150802913003F311F8102C134301F8103C0136402EA4
S31508029140DDD16B4604F1310504AE1A4603CAB242B2
S3150802915028606960134605F10805F6D1204604B071
S31508029160BDE87040FFF728BCA0F5205001288CBF47
S3150802917000200120704742F60303C31A5842584199
S31508029180704708B5030409D4EAF7A4F8A0F52050F5
S3150802919080B201288CBF0020012008BD0020FCE710
S315080291A0020408B507D4EAF795F842F60303C31A88
S315080291B05842584108BD0020FCE7C00B70470346D9
S315080291C0B3F902304088002B01DBEAF783B80020A6
S315080291D0704708B5FFF7F3FF42F60303C31A58426E
S315080291E0584108BD08B5FFF7EAFFA0F5205080B23E
S315080291F001288CBF0020012008BD1FB550F80C4B72
S31508029200ADF80A3094F87040069BADF806108DF852
S31508029210082040F2035101AA8DF80440039303F093
S3150802922079FF10B906A8FAF709FD04B010BD2DE9B1
S31508029230F04F4FF0000889B005460E461446CDF8A1
S31508029240148000F1440712B305A8FAF7F7FC38466A
S31508029250FAF7F4FC85F81C8000233246009318219D
S3150802926023462846FEF70DFE04F58854284650F88C
S315080292700C3B40F2055193F8703006AA8DF8183067
S31508029280079403F047FF002009B0BDE8F08F436951
S315080292901A070ED523F00803436105A8FAF7CEFC90
S315080292A03846FAF7CBFC2C772846FEF766FE0024EA
S315080292B0DCE7406C059048B980463846FAF7DCFC8C
S315080292C003460590002846D1044657E083794FF0B5
S315080292D0FF3B0C331844B0F80160B0F803A03046DF
S315080292E0EAF7F4F803900598FAF7E0FC6C6CA0F13B
S315080292F005081FFA88F8059BA3420ED14346524633
S3150802930028460399CDF800B0FFF70CFD0446F0B1E4
S315080293104FF00008CDF8148096E7A3790C3304EBD6
S315080293200309B9F80120B2420CD12046FAF7BEFC6D
S31508029330B9F80320431F12FA83F35B45B8BF5B46AD
S315080293400FFA83FB2046FAF7AAFC0446D3E70598E8
S31508029350FAF7A5FCAEE79979284601F10C021A44F8
S31508029360B2F801600531B2F8032099713146FFF768
S3150802937018FDCDF81480044600289ED005A8FAF7F1
S315080293805DFC3846FAF75AFC00232B77002C8BD063
S3150802939062E72DE9F047089C0E46174698460546A9
S315080293A010B1037C012B61D02846FFF7D7F914F0D8
S315080293B08009304614BF4FF0200A4FF0100AFFF713
S315080293C047FB1AEA000F4DD03046FFF757FE42F622
S315080293D0052398420FD114F0010219D031462846C6
S315080293E0FFF742FC08B300F588542846FFF7BBF995
S315080293F02046BDE8F0872846FFF765FA0028EAD036
S315080294002846FFF775FA0028E5D041F21214ECE770
S31508029410B9F1000F3146284614BF02240124FFF78A
S3150802942087FB2042DAD10224DFE7B9F1000F11D017
S31508029430EB8BCBB943463A4631462846FEF7CFFD73
S3150802944004460028D1D140F20A412846EE83FFF7A6
S3150802945093F9CAE743463A4631462846FEF79CFD43
S315080294600446C2E72124C0E70524BEE70724BFE76E
S315080294702DE9F047002586B09DF8389090F81CA093
S3150802948004460F4690460F9E0577B9F1000F09D09C
S315080294900A464B4651460096FEF7F3FC284606B0A6
S315080294A0BDE8F087BAF1080FADF8169026D14589BE
S315080294B03246043DADB29D424FF002014FF009001B
S315080294C0A8BF1D46FEF76DFC0222814605A9304655
S315080294D0ADF81470FAF7DFFE2A4641463046FAF727
S315080294E0DAFE0546831C3146204689F80130E8F73C
S315080294F061FFADF81650BDF81600D0E7BAF10A0FAB
S315080295000DF116020CBF0B210D21CDE90162009364
S3150802951001224346FEF7D9FC1A28ECD111233A4612
S3150802952051462046CDF80090ADF81690FEF7A9FCF4
S31508029530E1E7F0B5002589B01746012204460E4632
S315080295400393ADF81650FFF722FB8DF81500002895
S3150802955046D13046FFF798F910B13046FFF754FA6C
S315080295603046FFF785FAB8B103A8FAF767FB204633
S3150802957050F80C2B237F92F8702040F202518DF896
S31508029580182006AAADF81A608DF81C30ADF81E70C0
S3150802959003F0C0FD09B0F0BD0DF115030DF1160279
S315080295A031462046FFF790FB9DF8153002465BB917
S315080295B0BDF81630BB4235BF0723DB1B8DF81530C5
S315080295C0D21928BFADF81630039B314601939DF890
S315080295D0153020460093BDF81630FFF749FFD9E744
S315080295E02A46F1E72DE9F04F89B00290184615464A
S315080295F005930C46FEF7B4FB80460598FAF7AAFBD4
S315080296000023B0F1010AB5F80A908DF81D3000F072
S3150802961089801AF0010740F085805046E1F7BAFAC8
S315080296200646002800F08480524608F10101FAF73E
S3150802963037F801212046059AFEF7B3FBB8460AEB2E
S31508029640DA7A09F1FF3B03904FEA6A0ABA4544DD22
S3150802965036F81740012221462846FFF798FA8DF870
S315080296601D0068B92046FFF70FF910B12046FFF72B
S31508029670CBF92046FFF7FCF978B180238DF81D3027
S315080296803046FAF74FFE059B2246009328469DF878
S315080296901D300299FEF7F5FB26E00DF11D03214662
S315080296A028460DF11E02FFF70FFB9DF81D300490A8
S315080296B0002BE5D1029B202B1BD1ABEB0803012B18
S315080296C00BDD0DF11E0102220598FAF7E4FD0128C9
S315080296D001460CD805A8FAF7DFFB3046FAF722FE50
S315080296E028460399FEF7B6FB09B0BDE8F08F08F1E4
S315080296F00208BDF81E20ABEB08039A42C2BF09F165
S31508029700FF33A3EB0803ADF81E30BDF81E20DDE9D2
S315080297100410FAF7C0FDBDF81E309842DDD398440E
S31508029720013793E7042300248DF81D302646A7E760
S315080297301123F8E770B504460D461646FFF7A4F856
S3150802974040B933462A462146FFF72BFB08B100F5F6
S31508029750885070BD41F20310FBE71FB550F80C4B59
S31508029760ADF80A3094F87040069BADF806108DF8ED
S31508029770082040F2015101AA8DF80440039303F030
S31508029780C9FC10B906A8FAF759FA04B010BD1FB5F4
S3150802979050F80C4BADF80A3094F87040BDF8183002
S315080297A0ADF806108DF8082040F2045101AA8DF88A
S315080297B00440ADF80C3003F0ADFC04B010BDF0B5B2
S315080297C0122785B003920777022205460E46FFF74F
S315080297D0DEF9044668B103A8FAF730FA00232B77B4
S315080297E0002332460093122123462846FEF749FBF8
S315080297F00FE0039A3046937903339371FFF738F9EA
S3150802980048B1039B3A460093314623462846FFF75A
S31508029810F4FC05B0F0BD42F62930FFF78FFBB042E3
S3150802982020D1039830B903A8FAF708FA00230D24C1
S315080298302B77D5E7FAF78EFA80B20128F3D1039B84
S3150802984028469A791344197BFFF778F8044603A841
S31508029850FAF7F4F900232B77002CC1D12846FEF734
S3150802986053FBD6E7224631462846039BFFF799FA69
S315080298700446EFE72DE9FF410392042204460D460A
S31508029880FFF785F9074628B103A8FAF7D7F904B00E
S31508029890BDE8F0814FF05208039A284693790333BC
S315080298A0937184F81C80FFF7E3F8064640B1039BE0
S315080298B04246009329463B462046FFF79EFCE6E7CA
S315080298C042F62930FFF73AFBA842039B0BD19A7955
S315080298D020461344197BFFF731F803A8FAF7AEF9C5
S315080298E000232377D3E7324629462046FFF759FA5B
S315080298F0F6E72DE9FF418B7904460C330B44B3F89E
S3150802990001700E463846B3F80380FFF799F8002827
S3150802991058D0022239462046FFF739F90546E8B9F2
S315080299203846FFF7A5F868B116222277B379394681
S315080299300533B371204643460096FFF75EFC04B032
S31508029940BDE8F081E1F7FCF833461B680135EDB254
S31508029950002BFAD10635A8421DDC092504F144007C
S31508029960FAF76CF92B463A46162120460096FEF778
S3150802997088FA092DE3D1204650F80C3B40F20551EE
S3150802998093F8703002AA8DF8083041F2091303934E
S3150802999003F0C0FBD3E701213046FAF7E3FB0146A1
S315080299A00028DAD004F14400FAF736FAB3794246C7
S315080299B00533B37139463346204604B0BDE8F04153
S315080299C0FEF7B1BA0125C9E713B5044641B94430D1
S315080299D0FAF734F9204602B0BDE81040FEF7CDBAD0
S315080299E018224369027713F0080306D000231946A2
S315080299F00093FFF702FC02B010BD1A46194602B0E0
S31508029A00BDE81040FFF713BC7FB5C58B04462DB3DE
S31508029A1042F60520FFF792FAA84207D1002120460E
S31508029A20FEF76DFF636923F001036361002640F2C6
S31508029A300A412046FEF7A6FE29460DF10E022046E9
S31508029A40ADF80E60FFF774F8BDF80E2003460092D3
S31508029A50294602222046FFF79AFEE68304B070BD25
S31508029A602DE9F047DDF820900E4690461F4604463B
S31508029A7018B941F20110BDE8F0870846FEF7E0FF83
S31508029A800028F6D06589033DADB2AF4209D83B46F8
S31508029A90424631462046CDF82090BDE8F047FFF70A
S31508029AA078BC4920E7E72DE9F041054688B042F639
S31508029AB00520FFF743FA064604A8E9F7F9FA102241
S31508029AC005F121010DEB0200F9F7B8FD50B10121AC
S31508029AD02846FEF714FF2846FFF7E9FA6B6923F0D2
S31508029AE001036B6142F60303022003A9ADF80C30A9
S31508029AF0E9F724FC012407464FF0000820463A46B7
S31508029B004FF6FF71FFF7DFF9044610B908B0BDE852
S31508029B10F081FEF795FF0134A4B20028EED0A642E2
S31508029B2003D131462846E9F72DFD214628460DF18F
S31508029B300E02ADF80E80FEF7FBFF03460028DDD0C5
S31508029B40BDF80E202146009228460122FFF71FFE85
S31508029B50D4E708B5E9F79AFA0020EAF74DF90020A2
S31508029B6008BD10B5044680691430FAF767F8A0698B
S31508029B70BDE810401830FAF761B82DE9F0410F46F2
S31508029B80144605461E46FFF7ECFF23463A460821C9
S31508029B900020D5F81880FAF7ABFBAA69C8F81400B2
S31508029BA0536923B1002054811682BDE8F0811A2038
S31508029BB0FBE770B504460846FAF7CCF8A16986B2FF
S31508029BC08A894D8912B1521B96420CDA6389581E4C
S31508029BD080B225B90A78082A04BF043B98B2831BC7
S31508029BE05842584170BD0020FCE730B5044654F887
S31508029BF00C0B8DB09DF8405090F8700042EA014275
S31508029C008DF804001946029203A82A460795F9F721
S31508029C1047FD40F20241204601AA03F07BFA0DB045
S31508029C2030BD10B550F80C4B86B094F87040ADF8BC
S31508029C300E10ADF8102040F2064103AA01938DF8E2
S31508029C400C40059303F066FA10B901A8F9F7F6FF76
S31508029C5006B010BD37B504460D46FFF782FF20460B
S31508029C6040F20941FEF78EFD00222046A36940F222
S31508029C7007411A7050F80C3B6A4693F87030019502
S31508029C808DF8003003F046FA03B030BD13B50191E2
S31508029C900021044602F0C1FA0422002320460DEBF5
S31508029CA00201FFF76AFF02B010BDF0B504460F467F
S31508029CB01E46154685B052B983691B78072B30D0E4
S31508029CC0082B14BF15460925002E18BF0D250A981C
S31508029CD0FAF740F8A3699A894AB15B8981B2D21A1E
S31508029CE0914204DD92B2891A0AA8FAF7D5F82046F3
S31508029CF050F80C3B40F2054193F8703001AA8DF8F2
S31508029D0004300A9BADF806708DF80850ADF80A6063
S31508029D10039303F0FFF910B90AA8F9F78FFF05B004
S31508029D20F0BD0B25D0E7B0F80AC02DE9F041ACF139
S31508029D30020C9C4505460E4617461C4603DDBDE841
S31508029D40F04102F017BA836922461981002339467F
S31508029D50FFF713FF044658B9AB690246314628464F
S31508029D600E3302F020FA044610B12846FFF7F9FE30
S31508029D702046BDE8F0812DE9F043202A8FB005463A
S31508029D8017461C4603910BD941F20414214628466C
S31508029D90FFF760FF03A8F9F751FF0FB0BDE8F0839C
S31508029DA0002B46D10846A2F10608F9F7D3FF4FF66B
S31508029DB0FF765FFA88F81FFA80F94C4510D3AB692B
S31508029DC0DA88B24239D942F60203ADF814300223D0
S31508029DD0711C0093284605AB89B202F074F925E096
S31508029DE023463A46039906A8F9F717FFAB69BDF861
S31508029DF018609A88B242C7D8DA88B242C4D3BDF884
S31508029E001A10BDF81C20B8F1000F09D02846CDF863
S31508029E1000800DF11E033C44FFF7E7FEA4B2CCE72F
S31508029E2028469E8019815A8102F066F9044600285E
S31508029E30B0D041F20A139C42A8D10024A6E72DE924
S31508029E40F0471C4696B0836901921B780646062B94
S31508029E5003D0112B60D001A81CE00129104614BFBB
S31508029E604FF010084FF002080392002C4CD1F9F774
S31508029E7071FF4FF6FF7508F1020987B2A7420ED89D
S31508029E80B369DA88AA4237D8002421463046FFF752
S31508029E90E1FE03A8F9F7D2FE16B0BDE8F08723461D
S31508029EA04A46039904A8F9F7B8FEB369BDF81050F3
S31508029EB09A88AA422DD8DB88AB422AD39DF813305A
S31508029EC0282BE1D0B2465AF80C3B424693F870303A
S31508029ED00DF112010DA88DF83030ADF83250CDF8DB
S31508029EE044804C44F9F7DCFB40F2044150460CAA84
S31508029EF003F010F9A4B2C1E7691C304689B202F030
S31508029F00B2F804460028C4D041F20A139C42BBD0D8
S31508029F10BBE741F20414B8E70129104614BF122719
S31508029F200427049284BBF9F715FF42F602184FF686
S31508029F30FF7185B2A5420DD8B369DB888B4221D958
S31508029F4001314FF6FF72304689B202F08CF80446A8
S31508029F50A0B119E023463A4604990CA8F9F75DFE22
S31508029F60BDF83220BDF8301042459DF8333007D18E
S31508029F70B269022330460A32FFF7D5FE04A889E7FA
S31508029F80282B06D141F20A1421463046FFF762FE13
S31508029F90F4E73C44A4B2CDE7F0B5836987B00391F0
S31508029FA01B780546022B144653D108460491002A0B
S31508029FB047D1F9F7CFFE4FF6FF7687B2A7420DD8FB
S31508029FC0A869C288B2422BD8002421462846FFF740
S31508029FD041FE04A8F9F732FE07B0F0BD042204993F
S31508029FE0234605A8F9F719FEAA69BDF81410908840
S31508029FF0BDF81660814229D3D388994226D886426B
S3150802A00024D39E4222D85069927A837904340C3337
S3150802A0100092034432462846FFF7E7FDA4B2CDE78D
S3150802A02043694089711C0190987989B20C300344BE
S3150802A030009328464FF4205302F029F804460028D4
S3150802A040C7D041F20A139C42BFD1BDE741F20414BC
S3150802A050BBE703A8BEE7F0B587B0054617461C4618
S3150802A060039153B9FFF7A5FD38B1012322462846C5
S3150802A070039900F084F807B0F0BDA9690B78082B9C
S3150802A08005D8062B44D8032B0FD003A83DE00F2B87
S3150802A090FBD1039B0593002C6DD1002B6BD0224676
S3150802A0A028460989FFF7BDFD59E00398059018B3BC
S3150802A0B0ECB9102683794A890C3309890344009638
S3150802A0C02846FFF792FDAB699988DA88914217D23A
S3150802A0D042F60203ADF810300223013100932846F6
S3150802A0E00DEB060389B201F0EEFF044660B141F2B8
S3150802A0F00A139C4204D101E0002CF8D141F21F0454
S3150802A10021462846FFF7A6FD05A8F9F797FDB2E707
S3150802A110039805907CBB70B3F9F71CFE0FB386B2A1
S3150802A120B7421ED2394605A8F9F7F0FF38B905A88D
S3150802A130F9F784FD1A212846FFF78CFD9BE78379F8
S3150802A140F61BC218023391898371AB6900225B89B7
S3150802A150B6B200902846FFF7A8FDB742E2D92146D3
S3150802A160E9E7AA69284653891189059A00920022C5
S3150802A170FFF79BFDF3E705A8F9F760FDEFE7F0B5F2
S3150802A18085B006461F461446039132BB0846F9F7C0
S3150802A190E1FD054608B3B1690B784A89082B0BD845
S3150802A1A0062B0BD9039B0989304600931346224690
S3150802A1B0FFF77BFD039401E00F2B19D0B1694B8998
S3150802A1C0EA1892B2B2F5007F4A8117D82FB1304603
S3150802A1D0098901F0A2FF044628B100222346114646
S3150802A1E03046FFF738FF03A8F9F728FD05B0F0BD9A
S3150802A1F03046039B0989FFF714FDDBE741F2041495
S3150802A200EBE773B5836901911B780446082B15465B
S3150802A2100ED8062B0ED9019E20463146FFF7C9FCF9
S3150802A2202A46034631462046FFF7A9FF02B070BD0B
S3150802A2300F2BF0D001A8F9F701FDF7E730B58369CE
S3150802A24087B003911B780546092B144611D105914F
S3150802A2505AB9134600910F222146FFF726FD2146D9
S3150802A2602846FFF7F7FC07B030BD05A8F9F7E6FC64
S3150802A270F5E703A8F9F7E2FCF5E770B5836986B056
S3150802A28003911B7805460A2B144631D1059132BB38
S3150802A2900598F9F75FFD08B9044620E00023022273
S3150802A2A005A90DF11200F9F7C2FC012815D9BDF866
S3150802A2B0126096B10598F9F74DFD86420FD8BDF89A
S3150802A2C0121005A8F9F722FF48B1002300902122AF
S3150802A2D019462846FFF7E9FCDAE741F20D1405A804
S3150802A2E0F9F7ACFC21462846FFF7B4FC06B070BD68
S3150802A2F003A8F9F7A3FCF9E72DE9F04F87699FB0A0
S3150802A30003913F780546052F16461C4604D8032FA7
S3150802A31016D810D003A867E0082FFBD10846139178
S3150802A320002B00F0C28013A8F9F788FC21462846BC
S3150802A330FFF790FC01E0FFF71EFD1FB0BDE8F08FA6
S3150802A340202A0846049148D8002B40F0A880571FB7
S3150802A350F9F700FD4FF6FF78FFB21FFA80FA0DF102
S3150802A3601C0BA24506D8AB69DA88424500F28780FB
S3150802A370002434E02346324604990BA8F9F74DFC2B
S3150802A380AB69BDF82C809A88424526D8DA884245B8
S3150802A39023D35969F1B9A94659F80C1BBDF82F20E0
S3150802A3A091F870109DF82E308DF84C10ADF84E20AD
S3150802A3B00DF131013A4615A88DF850301997F9F77B
S3150802A3C06FF940F20341484613AA02F0A3FE344449
S3150802A3D0A4B2C6E75A89102A09D941F204142146B9
S3150802A3E02846FFF737FC04A8F9F728FCA5E7002357
S3150802A3F05846F9F712FCAB690DF13101102FCDE978
S3150802A400051B93F80A902BD1B9F1020F34D105A88E
S3150802A410E8F77AFF0228DAD14A46DDE90510F9F7A4
S3150802A4200DF90028D3D12B4653F80C0BBDF82F1083
S3150802A43090F870009DF82E208DF84C00ADF84E105D
S3150802A4408DF8502059464A4615A80293CDF86490CD
S3150802A450F9F726F9029B40F20341184613AAB4E714
S3150802A460022F09D1B9F1100F06D106A8E8F74CFF59
S3150802A4700228ACD13A46D0E73A465846CFE742F6E2
S3150802A4800303ADF84C30022308F101010093284674
S3150802A49013AB89B201F017FE04460028A3D041F295
S3150802A4A00A139C423FF464AF99E759B90021002385
S3150802A4B0AA69284693815381118113993246FFF777
S3150802A4C0CAFD3AE7F9F746FC16B180B28642EDD1E3
S3150802A4D0139A9379D118023389899371E7E72DE99B
S3150802A4E0F0431C468FB0836903911B780546012BFE
S3150802A4F017465BD108460591F9F72CFC202F0BD994
S3150802A50041F2041421462846FFF7A4FB05A8F9F7E9
S3150802A51095FB0FB0BDE8F083002C42D10598F9F7F8
S3150802A52019FC4FF6FF76A7F104081FFA88F81FFAF6
S3150802A53080F95FFA88F8A14505D8AB69DA88B2428C
S3150802A54020D80024DEE723463A46059906A8F9F7F5
S3150802A55064FBAB69BDF818109A88BDF81A60914277
S3150802A560CED3DB889942CBD89642C9D39E42C7D866
S3150802A57032462846CDF8008007AB3C44FFF735FB48
S3150802A580A4B2D8E74FF42053ADF810300223711C59
S3150802A5900093284604AB89B201F0D3FD044600288D
S3150802A5A0B4D041F20A139C42CBD0ABE703A8AEE77C
S3150802A5B083691B780B2B02D0103B012B01D8FFF7BE
S3150802A5C049BB7047F0B585B00193836917461A7877
S3150802A5D004460B3A0A9E072A42D8DFE802F00441EB
S3150802A5E030414104412901980390F9F7B3FB85B23A
S3150802A5F003A8F9F723FB26B131462046FFF746FBA7
S3150802A6000FE0A1697A194B8992B293420BD90A8251
S3150802A61001F10E032046098901F0C5FD014600280D
S3150802A620EBD105B0F0BD0121204601F0F6FDF5E7B4
S3150802A6302EB91A8A0198BA420BD04FF48166019B49
S3150802A64003A80393F9F7FAFA31462046FFF702FB05
S3150802A650E7E7DA895969F9F788FB0028EDD1EEE7C9
S3150802A66001A8F9F7EBFADCE738B5826904461378EC
S3150802A6700D460E2B12D0102B01D00B2B12D153697B
S3150802A68033B1997902F114000B44DD68F9F7D6FA69
S3150802A69029462046BDE83840FFF78ABFBDE838405C
S3150802A6A0FFF7D8BA38BD07B5002300921B22FFF779
S3150802A6B0FCFA03B05DF804FB07B58369598000927A
S3150802A6C000231D22FFF7F1FA03B05DF804FB08B573
S3150802A6D000F04EF8407940F4805008BD08B500F005
S3150802A6E047F8407940F4805008BD70B506460D46D5
S3150802A6F01446E1F7D3FB4379C57523F0030343F008
S3150802A7000303437140F60943C380A0F8156020602D
S3150802A710153070BD13B50C4601AAFFF7E6FF019B7B
S3150802A720DA791444DC7102B010BD73B506461046D8
S3150802A7300C461546F9F70EFB211801AA3046C9B28E
S3150802A740FFF7D3FF019B0646DA791444DC712B46E0
S3150802A75033B901A82946F9F75FFB304602B070BD46
S3150802A7605C7924F0030444F002045C711B68EFE789
S3150802A77008B5E1F799FB83790C33184408BD08B587
S3150802A780FFF7F6FF407940F4805008BD4B88052B49
S3150802A79005D108880E288CBF0020012070470020AA
S3150802A7A07047F8B505460F46164604210A220020C8
S3150802A7B0F9F7D0FC0246B8B1847905210C3403199D
S3150802A7C04FF0060C00209970D87002F804C01324C2
S3150802A7D01C7102245F715870D8719C7128461E81BB
S3150802A7E0BDE8F840E9F730BDF8BD73B50546104631
S3150802A7F001920C46F9F7AEFA042186B20198F9F7E6
S3150802A800ECFB024628B901A8F9F718FA1A2002B091
S3150802A81070BD837901900C33C1184C80C65221460B
S3150802A8202846E9F711FD0020F1E72DE9F041064631
S3150802A8308846174604210A220020F9F78BFC0246AD
S3150802A840B8B1857900240C3543190521062099707B
S3150802A850DC7050550120187102205C70987183F8DB
S3150802A86005803046DC711F81E9F7EEFC2046BDE81B
S3150802A870F0811A20FBE7002070470020704707B5D1
S3150802A88001A80192F9F7DAF903B05DF804FB7047FB
S3150802A890002070470F2070470F2070477047EAF76D
S3150802A8A099BBEAF7B1BBEAF7B9BB10B588B0E7F7C7
S3150802A8B099FC0446002847D090F87200022845D130
S3150802A8C0A36813F4407F2AD094F87330012B2FD152
S3150802A8D094F97500E6F726FF10B9A368DB0527D5B4
S3150802A8E094F8743013F0010322D1CDE90133CDE98E
S3150802A8F00433CDE90633ADF80C30A36813F4807F30
S3150802A90001AB0ED0A06AE16A228E03C31A802046E2
S3150802A910BDF8042004AB0DF10601E9F71FFC08B0E7
S3150802A92010BD0A22022194F97500FDF7CEF9EEE769
S3150802A930002345F217021946204600F06BF9B0FAD1
S3150802A94080F040094000EAE72120E8E70220E6E72E
S3150802A95038B545F21B020C460B460021054600F0A7
S3150802A96059F930B92CB121462846BDE83840E9F7ED
S3150802A970A9BF38BD00F070B901F0E6BA01F0EFBA26
S3150802A98010B504464C30FDF799F984F8750020464F
S3150802A990BDE8104001F0B3BA10B50446FDF752F906
S3150802A9A001280DD094F8733094F97000012B14BF66
S3150802A9B00521032184F83210BDE8104001F03FBB9F
S3150802A9C0A36843F40073A36010BD00F077B910B50D
S3150802A9D00446B0F80300E7F7F7FB30B1B4F80D10F8
S3150802A9E0621DBDE8104000F0CFB910BD10B504468F
S3150802A9F0B0F80300E7F7E8FB40B1B4F80D1004F12C
S3150802AA000F03621DBDE8104000F0C1B910BDCB04AA
S3150802AA1048BF41F480618160704710B50446006CF6
S3150802AA2030B94FF4B070F9F778FC206420B910BD3C
S3150802AA304FF4B07102F095FBFF23226C82F85E3167
S3150802AA40A3681B0603D5C02301201370EFE794F809
S3150802AA507330012B14BF80234023F5E708B5D0B223
S3150802AA60E7F7C0FB28B190F8773003F07F0380F848
S3150802AA707730012008BD10B5044645F21A0102F0E6
S3150802AA80DCFA2046BDE8104047F23053002245F270
S3150802AA901A01F5F7B7B810B50A4604460821002088
S3150802AAA0F9F758FB10B1837903441C7310BD38B506
S3150802AAB005460C460D201121FFF7EDFF024688B127
S3150802AAC02146837903440D3304F1100051F8044BEF
S3150802AAD0814243F8044BF9D12846BDE8384006219D
S3150802AAE0FFF783BE38BD38B505460C46042011214A
S3150802AAF0FFF7D1FF024688B12146837903440D3315
S3150802AB0004F1100051F8044B814243F8044BF9D181
S3150802AB102846BDE838400621FFF767BE38BD38B576
S3150802AB2005460C4603201121FFF7B5FF024688B1F8
S3150802AB302146837903440D3304F1100051F8044B7E
S3150802AB40814243F8044BF9D12846BDE8384006212C
S3150802AB50FFF74BBE38BD37B5002205460821104619
S3150802AB60F9F7F8FA0446C0B10C2301220DF10701E0
S3150802AB708DF80730F9F78FFB296C202251312046D0
S3150802AB80F9F789FB296C202271312046F9F783FBF4
S3150802AB90224606212846FFF728FE03B030BD036C7D
S3150802ABA04BB983681B0608D490F87330012B14BF7F
S3150802ABB080204020704718787047C020704770B5CB
S3150802ABC00446FFF7ECFFEAF7A1F90D460346002211
S3150802ABD045F2010120469847236C03B11D702846A9
S3150802ABE0EAF794F94FF4A041034600222046BDE84D
S3150802ABF07040184770B51546044648B1FFF7CFFFAF
S3150802AC00EAF784F92A4603462046BDE87040184703
S3150802AC10022070BD114608B51A4621F00041FFF719
S3150802AC20E9FFB0FA80F0400908BD08B50B460146AF
S3150802AC301846F5F7C1F8003818BF012008BD10B547
S3150802AC400446006838B11A2102F08BFA2068F9F72F
S3150802AC5069FB0023236010BD30B58BB00D46002278
S3150802AC6001A9C0B2E9F770FF044620BB01460D22CE
S3150802AC700DF10B00F8F70CFDB5F803206B79ADF86A
S3150802AC80082006A9019A02A88DF80A30E9F79EFF5C
S3150802AC9040F20343BDF81820002818BF1C469DF849
S3150802ACA01A30102102A82A80AB7002F05AFA102133
S3150802ACB006A802F056FA20460BB030BD10B5044677
S3150802ACC0E9F7A8FE04F13400FFF7B9FFA3685A06AC
S3150802ACD006D523F0400300212046A360E9F78EF942
S3150802ACE0236C63B1D3F89400F7F728FB0421206C90
S3150802ACF002F037FA206CF9F715FB0023236410BD1E
S3150802AD00F7B50D4669461646E9F71EFF044698B991
S3150802AD1029461022009801ABF7F77BFB074610215C
S3150802AD20284602F010FA2FB11021284602F019FA25
S3150802AD3040F2074406B13760204603B0F0BD38B585
S3150802AD400446C51C03212846FFF76FFFC8B9E278F7
S3150802AD5063797AB922791A43F4D003F07F0343F070
S3150802AD60400363715323A3712146BDE83840FF208F
S3150802AD70FFF772BFFF2AF0D122791A40FF2AE1D0E3
S3150802AD80EBE740F2074038BD0021E9F737B9F8B5D5
S3150802AD901D46836804465B060F4616462DD41A20BE
S3150802ADA0F9F7BBFA0146606320B92046BDE8F840C8
S3150802ADB0E9F724B9034623F8027B326805F1100144
S3150802ADC0C0F8022072685A602A46636B0A3352F840
S3150802ADD0040B8A4243F8040BF9D11021284602F0E3
S3150802ADE0C0F9A36843F0400213F4407FA26004D07E
S3150802ADF02046BDE8F840EAF74BB9F8BD38B504462F
S3150802AE000D4605200221FFF746FE0246B8B18379B0
S3150802AE10062103445D732046FFF7E7FC45F490518B
S3150802AE202046E9F74FFD94F873302046012B18BFE8
S3150802AE308021BDE8384008BF4021FFF7C0BE38BDB3
S3150802AE40B1F5A04F70B504460D4616460AD045F22E
S3150802AE500603994218D0324629462046BDE8704074
S3150802AE60EAF7ECBA836843F08003836090F873309C
S3150802AE70012B14BF80204020EAF748F80022034637
S3150802AE802046BDE87040184793791344597C41F42B
S3150802AE909051E9F717FDDEE72DE9F04196B0154620
S3150802AEA005AA1C4606460B4690461D9F01F1200E32
S3150802AEB09446186859680833ACE803007345624635
S3150802AEC0F6D12021404602F03EF90DAB2A469C46B1
S3150802AED005F1200E1D4610685168083203C57245F1
S3150802AEE02B46F7D12021604602F02DF9AEB3336C1A
S3150802AEF093F85D31013B022B2FD89DF8703043F051
S3150802AF00800301AA8DF854301546234604F1100C25
S3150802AF10144618685968083303C463452246F7D1AC
S3150802AF201021284602F00FF93B464122414628469F
S3150802AF30E9F7FAFE04461021284602F012F94121E1
S3150802AF40404602F00EF954B11EB108213046FFF709
S3150802AF5055FF204616B0BDE8F0810023D1E710213F
S3150802AF60384602F0F0F8002EF3D0224645F21101D7
S3150802AF703046FFF73FFEECE72DE9F34790F873807A
S3150802AF800446B8F1010F056C04D195F85031002B2F
S3150802AF9040F0A88095F85C3195F85191032B00F2A0
S3150802AFA0ED80DFE803F00283ACD019F0010F78D008
S3150802AFB011210620FFF76FFD8246002800F09280D5
S3150802AFC0877910210C3707447E1C3046FFF72DFE81
S3150802AFD0014658B120460821FFF710FF002140F22A
S3150802AFE0074002B0BDE8F047E9F78ABCA07CC0F189
S3150802AFF010023044F8F74CFBFCF724FE012895F9B9
S3150802B0005E010BD132460521E6F7AAFB10B30821E9
S3150802B010204602B0BDE8F047FFF7F0BE33461022DD
S3150802B0200521FCF711FE28B1002140F21B40E9F781
S3150802B03067FCECE7B8F1010F0CD004F118031137DD
S3150802B04056F8042BBE4243F8042BF9D1A36843F4FD
S3150802B0508073A360524606212046FFF7C6FB0B21E2
S3150802B0600720FFF718FD074600283BD0867995F991
S3150802B0705E310C36064443F43F430821A6F80130F4
S3150802B080F01CFFF7D2FD0A22042195F95E01731C12
S3150802B090FCF7DAFD0028C7D13A4606212046FFF713
S3150802B0A0A4FB95F85C31013385F85C3119F0020F7F
S3150802B0B020D011210820FFF7EEFC064690B10023A6
S3150802B0C0817901AA01440D31FF200193FFF718FE89
S3150802B0D058B108212046FFF791FE40F20740019930
S3150802B0E0E9F70EFC02B0BDE8F08732460621204693
S3150802B0F0FFF77BFB95F85C31013385F85C3119F073
S3150802B100020F1BD008210920FFF7C5FC07460028B5
S3150802B110E8D086790C360644E7F7F6FD83793A468F
S3150802B12083F00803C3F3C003737003680621C6F8E5
S3150802B130023083882046F380FFF757FB95F85C3187
S3150802B140013385F85C3119F0040F12D011210A2057
S3150802B150FFF7A1FC06460028C4D0807910223044A5
S3150802B160AB210D30F8F794FA324606212046FFF74E
S3150802B1703CFB95F85C31013385F85C31B8F1010F77
S3150802B18008D0236C93F85031002BABD195F85C317B
S3150802B190042BA7D1A36C10220B2195F95E0131333A
S3150802B1A0FCF752FD78B140F21B412046E9F78AFBCB
S3150802B1B0B8F1010F14BF80214021204602B0BDE834
S3150802B1C0F047FFF7FCBCA36C01220C2195F95E013E
S3150802B1D02033FCF739FD0028E5D1A36C10220D2196
S3150802B1E095F95E012133FCF72FFD0028DBD10822F1
S3150802B1F095F95E01114604F11003FCF725FD0028B6
S3150802B200D1D1236C93F85E2184F87520FF2283F846
S3150802B2105E21FCF717FD012818BFA36820461CBF4C
S3150802B22043F48073A360E9F725FBC1E7EAF764B93B
S3150802B23070B5B1F5A04F0446154688B077D045F2E9
S3150802B2401B06B14240F00A8190F87430DB0766D5D6
S3150802B250056CB5F850312BB14C21FFF7B0FC002034
S3150802B26008B070BDD5F858315E0747D5AB79D8070F
S3150802B27044D56B7BD90741D5A36C10220B2195F9CE
S3150802B2805E013133FCF7E0FC38B140F21B4120463F
S3150802B290E9F718FB40F21B40E2E7A36C206C012297
S3150802B2A00C2190F95E012033FCF7CEFC0028ECD184
S3150802B2B0A36C206C10220D2190F95E012133FCF754
S3150802B2C0C3FC0028E1D10822206C114690F95E01E0
S3150802B2D004F11003FCF7B8FC0028D6D1236C93F8C6
S3150802B2E05E2184F87520FF2283F85E2120464021DC
S3150802B2F0FFF765FC2046E9F7BDFAB0E705F598734E
S3150802B30004F1180205F5A07553F8041BAB4242F87E
S3150802B310041BF9D1A36843F48073A360E6E74021CE
S3150802B320FFF74DFC29462046E9F7CCFA97E7036C66
S3150802B330D3F8582112F0040255D00022CDE9012291
S3150802B340ADF80C209A79D2073FD55B7BDB073CD553
S3150802B350FCF778FC0128206C0CD100F598720321C1
S3150802B36090F95E01E6F7FCF978B308212046FFF763
S3150802B37045FD8FE700F598731022032190F95E01C7
S3150802B380FCF762FC28B1002140F21B40E9F7B8FA43
S3150802B390EBE7206C102200F59873052190F95E01FF
S3150802B3A0FCF752FC0028EED1236C04F1180103F5D0
S3150802B3B0987203F5A07352F8040B9A4241F8040BEB
S3150802B3C0F9D1A36843F48073A3600023BDF804206F
S3150802B3D0CDE90433CDE906330DF1060104AB204667
S3150802B3E0E8F7BCFE3BE7D3F8B810C3F8D010D3F899
S3150802B3F0BC100092C3F8D410006C694600F5987028
S3150802B400E9F740FC48B10098F6F798FF204608216C
S3150802B410FFF7F4FC40F2074022E7206C009A00F599
S3150802B4209871C830E9F7D2FB05460028EBD1009897
S3150802B430F6F784FF236CA07C03F59873C0F110021B
S3150802B44029461844F8F724F92A46CDE90155CDE9E3
S3150802B4500455CDE9065504AB01A9C0E708B0BDE815
S3150802B4607040E9F7EBBF2DE9F04796B01D46DDE9D6
S3150802B470229705AB06460C469E46DDF8908002F1F9
S3150802B480100A9C46106851680832ACE80300524517
S3150802B4906346F6D17046102101F055FE09AA2B46DD
S3150802B4A0944605F1100E154618685968083303C5FF
S3150802B4B073452A46F7D16046102101F044FE0DAACB
S3150802B4C094461E9B03F1100E1546186859680833F0
S3150802B4D003C573452A46F7D16046102101F033FEAB
S3150802B4E09DF87C30D9F800008DF844309DF88030FC
S3150802B4F006218DF845309DF8843012908DF8463035
S3150802B50099F8063012A883F00803C3F3C0038DF82E
S3150802B5104730B9F80430ADF84C3001F014FEBB7967
S3150802B520062183F00803C3F3C0038DF84E303B6847
S3150802B5300DF14F00CDF84F30BB8804F11007ADF876
S3150802B540533001F000FE01AA234615461446186830
S3150802B5505968083303C4BB422246F7D1102128464C
S3150802B56001F0F1FD4346412205A92846E9F7DCFB2D
S3150802B57004461021284601F0F4FD412105A801F0F0
S3150802B580F0FD34B108213046FFF738FC16B0BDE8A5
S3150802B590F0874046102101F0D6FD224645F21301F6
S3150802B5A03046FFF727FBF1E72DE9F0419CB0154637
S3150802B5B008AA1C4606460B469046239F01F1200E12
S3150802B5C09446186859680833ACE80300734562461E
S3150802B5D0F6D12021404601F0B6FD10AB2A469C461C
S3150802B5E005F1200E1D4610685168083203C57245DA
S3150802B5F02B46F7D16046202101F0A5FD18AA9446EC
S3150802B600229B03F1100E154618685968083303C5BC
S3150802B61073452A46F7D16046102101F094FD04AA23
S3150802B6202346154604F1100C14461868596808335F
S3150802B63003C463452246F7D11021284601F083FD4B
S3150802B6406B46502241462846E9F76EFB044610210E
S3150802B650284601F086FD5021404601F082FD34B1AC
S3150802B66008213046FFF7CAFB1CB0BDE8F081039BF0
S3150802B67038463B60042101F066FD6846102101F058
S3150802B68070FD224645F214013046FFF7B3FAEBE79E
S3150802B6902DE9F3411D46089B04468846164690F84E
S3150802B6A073705BB110211046FFF7BFFA30B108215B
S3150802B6B0204602B0BDE8F041FFF7A0BB236C013E6D
S3150802B6C0691E03F1100013F8012F16F801CF834201
S3150802B6D082EA0C0201F8012FF5D10022404601A99F
S3150802B6E00192E9F7CFFA48B10198F6F727FE082141
S3150802B6F02046FFF783FB02B0BDE8F08129462846BB
S3150802B700019AE9F763FA0028EED1022F0CBF00234B
S3150802B710062304F159022B4404F15F0012F8016F63
S3150802B7201978904281EA060103F8011BF6D1022F25
S3150802B73014BF0023062304F152022B4404F15800D5
S3150802B74012F8016F1978904281EA060103F8011B83
S3150802B750F6D129462846019AE9F738FA05460198A4
S3150802B760002DC2D1F6F7EAFD2A4645F21001204617
S3150802B770FFF740FABFE773B545F20406B14204463D
S3150802B78015460DD045F21006B14222D0B1F5A04FAA
S3150802B79038D1FFF770F9236CD3F85831D90720D579
S3150802B7A0236CD3F85821D2070BD4AA7998330C32D2
S3150802B7B015446A1D153552F8041BAA4243F8041BA0
S3150802B7C0F9D1216CD1F8583113F004030CD0832136
S3150802B7D004E0016CA831FFF7A2F985212046FFF79C
S3150802B7E0EEF9002002B070BD81F85C31012301F147
S3150802B7F0B8020093204601F1A80301F59871FFF7F4
S3150802B80047FFEEE702B0BDE87040E9F717BE45F21A
S3150802B8101003F0B59942044685B000F087800CD82B
S3150802B820B1F5A04F1CD045F2050399421DD020461A
S3150802B83005B0BDE8F040E9F701BE45F211039942A9
S3150802B84000F08D8045F212039942F0D1036C93F809
S3150802B8505D31042B40F2B380052B03D148217BE0EE
S3150802B860FFF709F9002005B0F0BD9179036C0C3198
S3150802B8700A44511DB833153251F8040B914243F864
S3150802B880040BF9D1256C102205F1C80705F1B80693
S3150802B89031463846F7F7D2FE20B904212046FFF78B
S3150802B8A0ADFADFE7D5F8583113F0040332D095F82C
S3150802B8B05D31042B13D105F1F803039305F598734B
S3150802B8C0029304F15303019304F15A0300933A468F
S3150802B8D03346204605F1D801EAF764F8C2E705F5CA
S3150802B8E0A07005F1110105F1510201900BB1052B6A
S3150802B8F006D10023009320463346FFF7CDFAB1E777
S3150802B90095F85C01D5F82C31C34003F0010343F0E6
S3150802B9108003EFE785F85C3132460093204605F549
S3150802B920A07305F59871FFF7B3FE9BE7056C102225
S3150802B93005F1A80105F5A070F7F780FE0028ACD13D
S3150802B9404B21D5F858319B0742BF94F8743043F01F
S3150802B950020384F874302046FFF731F982E7056C52
S3150802B960102205F1A80105F5A070F7F767FE002871
S3150802B97093D195F85D31013B022B0FD895F85C31CE
S3150802B9800133DBB2142B85F85C3107D0D5F8583170
S3150802B990432123F00103C5F85831DCE705F1F80322
S3150802B9A0039305F59873029304F15303019304F183
S3150802B9B05A03009305F1C80205F1B80389E749213C
S3150802B9C0CAE7B1F5A04F70B50446154607D045F249
S3150802B9D00406B1420CD0BDE87040E9F72FBDFFF767
S3150802B9E04AF8236CD3F85831D90701D4002070BD20
S3150802B9F0236CD3F85821D20718D4AA79A8330C3263
S3150802BA0015446A1D153552F8041BAA4243F8041B4D
S3150802BA10F9D1206C102200F1A8019830F7F70EFE32
S3150802BA2020B904212046FFF7E9F9DFE7206C102147
S3150802BA30C830FFF7FAF858B108212046FFF7DEF9B1
S3150802BA4040F207400021E8F75BFF40F20740CEE7E5
S3150802BA50216C2046C831FFF746F847212046FFF7F2
S3150802BA60AEF8C3E7B1F5A04F70B50346144607D042
S3150802BA7045F21806B14207D0BDE87040E9F7DEBCC8
S3150802BA80FEF7F9FF002070BD1268551C03D101218B
S3150802BA90FFF7B4F9F6E7016CD1F85801400743BF3E
S3150802BAA0002281F85C212268C1F8302148BFC1F81A
S3150802BAB02C2118464321FFF782F8E3E7B1F5A04F98
S3150802BAC070B51346044607D045F20406B14207D0BC
S3150802BAD0BDE87040E9F7B2BCFEF7CDFF002070BDA5
S3150802BAE09979026C0C310B44591DA832153351F859
S3150802BAF0040B994242F8040BF9D1256C102205F180
S3150802BB00A80105F19800F7F799FD20B90421204606
S3150802BB10FFF774F9E2E7204605F1C801FEF7E3FFED
S3150802BB2047212046FFF74BF8D8E7B1F5A04F13B5E2
S3150802BB3004460ED0A1F5A043103B012B45D8016C53
S3150802BB409831FEF7ECFF44212046FFF738F800202B
S3150802BB5017E0016CD1F8583101F1C80213F0040359
S3150802BB6028D010211046FFF760F860B10821204658
S3150802BB70FFF744F940F207400021E8F7C1FE40F218
S3150802BB80074002B010BD216C204601F198030193CB
S3150802BB9091F85C21D1F82C31D34003F0010343F02C
S3150802BBA08003009301F1110201F1C8035131FFF735
S3150802BBB073F9CCE781F85C310123009301F198030C
S3150802BBC001F59871FFF764FDC1E702B0BDE81040C0
S3150802BBD0E9F734BCB1F5A04F73B50446154677D0DC
S3150802BBE045F21B06B14240F0F68090F87430DB0746
S3150802BBF066D5056CB5F850312BB18921FEF7DFFF02
S3150802BC00002002B070BDD5F858315E0747D5AB792A
S3150802BC10D80744D56B7BD90741D5A36C10220B21D3
S3150802BC2095F95E013133FCF70FF838B140F21B4142
S3150802BC302046E8F747FE40F21B40E2E7A36C206C79
S3150802BC4001220C2190F95E012033FBF7FDFF002843
S3150802BC50ECD1A36C206C10220D2190F95E012133E0
S3150802BC60FBF7F2FF0028E1D10822206C114690F971
S3150802BC705E0104F11003FBF7E7FF0028D6D1236C17
S3150802BC8093F85E2184F87520FF2283F85E21204608
S3150802BC908021FEF794FF2046E8F7ECFDB0E705F5AC
S3150802BCA0987304F1180205F5A07553F8041BAB4204
S3150802BCB042F8041BF9D1A36843F48073A360E6E74C
S3150802BCC08021FEF77CFF29462046E8F7FBFD97E729
S3150802BCD0036CD3F8582112F0040245D09A79D20798
S3150802BCE08ED55B7BDB078BD5FBF7ACFF0128206C77
S3150802BCF00ED100F59872032190F95E01E5F730FD41
S3150802BD0000283FF47DAF08212046FFF777F892E72F
S3150802BD1000F598731022032190F95E01FBF794FF50
S3150802BD2028B1002140F21B40E8F7EAFDEBE7206C58
S3150802BD30102200F59873052190F95E01FBF784FF3E
S3150802BD400028EED1236C04F1180103F5987203F565
S3150802BD50A07352F8040B9A4241F8040BF9D1A3686E
S3150802BD6043F48073A3604BE7D3F8B810C3F8D01036
S3150802BD70D3F8BC100192C3F8D410006C01A900F5DF
S3150802BD809870E8F77FFF48B10198F6F7D7FA204688
S3150802BD900821FFF733F840F2074032E7206C019A90
S3150802BDA000F59871C830E8F711FF05460198002D8D
S3150802BDB0EBD1F6F7C3FA236CA07C03F598732946F0
S3150802BDC0C0F110021844F7F763FC216C2046B8311B
S3150802BDD0FEF789FE14E702B0BDE87040E9F72EBB0C
S3150802BDE0B1F5A04FF7B5044608D045F21105A942A8
S3150802BDF036D003B0BDE8F040E9F720BB006C10214D
S3150802BE00B830FEF712FF60B108212046FEF7F6FFAA
S3150802BE1040F207400021E8F773FD40F2074003B0FD
S3150802BE20F0BD256C95F85D6105F1A807013E022E65
S3150802BE3001979CBFD5F82C0195F85C6105F1510173
S3150802BE409EBFF04000F0010040F08000009005F12E
S3150802BE501102204605F1B803FFF71EF80020DEE7B7
S3150802BE60016CA831FEF75BFE85212046FEF7A7FE88
S3150802BE70F4E770B545F20406B1420446134625D0E6
S3150802BE8045F21806B14206D0B1F5A04F33D1FEF7F6
S3150802BE90F2FD002070BD11684D1C03D10121FEF789
S3150802BEA0ADFFF6E7026CD2F85801400743BF0021FE
S3150802BEB082F85C111B68C2F8301120464FF08401E3
S3150802BEC048BFC2F82C31FEF77AFEE2E79979026C8E
S3150802BED00C310B44591D9832153351F8040B99420B
S3150802BEE042F8040BF9D1226CD2F8583143F0010317
S3150802BEF0C2F85831CDE7BDE87040E9F79FBA00238A
S3150802BF0010B50364044690F97500431C13D0E5F78F
S3150802BF10C3FF082204F11003114694F97500FBF7D2
S3150802BF20D4FE94F91330012B07D194F8743043F0F8
S3150802BF30020384F87430002010BD022BFBD194F85A
S3150802BF40743043F00A03F4E74B88062B05D10888B8
S3150802BF5041288CBF0020012070470020704707B592
S3150802BF608B790A460B440191197C4B1E0D2B04D87A
S3150802BF7001F5A0410131FEF73DFE01A8F7F75EFE85
S3150802BF8003B05DF804FB08B5E7F7D0FFE8F7E4FA73
S3150802BF90EBF7ACF9BDE80840E6F760BF08B5E8F785
S3150802BFA0D5F928B9BDE8084000200021F3F770BE8C
S3150802BFB000200021F3F76CFEE7F7C6FFEFE737B577
S3150802BFC0044642F60720FCF7B9FF0546C0B10A2324
S3150802BFD0002CCBBF0534053CB4FBF3F494FBF3F415
S3150802BFE00123002118460DF1070264B28DF80740B5
S3150802BFF0F8F77EF90022034629461046FCF7D1FED9
S3150802C00003B030BD430803F05503C01A00F03303EA
S3150802C010C0F3850000F03300184400EB101000F05E
S3150802C0200F007047002110B5421D441E14F8010F77
S3150802C030FFF7E8FF94420144F8D1084610BD70475D
S3150802C0400E207047704710B5F3F718FF044628B15B
S3150802C0500124204610BD436ADB06F9D4E6F702FB43
S3150802C0600028F8D1F5E770B504460E4615460521AF
S3150802C07000220420FBF795FE014618B1A0F80160DC
S3150802C080A0F803502046BDE87040FBF7E3BEF7B5BB
S3150802C0901D460023044600930F461646072106202E
S3150802C0A0BDF82430089AFBF7A0FE014628B1A0F88D
S3150802C0B00170A0F80360A0F80550204603B0BDE859
S3150802C0C0F040FBF7C7BE73B515461A460023044669
S3150802C0D000930E46082005219DF81830FBF785FEC9
S3150802C0E0014618B1A0F80160A0F80350204602B034
S3150802C0F0BDE87040FBF7AEBE38B5002204460D46D1
S3150802C1000A200321FBF74DFE014608B1A0F80150AB
S3150802C1102046BDE83840FBF79DBE70B504460E467C
S3150802C1201546052100220C20FBF73BFE014618B1F5
S3150802C130A0F80160A0F803502046BDE87040FBF75E
S3150802C14089BE73B515461A460023044600930E4661
S3150802C150102005219DF81830FBF747FE014618B155
S3150802C160A0F80160A0F80350204602B0BDE870406E
S3150802C170FBF770BE73B50E46002144890546033C9B
S3150802C180A4B2A342009128BF234603211220FBF73B
S3150802C1902CFE014608B1A0F80160284602B0BDE8A7
S3150802C1A07040FBF757BE2DE9F34105469846836969
S3150802C1B00F4658691646F7F7CDFD6C8980B2053CDD
S3150802C1C0A4B2844228BF0446A86921461430F7F768
S3150802C1D09DFF009048B1052208210020F7F7BAFF13
S3150802C1E0019030B96846F7F729FD1A2002B0BDE872
S3150802C1F0F081009901A8F7F70FFE1620019A9379A4
S3150802C2000C33D118D054A8F800402846A1F801707A
S3150802C210A1F80360FBF71EFEE8E738B500220446DC
S3150802C2200D4618200221FBF7BCFD014600B14570F8
S3150802C2302046BDE83840FBF70DBE70B58579044641
S3150802C2400C354619F7F786FD625D431E013A9BB225
S3150802C250202A12D8DFE802F0131118111A112B112D
S3150802C26031114211421142113511271111113B1197
S3150802C27027114011401111114200002070BD042BF4
S3150802C28014BF01200320F9E7022BF9E743B37278BA
S3150802C290022A0AD0012A23D10222013B0232B3FB27
S3150802C2A0F2F102FB1133002BEAE71022F5E713F04D
S3150802C2B0030F14BF01200320E0E78BB17278013B1C
S3150802C2C0EDE76BB17278032A0AD9013BE7E7042B3B
S3150802C2D034BF01200320D1E7022BF9E70320CDE77B
S3150802C2E00120CBE70078E6F7E5B813B50C460DF161
S3150802C2F007020DF10601FBF75CFF30B19DF8060057
S3150802C300031B5842584102B010BD0120FBE7F3F760
S3150802C3109FBD7047FEF7C3BAE8F780BAEBF7BABD16
S3150802C320FEF7BFBAFEF7BFBA7047704700207047DC
S3150802C330704770477047EBF76BBF704713B50C46EB
S3150802C34001A901F05BFD10B9019BC4E9003002B0F6
S3150802C35010BD08B5F3F7E0FA50B9F3F791FC0020DF
S3150802C3600021F3F7E1FA18B9BDE80840F7F768BB08
S3150802C370012008BD38B504460D4620220021F7F7EC
S3150802C38087F9F5F7F4F9D5E90232E260EA8B43F464
S3150802C390806322822A8CA0806282AA8CA282EA8C7C
S3150802C3A0E2826A68A3602260FFF7C0FF18B1A36839
S3150802C3B043F00403A360A36843F48032A2602A68A8
S3150802C3C0920544BF43F41023A36038BD08B5FFF7AE
S3150802C3D0C0FF80F00100C0B208BD08B5FFF7F6FF3E
S3150802C3E000280CBF0420012008BD08B5FAF750F84A
S3150802C3F0002008BDEBF7C6BFEBF7D4BF0220704793
S3150802C40002207047002070470120704700207047BD
S3150802C41008461146012200F051B800F06FBA00F042
S3150802C42077BA00F0AAB8431E012B03D9031F584254
S3150802C430584170470120704700F023BC4FF4E07260
S3150802C4400021F7F725B970B50446EDF743FB054613
S3150802C450A8B9A169F1B1238AD3B1204604F1100221
S3150802C46000F0F2FA38BBE16919B3638AA3B1204630
S3150802C47004F1120200F0BDFA78B1054603E0002382
S3150802C480A3612361E361002328466361236270BDC9
S3150802C490A061E8E72082E6E7E361216A0029F2D093
S3150802C4A0A28A002AEFD02046E38ABDE8704000F04F
S3150802C4B05FBA6182F1E76582E561DEE7EDF7DEBC28
S3150802C4C00A7838B505461046FFF7ADFF60B14C78D5
S3150802C4D02046FFF7A8FF38B12243530704D428465B
S3150802C4E0BDE83840ECF7D0BF212038BDFFF7E8BFDA
S3150802C4F010B504460878FFF796FF58B14A781046F1
S3150802C500FFF791FF30B1042A04D02046BDE8104057
S3150802C510ECF7D8BF212010BDFFF7EABF00F076B9C5
S3150802C520084600F05ABB7047F8B506460D46ECF7C2
S3150802C530AFF9D8B94FF6FF734FF0240CEF68C1B2C2
S3150802C5408F4208D81C4621463046ECF757FB00F0C6
S3150802C5509CFB2046F8BDAA680CFB0122D4899C42A2
S3150802C56002D2002CEFD023460130E8E74FF6FF74DB
S3150802C570EFE7008E704700F086B970B504460D469F
S3150802C580164600F039F858B129462046ECF736FB2C
S3150802C59038B9324629462046BDE87040F1F7E8BA6E
S3150802C5A00E2070BD08B5ECF7E9F818B1BDE80840E9
S3150802C5B0F1F716B808BD00F09EBAECF79DBF00F079
S3150802C5C08DB9002070470846EFF78AB900F095BA88
S3150802C5D0EDF7B0B9EEF742BEEDF7BEB8EDF762B9C0
S3150802C5E038B50446154609B100F0C4FA15B1204615
S3150802C5F0EDF7EAFF002038BD0346408A18B1188ACB
S3150802C600003818BF0120704700F046BA00F054BA45
S3150802C6100846EFF775BA10B5044600F078F820B95F
S3150802C6202046BDE81040ECF749BC10BD00F03FBB00
S3150802C63000F03DBBEFF7A4BC2DE9FF41984604463E
S3150802C6400E46174601F06AFF05462046FFF7E3FF46
S3150802C6500A9B3A4602930023314601932046CDF8B7
S3150802C6600080ECF779FC0446284601F052FF204682
S3150802C67004B0BDE8F08138B5044601F04FFF05461F
S3150802C6802046FFF7C8FF2046ECF744FC0446284636
S3150802C69001F03FFF204638BD38B5044601F03EFF9B
S3150802C6A005462046FFF7B7FF204600F03FF8044646
S3150802C6B0284601F02EFF204638BD38B5044601F05B
S3150802C6C02DFF05462046FFF7A6FF204600F034F860
S3150802C6D00446284601F01DFF204638BD70B50446BB
S3150802C6E00E4601F01BFF05462046FFF794FF31462A
S3150802C6F02046ECF77DFC0446284601F00AFF204650
S3150802C70070BD01207047EEF709BA00F064BAECF77B
S3150802C7100FBB10B501F002FF044600F015F8ECF75E
S3150802C7202DFB2046BDE8104001F0F3BE024608B5CF
S3150802C730ECF7FEFA507D08BD024608B5ECF7F8FAA2
S3150802C740507D80F0010008BD00F0B1BAECF7E4BDF7
S3150802C75000F0A5B838B503210546ECF73BFD0446BB
S3150802C7602846EEF73DF9204638BD38B590F82740F9
S3150802C7700D46FF2C17D0023C012C8CBF0024012445
S3150802C78049682246EEF768F9286890FAA0F0000A86
S3150802C790F0F750F8A97A2889224681F00101EEF7C6
S3150802C7A08BF9002038BD0220FCE730B585B0054676
S3150802C7B00FC96C4684E80F0021462846FFF7D5FFC5
S3150802C7C005B030BD013001D1EFF76CBD21207047AD
S3150802C7D000207047002070477047D0F8A03003F059
S3150802C7E06003402B0DD0602B03D0203B58425841A2
S3150802C7F0704749B10B68012B06D9486940F0010018
S3150802C800704740F20110704700207047F7B504469A
S3150802C8101046D4E958C7DDE908268CEA020587EAF4
S3150802C82006010540194085EA0C057940C4E95851C4
S3150802C830002523F4004106EA010320F0010043F42F
S3150802C8400073024043F0020301950095F2F70EF9D0
S3150802C85094F824309A0713D5D4F864319B050FD57A
S3150802C8604FF48811204600F0DCFA94F82430024688
S3150802C87065F3410384F8243020460B46ECF798FC0E
S3150802C880002003B0F0BD30B4D0F8A0300A4023EA45
S3150802C89001031343C0F8A03030BCEDF7B3BB052043
S3150802C8A0EFF764BBD0F8F02008B57AB11368022B0B
S3150802C8B00CD9536A13F47F4FC3F3072106D0126AC1
S3150802C8C0DBB253438B42B3FBF1F006D200204FF49E
S3150802C8D035624C21ECF716FA002008BD0346B3F878
S3150802C8E03E2108468A4203D0A3F83E11EEF79ABDC6
S3150802C8F0002070474FF48071F2F750BC10B5002340
S3150802C900ECF716FE044608B9F1F71CF9204610BDE5
S3150802C91038B51D4600230446ECF70AFE28B929460F
S3150802C9202046BDE83840F1F7F9B938BDD0F8F0002D
S3150802C93040B10368122B04D9006D202828BF202095
S3150802C94070470020704738B54FF03A430546DC6A0F
S3150802C950808AC4F30C04A04234BF0020012041F2AD
S3150802C96065420821ECF7CEF9A88A001B80B238BDC9
S3150802C9702DE9F041884618F003070646154619467A
S3150802C98033D1B2F5805F30D89A422ED33F2A28D9BE
S3150802C990B2FA82F401220120C4F11F03DBB29A40E3
S3150802C9A092B2AA422CBFC4F11904C4F11A04E2B223
S3150802C9B0931DDBB2984080B2A84214D096F8013192
S3150802C9C0ABB9012096F8253060F3000386F82530C6
S3150802C9D04046EEF7E3F9C6F82080B5823846BDE848
S3150802C9E0F0813A46EAE70020ECE72127F6E70E2728
S3150802C9F0F4E7F8B511F0030607460D46144621D1A9
S3150802CA0002B313883F2B1DD9B3FA83F3C3F1190175
S3150802CA10C9B2062901D8192B12D0062928BF062120
S3150802CA2001238A1DD2B293402846238000F014F9C6
S3150802CA3023883846FD617B82EEF7CAFA3046F8BD8E
S3150802CA403146EDE72126F9E738B5148811F00305D2
S3150802CA504FEAC4041ED13F2C1CD9B4FA84F4C4F19B
S3150802CA601903DBB2052B01D8192C11D0052B28BFC7
S3150802CA70052301240633DBB204FA03F3C3F3CF0416
S3150802CA801480816104828387EEF7A2FA284638BDAC
S3150802CA902B46EEE72125F9E770B50E461021054625
S3150802CAA0F2F77CFB0446102128463201F2F762FBB4
S3150802CAB0F2F77EFB204670BD1021F2F76FBBF8B580
S3150802CAC004460E46174601F020FD3A46054631460B
S3150802CAD02046F0F75FF80446284601F011FD204685
S3150802CAE0F8BD0520704703207047EFF737BA08B13B
S3150802CAF090F9260070470020704708B50B460622B3
S3150802CB0000F59E711846F6F7CBFD002008BD0429EC
S3150802CB10F8B505460C460AD10026F7B23846EEF7AE
S3150802CB20EBFC08B13C4602E00136042EF5D120465C
S3150802CB30EEF7E2FC58B195F83C31A34209D085F8E4
S3150802CB403C4105F59E70BDE8F840EEF771BC212020
S3150802CB50F8BD0020FCE70022EDF76CBBA0F84C30CC
S3150802CB60BDF90030C0F89410A0F84A20A0F84E305B
S3150802CB7000207047EDF70CBD10B514460846012192
S3150802CB80EFF756FD2046BDE810400121EFF750BDEC
S3150802CB908021F2F703BB10B50446EDF763F90146A7
S3150802CBA02046BDE81040EDF763B910B5044681B1D9
S3150802CBB0931E022B94BF4FF4BC73282380F82720B8
S3150802CBC0C0F80831FFF7B0FC2046EDF7E3FE002077
S3150802CBD010BD2120FCE7EDF7A1BF10B5F0F7B2FAB8
S3150802CBE004460021EEF790F8EEF778F8204610BDD5
S3150802CBF02DE9F74F01251C469DF83030064601936C
S3150802CC000368174603F0070306339D4005F1FF380C
S3150802CC100B46A1B1416804EA080BA5EB0B0A41F0E1
S3150802CC200059524509EB0B0114D952461846F6F734
S3150802CC3037FD49467A1B5A445044F6F731FD019BA3
S3150802CC402BB13C4448EA050804EA0804F46003B038
S3150802CC50BDE8F08F1846F0E74FF03A4301225A67CB
S3150802CC6041F6FF72D96418651A67704737B5002509
S3150802CC7014460095FFF7BCFF204603B030BDEDF71A
S3150802CC8089BD0020704700207047704710F0FD0FDD
S3150802CC9014BF4FF0FF300020C0B270470A4690F822
S3150802CCA09410A02901D8EDF757BA2120704708B584
S3150802CCB0EFF7A6F9BDE80840EFF7CAB938B5044652
S3150802CCC0FFF7F5FF0546FFF7F2FF431BA342FAD328
S3150802CCD038BD38B50D460446EFF792F935B18442A8
S3150802CCE000D90139204601F0030138BD844238BF14
S3150802CCF00131F7E708B5EFF79BF9BDE80840EFF70A
S3150802CD00A7B908B50121FFF7E4FFBDE80840EFF728
S3150802CD109FB908B521B19200F6F7C2FC002008BDFA
S3150802CD202120FCE700F06F43B3F1804F02D0B3F144
S3150802CD30204F02D120F07040704700F06043B3F1F3
S3150802CD40204F08BF20F0805070470B0C23F4805305
S3150802CD50B3F5284FF7B50D468FB2064699B216D0E7
S3150802CD604AF60103994214D04AF60203994212D0AE
S3150802CD70B1F5204F14BF04240324D6F8EC300BB1C6
S3150802CD80196851B9D6F8E83093B928680EE0002434
S3150802CD90F3E70124F1E70224EFE7234668463A4619
S3150802CDA0EFF7DCF9DDE90003002BEBD103B0F0BDA8
S3150802CDB019680029E9D0234668463A46EFF7CEF9BC
S3150802CDC0DDE90003002BE0D1F0E70204C0F3891382
S3150802CDD007D56FEA83536FEA935313F5007F18B2A8
S3150802CDE006D0A3F1C8006FF4FF739842B8BF18467D
S3150802CDF070470020EFF76ABD0120EFF767BD0E20E6
S3150802CE0070477047F1F7B2B8F1F7B0B8F1F7AEB8B4
S3150802CE10F1F7ACB808B50846F1F7CEFC08BDF1F74C
S3150802CE20A5B838B505460C4601F06FFBD5F89C3017
S3150802CE301C40D5F898302343C5F8983001F060FBBA
S3150802CE40211E18BF01210020490238BD0020704763
S3150802CE507047704710B5044600F03800F2F7BAFC7E
S3150802CE6078B1D0E901324178C4F3074411F0020FD0
S3150802CE7008BF1346043B53F8040F10B10278A242C6
S3150802CE80F9D110BD052B07D920F47F4020F0C70041
S3150802CE9040F400701060918070470368186800F0CB
S3150802CEA099B838B50546F2F765FC04462846FFF7F1
S3150802CEB0F4FF204638BDF2F7B9BB10B500F10804F5
S3150802CEC054F8083C0BB9184605E054F8040C984780
S3150802CED008340028F4D010BD70B504460C30DDF7CE
S3150802CEE08DFC0023666856F8232062B906EB830593
S3150802CEF0B5420AD123697BB900236380637823F09C
S3150802CF000E03637070BD0133EDE755F8043DDB6827
S3150802CF10002BEDD09847EBE7DD68002DECD0043DF9
S3150802CF2055F8043F002BE7D09847F9E738B5036967
S3150802CF3005460BB1186810B90024204638BDFFF71C
S3150802CF40BCFF04460028F7D02846FFF7C5FFF4E7DA
S3150802CF5070B54378054623F00C0343F00203437089
S3150802CF60036953B1586840B1FFF7A7FF044620B1D9
S3150802CF702846FFF7B1FF204670BD6E68043E56F894
S3150802CF80044F2CB9202005F10C01DDF725FCF2E748
S3150802CF90A368002BF3D0984704460028EFD0E7E7AA
S3150802CFA04078C0F340007047437813F00E0F0CBF69
S3150802CFB001200020704707B501A9FFF77CFF03B0DF
S3150802CFC05DF804FB08B500F083F9002814BF1420A5
S3150802CFD0002008BD7047430803F05533C01A00F015
S3150802CFE03333800800F0333018444FF0013300EB36
S3150802CFF0101000F00F305843000E704710B5044663
S3150802D00088B1836A016A7BB180689847002394F8DD
S3150802D010240023620C28636005D82146DDF798FDB3
S3150802D0200D2384F8243010BD0029EFD08368002B25
S3150802D030ECDB0846F7F776F9E8E7002307B51A4660
S3150802D040019101A9F2F772FD03B05DF804FB002312
S3150802D05030B587B004939DF83430DDE90A45039369
S3150802D0600C9BCDE900450293F2F7D6FC07B030BD1A
S3150802D070052330B585B003930A9BDDE9084502937B
S3150802D080CDE90045FFF7E3FF05B030BD30B5002313
S3150802D0900024002585B0CDE900450293FFF7E8FF95
S3150802D0A005B030BD03680B60016070472DE9F04199
S3150802D0B00E46174600240546006808B9BDE8F08101
S3150802D0C0D0E90083B3420BD18368BB4208D154B975
S3150802D0D0C5F80080C368DB0701D5F7F723F92046B0
S3150802D0E004464046E9E7C4F80080F3E7002370B532
S3150802D0F01A46194605460468F2F718FD0CB92C605B
S3150802D10070BDE3682668DB0702D52046F7F70AF9F9
S3150802D1103446F3E72DE9F8430E461746054610B995
S3150802D1200020BDE8F8830468002CF9D0D4E9008908
S3150802D1303B4632462946A068C8470028F1D14446EC
S3150802D140F2E730207047034610B501391A1A9142A0
S3150802D15000D810BD445C1A7803F8014B42540139D1
S3150802D160F4E700230144884200D1704700F8013BE6
S3150802D170F9E783791A0705D413F0100F0CBFFF20BD
S3150802D1800120704700207047014B1868704700BF9E
S3150802D190045E01200A4B1B6F03F00703013B032BB6
S3150802D1A003D8DFE803F00A030608FEE7054B18680A
S3150802D1B07047054BFBE7054870470548704700BFAF
S3150802D1C000800050045E01200C5E012080D54302D7
S3150802D1D0002D310108B5FFF7DDFF054B1B6FC3F3C1
S3150802D1E003330133B0FBF3F0024B186008BD00BFEE
S3150802D1F000800050005E01200048704700B4C40455
S3150802D20000487047002D3101014B1868704700BF6E
S3150802D2100C5E01200048704780D543024FF4002275
S3150802D2201B4B5A664FF0B4439868C0F304400C2867
S3150802D2300AD8DFE800F00B0709092709191B1D1F81
S3150802D2402123250013487047002070479B6803F086
S3150802D2504073B3F1807F17D0B3F1007F16D00E4A20
S3150802D260002B08BF104670470C4870470C48704799
S3150802D2700C4870470C4870470C4870470C48704772
S3150802D2800C4870470C4870470C4870470C48704762
S3150802D29000900050404B4C0000093D00405DC6001E
S3150802D2A00024F400C0EA2101002D310180BA8C0164
S3150802D2B00048E801005A62028096980080841E009F
S3150802D2C040420F00014B1868704700BF085E0120F4
S3150802D2D0034B5868C0F30800003818BF012070478E
S3150802D2E000ED00E00122437801789A403023594341
S3150802D2F0014B5A50704700BF40D00350034B5A683F
S3150802D300D20702D5DA69002AF9D1704700C00A5055
S3150802D31030B9044B5A68D20702D59A6D002AF9D158
S3150802D320704700BF00C00A5008B9014B59647047DC
S3150802D33000D00A5008B9014B5964704700E00A50F8
S3150802D34008B9014B1964704700E00A5010B9024B3C
S3150802D350186C70470020704700C00A5010B5FFF7D6
S3150802D360D7FF10B919B1012904D0002001E0034BF7
S3150802D370D86C10BD014B186DFBE700BF00C00A5000
S3150802D38038B51446FFF7C4FF10B911B1012903D005
S3150802D39038BD034BDC64FBE7014B1C65F8E700BFAD
S3150802D3A000C00A5008B5FFF7B3FF10B9024B586D13
S3150802D3B008BD0020FCE700BF00C00A50D8B10368C8
S3150802D3C013F4E07F03F03F00C3F382120CD0012A64
S3150802D3D00CD0022A0FD1094B51B103F58053012211
S3150802D3E082401A6000207047054BF5E7054BF3E7C4
S3150802D3F003F50053F3E70E20704700BF6C80005018
S3150802D40064800050688000500146064802688A42D5
S3150802D41005D843681A44914228BF00207047002065
S3150802D420704700BF3C5800200229F8B596BF104B3A
S3150802D43000245C5C012805460E4608D0022809D05D
S3150802D44008B944F002040B4B1F6837B9F8BD44F01B
S3150802D4500804F8E744F02004F5E77B681A681442E2
S3150802D46003D0314628465B6898473F68EDE700BF18
S3150802D47068EC02086858002038B5104D2B78ABB115
S3150802D4800F4C23781BB100F081FA00232370002089
S3150802D49000F0A4FA0B4C50B100F0AAFA00230121BD
S3150802D4A020782B70FFF7C0FF0123237038BD0122B5
S3150802D4B0054B1A702278054B1A70F7E79556012024
S3150802D4C0935601209B560120965601209756012015
S3150802D4D00C4A1378FF2B01D158B170470BB908B91A
S3150802D4E0704730B101331370074B1B78012B03D8F1
S3150802D4F07047013B13707047044B1B780BB9FFF753
S3150802D500BBBF70479A5601209B56012096560120AA
S3150802D51010B500F0FAFF064B04461B781BB1BDE8AE
S3150802D520104000F0EDBFFFF7A7FF2046F7E700BF60
S3150802D530925601200228F8B504D0244A1378FF2B04
S3150802D54001D1E9B1F8BDD3B90029FBD00123137083
S3150802D5501F4B1B78012BF5D900F0D7FF1D4E044649
S3150802D560337893B920461A4C00F0CAFF207801286E
S3150802D570E8D00121FFF758FF01232370E2E711B92A
S3150802D580013B1370DEE70133E1E7134F3B781BB922
S3150802D59001223A70114A1370114D2B781BB100F013
S3150802D5A0F5F900232B70204600F0AAFF012000F0AF
S3150802D5B015FA00F0AAFF3B7804461BB100F018FAE8
S3150802D5C000233B7000233370CCE700BF9A56012034
S3150802D5D09B56012095560120925601209656012007
S3150802D5E0935601202DE9FF47EFF3108572B6AFF384
S3150802D5F0008001F0E0F9002870D0704E704F337841
S3150802D60023B10020FFF764FF00233370387870B91E
S3150802D61003A900F0A3FB044648B96A4B039A1B68A0
S3150802D6209A4263D80120FFF753FF012333703B78F0
S3150802D630654CDFF8BC91002B72D02078012840F0A7
S3150802D6409480207800F050F999F8003013B15F4BB6
S3150802D6501B782370AFF30080284600F0D2FFEFF361
S3150802D660108572B65A4B1A7852B100221A70574B65
S3150802D67020781B78984203D101212170FFF7D4FE46
S3150802D680544800F01DFB01F0A0F980460028B6D1E7
S3150802D690514B524F18703B789BB189F80000DFF85E
S3150802D6A04C9199F800301BB100F070F989F80080A6
S3150802D6B0002000F093F9002875D000F099F90023AC
S3150802D6C03B70337823B10020FFF702FF0023337043
S3150802D6D000212078FFF7A8FE00232370AFF300800D
S3150802D6E0284604B0BDE8F04700F08BBF3C4BD3F8A0
S3150802D6F0008000F0E9F8039B8044984592D200F036
S3150802D700BBF98200039942F0020292B2CDE90042C5
S3150802D7102346344AA1EB08012E4800F077FF86E734
S3150802D7202E4BDFF8B4801B780BB900F013F920787A
S3150802D730022831D198F8003023B10022264B1A70FC
S3150802D74001F060F9DFF8948098F80030002B7FF436
S3150802D75078AF254B1B7823B900F012F90122234B27
S3150802D7601A70012388F800306BE74FF0010800238E
S3150802D770DFF864A08AF8003099F8003013B94146F8
S3150802D780FFF752FE9AF8003084F800803BB1B8F1F0
S3150802D790020F7FF456AFD0E74FF00208E7E7B8F179
S3150802D7A0020FCFD04DE7012000F09EF8284600F080
S3150802D7B028FFEFF3108572B67AE700BF9456012068
S3150802D7C09A560120705800209B5601209756012030
S3150802D7D0905601207458002098560120955601202B
S3150802D7E06C58002011D5020899560120935601203B
S3150802D7F09656012010B500F088FE0022054B1C78CB
S3150802D8001A7000F07DFE00F039FBE4B22043C0B284
S3150802D81010BD00BF9156012038B500F076FE094BBF
S3150802D82005461B78012B04D800F06AFE0024204620
S3150802D83038BD054B1C6800F047F80444284600F03A
S3150802D8405FFEF4E79B5601206C580020184B1949D5
S3150802D8501A6F10B502F007020A60196F164801F42A
S3150802D860744101601549164C8969032A01F00200C0
S3150802D870C1F34001134A21700FD0D3F8201101F0E9
S3150802D8800701022909D0D3F8281101F00701022954
S3150802D89003D00021117018B910BD01231370FBE7DC
S3150802D8A0D3F8003103F00303591E4B424B41F5E707
S3150802D8B000800050A05800209C58002000C001504B
S3150802D8C09F560120A056012008B5054B187818B1B5
S3150802D8D0D6F7BEFA00EBD000024B1B68184408BD07
S3150802D8E0A056012098580020012808B50BD0023806
S3150802D8F0012807D80020D5F709FD124A136923F033
S3150802D9000403136108BD104A137823B10F490B6F3C
S3150802D91043F474430B670B490B6923F004030B6149
S3150802D920BFF34F8FBFF36F8F30BF1378002BE9D049
S3150802D930064A0749136F096823F474430B431367AE
S3150802D940E0E700BF00ED00E0945601200080005099
S3150802D9509C580020074A0849D2F8203103F00703E9
S3150802D9600B60D2F82831054A03F007031360F3F770
S3150802D9705BB900BF00800050AC580020A8580020B0
S3150802D9800122014B1A7070479E5601200F4B10B5A3
S3150802D9901B7883B10E4C2378A3B90E4B9A6DD1032B
S3150802D9A002D5DA6D920702D49B6DDB0704D54FF4D4
S3150802D9B08032094B9A6210BDD6F7D6F94FF48032F7
S3150802D9C0054B9A6200232370F5E700BFA056012093
S3150802D9D09D5601200040005A0050005A034B1B78FE
S3150802D9E00BB1D6F765BA0120704700BFA0560120D1
S3150802D9F008B5F3F71AF9174B1B7833B10122164B00
S3150802DA005A60164A9369DB07FCD5154B15491A6FF6
S3150802DA10096822F007020A431A671349D3F8202134
S3150802DA20096822F007020A43C3F820210F49D3F8EE
S3150802DA302821096822F007020A43C3F828210C4B59
S3150802DA401B781BB14FF480320A4B9A62BDE8084034
S3150802DA50FFF7C0BB9F56012000D0015000C00150FD
S3150802DA6000800050A0580020AC580020A85800207A
S3150802DA70A05601200060005A014B1878704700BF73
S3150802DA80A056012008B5164B1A7822B300221A703E
S3150802DA90144B1A6F22F0070242F001021A67D3F8F2
S3150802DAA0202122F0070242F00302C3F82021D3F80C
S3150802DAB0282122F0070242F00302C3F828210A4B62
S3150802DAC01B7833B10122094B5A60094A53689B07EE
S3150802DAD0FCD4FFF77FFB0122064B5A6708BD00BF3D
S3150802DAE09E560120008000509F56012000E00150FA
S3150802DAF000C001500060005A0D490B68A0B100220F
S3150802DB00A3B1834203D1836822B90B6003E01A46A4
S3150802DB109B68F5E7936083680BB9002070475A69DA
S3150802DB2041690A445A61F8E7222070470220704781
S3150802DB30B858002038B500F05DFA0025084B094CA4
S3150802DB401A682368C31A2AB123B15169994203D3C1
S3150802DB50C91A5161206038BD55615B1A9268F2E7AD
S3150802DB60B8580020B458002038B5154D2B682BB389
S3150802DB705B69A3B1134A022014681C4400F0AFFD86
S3150802DB80204600F075FA00230F492A680B7022B165
S3150802DB90D08880070AD501230B70002038BD0220E1
S3150802DBA000F09DFD022000F0ADFAECE79268002A2B
S3150802DBB0F3D050690344012BEAD9EEE72220EDE7B8
S3150802DBC0B8580020B4580020A2560120C38870B560
S3150802DBD004460D463BB9FFF71FFE8542064602D2AA
S3150802DBE0F3F76FFD35460E4965610B688BB90C6014
S3150802DBF0A3600DE0AD1A9A68184665616AB11346C4
S3150802DC005A69AA42F6D930B18460521BA3605A6196
S3150802DC1070BD0020F4E70C60F7E79C60A260F7E7A6
S3150802DC20B8580020F8B515469DF81C20BDF8207096
S3150802DC300271069A0446026000220E46C0E90335BE
S3150802DC408260C7809DB900F0D5F93044A0614EB113
S3150802DC503546062F1DD10822174B28469A6200F030
S3150802DC60D1F902E0E36866617BB90020F8BD00F0ED
S3150802DC70C1F92844A061002EEAD1E3686661002B47
S3150802DC80E7D0204621689847E3E720462168984767
S3150802DC90EBE700F03AFC0646FFF74CFF294620461A
S3150802DCA0FFF794FF054B1B68A34201D1FFF75CFF00
S3150802DCB0304600F025FCD8E70050005AB858002034
S3150802DCC038B5044640B3C388062B01D100F022FAC0
S3150802DCD000F01BFC0546FFF72DFF104B20461B687C
S3150802DCE0A34208D0FFF708FF044680B1284600F091
S3150802DCF007FC204638BDFFF7FFFE04460028F5D18B
S3150802DD00FFF732FF222802D1022000F0E9F928465D
S3150802DD1000F0F6FB0024ECE72224EAE7B8580020D4
S3150802DD2038B50C460546A8B1A1B100230B7000F020
S3150802DD30F5FB0121084B1B6833B900F0EAFB00200A
S3150802DD4038BD9D4204D121702278002AF9D0F4E721
S3150802DD509B68F1E72220F3E7B8580020F8B5064693
S3150802DD600F4600F0DBFB00250446124B1B6823B95D
S3150802DD70204600F0CEFB1B2011E05A691544DA88CA
S3150802DD80B2420DD100F036F90B4E3368C01AA842DA
S3150802DD900AD3002320463B6000F0BBFB0020F8BDF7
S3150802DDA0FF2EEFD09B68E2E700F024F933682B4494
S3150802DDB01B1AEFE7B8580020B458002070B500F0D7
S3150802DDC0ADFB064600F016F9084B044601201D680D
S3150802DDD000F06FFC18B100F00DF904460135304623
S3150802DDE000F097FB2046294670BD00BFC0580020A8
S3150802DDF0014B1868704700BFBC580020F8B50C4B99
S3150802DE0005461B680E4683420FD3002440F2E730CC
S3150802DE102146084B4FF47A721F680023E5FB070177
S3150802DE20DBF732FE30602046F8BD2120FCE700BF52
S3150802DE30B0580020BC5800200F4B10B51A689AB18A
S3150802DE404FF47A71531E1342A0FB01010ED1B2FAA6
S3150802DE5082F2C2F11F04531CD243E04001FA03F3D3
S3150802DE60184321FA02F20243104610BD0023DBF7DB
S3150802DE700BFE0246F8E700BFBC58002010B500F0BA
S3150802DE804DFB034B1C7800F044FBE4B2204610BD60
S3150802DE90A156012008B5084B1B7803F0FF004BB1C9
S3150802DEA000F0F7FB054B1B689B69C01A02288CBF5A
S3150802DEB00020012008BD00BFA2560120B858002044
S3150802DEC0014B1870704700BFA1560120C2072DE901
S3150802DED0F843044607D5444A136801331360FFF72B
S3150802DEE029FEFFF741FEA3077CD500F017FB4FF08A
S3150802DEF0000805464646FFF71DFE3C4F3C680CB136
S3150802DF006369A3B100223A4B012E1A7003D118F0A5
S3150802DF10020F18BF1E70FFF727FE222802D1022021
S3150802DF2000F0DEF82846BDE8F84300F0F2BA2346C8
S3150802DF305A693AB91A792179914288BF1C469B686F
S3150802DF40002BF5D1284600F0E4FA2569DDB100F088
S3150802DF5051F8A269A0EB02084FEAE873A84573F1E3
S3150802DF60000311DB23691344A361E36813B1204656
S3150802DF7021689847B4F8068000F0D0FA01360546BB
S3150802DF80FFF7D8FDBAE7A84600F0C8FA8146204648
S3150802DF90FFF7B2FD484600F0BCFA2369002BE4D02D
S3150802DFA0A38BB5EB080533B1E28B13449BB2B3F5E9
S3150802DFB07A7F0FD2E38300F0B1FA804629462046DB
S3150802DFC0FFF704FEA369226940461344A36100F0E1
S3150802DFD0A0FACAE7A3F57A73E383A369013D013B75
S3150802DFE0A361E8E7BDE8F883C0580020B8580020C6
S3150802DFF0A156012008B5FFF781F9014B986908BDBA
S3150802E00000C00A5038B5044600F07FFA0546FFF705
S3150802E01075F90E4B022C9A694FF001018CBF121941
S3150802E0200332B2F1FF3F38BF013A0020FFF7A8F9E1
S3150802E030284600F065FA064B1A7832B10221054ADB
S3150802E04091640421916400221A7038BD00C00A50F6
S3150802E050C160012000D00A5007B5044B01A91879FE
S3150802E06000F062FA019803B05DF804FB5CEC020862
S3150802E070F8B5044600F049FA0746FFF73FF9154B8B
S3150802E0809D6900F028FB06460020FFF75FF9830723
S3150802E09004D4731B032B01D8AE420FD10021631B94
S3150802E0A0022B98BFEC1C0846B4F1FF3F2CBF224650
S3150802E0B0621EFFF765F9022000F011FB384600F0F0
S3150802E0C01FFA054B1A7822B10121044A91640022EB
S3150802E0D01A70F8BD00C00A50C260012000D00A506A
S3150802E0E0830700F0010106D50123044A41F0020123
S3150802E0F01370034A93640020FFF71CB9C26001201B
S3150802E10000E00A50830742BF0222014B1A64704795
S3150802E11000D00A50054B1A7832B90221044A916492
S3150802E1200421916401221A70704700BFC160012060
S3150802E13000E00A5030B5154B87B00293144B039092
S3150802E140049346F611030D46059300F077F9142851
S3150802E150044616D1684600F088FB4FF0A84303220E
S3150802E16002A95A6319601D619A63DA6B9207FCD198
S3150802E170142C02D1684600F086FB00F093F9044697
S3150802E18001E00028E9D0204607B030BDD05800206B
S3150802E190040000202DE9F04FB1B005468C469E4694
S3150802E1A0E8466F4EDDF8EC90409C06F1100A4746A9
S3150802E1B030687168083603C75645B846F7D13E9B9C
S3150802E1C003EB0208C8F1000A0AF00F0AB9F1000FB8
S3150802E1D000F09D80C9F1000707F00F070121DDF85D
S3150802E1E0FCB044F00050C4F11006CDF810B0059109
S3150802E1F00690300200F4F85040F021000790B9F179
S3150802E200000F40F08680CDF820D047F00050002D50
S3150802E21000F08480099121210A9041EA07210B9195
S3150802E22042F00050CDF830C03D9B08A94FEA0A2CAF
S3150802E2300D910E904CF041000F901093002A75D163
S3150802E2403E9B119143F0005312933C9B13901493F7
S3150802E25010AB1593434B444A169340F61103179392
S3150802E260424B0021002D08BF1346189314AB19938D
S3150802E2703F4B10221A9311231B931CAB1846F5F732
S3150802E28007FA01221D92002246F0804603461E9690
S3150802E290239205B9EB46102CCDF880B024AE4BD1AB
S3150802E2A0012322460021304621932294F5F7F0F9FC
S3150802E2B020AB002125938F4218BF334647F0804290
S3150802E2C026923A9A2CA828922993B2FA82F35B09E3
S3150802E2D049EA837310222B912A93F5F7D9F9B9F1F2
S3150802E2E0000F00D028AED04448F080432CA918A8C5
S3150802E2F02D962E93FFF71EFF30B92DB90346A3427A
S3150802E30025D1002818BF2C2031B0BDE8F08F102780
S3150802E31064E7CDF820E049F0005078E7002C3FF496
S3150802E32079AF04A9099101210A9076E73E9B0CAAC6
S3150802E33011924120129388E7102200213046219338
S3150802E3402294F5F7A5F9002CB2D10123B1E703F11E
S3150802E350C0026A4412F8C02C01331043CFE700BF4B
S3150802E3608FFE020810000020A4FE0208A8FE02087A
S3150802E37004000020F0B5C0299FB0DDE9244557D036
S3150802E380B1F5807F04D0802948D029201FB0F0BD7E
S3150802E39001265CB140F23447029410240396049491
S3150802E3A0212401970594069502AC0AE040F2144727
S3150802E3B002941024039604942124059401240197B7
S3150802E3C00695079401251024089409950A92212294
S3150802E3D00B950C940D92174A0AAD0E92164A0F9592
S3150802E3E0109242F6110211921293139514941592F1
S3150802E3F001AA1692D3B112AB1793042318931123C9
S3150802E400199316AB1A901B9340F61103C9081C916F
S3150802E4101AA806A91D93FFF78DFEB7E7012614B9B8
S3150802E4204FF48267C4E74FF48667B5E70EABE3E7B6
S3150802E4300F20ABE7A0FE02081000001038B5164BF5
S3150802E4405A6E42F004025A66D3F8802242F001025A
S3150802E450C3F88022114B5B68C3F3080343B14FF03C
S3150802E460A842D36B13F0430FFBD11424204638BDC0
S3150802E4704FF0A843DC6B14F04304FBD1084D2B681C
S3150802E4801BB904212846F4F750F92B68013343F0E7
S3150802E49000432B60EAE700BF0080005000ED00E071
S3150802E4A0D0580020014B00205B68704700ED00E061
S3150802E4B008B5C0B14FF480620C4B9A66BFF34F8F12
S3150802E4C000F04EFA4FF098435A6CD202FCD54FF43C
S3150802E4D08062586D064B10F470209A6604D0BDE827
S3150802E4E0084000F0FCB9212008BD00BF009000508A
S3150802E4F000A000504FF4004070474FF47A707047FE
S3150802E50010B962B6BFF36F8F7047EFF3108072B619
S3150802E510704780F31188BFF36F8F7047EFF311804E
S3150802E520302383F31188704709B100F005B8222019
S3150802E53070470121FEF742BF70B506460D46FFF742
S3150802E540EDFF0446202E59D8DFE806F0111A581FA7
S3150802E550222558282B582E58313458373A3D5840D8
S3150802E5605843585558465849584C584F5200FEF782
S3150802E57011FE002628602046FFF7CBFF304670BD05
S3150802E5804FF4C070D4F7F4F8F3E74FF42070F9E7C4
S3150802E5904FF44070F6E74FF46070F3E74FF40070FB
S3150802E5A0F0E74FF48060EDE74FF44060EAE74FF496
S3150802E5B0C060E7E74FF4F060E4E74FF4B060E1E7E4
S3150802E5C04FF4D060DEE74FF41060DBE74FF4E0600B
S3150802E5D0D8E74FF4A060D5E74FF41860D2E74FF4B6
S3150802E5E02860CFE74FF48070CCE74FF42060C9E784
S3150802E5F04FF44860C6E74FF40860C3E700202126B7
S3150802E600B8E710B962B6BFF36F8F70472DE9FF41BD
S3150802E6100D4616461F460446A8B14FF00008C0F834
S3150802E6201C80FFF74DFBBDF82C30424602939DF83D
S3150802E63028302946CDE9007320463346FFF7F2FA19
S3150802E64004B0BDE8F0812220FAE7F0B51F460023A0
S3150802E65087B00D46164604468DF81730A8B1C36131
S3150802E6600DF11701FFF75CFB9DF817207AB9BDF883
S3150802E6703430294602939DF830302046CDE900739E
S3150802E6803346FFF7CFFA07B0F0BD2220FBE7032097
S3150802E690F9E738B5FFF742FF0546FFF7ABFC044634
S3150802E6A02846FFF736FF204638BD00F021B800F0AD
S3150802E6B030B810B504460020FEF748FE012C04D0F7
S3150802E6C0022C05D1C0F3400010BD00F00100FBE7A3
S3150802E6D00020F9E7704700210846FEF73FBE00F022
S3150802E6E00101830748BF41F002010020FEF71CBE64
S3150802E6F0002008B5FEF72AFE10F0080008D0002010
S3150802E7000821FEF71DFEBDE808400020FEF74ABEB6
S3150802E71008BD04210020FEF713BE38B5FFF7FEFE3A
S3150802E72004460020FEF712FE830700F0010548BFE3
S3150802E73045F0020500F003010020FEF701FE284617
S3150802E740FFF7C4FB2046BDE83840FFF7E2BEF0B546
S3150802E750154649228FB0149C8DF8242004F10C0624
S3150802E7600DF1250254F8047BB44242F8047BF9D130
S3150802E770247814704FF48074ADF834409DF85440F0
S3150802E78000228DF8364004240694169CCDE900151D
S3150802E79005941324049409ACCDE902340B461146B8
S3150802E7A08DF832208DF83350FFF7F4FC0FB0F0BD28
S3150802E7B030B5C02A93B02FD0B2F5807F29D0802AEF
S3150802E7C02CD14FF4807480F00100204301901698F2
S3150802E7D0012502901024212003950494059006939E
S3150802E7E001AB0795089409900A9306AB0B93042389
S3150802E7F00C9311230D930AAB0E910F9340F6110356
S3150802E800D20802A90EA810921193FFF793FC13B02F
S3150802E81030BD4FF48274D6E70F20F8E72920F6E7D1
S3150802E82008B5FFF70BFEBDE80840FFF73BBE1FB56C
S3150802E830079C02949DF81840CDE9003413460A460F
S3150802E84001460020FFF783FF04B010BD1FB5079CE1
S3150802E85002949DF81840CDE9003413460A4601464B
S3150802E8600120FFF774FF04B010BD10B50446FFF788
S3150802E8704CFE4FF0A8431A6822601B696360FFF7D3
S3150802E8803FFE002010BD10B50446FFF73EFE4FF0CE
S3150802E890A84322681A6062681A61FFF731FE0020EF
S3150802E8A010BD10B40446084611469DF8042001928C
S3150802E8B0A2685DF8044BFFF7BABF10B404460846CF
S3150802E8C011469DF804200192A2685DF8044BFFF7F1
S3150802E8D0BDBF8068FFF74EBD8968FFF769BFB0F50F
S3150802E8E0802F22D010D8B0F5003F20D007D818B311
S3150802E8F0B0F5803F08BF482018BF01207047B0F521
S3150802E900403F08BF2C20F7E7B0F5302F11D007D8C3
S3150802E910B0F5E02F0FD0B0F5202F08BF1020EBE797
S3150802E920B0F57F0F08BF0620E6E74B2070472A207E
S3150802E9307047112070472120704708B528B1282250
S3150802E9400021F4F7A5FE002008BD2120FCE7036A92
S3150802E950042B9FBF00EB83020133D1600362704729
S3150802E960036A052B14D84FF09842116CC902FCD5DC
S3150802E97004339B0013650168103B116041681160FE
S3150802E98050F8081F11604FF098420344984200D18C
S3150802E990704750F8041F1160F8E7836813B981605D
S3150802E9A070475B685A68012AFBD159607047012093
S3150802E9B070470120704710B5FDF708FD0446FFF7BA
S3150802E9C0F6FF002818BF204610BD38B5FEF712FF1D
S3150802E9D00446FDF702FD042810D002284FF0000570
S3150802E9E008BF0124FFF7E5FF042809D0022808BF5B
S3150802E9F00124002D18BF0024204638BD0125F1E761
S3150802EA000024F9E702210120F0F78EBC000000007D
S3150802EA1000000000000000000000000000000000E6
S3150802EA20F8B500BFF8BC08BC9E467047F8B500BFEB
S3150802EA30F8BC08BC9E4670475FF800F0D15C01201E
S3150802EA405FF800F0755D0120B0EA020888EA02085C
S3150802EA50000000000000000060EA02080000000052
S3150802EA60EC06030884060308DC0603089406030872
S3150802EA70A8060308B8060308080703087C0403085F
S3150802EA8098040308000000007D80010810EB0208C4
S3150802EA90B51B01080000000019C3020800000000A7
S3150802EAA0CD7C01083EEB02080000000000000000D1
S3150802EAB03180010810EB0208397A010810EB0208C6
S3150802EAC015C30208000000001D77010800000000B7
S3150802EAD00FC3020800000000E5C202083CEB020868
S3150802EAE09D7C01083EEB020821C3020800000000D3
S3150802EAF025C3020800000000FB7C02080000000093
S3150802EB003B7D020800000000000000000000000033
S3150802EB10000000004E0C000000000000000000008B
S3150802EB20D8FF0208000000000000000004000000F0
S3150802EB3000000000E2FF500000010000010004008E
S3150802EB40FB000E00F98502083986020819860208B2
S3150802EB506F860208852C0108CFA90208292C01080C
S3150802EB60AD86020849290108C5760108BD2C0108A7
S3150802EB707D2B010831770108EDA902080000000083
S3150802EB80000500080030033E043E053E073E0C3EE3
S3150802EB90123E133E213E293E0DFFEDFFFFFF000008
S3150802EBA000000000CD060008FF080208FB0802085C
S3150802EBB0D9080208A708020837090208090902083B
S3150802EBC0A90802082C000000020202030000000342
S3150802EBD00000000000000000000000000000000025
S3150802EBE00700080000000000000000000000000105
S3150802EBF002040500000000000000000000000000FA
S3150802EC00060000090A0B00000126000004000000A5
S3150802EC100000000000010000000000000B000000D8
S3150802EC200C00000003000000000020200000000085
S3150802EC30030000003C3C3C0000000000000000000D
S3150802EC400000000001031001010903001E00000074
S3150802EC501B000000160000001A00000000C00A503F
S3150802EC60130000004CEC02080104100060F80208C8
S3150802EC7000000000E4EC02080300000000000000A7
S3150802EC80C017530260F802080000000050ED02089F
S3150802EC900300000000000000C017530260F80208D3
S3150802ECA000000000BCED020803000000000000009E
S3150802ECB0C017530260F802080000000028EE020896
S3150802ECC00300000000000000C017530260F80208A3
S3150802ECD00000000094EE0208030000000000000095
S3150802ECE0C017530200EF0208809C2B8F80841E00F7
S3150802ECF0000000002500FF7F345E012000000000AE
S3150802ED00D4FC02080000000000EF0208809C2B8F4A
S3150802ED1080841E00000026002600B700345E01200B
S3150802ED2000000000D4FC02080000000000EF020800
S3150802ED30809C2B8F80841E000000270027008C00F1
S3150802ED40345E012000000000D4FC02080000000026
S3150802ED50E0F00208809C2B8F80841E0000000000D1
S3150802ED602500FF7F345E012000000000D8FC02085F
S3150802ED7000000000E0F00208809C2B8F80841E00B1
S3150802ED80000026002600B700345E012000000000BD
S3150802ED90D8FC020800000000E0F00208809C2B8FD5
S3150802EDA080841E000000270027008C00345E0120A4
S3150802EDB000000000D8FC020800000000C0F20208A9
S3150802EDC0809C2B8F80841E00000000002500FF7F98
S3150802EDD0345E012000000000DCFC0208000000008E
S3150802EDE0C0F20208809C2B8F80841E000000260039
S3150802EDF02600B700345E012000000000DCFC020891
S3150802EE0000000000C0F20208809C2B8F80841E003E
S3150802EE100000270027008C00345E01200000000055
S3150802EE20DCFC020800000000A0F40208809C2B8F7C
S3150802EE3080841E00000000002500FF7F3C5E012042
S3150802EE4000000000E0FC020800000000A0F402082E
S3150802EE50809C2B8F80841E00000026002600A000BE
S3150802EE603C5E012000000000E0FC020800000000F1
S3150802EE70A0F40208809C2B8F80841E0000002700C5
S3150802EE802700FF7F3C5E012000000000E0FC02082C
S3150802EE900000000080F60208809C2B8F80841E00EA
S3150802EEA0000000002500FF7F3C5E012000000000F4
S3150802EEB0E4FC02080000000080F60208809C2B8F02
S3150802EEC080841E00000026002600B7003C5E012052
S3150802EED000000000E4FC02080000000080F60208B8
S3150802EEE0809C2B8F80841E000000270027008C0040
S3150802EEF03C5E012000000000E4FC0208000000005D
S3150802EF00FC4F010330FB02081040010000410000DB
S3150802EF103C400100000000004840010020070003B1
S3150802EF2050400100000000005C4001000D0F000087
S3150802EF3008410100FF4C000054C00700511130007F
S3150802EF400E000DE62A000000080B0C0D0D0000004D
S3150802EF50D1B60200E004000040400701000020701C
S3150802EF600000A01110000000000000461FC081002A
S3150802EF700000002000800000644005010000000037
S3150802EF80B904F800400800001000000091000400CF
S3150802EF9088400F01B703120000000060000000005D
S3150802EFA00002050D1C2F42536269686053402E1FEA
S3150802EFB0110A0808080807060504030302020201E3
S3150802EFC0010101010000000000000000000000002D
S3150802EFD01C41010100302C8C38410701BC200BF082
S3150802EFE049C05100055BA0408E6E82942182485228
S3150802EFF009084000C00D00805C410101FFDD0000E8
S3150802F000684107014CD4E83B04190D50080E141A3E
S3150802F01020262C32383E10325476980A1D0040B407
S3150802F020D041030100000000D000000004001200D5
S3150802F030E041130100000080E2CFDD2C7EB63A00E3
S3150802F040600919005122E2004CB9510E3982A9040D
S3150802F050D8229B29E2CFDD2C7EB63A006009190038
S3150802F0605122E2004CB9510E3982A904D8229B29B1
S3150802F0700000000000000000440000003C3C3C3C4C
S3150802F0804C42010108000304684201010000000025
S3150802F09038800101F1471000A08002017038030090
S3150802F0A0D0000000A8800111F0010000A8800131FB
S3150802F0B0055AFD01AC800111F0010000AC80013156
S3150802F0C0053EFD00EC000112E00F0000EC000132E3
S3150802F0D00C2051118401010200000000FFFFFFFF0E
S3150802F0E0FC4F010384FB02081040010000410000A6
S3150802F0F03C400100100000004840010020170003B0
S3150802F10050400100010400005C4001000D0F0000A0
S3150802F1100841010003C0010054C007005111300024
S3150802F1200E000DE62A000000080B0C0D0D0000006B
S3150802F130D1B6020080050000404007010000207099
S3150802F1400000A01110000000300000461FC8810010
S3150802F1500020003000800000644005010000000025
S3150802F160B904F800400800001000000092000A00E6
S3150802F17088400F01B703120000000060000000007B
S3150802F1800002050D1C2F42536269686053402E1F08
S3150802F190110A080808080706050403030202020101
S3150802F1A0010101010000000000000000000000004B
S3150802F1B01C41010100302C8C38410701BC200AF0A1
S3150802F1C049C0510001000040B75635120078085070
S3150802F1D009084000C00300805C41010100000000EC
S3150802F1E0684107014CD4E83B04190D700A10161C35
S3150802F1F022282E343A4010325476980A1D6980A481
S3150802F200D041030100000000D00000000000020007
S3150802F210E041130100000000E2CFDD2C7EB63A0081
S3150802F220600919005122E2004CB9510E3982A9042B
S3150802F230D8229B29E2CFDD2C7EB63A006009190056
S3150802F2405122E2004CB9510E3982A904D8229B29CF
S3150802F2500000000000000000440000003C3C3C3C6A
S3150802F2604C42010108000004684201010000000046
S3150802F27038800101F1471000A080020170380300AE
S3150802F280D0000000A8800111F0010000A880013119
S3150802F290055AFD01AC800111F0010000AC80013174
S3150802F2A0053EFD00EC000112E00F0000EC00013201
S3150802F2B00C2051118401010200000000FFFFFFFF2C
S3150802F2C0FC4F0103D8FB0208104001000041000070
S3150802F2D03C400100100000004840010020070003DE
S3150802F2E050400100000400005C4001000D0F0000C0
S3150802F2F00841010003C0010054C007005111300043
S3150802F3000E000DE62A000000080B0C0D0D00000089
S3150802F310D1B60200800500004040070100002070B7
S3150802F3200000A01110000000300000461FC881002E
S3150802F3300020003000800000644005010000000043
S3150802F340B904F800400800001000000092000A0004
S3150802F35088400F01B7031200000000600000000099
S3150802F3600002050D1C2F42536269686053402E1F26
S3150802F370110A08080808070605040303020202011F
S3150802F3800101010100000000000000000000000069
S3150802F3901C41010100302C8C38410701BC200AF0BF
S3150802F3A049C0510001000040B7563512007808508E
S3150802F3B009084000C00300805C410101000000000A
S3150802F3C0684107014CD4E83B04190D70080E141A5B
S3150802F3D020262C32383E10325476980A1D6940B4DB
S3150802F3E0D041030100000000D00000000000020026
S3150802F3F0E041130100000000E2CFDD2C7EB63A00A0
S3150802F400600919005122E2004CB9510E3982A90449
S3150802F410D8229B29E2CFDD2C7EB63A006009190074
S3150802F4205122E2004CB9510E3982A904D8229B29ED
S3150802F4300000000000000000440000003C3C3C3C88
S3150802F4404C42010108000004684201010000000064
S3150802F45038800101F1471000A080020170380300CC
S3150802F460D0000000A8800111F0010000A880013137
S3150802F470055AFD01AC800111F0010000AC80013192
S3150802F480053EFD00EC000112E00F0000EC0001321F
S3150802F4900C2051118401010200000000FFFFFFFF4A
S3150802F4A0FC4F01032CFC0208104001000141000038
S3150802F4B03C4001000000000048400100A00700038C
S3150802F4C050400100000000005C40010000000000FE
S3150802F4D008410100FF4C000054C0070051213000CA
S3150802F4E00E000DE62A0000000405060708000000C3
S3150802F4F0D1B60200600500004040070100005051E5
S3150802F5000000A02110000000000000861FC0810034
S3150802F51000000020000000006440050100000040D1
S3150802F5204902F000400800000200000092000800AC
S3150802F53088400F01DA032A00000000E000000000FC
S3150802F5400102071121374B5A67696254402915058A
S3150802F5500000000001020304040403030303030278
S3150802F560020202020201010100000000000000007E
S3150802F5701C41010100B0B18C38410701BC200AF0D8
S3150802F580B6555200055B98408E6E8294233C4852CB
S3150802F590893B4000C00300805C410101FFDD000099
S3150802F5A068410701E853FA00000000400000000025
S3150802F5B0000000000000000000000000000000003B
S3150802F5C0D04103010000AAAAD000000004001200DC
S3150802F5D0E041130100000000FFAB000A5CF10F00D6
S3150802F5E0D341020095EDB100197BD80F1208B90470
S3150802F5F0EA1B6D1FC9B7C20A0B203B00430600006F
S3150802F6005962F300727E9600A73D1900D022F13B9B
S3150802F610000000A0000000004000000000000000FA
S3150802F6204C4201010800030468420101010000007E
S3150802F63038800101F1471000A080020170780300AA
S3150802F640D5C00000A8800111F0010000A880013190
S3150802F6500542CB01AC800111F0010000AC800131FA
S3150802F66005228D00EC000112E00F0000EC000132C9
S3150802F6700C2051118401010200000000FFFFFFFF68
S3150802F680FC4F010380FC0208104001000141000002
S3150802F6903C4001000000000048400100A0070003AA
S3150802F6A050400100000000005C400100000000001C
S3150802F6B008410100FF4C000054C0070051113000F8
S3150802F6C00E0009E62D0000000405060708000000E2
S3150802F6D0D1B60200643500004040070100005051CF
S3150802F6E00000A01110000000000000861FC0810063
S3150802F6F000000020000000006440050100000040F0
S3150802F700B904F80040080000020000009200040054
S3150802F71088400F01B7033B00000000E0000000002C
S3150802F7200002050D1C2F42536269686053402E1F62
S3150802F730110A08080808070605040303020202015B
S3150802F74001010101000000000000000000000000A5
S3150802F7501C4101010060B18C38410701BC200AF046
S3150802F760F6625200055B98408E6E82941C78485267
S3150802F770893B4000C00300805C410101FFDD0000B7
S3150802F78068410701E853FA00000000400000000043
S3150802F7900000000000000000000000000000000059
S3150802F7A0D0410301000000AAD000000004001200A4
S3150802F7B0E041130100000000FFAB000A5CF10F00F4
S3150802F7C0D341020095EDB100197BD80F1208B9048E
S3150802F7D0EA1B6D1FC9B7C20A0B203B00430600008D
S3150802F7E05962F300727E9600A73D1900D022F13BBA
S3150802F7F0000000A000000000380000000000000021
S3150802F8004C4201010800030468420101010000009C
S3150802F81038800101C2241000A0800201707803001A
S3150802F820D0000000A8800111F0010000A880013173
S3150802F8300542CB01AC800111F0010000AC80013118
S3150802F840053EFD00EC000112E00F0000EC0001325B
S3150802F8500C2051518401010200100000FFFFFFFF36
S3150802F8600C40010001810100204002000000000056
S3150802F8700100000030400300000000000000000004
S3150802F88000000000404002000000000000400000A6
S3150802F8906040010001010000A840010007000000C5
S3150802F8A0BC40040000000000000000000000000048
S3150802F8B0000000000C410300FF4C0000FF4D000051
S3150802F8C0FF4D000020C0011000F8070020C00130DB
S3150802F8D0F502280124C00110FF00000024C00130EF
S3150802F8E00013000028C00800EC80B303437540519A
S3150802F8F0A00F00F800400000A8AA070000000000B8
S3150802F900000000000000000070C00900BA100000E4
S3150802F91000042000041880000B3C2001187C100209
S3150802F9202FFCE0067F000000000000000000000037
S3150802F930A8C00500BD4B721511A3180510325476DE
S3150802F940980A000000000000CCC004000100000074
S3150802F9500000000001000A00010028000800010159
S3150802F9600807000018000101AAAAAA00200001013E
S3150802F9700060DA005C40020100000003000000207B
S3150802F9807840040129417671000000008C000C00C1
S3150802F99000000000C440040100000000000000004E
S3150802F9A00000000000000000E04001010002000023
S3150802F9B010410201331E0500000000002041020129
S3150802F9C000000000FF0483072C410301FF06660CB2
S3150802F9D0FF0483078813FF03584101010000000052
S3150802F9E0644101010C010000844105010101000086
S3150802F9F000000000000000000000000000000000F7
S3150802FA00A44102010000000000000000B04102010A
S3150802FA100000000058923EC0BC41030100000000ED
S3150802FA2000003C00699006002C4203016018004061
S3150802FA3000000000000000003C4201010000000036
S3150802FA404442010114000000804202010000000045
S3150802FA5081000000984205013F000002FFFF0000F6
S3150802FA60FFFF0000FF030000FFFF0000B442010190
S3150802FA700000000030430A0140002001A0000000F7
S3150802FA80085000011F1F1F1F1F1F1F1B18151311C8
S3150802FA90100E0D0C45C1872F000000000000000063
S3150802FAA010800101030000003C80010101000000F2
S3150802FAB0B080020100030002370000019C00010227
S3150802FAC0000C0004D8000302050040AA88010000C1
S3150802FAD0C0000000F00001022B0100001001011213
S3150802FAE000FF0F001001013202000031500101121D
S3150802FAF000C0010050010132C100A20074010102D6
S3150802FB0069F11B0C7801011200001C007801013210
S3150802FB101004E0CF8001011279070000800101324A
S3150802FB20020000008801010250000000FFFFFFFFEB
S3150802FB30140000001CC771000000000090FD0208B6
S3150802FB4040FD0208000000000000000000512502E6
S3150802FB5040420F000108F600F147100200000000BB
S3150802FB60E8FC020800000000000000000000000097
S3150802FB702A420F00000000000000000000000000FA
S3150802FB8000000000140000001CC7710000000000FD
S3150802FB9090FD020850FD0208000000000000000067
S3150802FBA00051250240420F000102F600F1471002F9
S3150802FBB000000000E8FC0208000000000000000047
S3150802FBC0000000002A420F000000000000000000AA
S3150802FBD00000000000000000140000001CC77100AD
S3150802FBE00000000090FD020860FD02080000000007
S3150802FBF0000000000051250240420F000108F600ED
S3150802FC00F147100200000000E8FC020800000000AC
S3150802FC1000000000000000002A420F000000000059
S3150802FC2000000000000000000000000014000000B0
S3150802FC306666660000000000AAFD020870FD02085A
S3150802FC4000000000000000000048E80180841E0051
S3150802FC500101F800F147500200000000E8FC020822
S3150802FC600000000000000000000000007C841E0066
S3150802FC700000000000000000000000000000000074
S3150802FC80140000002449920000000000AAFD0208A0
S3150802FC9080FD020800000000000000000024F400B5
S3150802FCA040420F000101F800C22450030000000080
S3150802FCB0E8FC020800000000000000000000000046
S3150802FCC02B420F00000000000000000000000000A8
S3150802FCD000000000030500000304000003030000FF
S3150802FCE003020000030A000002000000C0175302C4
S3150802FCF006140000802FA60405380000A00800009C
S3150802FD000000580901040706100A01040707C80A71
S3150802FD1000040807800B00040808380C00040908C8
S3150802FD206108000000008A0800000000C7090104F3
S3150802FD3004032C0B01040404920C010405040000BC
S3150802FD4050C30000E62D0000D0070000D0070000CF
S3150802FD50E5BF0000282300006B0300006B030000C8
S3150802FD60F5DA0200A41F00009001000090010000CD
S3150802FD7050C30000761600007701000077010000E4
S3150802FD8050C30000F22B0000EE020000EE02000053
S3150802FD90193F0106041001000001010600102700A0
S3150802FDA0000A0000000000000000193F01060410C6
S3150802FDB001000001010600102700000C00000000E7
S3150802FDC0000000006CEC020884EC02089CEC0208B5
S3150802FDD0B4EC0208CCEC020801000000445E0120E3
S3150802FDE00000000000000100000000000000000002
S3150802FDF00000000000800000008000000080000073
S3150802FE0000800000008000000080000000800000E2
S3150802FE1000800000008000000080000000800000D2
S3150802FE2000800000018000000180000001800000BF
S3150802FE3001800000018000000280000002800000AC
S3150802FE400280000003800000048000000580000094
S3150802FE5006800000088000000C8000000F80000069
S3150802FE60090000000A0000000C0000000E00000055
S3150802FE701100000013000000160000001B0000001D
S3150802FE80220000002D000000DC984CA0D81018FFB4
S3150802FE90FFFFFFFFFFFFFFFFFFFFFFFFFFFFFF0061
S3150802FEA0000000000120000000200000FFFFFFFF05
S3150802FEB000000000FFFFFFFFFFFFFFFFBCE6FAADF1
S3150802FEC0A7179E84F3B9CAC2FC6325510000000035
S3150802FED0505341004B455900000000000000000045
S3150802FEE02D002573256C642E25302A6C64002C009F
S3150802FEF07B2277223A5B002573256C642C256C6479
S3150802FF00005D2C22666C223A25732C226672223AEE
S3150802FF1025737D0D0A007B2264746175223A257366
S3150802FF202C2248525F72657374223A25732C226E0C
S3150802FF305F6265617473223A25642C226E5F706172
S3150802FF40697273223A25642C227069223A25737DD6
S3150802FF500D0A007B2248525F72657374223A257332
S3150802FF602C226E5F6265617473223A25642C2270B4
S3150802FF7069223A25737D0D0A00000000010000007F
S3150802FF800A00000064000000E803000010270000D1
S3150802FF90A086010040420F00303000000000000039
S3150802FFA0050000000000000040420F0005010000A5
S3150802FFB00000000000000000000000000000000031
S3150802FFC0000000000000F03F000000000000F03FC3
S3150802FFD0000000000000F03FF8FF02081D001D00A7
S3150802FFE0080203080E000E00F801030801000100CA
S3150802FFF00300FFFFFFFF0000010000000108FFFFEA
S3150803000000000000C8010308020002000108FFFF00
S315080300100500000020000A0003000A000008FFFF8D
S31508030020010000003060012004000D000308FFFFF3
S315080300300300000002000000050002000108FFFF9C
S315080300400500000002000B0006000B000108FFFF75
S31508030050010000003A600120070002000108FFFFC3
S31508030060050000000A000C0008000C000308FFFF47
S315080300700100000050600120090000000108FFFF8D
S3150803008000000000CC0103080A0002000108FFFF74
S31508030090050000001A0003000B0003000308FFFF16
S315080300A001000000586001200C000D000308FFFF43
S315080300B003000000010100000D0002000108FFFF14
S315080300C005000000020004000E0004000108FFFFFB
S315080300D000000000D00103080F0000000108FFFF1D
S315080300E000000000D4010308100002000108FFFF06
S315080300F00500000002000500110005000108FFFFC6
S3150803010000000000D8010308120002000108FFFFDF
S315080301100500000002000600130006000108FFFFA1
S31508030120020000006C600120140002000108FFFFB2
S315080301300500000002000700150007000108FFFF7D
S31508030140020000007C600120160002000108FFFF80
S315080301500500000002000800170008000108FFFF59
S315080301600200000088600120180002000108FFFF52
S315080301700500000002000900190009000108FFFF35
S3150803018001000000966001201A0000000188FFFFA5
S3150803019000000000E60103081B0002000108FFFF38
S315080301A005000000100000801C0000800008FFFF07
S315080301B007000000000000001D000D000308FFFFF4
S315080301C003000000010200000200011802000018E3
S315080301D00200000002000A180C0053696C69636F79
S315080301E06E204C61627310009ECADC240EE5A9E0FA
S315080301F093F3A3B50100406E9ECADC240EE5A9E07D
S3150803020093F3A3B50300406E002801280328002AA8
S31508030210012A292A242A272A262A232A052A2A2B8F
S31508030220292B02294130334252443237303941317E
S31508030230312E302E32232D302B2000686C4C00656E
S3150803024066674546470030313233343536373839F1
S315080302504142434445460030313233343536373824
S315080302603961626364656600D1F71737D1F717B743
S315080302708071313F807131BF0000003F000000BF2D
S315080302802F7661722F6C69622F6A656E6B696E735E
S315080302902F67697468756240322F62676170695F98
S315080302A070726F746F636F6C2F70726F746F636F96
S315080302B06C2F6576656E742F7372632F736C695F23
S315080302C062676170695F6576656E742E630062673F
S315080302D06275665F696E0062676275665F6F7574DD
S315080302E00062676275665F6E6F666C6F770062673A
S315080302F06275660061636C006C6C5F636F6E6E6536
S315080303006374696F6E006C6C5F6164765F736574A2
S31508030310006C6C5F76616C696461746F7200626706
S315080303205F6D65737361676500736F66745F746980
S315080303306D65725F6D657373616765006C6C5F618C
S3150803034064765F73796E63006C6C5F7363616E5F6B
S3150803035073796E63006761705F706572696F64694C
S31508030360635F616476006761705F706572696F6465
S3150803037069635F73796E63006C326361705F636F81
S31508030380635F6368616E6E656C006D626564746C49
S31508030390735F636F6E74657874000000EE0203087A
S315080303A0F4020308F8020308060303081103030803
S315080303B01E030308290303083C0303084803030829
S315080303C05503030866030308780303088A03030827
S315080303D062675F6D616C6C6F6300FFFF0101020763
S315080303E00B131510801A8012808000000101020188
S315080303F0020203040301010204040000F4010000DD
S31508030400FA00000096000000640000004B0000009C
S31508030410320000001E000000140000000000000067
S3150803042050004000080050002400040090015002C8
S3150803043040009001AE0110000B0701160C000001E5
S3150803044008080000050108FFFF02FFFF080802026B
S3150803045004FF010022FFFF23080F030304040A0A0B
S31508030460030A2AFFFF1419191B011C151204004855
S315080304700C14040F0E0C080C080D181009000000C4
S31508030480000000000000000000000000A0030906A9
S31508030490A0870908A08809070A00000000000000D1
S315080304A00000000000000000A0010A05A0030A04DA
S315080304B0A0080A03A0880A08A0060A01A0030900DF
S315080304C020050A19B51F010820060A17851F010802
S315080304D001000200000000000000030000000D00F8
S315080304E0030002000100050000497253144972070C
S315080304F0FF000102030405FF145300724907CDF6F2
S31508030500000000FB349B5F800000800010000000A1
S31508030510000000008DA702081780020879A90208BF
S3150803052077A80208E69D350E480103CCDBFDF4AC3B
S315080305301191F4EFB9A5F9E9A7832C5E2CBE97F2BE
S31508030540D203B020008BD28915D08E1C742430EDCB
S315080305508FC24563765C15525ABF9A32636DEB2A8E
S3150803056065499C80DC006C888391AAF5A5386037B9
S315080305700BDB5A6083BE0000000100010005010081
S31508030580050202030002000000000002050100053F
S31508030590000001000100000100010202030002003D
S315080305A0000000000202010002000000C96B0108F6
S315080305B0A166010873BE0208E1BD020877B70208FF
S315080305C079640108C56301081D620108D5BB0208E1
S315080305D02DB20208356801085D5D0108A95B0108AB
S315080305E02BBB0208BDBA020865BA0208C3B90208DA
S315080305F00FB8020829590108555701080D5801086B
S3150803060031B20208F9540108BF01FB9D4EF3BC360B
S31508030610D874F5394138684C8BD28915D08E1C7439
S315080306202430ED8FC24563765C15525ABF9A3263FE
S315080306306DEB2A65499C80DCE69D350E480103CCA3
S31508030640DBFDF4AC1191F4EFB9A5F9E9A7832C5EA8
S315080306502CBE97F2D203B0203F49F6D4A3C55F3820
S3150803066074C9B3E3D2103F504AFF607BEB40B79996
S315080306705899B8A6CD3C1ABD01020C000000040027
S31508030680000008000200000000000000000000004F
S315080306900000000004000000000000000000000045
S315080306A000000000A001040156000000000000003D
S315080306B00000000000000000050000000000000024
S315080306C00000000000000000A0130500A0880A0728
S315080306D0A0040903A0050902A00609010F000000EA
S315080306E000000000000000000000000001000000F8
S315080306F0000000000000000000000000A001010740
S31508030700A00001040204080006000000000000001F
S315080307100000000000000000A0030601A009060966
S31508030720A0020608A0050607A0050606A0070605F3
S31508030730A0020604A0010610A0080602A00D0600E2
S31508030740000004020503060107010108090A00005F
S31508030750A0015C04A0005C03A0015C02A0035C0189
S31508030760A0025C00A0020F09A0030F04A0030F0355
S31508030770A0050F02A0010F01A0050F00A0040108A0
S31508030780A003010601010204200C040341760108B3
S31508030790200004016D76010820025602017701083C
S315080307A020025601D57601082000020515760108B0
S315080307B0A01201009D860108E586010891860108B5
S315080307C0F1860108D986010839C6020877C60208E0
S315080307D099C60208BBC60208DDC602085D9301086E
S315080307E00D93010819930108099401089FC8020883
S315080307F0FDC3020801C4020805C4020809C40208A5
S315080308000DC4020800000000C0010000B04D00201E
S315080308100002100074520120704F00200D91010848
S31508030820F190010891CA010819CD010849CC0108BC
S3150803083020C001B800000001000001010001010108
S31508030840C8C8C8C8C8C8C8C8C8C8C8C800A801A8E6
S3150803085002A8000000B801B802B800B003040408EF
S31508030860080500000000000000000000000000006A
S3150803087000000000040008007C0031003B001B0058
S3150803088020000000B1F301081000000029F3010855
S315080308902038000080030000A43B00000400000089
S315080308A0283E00000400000028330000F804000076
S315080308B0A03B000004000000243E000003000000E3
S315080308C00000000028330000A83B000001000000D8
S315080308D02C3E000037000000A53A0000293300002B
S315080308E0010000000006800F7047954909684143D7
S315080308F0880B7047934800680104C80F704730B5E2
S31508030900002083490A6800238F4C521C6568AA4253
S3150803091000D322681578AD06AD0E9D400543280021
S315080309209B1D1E2BF1D30A6030BD86480168090456
S3150803093008D586490A68764B1A604A68C261886888
S31508030940B24908607047F3B583B01700C006000EB6
S3150803095000901038912833D2FFF7CCFF00282FD008
S3150803096000267B4C01250398FFF7BCFF002802D01D
S31508030970022803D003E02068284000D00126019707
S31508030980744F04980C21615E40180E21615E40186D
S31508030990FFF7ABFF0199401838600498009940188F
S315080309A0FFF7A3FF019940187860C02080016A49C0
S315080309B00860300369490860FCF7D2FF944805705C
S315080309C005B0F0BDFEB5664B664DC02080040290A7
S315080309D0F020000501901869022805D228680199B4
S315080309E0014002988142F0D08A480068C01C8A49AF
S315080309F001438A4801608A4A8A4C0421A06808424E
S31508030A0004D0187D8006C10F490023E00226304032
S31508030A1022D01869042805D22F6801983840029F06
S31508030A20B842F6D0187D0007000F072814D1587D61
S31508030A30022811DD987D8006800E02280CDBD87DFE
S31508030A40009007460F4207D0C00700D50A21374250
S31508030A5000D0891D00290BD173487049086000200E
S31508030A60186080218902714B196010602061F7BDF7
S31508030A70481C1E69864205D22F68019E3E40029F86
S31508030A80BE42F6D06A48405C009020610098C000D8
S31508030A90F821014002D08020C00418606548066822
S31508030AA0012E00D149005960216800291DD15B49EF
S31508030AB00B682026A65F36039B059B0D33430B6005
S31508030AC001261660022191600099890909D10068F7
S31508030AD0002801D1182000E01A20225E0098FFF7AB
S31508030AE032FF207A000700D42660F7BD4B484E49EB
S31508030AF0016000211A4A1160802292024B4B1A6048
S31508030B00474A11604C4A0261426141480170704785
S31508030B10283E000006204949086000204849086025
S31508030B20F0210901474A116080214900464A1160AC
S31508030B300849414A0A604A60354908707047000007
S31508030B40A43E0000C04101A87C3E0000843E00008C
S31508030B50A03E0000C84101A8C06101A8C05101A870
S31508030B60C44000A80C0002A830B581B00400A00355
S31508030B7014D530480068002801D1162000E00C205F
S31508030B80FEF7D8FA3148806E0007C10F3048017066
S31508030B90082030490860C003244908602E4D286898
S31508030BA0000406D5FFF7ABFEE861FFF7A8FE174971
S31508030BB00860A00727D58020C0021C490860FCF7F7
S31508030BC0F2FE00281FD0254A1068C0B2002802D0BA
S31508030BD00621234B1960810915D01C490B68012B83
S31508030BE0FBD949680905090D091DC900114B1B687D
S31508030BF0012B00D14908002B01D1182300E01A2341
S31508030C00D25EFFF7A0FE01B030BD00005C4201A82A
S31508030C10623E0000204000A800F0FF3FB84101A84B
S31508030C20044003A8983E0000FFF3FF3F106001A8A5
S31508030C30D84000A8683F0000FFFF0300006401A82E
S31508030C40504000A80C6000A80C5000A81C4000A83F
S31508030C50A83B0000846000A8C04101A89C3E000090
S31508030C60005401A870B50822804B1A60804B1B6894
S31508030C70DC0302D50020088070BD0C880019401ECD
S31508030C8000787C4DA870641C0C8045076D0F052DF4
S31508030C9005D8794E3668F60603D5022D0DD00320FE
S31508030CA070BD9604AE401E4001D1082070BD052DC7
S31508030CB003D1104201D1641E0C80AA484860002063
S31508030CC070BDF3B582B008886C490978491CC9B266
S31508030CD0814204D202990918491E097800E00021C5
S31508030CE0644A517093785B075B0F01933023019C29
S31508030CF0052C28D1194232D19478E5081E242C40B4
S31508030D00CD0702D5250001242C430125A14EE64033
S31508030D102E4072D0019FA04EE641402426403E4312
S31508030D204C0602D5340020262643947889080D40BC
S31508030D30A7080C2139402943C02525400D43202106
S31508030D402943967051704A490C685578022123261F
S31508030D502E4008D0660302D52B40202B01D0052050
S31508030D6082E0424B196093789B0601D4202203E064
S31508030D709278120702D540223C4B1A603D4A927874
S31508030D806B461A70C022854B1E680E4001D1154268
S31508030D9012D06E46377827263E40232E03D1E60225
S31508030DA007D4012606E0252E03D0212E04D12603D7
S31508030DB002D504262D4F3E601B6819402026019F45
S31508030DC0002F1CD11E4027D02A4B5B781A40402A95
S31508030DD013D00C221A40042A0FD02A073BD4012227
S31508030DE0002902D0E100CB0F5A4069460978CB07A0
S31508030DF0DB0F1A422FD021012AD4072034E0022F11
S31508030E00E2D11E4008D00029DED1CC232B4003D1E2
S31508030E106B461B785B0601D5032025E0A30311D592
S31508030E209C4E73691B051B0D5B1C3668F60205D5BC
S31508030E30994E36683607B60F9B1B5B1E9BB2052B6E
S31508030E4004D1C1E7029B1B78052BBDD006200BE016
S31508030E508021064A1160E90702D4401C03990880D9
S31508030E60AB4803994860002004B0F0BD4C1002A8B3
S31508030E70BC3E0000243E0000480002A8403E000095
S31508030E80F2B586494978CA0705D4009A12888018A4
S31508030E90401E037800E000239E4A106802249E4DF4
S31508030EA02E68F60611D512695340DBB2002B03D11F
S31508030EB06E68D30973402340002B03D0020204D47F
S31508030EC00A20F2BDE206954E3260744A1E02C0231A
S31508030ED00B403343914E336093785E07760F022EA9
S31508030EE006D16D682C4003D1002000990880F2BD15
S31508030EF0A0250D409E08102737402F433D090E07AE
S31508030F0002D42E0010253543CC240C401A262E4035
S31508030F100A2E04D1CC2C02D02E00FD253540804E56
S31508030F20EE40F60705D4000416D5412B10D108293F
S31508030F3012D17C48E840112101402143202008436F
S31508030F4010700D210140009808D000F0A9F8F2BDF1
S31508030F500B2B01D10029ECD00720F2BD00F020F8B5
S31508030F60F2BD00008733000038B50C006E490B78D4
S31508030F701A0953399500491925881B071B0FEB1ABC
S31508030F809A1A8018FEF775FD010002D1200000F0B9
S31508030F9007F832BDF300A3E3981440684C0002A88F
S31508030FA0F8B50400614805683C4F3878D0263042C6
S31508030FB002D00D21014005D008205D490860EF20C5
S31508030FC0FEF715FD39782000314204D00909397036
S31508030FD000F066F8F2BD052129401FD002884D4965
S31508030FE0CA60544BEC0705D5521C0280690607D420
S31508030FF0514B05E043242C40422C03D1521C02805A
S3150803100043600DE010224A4B1A604C4A09688B006C
S31508031010DB0F190111638021090311600021018087
S315080310200020F2BD0A888018401E0078830601D482
S31508031030121D0A801822024004D008885208801814
S31508031040C01E088039480068C00702D50888401CB6
S3150803105008803948486000207047344A1368DB071C
S3150803106008D51268920705D40A888018401E0078A6
S3150803107004280CD110202E4A10603048254A1268DD
S315080310809300DB0F1A010263802212030260002019
S31508031090088070470C4000A8080001A8243E0000F9
S315080310A031B581B02649002000900822254B1D78CA
S315080310B002230C24254202D10022234903E02C40B3
S315080310C0082C00D10222EC0703D50C001E2161402F
S315080310D000931D4207D015490968090601D51B491E
S315080310E001E00021C943019B194C21601949FF24DA
S315080310F08C70009C15012543CD70087018880099DB
S3150803110040188018188014485860002036BD00001F
S3150803111045350000BC3E0000480002A8481002A856
S315080311200D0F0C0D07170850473F00004C0002A887
S315080311304C2002A8E93600001F3700001C1002A83D
S31508031140DE1B2501243E00002084100000FCFF015D
S31508031150F03E0000443F00002D360000243E000008
S31508031160F53200000D3300000D3300000D33000087
S315080311700D3300000D3300000000000000000000DE
S3150803118000000000000000000D3300000D330000CE
S315080311900D330000252A00000D330000572B0000ED
S315080311A0672B00009D2C0000192D0000D52D00008B
S315080311B0692F0000092E000015300000612E00007B
S315080311C0A92E0000212F00006131000039320000EA
S315080311D0292B00002B270000D12200000D33000025
S315080311E0D12700000D330000F5280000BD280000B4
S315080311F00D3300000D330000392900000D330000BC
S315080312000D3300000D3300000D3300000D330000CD
S315080312100D330000651200005B1200000000000099
S315080312200004000802140218032400004B488068CF
S31508031230000200D4704780B580208002AD4908605B
S31508031240CF2000F075FA01BDF8B58B49886B8B4C36
S315080312508022920322608A4E33681B0520D5130B1E
S31508031260A025054002D10968C90601D5236017E000
S3150803127002403FD1802783490F6083490F60184096
S3150803128038D0364D287A400705D501207F490860AE
S3150803129000027F4908602878002801D0062801DB68
S315080312A00020F2BD00F0A8FB716889684E682978AA
S315080312B0052907D1B905A1606E60B668CC218901F5
S315080312C0734A116000F0A1FB012E00DA0226BC2046
S315080312D0800589490860942080058849086069481B
S315080312E00021C94301647142416485490F60402165
S315080312F00160D5E783480360FFF798FF0120F2BD35
S3150803130081480168890504D5C06E0004000F0228C8
S3150803131001D0002070470120704738B5802459480A
S31508031320046000F069FB05007848006800F080F95E
S31508031330280000F06AFBFFF779FF0848007A0007E0
S3150803134005D5A0004D49086000F06EFC31BD600369
S315080313506C490860B148046031BD00002C3E0000AA
S31508031360FEB50500CC208001694948600126694815
S315080313700660FFF7C5FF00287DD0674C2078002854
S3150803138079D031020195052802D02A460A4072D13E
S31508031390CC27BF015E4A1760914A126881231B0254
S315080313A0134001D0032301E053075B0F022805D13D
S315080313B0022B5ED3080136490860F7BD4D010328A1
S315080313C004D1022B55D932480560F7BD042802D14A
S315080313D011404ED0F7BD05284BD10198002848D0B7
S315080313E0C005C10F684641700198C004C10F68461D
S315080313F0017000F001FB029060686946497800298C
S3150803140003D006688021204A11602C0484496A4661
S315080314101278002A0CD0C2680B68D21A814B1B6853
S31508031420234001D0066800E04668964200DD1600B0
S31508031430684640786A461278024308D008684242EA
S31508031440B01E824202DA7042886000E000260298E3
S3150803145000F0DBFA0198800501D57348046001980A
S31508031460054001D071480460002E02D00848076081
S31508031470F7BDFFF752FFF7BD0C0002A8442002A8E8
S31508031480BC3E00000CC001A890E001A8C4D000A887
S31508031490145001A838B580249648046001201D49D4
S315080314A008601D4D2878052802D060009249086017
S315080314B0FFF726FF002812D014480068000A802187
S315080314C04140A868000EC9B2814208D24448006860
S315080314D04007400F022802D2FFF71FFF31BD874896
S315080314E00168C0220A4002D1C06F204001D00448D7
S315080314F0046031BD1C1002A808E001A808D001A8A1
S3150803150094D001A8441002A8440002A818C000A851
S31508031510106001A8C4E000A82C3E0000F1B582B013
S315080315200F00A020384003D175480068C00603D5CC
S315080315308020800073494FE000F05EFA0090FB209C
S3150803154080010468F80202D5A0680069029000F0D9
S31508031550CEFB80210903606800F0A2F926780020F3
S31508031560761C6178B14200D20026182171436518AA
S315080315700C3529780829F3DA2670A56062492A7892
S315080315800A70BA0508D5FB20800100688068C06820
S31508031590FA0201D40322904388600127384003D115
S315080315A000F0AEFC01F09AF8F904686900F078F9DE
S315080315B03C2000F0BDF8F0B200F0BAF86088534951
S315080315C001406180009800F020FA38054D4908600B
S315080315D04F48076038024F4908600298FEBD00006D
S315080315E0184001A810B54C480068800501D4FE20B0
S315080315F010BDC02080034949086000F0FDF9FB21AE
S31508031600890109688A78D20702D589688C7800E047
S315080316100C7800F0FAF9200010BD0000100002A8AB
S3150803162048C001A84C0002A84C1002A84C2002A8E6
S31508031630FB21890109688A688B78DB0704D59278C8
S3150803164018235A438A180C3290607047F1B582B052
S31508031650334804680027200F000702D1E0010290EF
S3150803166038E001262F480068304001D101F036F8EA
S3150803167000F0C2F90190F104606800F011F92578C9
S315080316806D1C6078A84200D20025E80020180C30AB
S31508031690009000680290F1040098406800F000F991
S315080316A020480068304002D01E201F4908603D20AC
S315080316B000F03EF8E8B200F03BF825700098A06009
S315080316C0019800F0A2F917480068064002D102A85B
S315080316D001F05EF815480068800408D51048C0690B
S315080316E001F025FD02990818029000D50297029881
S315080316F0FEBD000094E001A8146001A814C001A867
S315080317000C0002A8442002A82C3E0000FEFF00009D
S31508031710C0E000A8106001A8440002A8441002A86B
S31508031720C43E0000784000A8841102A8FC0302A85E
S315080317304E490968002901D54D4908607047F3B534
S3150803174081B04C4FB8684C4C410061D50125000166
S3150803175000D52125494908684A68160021688B0679
S315080317609B0E802149001943009180210D2A05D03B
S315080317700F2A03D0102A01D0112A08D1404A126829
S315080317800A4004D03F4A12681B2A00D30E436A460E
S315080317901279009B9C463B689B0019406346194394
S315080317A00091110023D0910601D5012008E0F0210C
S315080317B0014007D16946097A0C220A4002D0022061
S315080317C000F03FF83049096809040AD5396809075A
S315080317D001D5022605E03968490301D5002600E04C
S315080317E003264835009A29490968890003E0009ABF
S315080317F02649896B09094023194011439A00002E8B
S3150803180002D01643266608352166024322662566F4
S31508031810E06D4407640F00F0D9F8A0070BD0052C38
S3150803182009D0B868000406D400F0E6F80221184A7D
S31508031830116000F0EAF800F0D2F8002000F001F891
S31508031840F7BD0E490A68F0239A430001104308605E
S31508031850C0B270478020C0020E490968890701D1C2
S315080318600D4900E00D49086070470000500002A8C2
S31508031870884000A8480002A8284000A8643F000042
S31508031880BC3E0000448001A8684101A8184001A88D
S3150803189014D50350844000A8486000A8485000A8FF
S315080318A080B56E4A116001F06DFCFFF7D3FF01BDE9
S315080318B0FEB56B4D2878000604D5287F002801D08D
S315080318C0182400E0462400F097F801906548C0689C
S315080318D04005C20DD52A01D2D52204E0D120400005
S315080318E0824200D90200100001005F4B00932B6B64
S315080318F05B011DD55D4B1B78022B03D25C4E062775
S315080319007B43F2520025009B1B7CEB40DB070CD57F
S31508031910584B06266E439B199B888FB2BB4200D24F
S31508031920190086B29E4200D218006D1C022DEAD316
S3150803193089B209190904504B0B40001BC005C00D99
S31508031940184348490860C02000064C4908604648C1
S31508031950017D00290CD04A49D52A02D98023DB0503
S315080319600B60D1235B009A4202D280231B060B60CD
S315080319700021444B19604188002900D1028001984F
S3150803198000F043F800F05AFDF7BD80B53E483F49DD
S3150803199008603F48C1680902090A19225143416090
S315080319A005210160FFF784FF01BD80B52C48017846
S315080319B0090604D5007F002801D0FFF779FF3448CC
S315080319C00068C00301D5FFF773FF01BD8020C0027D
S315080319D0224908602F4800684007FBD470478020D7
S315080319E0C0022D490860704701E02C4908602C495C
S315080319F009680140F9D170472A48006820212A4A14
S31508031A0011601021294A116070473021014002D123
S31508031A101020254908607047224800683021014094
S31508031A20102901D101207047002070472048012161
S31508031A300160C160704701201E49086070471E484F
S31508031A4000780621014007D01C480068022803D005
S31508031A50032801D00120704700207047441002A8CC
S31508031A60BC3E00007C400050703F00004C3E000026
S31508031A70543E0000503E00000000FF01A0600050E5
S31508031A80A450005018E000E07F1A0601540002A88B
S31508031A9010E000E0440002A8442002A8282002A877
S31508031AA0280002A8600002A8602002A8601002A805
S31508031AB0789001A884A001A8A03E0000683F000012
S31508031AC0F8B55B4880214902C1610221594A516030
S31508031AD00021594AD162594A11800321554A116096
S31508031AE002210160564DCC01A868204010D0524807
S31508031AF00068F0210905014090200005814207D0BE
S31508031B00022050490860012001F060FB4E4804603A
S31508031B1020204E49086080204D490860CC2080016A
S31508031B204C49086001244C48046028680090000466
S31508031B30070F4A480068C505ED0D103DC020284328
S31508031B40C0B2FFF7F5FD3C48C06B800309D5092FE2
S31508031B5007D0FFF774FF002801D003F027F801F038
S31508031B6063F93F480668032D41D000980007000F24
S31508031B700090032803D0022806D1032F37D000F09C
S31508031B803FFA0098032803D0062F30D1062D2ED00E
S31508031B9034480068C00B204001D001F047FC3248A6
S31508031BA00068000108D5052D06D101252F480460D4
S31508031BB06005FFF719FF00E000253100380000F043
S31508031BC057FA0600002D06D000F004FC28480460E6
S31508031BD00220284908606005254948658009264981
S31508031BE00860FFF72CFF002801D002F0CBFF11484D
S31508031BF021040162002F08D10221416000200E4909
S31508031C00C863C020C000134948643000F2BD80B5DC
S31508031C10FFF7DCFE19480078800602D4022018492B
S31508031C200860FFF7DCFE01BD02201649086070470D
S31508031C302C1002A8282002A80C0002A85C3E00006B
S31508031C40B00002A86C1102A8B82002A894E001A863
S31508031C500CC001A8146001A8C4E000A804ED00E0C4
S31508031C60B44000A800E200E0EC3E0000645000A87F
S31508031C70646000A82C4000A880E200E0BC3E000097
S31508031C80081002A8082002A8F8B55B4804680427C8
S31508031C905A4DBE01A0070FD5594A0120E021C900B4
S31508031CA093680B4002D02E602F6128611268114099
S31508031CB002D02E60AF60A860FFF79EFE210506D509
S31508031CC02E602F61B7490D220A600F220A60FFF7BB
S31508031CD09CFEF1BD80B5FFF78FFE864901228A6017
S31508031CE00A600021B04A1160FFF78FFE01BD10B5E7
S31508031CF0012081498A680240FCD1BE4A0423136144
S31508031D000C680440FCD193600002106010BD7B4947
S31508031D1008680122104200D1704710B5E023DB00A2
S31508031D200340FF24A41CA34207D3B34B9C6BA4060E
S31508031D3002D41B68DB0600D54868024001D000F0D0
S31508031D4021F910BDF8B50400894D28683F21884359
S31508031D508849097801432960FFF7D9FFC820A86293
S31508031D600620854908608020400384490860800965
S31508031D708349086020688D4DAF68874200D3070002
S31508031D80C01B20600121200000F0B5FB0600206877
S31508031D90C0192060FFF778FF854800682860002E81
S31508031DA011D18448102141620821834A12680A40E6
S31508031DB001D0016000E0416093490968490002D5F2
S31508031DC08021490141623000F2BD8C480178090639
S31508031DD010D5007F00280DD08748C16BC90609D4E2
S31508031DE0816BA0220A4005D10068C006C10F0120F5
S31508031DF04840704700207047500002A8881102A87F
S31508031E00900102A880B5FFF7E0FF002803D0002160
S31508031E10042001F0A3FB01BDF1B57C487C49C860E9
S31508031E20EE20C00408607B487B490860FFF7CDFFB6
S31508031E30002803D00021042001F090FB774C802072
S31508031E40C0012060082776488765012570484564E0
S31508031E501D2073498862734E9B204000B06107209A
S31508031E6001F0B4F902206E49886253490A68D2061A
S31508031E7003D56B496C4A0A6008E00F2209683940A2
S31508031E8002D03100103101E0310014310A6067498C
S31508031E900968002900D4B761E32109013160C0212B
S31508031EA0C900634A1268F823DB01134001D1F162C2
S31508031EB001E0574A9165216C294008D0616BC9072F
S31508031EC005D45C490968084001D101F065FB002087
S31508031ED0C04359490860606B054001D1FFF7D4FE3A
S31508031EE0009801F061F9606B8001FCD4606A53497C
S31508031EF00860F1BD902102A8940102A8743F00006E
S31508031F0010B53E480178090606D5007F002803D098
S31508031F100021052001F022FB154801683F22914361
S31508031F20474A12780A4302603C4C606BC00701D4E7
S31508031F30FFF7D0FE43499720400008601020086049
S31508031F404148E32212018266404ACA610021404A97
S31508031F5011600F210822184B1B68134001D08167B3
S31508031F6000E0C1670321016002631003206010BD0E
S31508031F702C8001A85E3E00000C9001A8982002A8B8
S31508031F80A41002A8F0210901324A1160014032481F
S31508031F900160202031490860314909680840C2496F
S31508031FA00860704700100C5000000C50A03F00005A
S31508031FB0340002A8601102A8FC0302A829482A498A
S31508031FC082680A4002D1C268114001D011490160F2
S31508031FD014480821A74A13680B4000D08161117879
S31508031FE0C90602D58C21090101601420AF4908608E
S31508031FF0F1E10000882102A80C0002A8BC3E0000FB
S315080320000448054908607047EC0002A8000FFF0062
S31508032010242102A801200000706201A8100002A86A
S31508032020C01002A8501102A8BD03000028C000A8CA
S31508032030A88001A8343E0000B46000A89C3F0000B5
S315080320405F3E0000682102A8E82002A810100000DD
S31508032050C00002A8586001A8585001A8482002A841
S31508032060184001A8704201A800800080704700004C
S31508032070F8B586B005000C008D480068400102D506
S315080320802000402404438B48C66AFFF7B5FC059035
S31508032090B00503D588480068FFF7CAFA00200190FF
S315080320A001237006C00F0290844A9168002090604D
S315080320B0B8204000824E30606608B8203040127857
S315080320C0F0261640402E02D10200402010430D2D63
S315080320D002D10A00042111434A0704D50200142039
S315080320E0104310229443774A12686D462B70D20523
S315080320F006D580225200744B1A6002000120104351
S31508032100029A002A11D10C220240082A0DD0020095
S31508032110684B9B6BDD0601D41025AA439B0601D4A5
S3150803212020239A43B12313404FD06A461278002AD4
S315080321304ED0A64A956B966D01236D076D0FAD1D9F
S31508032140AB40F504ED0C5B1B9BB2082B09D2802030
S315080321500623584D2B6043029D4D2B6000236D4685
S315080321602B708123034036D00823029D002D00D10E
S3150803217013620D000821294310239C4304231D05DC
S31508032180984E3560DD04984E35606D462D78002DE2
S315080321901ED0062B25D3464DEE6CF60621D5934E57
S315080321A03668360E01966D69ADB2904EF66B3606F5
S315080321B003D02E0080256D01354315612D12156157
S315080321C0404A1268D50592D40BE008227F4B1A625F
S315080321D00491009032E000BF27A34506ED0E5B5D30
S315080321E0D3E7049100903348026B80490968774D19
S315080321F02E686F463E81282616401E43930CDB0144
S3150803220033431600120E3240102632401A43890011
S3150803221040231940114302AA9170406B000A02A990
S31508032220C870FFF7DFF902A9087101984871704869
S315080322300068C8800298E8660398E8660598FFF779
S31508032240E4FB0825600601D566488560FFF7F7FBBA
S31508032250002805D067480078002801D0664805603D
S315080322600498C1B20098C0B2FFF769FA200007B014
S31508032270F0BD0000F84F0000030107060301070637
S3150803228005010606050106060302070603020706F5
S315080322900502060605020606081A03D257490968FF
S315080322A04018401C70470000481002A86C3F000005
S315080322B0084000A8180002A81CC000A8643F000034
S315080322C0B46000A81C0100AA1C2100AAF8B54C4F4B
S315080322D00F2401254B4910264B48806B30401BD0F1
S315080322E001200870494800687969FFF7D5FF48490E
S315080322F00968401801285DDB01F0F6F945490968C4
S31508032300090B0C40022C53D16905434A1160434912
S315080323100E643D490D604BE02E023B48006CC0003D
S315080323201ED53F480068E0218905014042D0394D52
S31508032330286821030140700181423BD1FFF75CFB0A
S31508032340384A39490968314002D038490968116061
S315080323502968090B21400229F3D0FFF756FBF1BD83
S3150803236033480068002825D00D7000F01DFF0028AB
S3150803237020D101F0B9F927490968090B2140022937
S3150803238016D1264A1160690239601F490E60214A2F
S315080323901168090B21400229FAD01168090B0C4070
S315080323A0032C02D029041C4A11600021204A11601B
S315080323B001F09EF9F1BD802080041E49086070472C
S315080323C0802040041B49086070470000540000AA97
S315080323D0141100AA00BF18480168490701D0FF2154
S315080323E041617047441002A84C5001A8184001A83F
S315080323F0448001A8A83B0000845000A838C001A85F
S315080324000CC001A8613E0000100002A81CC101A867
S31508032410DC3E0000B00002A81C1002A8082002A88F
S315080324204C4001A8800000AA084000A8904000A8D4
S31508032430383E00003C2002A80C4000A87047FF283D
S3150803244008D0032806D2FE2189010978C140C807A6
S31508032450C00F704700207047F0B58020000208219E
S315080324609B4A11600A2301219A4A01249C4004438A
S31508032470C1A5ED5C25439560F025974E3560944DCF
S31508032480C0A6F65C022737432F6004262E60A74DA5
S315080324902D680D4006D1CD026D1E03D0966C36030A
S315080324A0FAD401E00220F0BD956CD66C6D036D0B72
S315080324B0AE4200D220005B1ED7D50823864C236084
S315080324C090609B4B1B685B0113D59A4C63785D1C24
S315080324D001262E4066701D00062675436519126887
S315080324E0AA80E8802370FE20800102789940114370
S315080324F001700020F0BDF1B582B0FFF7EBFB8E4803
S31508032500006B400101D401241CE08C48826B002037
S315080325108849C3B206246343CB189B8894B2A34263
S3150803252004D0401CC3B2022BF3D3FF200870012446
S315080325308148006B400105D50878FFF780FF00281E
S3150803254000D000247C480078000608D57A48007F26
S31508032550002804D07848407F002800D10124784D0C
S31508032560E869019077480068E861774E0298006841
S31508032570316D4718012F16DB00F08DFD3060C00161
S31508032580381A01280FDBFFF7B2FB00F0A7F8029809
S315080325900068316D401800F007FE002803D00021BB
S315080325A0029A116010E0694FC020C000386028689D
S315080325B0072832D005210840052808D029600C20B1
S315080325C000F004FE002802D00199E961FEBD604EC1
S315080325D0FF207A3070620420B062FFF788FB02207E
S315080325E03060E020C0045B4948608020800478603E
S315080325F002203860012000F0E9FD80208000706227
S31508032600022000F0E3FD8020C00070620820B0625B
S31508032610022000F0DBFD0220B0624F4EE0204000AE
S315080326203060042000F0D2FD07003ED1022049495C
S3150803263008608002B062C001B06210203F4908609A
S315080326400120F0654548006840061BD43A48006BEC
S31508032650400113D5374800786946087068460078FC
S31508032660FFF7EDFE002809D03248694609780622A5
S3150803267051434018C0883149086403E0FFF7ECFE6C
S31508032680070012D12D48012101600021C1670220EC
S3150803269000F09CFD324E40203060C030306002208E
S315080326A000F094FD8120C002B062002C05D02B48AF
S315080326B00068800101D4FFF778F9E869E021490346
S315080326C001400198274A02400A43EA613800FEBDE1
S315080326D0889001A8448001A888A001A838B5FFF707
S315080326E0F9FAFFF704FB0224144804601E4D082078
S315080326F0A862C0016862012000F068FD20026862D2
S315080327002C600620A86219486862E0204000144934
S315080327100860104804600021094A1160C021C900F5
S315080327200160134800681349086031BD140002A804
S31508032730EC3E00004C3E0000BC3E00000C8001A8A5
S315080327405C0102A8F80302A88C3F0000981002A8AF
S315080327505C1102A8982002A82C9001A8500002A890
S315080327602CA001A8FFFFE3FF5C2102A8F961000082
S31508032770340002A8943F0000000000010102040887
S315080327801020200050505040404040302020200068
S3150803279070B50600FFF7ABFAC020C00019490968EF
S315080327A0F822D2010A4001D1174900E01749086007
S315080327B01748AC21490081640A2101601548802124
S315080327C0490301608909C160134C6069AF21C901D6
S315080327D045183068854200D30500401B3060002148
S315080327E03000FFF788FE3168491931600B490968DB
S315080327F0216070BD8020000109490860000109496C
S3150803280008607047AC8001A87C1102A87C2102A845
S315080328100C8001A8981002A8903F0000340002A873
S31508032820441002A8685000A8F1B584B0B7480068F8
S315080328300190B748C06BAF21C90140180499884273
S3150803284005D2081A00F0B0FC002800D048E2B14DC2
S315080328506868C00700D543E20420AF49C86280030D
S31508032860AE498862CE480468A86B8607B60F032E5E
S3150803287003D01020A849C86223E08020800288621A
S31508032880E96B890601D5012061E0210610D5EA6BBB
S3150803289002210A400CD1C34A05231360EB6B1027A8
S315080328A03B401943116000211160A96B090A1160A5
S315080328B004219A4AD162E96B002902D596498862AE
S315080328C0002620060DD5B648007F002809D020200B
S315080328D09149C862C8480068202108408F49C862E0
S315080328E00EE0A86B400705D5A86BC00080214900F8
S315080328F0084003E086480069C10701D5FFF742FB94
S31508032900E00708D5CC48B1014018006AC004C00CDA
S31508032910401ECA490860CA480168090404D5806F7D
S31508032920C00F0121414000E00021C648C0229200A1
S3150803293002603202002902D0C021890000E011009A
S31508032940C14B1960C021890041605A600020296C77
S31508032950942292050A40140000D0012480263602E8
S31508032960204300062DD08E483021405CC02101400B
S31508032970402902D1FFF74BF901E0FFF755F920206B
S315080329802860240600D1ABE1A86B400709D5700877
S31508032990624988620220AD49086000F093FA00286C
S315080329A007D004205C49C86240025C498862A7488C
S315080329B006607B480078000600D491E13001564949
S315080329C037E16868C00700D58AE1B0005349C86291
S315080329D0FEF7FCFF9948406E296C314008D1C006C2
S315080329E006D5FFF709F80221BE4A1160FFF70DF86D
S315080329F0FEF7F5FFF0082860C54CC0273F06676059
S31508032A00A86B4007C10F68460170EE20C004019900
S31508032A10C90700D484E0BF4908603009E061032090
S31508032A20BD490864FE20C003486442204860A020CC
S31508032A3020600820B94908660420B9490860286C4B
S31508032A40C00238D5B7484068010C0391B64900045B
S31508032A50C00B085A0290039810282CD32C480189D6
S31508032A60E72928D3018995225200914206D8029B69
S31508032A70511A09094B43990A4A4205E0029A9A4BA5
S31508032A80C91809094A43920A52B203998918C36BAA
S31508032A909C46836C5A4363469A18C2636F2901D3CB
S31508032AA06F2102E00F2900D20F2108020843090407
S31508032AB001439E48016097489D498164B90C61604A
S31508032AC00221964A5167B90D8160F02109014165D2
S31508032AD0F00920610A2000F079FB67608220400232
S31508032AE02066012000F072FB01206060062000F0DA
S31508032AF06DFB6660082000F069FB300160608000AA
S31508032B006060032000F062FB700045E0FC0302A846
S31508032B10683F0000100002A81C2002A81C1002A887
S31508032B200199490740D57B4908607C4E8220C00439
S31508032B30F06680208000E061C001B066B80C886446
S31508032B407C4860600A2000F041FB73490020086452
S31508032B5008604860A020206008203066022070675D
S31508032B600A2000F033FB676073482066012000F0F3
S31508032B702DFB062000F02AFB08206060062000F0E3
S31508032B8025FBF80D6060082000F020FB60206060DC
S31508032B90032000F01BFB02206149086009E000BF1F
S31508032BA0BC3E0000E40000AA644A4021002001F06C
S31508032BB009F863480021C943C1630121934A12787E
S31508032BC012061BD5AA6B520718D4914A12680D2A06
S31508032BD005D00F2A03D0102A01D0112A0ED1064A8E
S31508032BE0926B52050AD58B4A12681B2A06D21748D6
S31508032BF00161C16403E000BF184001A8016000F049
S31508032C004AFA834E401DC001F16B47188020C00164
S31508032C108149496F014002918049086004988742B7
S31508032C2017D2F16B401A00F0BFFA002810D00298A9
S31508032C307B49086054E000BF0C0000AA204000A8A6
S31508032C40684101A8086100A8085100A8685000A8AF
S31508032C50049F0198400702D58020800000E0714850
S31508032C606060012000F0B2FA686AB0638020400011
S31508032C702A490860380000F097FA644C68460078D9
S31508032C80002806D16448006860628020C0038C4926
S31508032C9008600298624908601E480199490704D5E5
S31508032CA0802189008164224903E002218164C021CD
S31508032CB089018164686A306368460078002809D008
S31508032CC0012000F083FA2078000603D5802000034C
S31508032CD08F490860286CC00202D512480068F06361
S31508032CE005B0F0BD14E50350D6FEFFFF80B5FEF729
S31508032CF083FE8C4900220A600A22CA61FEF785FE12
S31508032D008948C021890201608849416001BD0000E4
S31508032D10681102A8242102A8600102A8B81002A813
S31508032D20C82102A8F83F0000C0000000DC4001A843
S31508032D300404000004044000020400001107000014
S31508032D40786000A87A48806B800300D47047F8B58A
S31508032D50784807680024002001252F4202D0C020A6
S31508032D60800102E0790700D57348744902220A6094
S31508032D70086408207249086072480068C00403D4CE
S31508032D80714800680007FBD5704E26487065042015
S31508032D9000F01CFA8820C00470653D4007D0A020C7
S31508032DA080037065012000F011FA694808E0602085
S31508032DB0706580204002B060012000F007FA65487C
S31508032DC07065654D2C606C60C02000067065C00C8C
S31508032DD062490860012000F0F9F9F0200001F06665
S31508032DE05F480460862040025E4908605E48706555
S31508032DF008203060A02030652C646C648020800134
S31508032E004B490860000159490860F1BDBC3E000002
S31508032E10683F0000448001A820C001A894E001A8E7
S31508032E2094D001A802400000F8B5514800680D2562
S31508032E30054008200424002D01D1042504E00921B6
S31508032E402940092900D145404A49102706034A4A19
S31508032E504A4B1B682340126814D04A60284004D0A2
S31508032E600220FEF7EEFC464806602C4007D045488C
S31508032E700068074343480760B008414908600220D1
S31508032E80414915E00A60284005D00220FEF7D9FC1F
S31508032E90A0023B4908602C4006D03A4801680F4314
S31508032EA007607009364908603748066030032F49BA
S31508032EB00860FFF747FF00210020FEF740FCF1BD3D
S31508032EC01C1002A810B5802030490A6802400AD0AF
S31508032ED02F4B1A680624144005D15C6E2D4A2240EE
S31508032EE01B6D9C0101D5002010BD096808400DD053
S31508032EF02948824203D1180501D5012010BD274868
S31508032F000068C107C90F481E8041C00F10BD0000E5
S31508032F101C2002A8224803210164A821C1631021A9
S31508032F2001607047D80000AA442002A80400008064
S31508032F30100002A8FC0302A8040400002C1102A82E
S31508032F40106001A8D84001A8104001A8182102A8BA
S31508032F500180000089050000600102A8B06101A88C
S31508032F60548001A8C82102A804340000482002A8F6
S31508032F70B44000A8E43E00001CC101A8480002A80A
S31508032F80441002A8643F0000685000A8440002A841
S31508032F9014C001A81F1F0000010C000030C101A8BE
S31508032FA0082002A86C4800680121084209D16B4A27
S31508032FB012686B4B000C1840F03291400B40984254
S31508032FC001D00220704700207047F8B507000F3874
S31508032FD06A461080604CE0680A0004D16B461B8879
S31508032FE082B29A423AD200226B461A8001250226F9
S31508032FF03A0013D02268324007D000292ED0594808
S315080330000088401C57490880002039002161564929
S315080330100E6080B2B84201D369460D8053484560B5
S3150803302000E030BF2068304003D1FFF7BBFF00281C
S31508033030F7D04D484560390010D02168314005D096
S3150803304048490A886B461B88D2180A8006600020FE
S315080330502061E068B84201D244480660FFF7A2FF40
S31508033060F2BD38B5050000F03FFB040001219920A5
S315080330704543A8093E4A12688018123880B2FFF7FA
S31508033080A4FF05008020C0013A490860200000F02B
S315080330902FFB280032BD334803883549096802885F
S315080330A09342F9D1100408187047FEB51238070C75
S315080330B06946088000F018FB0190274C294D28889B
S315080330C0B8421ADA01202C490860274E30BF02207D
S315080330D02168014006D030604003264908602888E5
S315080330E0401C2880FFF75EFF002802D12988B942D1
S315080330F0ECDB0121716000280DD12888B8420AD17A
S31508033100E06869460988884205D20021684600882E
S31508033110FFF75BFF01E0FFF745FF04008020C001CE
S3150803312014490860019800F0E3FA2000FEBD10B5C3
S3150803313012490A680E4B1B680C689442FAD0DB01E5
S315080331404033141A02D288692418641C0C48006890
S315080331504443181B10BD0000280002A804ED00E034
S31508033160FF3F00005C3E0000282002A8281002A8A2
S31508033170340002A880E200E02C1002A820C001A8AF
S31508033180B43F0000F0B502E00A601C602E607EC8FA
S315080331904F1C07D05F1C04D06F1CF5D10A601C6056
S315080331A0F0BD0A60F0BD000010B5C409FFF773FF50
S315080331B0201A312806DAC000183801D4C01EFDD5F6
S315080331C0002010BD2000FFF770FF10BDC321484340
S315080331D06F3801D41E38FDD50020704780B5FEF739
S315080331E030FB01208A49086001BD38B589490C6856
S315080331F0082589490D60FFF7F1FF2C4001D0874860
S31508033200056031BD80B5EB2000F001F801BD30B58E
S3150803321083490B6818401022134210D0814B824C05
S315080332202468224008D0B04A14682402FF252D02D8
S3150803323025401D6300241460802252031A60086027
S3150803324030BDF3B5010016001C0000250095A748FC
S31508033250019A330000270BE0BC464F5D4743AE0097
S315080332609E597E40575D47433740664637436D1C34
S31508033270A542F1D3390939438A080A435108114348
S315080332800840C10901430F208A0B0A4302405040F4
S31508033290F6BDF1B582B00E00002093490860944D3F
S315080332A0EF7AA87A01900F21394000910ED00B4688
S315080332B0904A91490298FFF7C4FF019901408A4849
S315080332C001608E4841438E48084001D1012400E03D
S315080332D04401380915D032003B0929000298009E9B
S315080332E06D7A75194019FFF7ACFF01990911014069
S315080332F07D4802680B0113430360002901D0480087
S31508033300444380480068204001D10420FEBD0020C4
S31508033310FEBD80B50A00002111807B4952888018BA
S31508033320FFF7B7FF02BDF0B50F22784B5C79057836
S315080333300F202040C5402009284001259C79C44018
S315080333402C4001D10320F0BD374C2468254008D012
S315080333506F4D9E684700F65B761E2E608026B60183
S31508033360EE60DD78DE79C640F00711D5E0060FD5A5
S31508033370002D0DD0674848600888488008881C785F
S3150803338000192A4080185A7880182A09801800E0FC
S31508033390002008800020F0BD10B55F4801685F4A29
S315080333A00820014200D09061C90602D58C21090183
S315080333B011605B495B4A5C4B1B681B040CD54B6865
S315080333C05C0402D5C303136006E0C024A4011C40B1
S315080333D043029C4200D010600B68034005D0534B50
S315080333E01B689B0F9B0700D010600F480078C0230B
S315080333F0034002D180204005106008682021084058
S3150803340010604B480068C00101D4FFF7FBFE10BDEE
S315080334102C4000A84C4000A84C6000A84C5000A8BB
S315080334206C3F00001C1002A8BC3E0000F8B5414FD3
S3150803343038687E6806404048304040490860802422
S31508033440A4033F4DF00227D53E48016801200A062A
S3150803345005D53D490968A9602870022014E0014290
S3150803346002D03A49A9600FE00020C9060CD52949BC
S31508033470A960374A91780B071B0F12789A1809091E
S315080334805118A980E880A888A880A888002801D0B0
S31508033490264301E0FFF7B6FE264023D0274E746085
S315080334A03460A88800280BD0396A814208D3291DBD
S315080334B02848AA6890470100F3D0FFF78FFEF1BDAD
S315080334C001000CD0FC218902F16123490203CA6178
S315080334D034604C603A6A824204D30C60F1BDEB2037
S315080334E0FFF795FEF1BD00003C3E00000101010116
S315080334F03C3F0000F43E0000343F00001111000079
S3150803350021840000F03E0000143F0000443F000001
S31508033510204000A8B7210000F84F0000502102A858
S31508033520184001A8481002A8684101A84C4201A8FE
S31508033530D04000A8B44000A8FFFFDFFFB46000A88E
S31508033540403E0000BC3E0000A03B0000CB2100002B
S31508033550453F0000D84000A8B45000A870B5050040
S315080335600C0000F0C1F80600FEF760FA20020543D6
S3150803357006480560022006490860FEF75CFA300033
S3150803358000F0B6F801200349087070BD04C009505D
S3150803359040D00950603E0000FEB5C020C004334940
S315080335A008603348334948653348886533484024B7
S315080335B0046044601020FFF709FE002854D1FF2059
S315080335C000052F4908602F482F4908602F482949C5
S315080335D00860A5032A4805602D4807680820FFF7F1
S315080335E0F5FD002840D108262A4806600120FFF782
S315080335F0EDFD2748806801902748066027481D493E
S3150803360008601F4805600820FFF7E0FD00282BD156
S31508033610204806600120FFF7D9FD1D488068009001
S315080336201D480660134D1E4828600199009800F04E
S315080336303FF88606B60E0198C10B0098C00B00F03A
S3150803364037F80002FC2189010140314329601048FB
S31508033650076060030A490860124804604460124917
S315080336600164124941640020FEBD000020E000A861
S31508033670571400004C0102A8FF3FFF3F601102A840
S31508033680B42002A80000380EB41002A83030000097
S31508033690104101A8105101A8106101A810100000DB
S315080336A020200000602102A8F703F000FF3F000076
S315080336B010B54904CA104004C310991A00209A1871
S315080336C0D30F9A18521052188B115B0E5B18DB1125
S315080336D0D2182023541A01D422001843CC0F611898
S315080336E049105B08F6D110BDEFF3108072B6704728
S315080336F0002800D162B6704710B5C20018231340DC
S31508033700FF249C40E2438907090E9940030004D429
S3150803371073489B089B00C01806E0724B0007000F0E
S31508033720083880088000181803681A401143016096
S3150803373010BD80B574225421002000F043FA01BD60
S3150803374010B5FFF7D1FF684901220A60674B684C39
S315080337502360684C23600323674C2360674C23600C
S31508033760674B1A60674B1A60674B80241C601A60A4
S31508033770664A1A6011228A63FFF7BAFF3F20644933
S31508033780096801400A1D402A00D2081D614A1070C3
S31508033790AD48017010BD80B501001120FFF7ACFFDD
S315080337A001BDFFF7A1FF05000024012160B2FFF761
S315080337B0A3FF641C0E2CF8D301210F20FFF79CFFEF
S315080337C001211320FFF798FF01211720FFF794FF24
S315080337D003210120C043FFF78FFF01211E20FFF7B6
S315080337E08BFF4D484D49086002204D49086001206A
S315080337F0A049086047044B4C20693840FCD0206830
S31508033800800101D4FEF7C1F82800FFF771FF464887
S315080338100068000311D4972252005321002000F0B8
S31508033820D1F90AE000281CD0FEF7E6F819E020696A
S315080338303840FCD02800FFF75BFF206E0004000F1A
S31508033840022801D1FEF742FDFFF74EFF0500714E30
S31508033850FEF7E2F800287078E4D0002801D1FEF7D5
S31508033860D4F801202E493278002A05D1774A1268FE
S31508033870920600D4086030BF0022327002220A6022
S315080338807C490860D3E77C48016842680A407B485C
S31508033890104017490860800700D4704710B5784868
S315080338A00188491C0180774C2078000617D576498C
S315080338B00A680F20120B0240032A10D1A94A12687C
S315080338C05207520F032A0AD80968090B0840032826
S315080338D005D10D20FFF789FCE08A401CE08210BD64
S315080338E000E400E01CED00E0040002A80000FF3F2E
S315080338F0282002A82C1002A840E002A844C002A867
S3150803390004C001A8044001A8145001A820006006B9
S315080339102C8001A85E3E0000FFFF9B4000E100E00B
S31508033920602002A8500002A8F80702A8F8B5574C69
S315080339302068656805408C4805605548284007D0C7
S31508033940FEF77DF8002803D02800884909688847C8
S31508033950874801210D4211D00222864B1A60864AF6
S3150803396012680A4007D10268F0231B051340902208
S3150803397012059342F3D00902804A116080210D4251
S3150803398020D0A26AF823DB0113401BD0C022120100
S31508033990934217D880231B06894E3360A76AF826F5
S315080339A0F6013E40384F3F683F043F0F022F01D0D0
S315080339B0032F03D1002E01D09642EFD3904A13600A
S315080339C0694A11608F49097806290DDACC208001E6
S315080339D028401DD0FFF788FE04002800FDF7C0FC29
S315080339E02000FFF785FEF1BD806B800510D586485C
S315080339F0284005D0FEF73AFB2800FDF7B1FCF1BDD8
S31508033A00A80205D580204001574908607F49086008
S31508033A10F1BD0000613E000010B57D4801684468A9
S31508033A200C407C48046080210C4205D041607A48EA
S31508033A3001600020FDF794FC600403D5802040054F
S31508033A407649086010BD00005F3E0000F40302A833
S31508033A5038B57348016844680C40E00707D5FFF793
S31508033A6043FE0500FDF716FD2800FFF741FE6D48E6
S31508033A70046031BD601002A8280002A8FFFF00C039
S31508033A805C3E0000BC3E0000B00002A8104001A83E
S31508033A9002000600FEB5644C206C676C07400125DE
S31508033AA02F4216D02E0661480660206860490D60CD
S31508033AB0002802D00021FDF7F3FE5E480068A02126
S31508033AC0C90188428041C043C00F5B4948705B48BF
S31508033AD00660FDF791FF0190022007403ED061681A
S31508033AE0CEB20F0A564908224A4B4403012E24D064
S31508033AF0022E31D1012F22D1524EF6780096514E1D
S31508033B0037780126BE40504F3E604E4E36787605CE
S31508033B1090277F04F71903263E434C4F3E601C60EB
S31508033B204B4B1C600B68009C1B194B654549097870
S31508033B308D4048490D6048490DE00090DFE7002FA6
S31508033B400AD1464E356000254D655C601C60C1048C
S31508033B50434B196043490A60354908600198FDF7E4
S31508033B6054FFF7BD184001A8106001A8A43B000044
S31508033B700C0002A86C1102A8B44000A8B82002A839
S31508033B8070B5FDF739FF0400FFF7AEFD2F490A6844
S31508033B90D2070FD52A4A566D1368334D2E60CE6861
S31508033BA06E604968E9818021C904204E3160297B0A
S31508033BB059185165FFF79CFD2000FDF726FF70BDD8
S31508033BC0E06101A8002800D0704770B50C00FDF726
S31508033BD013FF0500FFF788FD0600FDF727FF2348B7
S31508033BE004600121224A1160026C0A40FCD1FDF7E8
S31508033BF022FF3000FFF77CFD2800FDF706FF70BDA6
S31508033C00E05101A82C3E000000104006145001A8FC
S31508033C1090C001A890E001A80CC001A804ED00E03B
S31508033C20C0C000A8C0E000A800C002A8441002A8AB
S31508033C3040E002A8404000A8613E0000442002A8D4
S31508033C4018C00A50753E000068E00A5060C101A812
S31508033C5094D001A868D00A50F42302A860E101A809
S31508033C6080E200E0F41302A86C3E000000C009508D
S31508033C7040D0095080B5FDF7E2FE002801D000F0D8
S31508033C80A0FE01BD80B5FDF71BFFB1480068000320
S31508033C900AD4FEF7B5F9FFF755F8FEF731F901200F
S31508033CA0FFF724F8FEF71AFD80208005FDF79CFE32
S31508033CB001BD80B5FDF704FF80204002FDF794FEA1
S31508033CC001BDFEB5052068490860684804680127F0
S31508033CD03C4201D1FDF7FEFFFDF7F2FE6449086891
S31508033CE00090924849680160A105CA0F69460A719E
S31508033CF000253C4210D000959649496801609548CD
S31508033D00026895490B68981A9A4202D38B69C018B8
S31508033D10401C924B9842F5D3914E3560684600791C
S31508033D20002804D021000098FDF7F8FB0090002432
S31508033D303068384003D16846FEF704F80400FEF7F6
S31508033D4044F8002846D08348407C002842D1984945
S31508033D50804DEE680A6933689A4200D00120954A75
S31508033D601278022A0DD2944B9C4606235A4363467D
S31508033D709B5AB4460200182672436646B218536025
S31508033D8000E00224009A0192EA68012343401820BE
S31508033D904343D61830680861B06808609548F168E7
S31508033DA001603169016270699349086001A8FDF7EA
S31508033DB0C9FF002808D17F490978022904D27E4A17
S31508033DC006235943515A7160210004000C4301D15B
S31508033DD06F7401E0002C02D10098FEF71DF887489E
S31508033DE00760022086490860C820C004AD490860F8
S31508033DF07804FDF7F9FDF7BDF8B59E4C8025EF026B
S31508033E00FDF7E3FF002808D09B480078002804D173
S31508033E103800FDF7E9FD2560F1BD206CC00506D520
S31508033E2080200006206000BF00BF40082060FEF720
S31508033E30C5F89D480068C021090181439B48016074
S31508033E40FDF73EFEFDF700FA060099489949086012
S31508033E50FFF710FF3800FDF7C7FD002E00D02560D9
S31508033E600120B9490870F1BD5C1102A8440002A8F3
S31508033E70B83F0000F8B5B54800688F49096801409E
S31508033E808E4801600120FFF786FCFDF719FE8C4872
S31508033E904421405C0521014002D0FDF7B8FE01E04C
S31508033EA0FDF7C2FE734C012702258548406C28405E
S31508033EB000D027601020C043A54908600026E663A2
S31508033EC0A4480660FDF7BBFD002802D000F0C6FD36
S31508033ED001E07B480660FDF779FD9F480068216C81
S31508033EE0090407D4000705D5FDF786FD9B490D6030
S31508033EF0FDF78BFDFDF773FDFFF74EFA984800684B
S31508033F0007400CD08020000696490968014006D070
S31508033F108E49896A084002D10D20FFF766F9A8047D
S31508033F20FDF762FD0020FFF736FCF1BD383E0000C1
S31508033F3080B5FDF7C5FD06480068000303D4FDF701
S31508033F40DFFFFEF7CBFB80204003FDF74DFD01BDE8
S31508033F500C0002A8C83E000020C001A801FF00000B
S31508033F60343E000038B5FDF7ABFD424C2025FEF77D
S31508033F70A9FF002806D0606B000704D5FEF7CAFF21
S31508033F80FEF738FC2560FDF7BBFFFEF7A7FB76486F
S31508033F9000780C210140042902D1FDF738FE01E01F
S31508033FA0FDF742FE6804FDF71FFD4020206031BD82
S31508033FB0348001A84C3E0000523E00001CB5052083
S31508033FC06A490860FDF77CFDFEF7A4FFB54800685B
S31508033FD000906846FEF7DCFB0400FFF74BFE002C57
S31508033FE002D10098FEF720FC80204004FDF7FCFC74
S31508033FF013BD00001C4101A8284000A8442002A8BC
S31508034000305201A8F8B5FDF75BFDA74CA56A502009
S31508034010284002D0FDF7FBFD01E0FDF705FE154F2D
S31508034020FEF750FF00281BD1B86B40071DD4786BE9
S31508034030E0214901014018D1A80611D4FDF7C6FCB1
S31508034040A56A9A4E354207D0FF20C0432D18A562AC
S315080340508020000596490860FDF7C1FC2E4002D072
S315080340600120386001E00020206080208004FDF7ED
S31508034070BBFCF1BD100002A8D93E000080B5FDF7D0
S315080340801FFD8C480068C00501D5FDF739FF0120DF
S31508034090FEF72CFEFEF722FB8020C004FDF7A4FCE6
S315080340A001BD0000106001A80C4001A8086001A822
S315080340B070012000B46000A8883F00000C5001A8D6
S315080340C0A83E000070B528480668FDF7F9FC802469
S315080340D0A403794D2968090303D52000FDF784FC59
S315080340E070BD0321C00601D5314001E0B008014087
S315080340F0012902D1FDF78BFD0BE0300107D50E2010
S31508034100FFF76CF8A0480421016008210160FDF758
S315080341108BFDFDF7FCFD9D4E30699D490860FFF751
S31508034120A9FD3068002807D04000122802D2FFF7FD
S315080341304DF801E0FEF795FF2000FDF755FCA86B47
S315080341408000FCD470BD0000613E0000084001A851
S31508034150482002A83C3E0000844000A814E503500A
S31508034160404101A8D44101A8EC3E00005C1102A815
S31508034170F8B584B0012600240294FDF7A1FC039048
S315080341804D4D2868000371D40320A2490864A24848
S3150803419002680227FF2189010F200F231340032BEF
S315080341A003D0120B104006283CD19C4800684A6885
S315080341B000922A6C3A4001D089680091FEF7B7FF4E
S315080341C00099401801D5019400E00190A86B0007F7
S315080341D0C10F6846017003209149096B0140022902
S315080341E01AD10399C90617D58D490968CA0512D57F
S315080341F0EB6B8C4A1340934203D11020854908641C
S315080342000AE0890508D4296C28220A4004D1002625
S315080342102749086000E000266846007802903000C7
S3150803422002D10EE008680190FEF74CFE002808D07C
S31508034230FEF770FE0298002802D0FEF7DBFA00E0CC
S31508034240002674480760002E11D075483021405C5B
S315080342500C210140042902D0E86BC00602D5FDF7FC
S31508034260D6FC01E0FDF7E0FC2020686014E0FDF7CA
S3150803427047FE802000060E4908600020C0436A49AD
S31508034280086001A8FEF784FA0400FFF7F3FC002C84
S3150803429002D10198FEF7C8FA80200004FDF7A4FBB3
S315080342A005B0F0BDCC3F0000C43E000000FFFF0090
S315080342B0481002A8680102A80C0002A8FEB500244B
S315080342C00194FDF7FDFBFFF7D5FC584EF06E584DEC
S315080342D00007000F07280ED1706800280BD40020AA
S315080342E0FEF704FD28682A490860FDF78BFD306848
S315080342F0800044D5FBE701210320494A73685B071D
S315080343000BD44C4B1B680B4007D01368DF050BD542
S315080343105B0502D43368DB0503D40191116B890964
S3150803432004E01021444B1960116B090908400090F9
S315080343300020FEF7DBFC0098002805D17068C0064C
S3150803434002D4FDF771FC01E0FDF761FC0020019939
S31508034350002903D139480068FEF7E9FE6969401860
S3150803436001D5009400E000906846FDF7EBFC0028B1
S3150803437005D10098FDF750FDA86905490860802016
S315080343800005FDF731FBF7BD80E200E0AC3F000016
S31508034390383E0000F8B5FDF793FB002400252848AE
S315080343A0466B80277F05300606D5300709D5FEF705
S315080343B0B1FDFEF71FFA29E001251E4800682840CB
S315080343C019D00020FEF792FC0220064002D01D49B0
S315080343D00C60C8611C480468002D03D02000FDF753
S315080343E035F90400FEF796FD2000FEF71DFA38009E
S315080343F0FDF7FAFAF1BD15480078C02101404029B6
S3150803440002D1FDF704FC01E0FDF70EFC20200C4960
S315080344100860ECE7082002A8B00002A80CC101A8AE
S31508034420BC3E000010000010B46000A8440002A8B7
S31508034430BC3F0000B44000A8481002A81CC101A84C
S31508034440100002A8180000AAD83F0000EC3E00009E
S31508034450FFF776F9024803494860FFF7A2F900BF58
S31508034460472600000000000080B5EFF305800B28FF
S3150803447001D23A2100E02921922252000020FFF7B7
S31508034480A1FBFEE702030303030404040405050072
S3150803449000000001010101020202020303030303F0
S315080344A004040404040000000101010107070808C5
S315080344B0030303050404040505050606060707079B
S315080344C00803020204040403040505060606060790
S315080344D0070702020203030303040404040505058C
S315080344E00505060606060102020202030303030381
S315080344F00404040404050505050606060C0C0C0C41
S315080345000B0B0B0B0B0B0B0B0B0B0B0B0B0B0B0BEA
S315080345100B0B0C0C0C0C0C0C0C0C0C0C0B0B0B0BD0
S315080345200B0B0B0B03040404040505050506060615
S31508034530060607020202020303030304040404042F
S315080345400505050505060606020202020707030412
S315080345500607040403030303040506030305060702
S3150803456008040506040304040303040506060304F2
S3150803457005060708C7BFBEBEBEB5B5B4B4ABABDC4C
S31508034580DCDBDBD2D2D1D1C8C8C8C7BFBEBEBEBD6D
S31508034590B5B5B4B4B4DCDBDBD2D2D2D11B1B161649
S315080345A02E2D2D2A29292925242420201F1B1B1BB0
S315080345B0162E2D2D2A2A29292524242020201F1B9F
S315080345C01B1B2D2DBEB5B5B4B4ABABABAAA2A1A12B
S315080345D0A1A099999898C7BFBEBEBDB5B5B4B4B4E2
S315080345E0ABABABAAAAA2A1A1A19999990000000015
S315080345F00303030303020202020202020303020283
S315080346000202010101010101000000000303030383
S3150803461003020202D0C7C6C6C6BDBDBCBCB3B3B28D
S31508034620B2B2A9DBDBDADAD1D1D0D0C7C7C6C6C6E0
S31508034630BDBDBCBCBCB3B3B2DBDBDADA1F1F2D2BA3
S31508034640221E2E2E323232312D2624303028231FB5
S315080346501B2B26222E322E2E31312D282424302CA4
S3150803466027231E1A62675F6D657373616765207218
S31108034670656365697665727300000000D7
S30D0803467C1CBFFC7F01000000CE
S3110803468490460308005E0120B700000002
S31508034690C0EA2101C0EA210100800000C0175302C5
S315080346A0145E01200040310800A0000010510020CC
S315080346B0C8000000FE00000000000000A8EB020886
S315080346C0C00A0020FFFFFFFFFFFFFFFFFFFFFFFFFB
S315080346D0FFFFFFFFE8FD0208DEFE64000A0028006C
S315080346E091360208286B6ECE286B6ECE286B6E4EFB
S315080346F0286B6E4EFFFFFFFF00C079C400C079C464
S3150803470000C079C4FFFFFFFFFFFFFFFF00C079C4A6
S31508034710FFFFFFFFFFFFFFFF286B6ECE286B6E4E72
S31508034720286B6ECE286B6E4E000080BF000080BFDC
S31508034730000080BF000080BF000080BF000080BF6C
S3150803474000C079C400C079C400C079C400C079C464
S3150803475000C079C400C079C400C079C400C079C454
S3150803476000C079C4FFFFFFFF00C079C4000080BF03
S31508034770000080BFE85E0120000000009448012085
S31508034780FC480120644901200000000000000000E5
S315080347900000000000000000000000000000000008
S315080347A000000000000000000000000000000000F8
S315080347B000000000000000000000000000000000E8
S315080347C000000000000000000100000000000000D7
S315080347D010000000100000000000000000FFFFFFAB
S315080347E0FF00000091A8020895A8020899A80208E4
S315080347F09DA802080000000071730108000000006C
S3150803480000000000000000001DC3020800000000AD
S31508034810197A0108000000000000000000000000EB
S31508034820C579010800000000000000000000000030
S315080348308D7A010800000000000000000000000057
S315080348401D7D0108000000000000000000000000B4
S31508034850118301080000000000000000FFFFFFFFAE
S315080348600000000000000000FFFF00000408030822
S3150803487027C50208FFFFFFFFD5C70208D1C70208ED
S31508034880FFFFFFFFFFFFFFFFD9C70208FFFFFFFF79
S3150803489013CD0208FFFFFFFFFFFFFFFFFFFFFFFF29
S315080348A0FFFFFFFFDF2500009DF50108000000005C
S315080348B0F1FF01080000000000000000FFFFFFFFF2
S315080348C020000400000000000000020010000000A1
S315080348D000000000000000000000000000000000C7
S315080348E00A000100000000001A000D000000456DD3
S315080348F0707479204578616D706C650002000A0052
S315080349000800303030303030303000000200050007
S315080349100300303030000000020008000500302E86
S31508034920302E3000000002000800000000000000DE
S31508034930000000001700FFFF0C0000000000BF8FF7
S31508034940AF7F8700370F10100004040F05140A28D9
S31508034950010101AAAAAAAAFFFF0A01FF0C01FF0F78
S3110803496003010000750500084D0500085A
S7050800076D7E
