:020000040800F2
:10000000C00A00206D070008BF000208BF000208F8
:10001000A5160208BF000208BF000208BF000208C0
:10002000BF000208BF000208BF000208BF000208AC
:10003000BF000208BF000208AD000208CD71000831
:10004000BF000208BF000208BF000208BF0002088C
:10005000BF000208BF000208BF000208BF0002087C
:10006000BF000208BF000208BF000208BF0002086C
:10007000BF000208BF000208BF000208BF0002085C
:10008000BF000208BF000208BF000208BF0002084C
:10009000BF000208BF000208BF000208BF0002083C
:1000A000BF000208BF000208BF000208BF0002082C
:1000B000BF000208BF000208BF000208BF0002081C
:1000C000BF000208BF000208BF000208BF0002080C
:1000D000BF000208BF000208BF000208590900085B
:1000E00039090008BF000208BF000208BF0002086B
:1000F000BF00020825DF0108F9E7010809CE020860
:1001000005CE02086DDF01081FCE02080DCE0208E1
:10011000C9E7010811CE020839E80108A1E8010881
:10012000BF000208BF000208BF000208BF000208AB
:10013000810D0208BF000208BF000208BF000208CC
:10014000BF000208BF000208BF000208BF0002088B
:10015000BF000208BF000208BF000208BF0002087B
:10016000BF000208BF000208BF000208BF0002086B
:10017000BF000208BF000208BF000208BF0002085B
:10018000BF000208BF000208BF0002081BE7020808
:100190007DCA0108BF000208F3CD0208F9CD0208AC
:1001A000BF000208BF000208BF000208BF0002082B
:0401B000BF00020882
:1001C000F0B5114A114C124E00F00105E3695F07CA
:1001D00013D40DB9334213D103EA00078F4207D17C
:1001E0000B4A1A40002A0CBF00206FF00100F0BD3E
:1001F000013AEBD16FF00200F9E74FF0FF30F6E77C
:100200006FF00100F3E700BF8096980000000350F4
:10021000020001000B4B70B5D96911F480310DD18A
:1002200001244FF48072084E084DF46020462C647F
:100230001A61FFF7C5FF3464EC6070BD6FF0010018
:10024000FBE700BF000003500010035000200350E4
:100250004FF4803238B50E4B0E4C9A66E56941F684
:10026000713315400122E3630B4B0021DA60022356
:10027000606121202361FFF7A3FF10B92120FFF760
:100280009FFF0122054BDA600DB10023E36338BD07
:100290000090005000000350001003500020035055
:1002A00070B5134C6061E3695B071ED40E4656F8C7
:1002B000043B8D18A361AE420BD104230021212001
:1002C0002361FFF77DFF58B9BDE870402120FFF79B
:1002D00077BF08210846FFF773FF10B1042323619D
:1002E00070BD56F8043BA361E5E74FF0FF30F7E738
:1002F000000003502DE9F84315464FF48032184BA7
:1003000089469A6603F51C33DF690646174041F6B5
:100310007132DA63012203F58053DFF84C80DA6032
:1003200055B9284601220F4BDA601FB10022A3F510
:100330000053DA63BDE8F88306F5005404EA0804C4
:10034000A41BAC4228BF2C46494622463046FFF744
:10035000A7FF0028E6D12644A1442D1BE0E700BFFB
:10036000009000500020035000E0FFFF000000005C
:10037000000000000000000000000000000000007D
:100380002DE9F04FA2EB01088BB04FF00009099363
:1003900008F101034FF000080C461546C246CB4653
:1003A000CDE90289CDE90089059300EB810308932B
:1003B000AC4236DD059809F013F8DDE90223044666
:1003C0000D4609F077F8524606460F465B46504602
:1003D000594609F06FF802460B463046394608F098
:1003E000B1FE47A3D3E900230F4621F000410646A2
:1003F00009F0D2FA002851D0059B002B4CDDDDE935
:10040000000122462B4609F07FF909F0EDFA4FF082
:100410000008099BC3F80080149B18600BB0BDE86E
:10042000F08F204608F0DCFF089B064653F8040BCB
:100430000F46089308F0E6FF3246CDE906013B4639
:100440005046594608F080FEDDE9062382468B4679
:10045000DDE9000108F078FE3246CDE900013B46B7
:100460003046394609F026F802460B46DDE902011E
:1004700008F06AFEDDE90623CDE90201304639467F
:1004800009F018F802460B464046494608F05CFE63
:100490000134804689468BE70020B8E742464B4648
:1004A0002046294609F006F8DDE900238046894602
:1004B0005046594608F0FEFF02460B464046494664
:1004C00008F040FE32463B4609F01EF90F4606464C
:1004D00009F08AFA32463B4680465946504608F0B3
:1004E000E9FF02460B46DDE9000108F02BFE22463B
:1004F0002B4609F009F909F077FA8AE7AFF3008093
:1005000011EA2D819997713D0348044B834202D033
:10051000034B03B118477047DC600120DC60012009
:1005200000000000064B0749C91A891048BF013175
:10053000491003D0044B0BB101481847704700BF66
:10054000DC600120DC6001200000000010B5064CDA
:10055000237843B9FFF7D8FF044B13B10448AFF336
:1005600000800123237010BD885601200000000088
:100570007C46030808B5054B1BB105490548AFF398
:100580000080BDE80840FFF7CDBF00BF00000000BD
:10059000005000207C460308A3F5803A704700BF56
:1005A000174B002B08BF134B9D46FFF7F5FF0021AB
:1005B0008B460F461348144A121A23F069F80E4B63
:1005C000002B00D098470D4B002B00D098470020FF
:1005D000002104000D000D48002802D00C48AFF3A4
:1005E000008009F027FC2000290023F01BF809F007
:1005F000DBFB00BF0000080000000000000000005E
:10060000C00A0020C00A0020405C01200000000059
:100610000000000037B504460CF048FD00283ED12C
:10062000214B2077A361A36843F48013A36021F0DA
:100630009EF8A368A0801B030CD4B0F5FA7F09D9FB
:100640002DF063FF0121054608462CF073FF284674
:100650002DF056FF20460CF051FD08BBE06808B3B2
:100660000FF032FA24F03CFD0BF048FE25F0C0FDFF
:1006700024F064FA00220121042024F022FD00234A
:1006800001A88DF804300CF003FF032104200EF0C4
:1006900025FC0A200BF0C2FB20461FF0FDFC0020C9
:1006A00003B030BD0148DBE705040300AE60012064
:1006B00008B50449044817F029FFBDE8084017F0C1
:1006C00057BF00BF48EA020810EB02084FF0805203
:1006D000014B5A60704700BF00ED00E0F8B50E46D0
:1006E0000546D0B1C9B10E4B0E4F1968386801F0FC
:1006F000F7F8044678B9062332460B49386801F00A
:10070000BDF9044638B901232A460849386801F082
:10071000B5F900B12C702046F8BD2124FBE700BFDD
:10072000105E0120305E01202C0004003C0004001B
:1007300008B503482DF0FDFEBDE8084022F037BFA4
:1007400058EC020801482DF0F4BE00BF58EC020836
:100750000348044A0449121A92101FF0B1BC00BFAA
:10076000C001000880030008405C012008B5154B5B
:1007700083F30A8800F030F8FFF7EAFF124B1349C1
:100780008B4212D30020124B12498B4218D3FFF731
:1007900007FF186850F82240586840F8224001329C
:1007A00098688242F5D30C33EAE70022F8E71C6828
:1007B00044F8220001325C68A242F8D30833E4E72F
:1007C0000022F8E700000020844603089046030852
:1007D00090460308904603084FF48041144B154A95
:1007E00070B59A60D3F88820134D42F47002C3F8B4
:1007F0008820124A05F5005491664FF0FF322266B8
:100800006FF4003262660D22A2660222C3F8D02085
:10081000BFF34F8FBFF36F8F4FF44036002003F0CC
:10082000D7FB0020E66003F0B7FB2E6170BD00BF70
:1008300000ED00E00000000800800044009000503F
:10084000014B1860704700BF045E0120054B186023
:10085000054B1B6F03F00703032B01D12CF0BABC2F
:10086000704700BF0C5E012000800050F8B50446C0
:100870000127124D0CB314F001000BD0002024F01E
:10088000010405EBC0021668002EF3D05168C0B217
:10089000B047EFE72246013020284FEA520201D04C
:1008A000D307F8D507FA00F20F2824EA0204E8D9A2
:1008B000421E05EBC2021038E5E7F8BD18500020D3
:1008C00008B50C482DF035FE272003F073FB28B146
:1008D000272003F07DFB272003F05EFB282003F098
:1008E00069FB28B1282003F073FB282003F054FB98
:1008F000002008BD58EC020848B101224378017875
:100900009A4030235943034B00205A50704722200D
:10091000704700BF40D0035048B1012243780178AE
:100920009A4030235943034B00205A5070472220ED
:10093000704700BF40E0035008B502F07FFF054B51
:1009400000F0553020F0A040C3F82004BDE8084076
:10095000FFF78CBF00E0035008B502F06FFF054BB6
:1009600000F0AA3020F02040C3F82004BDE8084081
:10097000FFF77CBF00E003502DE9F04F1446054619
:100980000E469B46C36B87B001225B6902A9606873
:100990009847EB6B01225B6903A93046984702A890
:1009A00020F019F8074648B10023A37563754FF08E
:1009B000FF33A360002007B0BDE8F08F03A820F04C
:1009C00017F80123A375237E04EBC303DE611F84A4
:1009D0006368B3420ED1206003A820F02BF84FF0DB
:1009E000FF332075A360237D043B022B26D8002310
:1009F000A375DFE723681A1A53425341A37503A86E
:100A000020F018F8237D834218BFA77503A81FF0B4
:100A1000F3FF074602A81FF0EFFF874218BF00232D
:100A200003A818BFA3751FF0EFFF074602A81FF029
:100A3000EBFF87421CBF0023A375D4E703A81FF078
:100A4000DBFF80B1EB6B022230465B6904A998475B
:100A500004A81FF0E0FF0346207D032839D8DFE813
:100A600000F03838040903A8F3E7CC22237E04EB16
:100A7000C3031A8401F0B8FA109B187003A8277EEC
:100A80001FF0AEFF04EBC70787F82200237E03A800
:100A900004EBC303B3F8209093F822701FF0ACFF6F
:100AA000804603A81FF0B0FF8246B8F1000F15D0B2
:100AB000EB6B022230465B6904A9984704A81FF03B
:100AC0006FFF6075637D6BB90023A3754FF000085D
:100AD00038E0227E04EBC2021384CBE703A81FF0A8
:100AE0004AFFEEE794F81680B8F1000FEED0B9F1A6
:100AF000000F09D1DFB10123E375637E002B4FD1D5
:100B0000012F42D1677614E06B6C06EB0A02594262
:100B100086EA020008421CBF0021A175591E0A4046
:100B20009B1A9945D0D8A37D002BE3D1CEE7E37D76
:100B300043B94FF000084B465246314628461FF055
:100B400088FCA060A27D12B123694B4423611A493D
:100B5000237E097899422AD901332376BBF1000F0D
:100B600027D032B3E37D23B3B8F1000F21D1032F97
:100B70001FD0A1684B1C1CD0109B22460093284616
:100B80000123FFF7F9FEA07513E095F8343063B93F
:100B9000EB6A0133CFD1032FCDD10123A376C8E770
:100BA000012FCFD0032FC4D1F7E79846C3E7002326
:100BB000A375A07DFFE600BFC8EB02082DE9F04F4A
:100BC0000E46984600238BB004464FF0FF31104686
:100BD00017468DF8133001F0F1F9B6F5801F3BD3BD
:100BE000B21C53D1E56A6B1C57D12046616A1FF0D5
:100BF00076FB0546B31C18BF0123DFF81091019363
:100C0000636A626C0293236805A902FB053AE36BF1
:100C100005225B695046984705A81FF077FF1FF033
:100C20009AFF50461FF0A2FF4FF0000B824601468C
:100C30004B1C05D0636C81EA0A025B42134232D03E
:100C4000294620461FF04BFB029BAB424DD0BBF127
:100C5000000F4DD10546D3E7314605AA04F108003F
:100C60001FF007FE0146481C10D0384601F0A6F9D7
:100C70000122394620460DF113031FF03CFC28B138
:100C80009DF8133088F80030002003E0237C002B0F
:100C9000A8D12D200BB0BDE8F08F2368ED1A636C4E
:100CA000B5FBF3F5A6E7484601F088F90DF113030B
:100CB00049462046019A1FF01EFC034690B1B21C23
:100CC00003D0D9F80020B2420CD19DF81320039331
:100CD0000D4B88F8002049461A68384622F0E0FC9F
:100CE000039B9B46D9F80810A2E7BBF1000FD0D0B8
:100CF000B6F5801FC8D2314698F800307A6804F102
:100D0000080001F089F8BFE7C4EB02087C57002017
:100D10002DE9F3410446174698460E46194D816A5F
:100D2000E36A8B422AD04B1C18E0284601F046F9B2
:100D30000122294620460DF107031FF0DCFB30B1EC
:100D40004346294620469DF80720B847B0B1A96818
:100D50004A1C05D0012E0AD0E36A9942E5D10DE084
:100D6000696820461FF048FB012E0146D8D16B6808
:100D700081EA0302636C5B421A42D1D002B0BDE843
:100D8000F08100BF505700202DE9F0474FF0FF33AE
:100D90004FF6FF720025044600F10806C0E909235A
:100DA0008AB0C3620562056330460F461FF032FD0C
:100DB00020461FF014FA28BB204639461FF0DFFA00
:100DC00020461FF00CFA28BB5E200AB0BDE8F08771
:100DD000E26B2368606CD2F814C000FB053005227A
:100DE00005A9E04705A81FF091FE012840F0838087
:100DF000294620461FF094FA421C294620461FF03F
:100E00000DFA0135E3699D42E2D320461FF0E7F970
:100E10000028D1D020461FF012FA4FF6FF72636A05
:100E2000934200F0B080E26B676C2068694607FB74
:100E3000030055690522A84768461FF03EFE626A16
:100E40002368606C514D00FB02301FF08FFE4FF0A5
:100E5000FF33A062E3622A466FF00101204605AB32
:100E6000FFF7ACFE002850D1AD6829462046E56268
:100E70001FF091F9206320B92046E16A1FF0BCFA07
:100E8000E062294620461FF0B7FA0546A36A9D4254
:100E90003DD120461FF03DF900278046B946E36961
:100EA000994546D3B84563D92046616A1FF017FAC1
:100EB0000026054604F1400ABE4212D3626C236844
:100EC000694602FB0539E36B05225B694846984792
:100ED00068461FF0F2FD534602464946E06B1FF09C
:100EE00047FE294620461FF0FAF90136B04505466F
:100EF000E2D1642069E71FF033FE002881D0294643
:100F000020461FF00DFA024677E7A56AADE72946AD
:100F100020461FF040F9236B29460344074623630C
:100F200020461FF069FA0546002FAFD1C4E90B0730
:100F3000ACE7636C2568052203FB0955E36B05A943
:100F40005B692846984705A81FF0E0FD1FF003FEE7
:100F500058B128461FF00AFE014620461FF01BF933
:100F6000636C143B984208BF013709F1010996E709
:100F700030461FF04FFC002320461946044AFFF775
:100F8000C7FE002021E767201FE700BFA857002009
:100F9000E50402082DE9F041036B9046826B076877
:100FA0009A4288BF8363426C436A90B002FB037726
:100FB000C36B0E46052201A95B6904463846984773
:100FC00001A81FF0A3FD01280146307057D0656CC1
:100FD000E26B2368606AD2F814C005FB003005227A
:100FE00006A9E04706A81FF091FD01284FF0000573
:100FF00023D0D4E90A3201219342CDE90B458DF883
:1010000034800E958DF83C102AD1194620461FF0E9
:10101000F3F9236B626C14339B1AE06223630C9B1D
:1010200053B99DF83C303BB1626A616C2368E06B58
:1010300001FB02311FF022FD0C9DE36B05225B6971
:1010400001A93846984701A81FF060FD3070284676
:10105000236BA26B9A4288BFA36310B0BDE8F081F6
:10106000237C33B91C490BAA04F1080000F022FFCD
:10107000D5E72046194A0BABFFF74AFECFE7237CA2
:1010800023BB2246164904F1080000F013FF616AF1
:1010900020461FF045F9616A421C20461FF0BEF849
:1010A000054620B9236B626C1344143B236320462E
:1010B000A16A1FF0A1F92368A062C01A636CB0FB9B
:1010C000F3F0606220461FF0DAF9B6E7002320460D
:1010D000044AFFF71DFEDAE72D180008A9170008DB
:1010E0007F0502081B05020873B50D46D11E4A4252
:1010F0001C461B7E4A419A4226D1296823689942A0
:1011000022D3636899421FD8114E0DF1070332466E
:10111000FFF754FDC0B972686B689A4214D19DF80C
:101120000730DA1E53425341227E93420CD1636949
:1011300001336361D4E90323934205D22968A2688D
:1011400042F8231001332361012002B070BD00BFBB
:10115000A85700202DE9F04F9A468BB09DF85030EB
:10116000DFF850B10293DBF81030804653450D464E
:101170001646C0F09980D146DBF804300193B9F1EE
:10118000000F00F08D80D8F83C3001225B6907A980
:101190000198984707A81FF02BFCDBF80030984215
:1011A00040F0858007A81FF02FFC0428074614D1C3
:1011B00007A81FF030FC019B029A04463B44002A1A
:1011C0003FD1864212D91446361A404601991FF083
:1011D00013F9A9EB04090190D1E7D8F83C300222B9
:1011E0005B69019808A9984708A8E2E7841B544561
:1011F00028BF5446032C03EB0607AAEB040A4FEA68
:1012000094021CD9D8F83C30294638465B69984787
:1012100024F0030304F003061F441D44002ED4D021
:10122000D8F83C3001225B6908A938469847324615
:10123000284608A9354422F033FA0026C5E7264699
:10124000ECE7074600F00302039203442A180492D5
:101250000593049BDD1B059BD81B039B9F420FD16D
:10126000002FB2D0D8F83C30012208A95B6998471A
:101270003A46284608A922F0E1F978B93D44A4E7A6
:10128000D8F83C30012208A95B6998470422284617
:1012900008A922F0D3F908B9043FDAE74FF036097C
:1012A00048460BB0BDE8F08F4FF06309F8E74FF008
:1012B0006F09F5E7D45700202DE9F0410F46164697
:1012C0009846044688B060B390F83450FDB10121CF
:1012D0001EF07AFF00210E9BCDE90511CDE9023702
:1012E0009DF83C30CDF804808DF81C30237C0496AA
:1012F0008BB90D4901AA04F1080000F0DBFDDDE91E
:101300000553E06B002E08BF1D461FF046F9284626
:1013100008B0BDE8F0812046044A01ABFFF7F8FCB5
:10132000EDE70546F3E700BF49050208E9100008AC
:101330002DE9F04F99B00F4609920A69416C0E935E
:101340001439D31DB3FBF1F3013302EBC302036B7A
:1013500004469342C0F0BC810023DFF844940D930F
:10136000E36A48461946079300F028FED7E903369A
:1013700004930E9B022B4ED1CC2E40F08A81099B08
:10138000002B42D0394620461FF065F9656C079A5C
:101390006B1E13401490ED1AE36B01225B6916A9D2
:1013A0007868984716A81FF027FB00280CBF042375
:1013B0000823782E06933DD9012300254FF0080A13
:1013C00005933B6805990E98C9F80030C9F810607C
:1013D0001FF034FB4FEA9A0310930023DDF81CB092
:1013E00089F814000B930F9308930C93616C4A1EB9
:1013F0000BEA02028B1A002E38D05544AB4240D87B
:10140000236B5B1A13442363ABE0049B1B681493A8
:1014100008230693D0E7656C079A6B1E1340782E5D
:10142000A5EB030516D8FB7D7BB9099B002BB3D137
:1014300004230693331DAB4210D9A6B1082DBBD8A7
:1014400004250023AA460593BBE7099B002BA3D1E3
:101450000823EEE7099B002B9ED1D9E700250595CF
:101460004FF0040AADE704250596F9E75345C7D3C5
:10147000B0460BEB0A030393089B002B18BF032312
:1014800013E0A3EB0A039E42B0460BEB0A0228BF0F
:1014900098469E420392EFD90123D9F8102089F88B
:1014A0001730964271D1C9F804B0089399F81730F3
:1014B000002B6CD099F818200899D31C09EBC303B2
:1014C0000132C3F804B0A3F80880997289F8182093
:1014D000B8F1000F14D00E9B022B5BD10B9B7BB994
:1014E0000F9B4344032B0BD9E36B01229B690398A9
:1014F00014A998470546002840F0EC8001230B937F
:10150000089B16A80193059B009399F81420434665
:10151000396800F009FDE36B58469B69109A16A9DB
:101520009847051E0D9B18BF5B4652460D935946C2
:10153000434620461EF08DFF236B08F10302A3EB08
:101540000A0322F003029B1AC9F808002363002D46
:1015500040F0C0800F9BDDF80CB04344A6EB0806BA
:101560000F93594620461EF047FF00258346002E64
:101570007FF43CAF8A4A3968936804F10800E3625B
:1015800052680E9B00F048FC84E002238DE7C9F806
:1015900004B09DE7099B002B30D1049BB8F1030FE9
:1015A00043440A9327D9DDE90301E36B4FEA98022C
:1015B0009B6998470546002865D118F003025FD063
:1015C000049B28F003052B440493039B1D444FF018
:1015D000FF33049915A8159322F062F8E36B2846AF
:1015E0009B69012215A9984705460A9B0493002D83
:1015F00086D0039B99E74246039DE8E7039B0A9345
:1016000007F120031193FB7D78689BB100233D7E99
:101610000C9AD9B28D4211D9119903F1010C31F80C
:101620003310914226D9069907EBC303D8690A44BF
:10163000104403E00C9B069A13441844E36B012208
:101640005B6915A99847159B012213930C9B0A9877
:1016500004330C93E36B13A99B699847039B0A9A85
:1016600043449B1A042B054607D978B91346043323
:101670000A93C8E76346521ACBE70A9B0393B6E77F
:101680000A9B04933CE70A9B0493B2E70A9B0393EB
:10169000AFE77026304619B0BDE8F08F002657E05E
:1016A00004F108001FF0B6F83346314620463D4AA3
:1016B000FFF72EFB3A69616CD31D1439B3FBF1F3CC
:1016C000013302EBC302236B9342BFF449AE65E0E2
:1016D0001C26DFE73D2D61D104F108030393236845
:1016E000079A606CD61AB6FBF0F600FB06301FF0C6
:1016F0003DFAE16A824620461EF07EFEA26A8242E0
:10170000D8D0626CD9F80830511E0B40216BE062D2
:10171000891A0B4423630D992368CB1AB3FBF2F8A3
:101720004645BBD1079BB3EB0A0611D0E36BB20869
:1017300051469B6998478346E36A079A3344E362BC
:10174000236B03989B1A534423631FF063F85E4690
:101750002368616CE06B01FB08311FF07CF92046C7
:101760001EF03DFD20461EF06AFD626A2368606C33
:1017700000FB02301FF0FAF9A06220461EF07FFE47
:101780002063002E8CD03A69616CD31D1439B3FBF1
:10179000F1F3013302EBC3029042A0D22E4679E767
:1017A0007C570020E5040208032A2DE9F341064690
:1017B0000D4617461C4606D1237A012B23D0012063
:1017C00002B0BDE8F081DFF86080096842460DF1A3
:1017D0000703FFF7F3F960600028EDD19DF80720BB
:1017E000237A032AE8D0D8F804106A689142E3D13A
:1017F000012B2969D4F80CC007D172690CEB0103E5
:10180000934202D92074207CDAE708316144E16018
:101810003B46012229463046FFF78AFD60600028DA
:10182000CAD00020CCE700BFA85700202DE9F34123
:10183000089C032A1746266806D1237A012B24D058
:10184000012002B0BDE8F081DFF8908030464246CA
:101850000DF10703FFF7B2F960600028EDD12568AC
:10186000D8F80400A96AD5F844C04840CCF1000378
:101870001840227AE1D1012A09D1E268D8F8103063
:1018800013447269934202D92074207CD9E72868F6
:10189000EB6A1B1A081AB3FBFCF3B0FBFCF08342A3
:1018A0000BD1706CF36A421E1340326B121A134450
:1018B000284633631EF0A0FDE862D8F81020E368E4
:1018C00008321344E36001223B4604492068FFF7D5
:1018D0002FFD60600028B0D00020B2E7A85700209C
:1018E0002DE9F0410025634B0E46D3F800800446F5
:1018F0001D6018B921252846BDE8F08190F83470A4
:1019000007B30A6803689A4240F0AA804A684368AD
:101910009A4240F0A5808A6883689A4240F0A0808D
:10192000CA68C3689A4240F09B800A6943699A4238
:1019300040F096808A69C36B9A4240F091804B696F
:101940008361D8E768223946856B21F0A1FED6E98C
:101950000212336804F1080023607368A5636360B2
:10196000336963617369A3611EF066FFB36904F1B3
:101970004000E3639B68984720B9676C17B16368C0
:10198000B3FBF7F794F84330E761002BB2D00023A4
:10199000656C2366002D6BD0002F69D02368B3FBE4
:1019A000F5F205FB1233002B5CD16768B7FBF5F647
:1019B00005FB1676002E55D120461EF0DCFBA369F0
:1019C000043303449F424FD340F634726369CC3BE7
:1019D00093424BD8B5F5805F4AD3032120461EF0D1
:1019E000F3FBD4E90001E36B1B6898470546E36B02
:1019F0000220DB6898472DB184F83460E06B1EF05C
:101A0000CCFD78E741462046FFF7BEF9642805463D
:101A100004D141462046FFF7B7F90546636C143BF5
:101A2000D5B9226A204602FB03F61EF0A4FBA36987
:101A3000043303449E4203D284F834505A25DDE730
:101A40000123D4E900010C4A84F8343013680133CF
:101A500013601EF08BFFD1E7002384F83430CDE70C
:101A60005D2548E7592546E75A2544E75F2542E7C3
:101A70005B2540E70C510020085100202DE9FF4173
:101A80000C4616461F46054680B390F834307BB3AB
:101A9000B1F5801F2ED2DFF8608001211EF094FB8B
:101AA0002146424628460DF10F03FFF787F804460A
:101AB00070B99DF80F30012B11D1D8F81030BB420E
:101AC00012D10246009031462846FFF743FB0446F8
:101AD000E86B1EF062FD204604B0BDE8F081022BE9
:101AE00014BF2D246024F3E76324F1E72124F2E7F7
:101AF0001124F0E72924EEE7D45700202DE9F04324
:101B000085B00C4617461E460546DDF8308098B372
:101B100090F8343093B3B1F5801F31D2DFF8649080
:101B200001211EF051FB21464A4628460DF10F03C4
:101B3000FFF744F8044688B99DF80F30012B14D103
:101B4000D9F8102006EB08039A4213D300904346BD
:101B5000324639462846FFF7FDFA0446E86B1EF088
:101B60001CFD204605B0BDE8F083022B14BF2D24D8
:101B70006024F3E76324F1E72124F2E71124F0E77E
:101B80002924EEE7D45700202DE9F3411F46002316
:101B90000C46164605463B6050B390F834304BB3C4
:101BA000B1F5801F28D2DFF8548001211EF00CFB14
:101BB0002146424628460DF10703FEF7FFFF044683
:101BC000A0B99DF80730032B10D0022B0AD10123B6
:101BD000336004233B60E86B1EF0DFFC204602B05C
:101BE000BDE8F081D8F810303060F3E72D24F2E73B
:101BF0002124F3E71124F1E72924EFE7D45700204B
:101C000073B5044641691EF09BFA626E236B024471
:101C100093422CBF00220122834294BF00231B1A4F
:101C2000207C84F85020636584F85800A8B1002314
:101C30000B4E1A461946204600961EF0D9FD002389
:101C400005461A461946204600961EF0DAFDE3685E
:101C50002844984294BF0020C01AE06502B070BDCD
:101C6000FFFF0F002DE9F3471E4643690446B342C8
:101C7000884617469DF828904FD300258DF80750C9
:101C8000204661691EF05CFAD4F830A082450AD281
:101C9000236AB5EB430F06D2002220460DF107015F
:101CA000FFF778F9B8B39DF80730012B05D1002272
:101CB00020460DF10701FFF76DF9B9F1030F06D0CA
:101CC000314620461EF03CFA256B854227D3154D40
:101CD0004FF0FF31284600F071F94B4629460022AB
:101CE0002046C5E90376C5F80080FFF721FB236E87
:101CF000054663B12046FFF783FF94F8503013B9CF
:101D000094F858301BB1236E04F1500098472846D0
:101D100002B0BDE8F0870135B2E76225F7E71C2580
:101D2000F5E700BFA85700202DE9FF410F46904678
:101D30001E46054698B390F8343093B3B1F5801F32
:101D400031D21A4C02211EF03FFA2246394628466B
:101D50000DF10F03FEF732FF024678B10123424630
:101D60000093394633462846FFF77CFF0446E86B6C
:101D70001EF013FC204604B0BDE8F0819DF80F3042
:101D8000012BEBD12169B142E8D1009341463346A2
:101D90002846FFF7DFF904460028DFD1E7E72124D2
:101DA000E8E71124E6E72924E4E700BFD457002040
:101DB00030B50C46054685B028B390F8343023B3CF
:101DC000B1F5801F23D202211EF0FEF90DF10F03A1
:101DD000214628460F4AFEF7F1FE034688B99DF8D2
:101DE0000F20032A0DD003222146009202462846E6
:101DF000FFF738FF0446E86B1EF0CFFB204605B026
:101E000030BD2D24F7E72124F8E71124F6E7292433
:101E1000F4E700BFD45700202DE9F043466886B3AD
:101E2000056898464FF0000CA946AE4655F83C4070
:101E30000CF1010CC4F31307013401D0B94217D0DF
:101E400066450EF1080EF1D12F46002403E0A642AC
:101E500007F1080712D055F8343001340133F6D1B8
:101E6000C1F3130141EA0851C7E90012BDE8F0834C
:101E700041EA0851CEE90012BDE8F083B8F1030F42
:101E800003D101230372BDE8F083002303E09E42E7
:101E900009F10809F5D055F833400133C4F307546C
:101EA000032CF4D1C1F3130343EA0853C9E9003208
:101EB000BDE8F0832DE9F0410646406882B0C0B12C
:101EC0000F4690460024336853F8345003EBC403A4
:101ED000C5F30752C5F31301013504F1010406D01F
:101EE0005B683046CDF80080B84710B17068844216
:101EF000E9D302B0BDE8F081024B1968024B1868C3
:101F0000FFF7EEBC105E0120305E012008B52CF01A
:101F1000FCFA014B186008BD00580020014B1868FE
:101F20002CF0EEBA0058002073B504462248012A6E
:101F300000EAC1119DF8185023F07C4007D9961E85
:101F4000012E28D9073303F07F03194308E09DF8D9
:101F50001C300A43DB0603F0C053134343F06041D7
:101F60000023C4E900108DF80730B5B120222146C6
:101F70000DF107001EF016FE1A220DF10700211DBB
:101F80001EF010FE082063689DF8072043EA826374
:101F9000636002B070BD1143E2E71B220DF1070040
:101FA00021461EF0FFFD23689DF80720042043EA28
:101FB000C2632360EDE700BF80FFFF0738B5094B20
:101FC0000D461A680021044621F062FB00234FF001
:101FD000FF322383C4E900252361A260E382A37654
:101FE00038BD00BFC4EB02080138C0B205289ABF53
:101FF000014B185C01207047C9EB02082DE9F04144
:102000000746154600240E46596888B0490A01293A
:1020100022464FEA510104F10104F8D8DC7899789E
:1020200024031B88C90201F4006104F480540C43AA
:10203000C3F30A035203234492B24FF000089C18E2
:10204000274B6FEA0444039325F07843ED4302A93C
:102050000DF107001B2202938DF807801EF0A2FDF0
:102060009DF80720029B02A943EAC2630DF1070015
:102070001B2225F07845049302958DF807801EF009
:1020800091FD9DF80720029B6FEA144443EAC26366
:1020900005934FF0FF330794069307A9BB6901220C
:1020A00006F110009847BB6905A90446012206F114
:1020B00008009847BB69404518BF044604A901229F
:1020C000301D98470122404518BF0446BB69304681
:1020D00003A99847404508BF204608B0BDE8F081F5
:1020E00001009AB2044BD3F88420D206FBD4D3F873
:1020F0008400C0F3811070470040005038B5174B82
:102100000546D3F828310C4603F00703013B052BA5
:1021100020D8DFE803F003131B0F0B172BF034F864
:10212000052305B1286004B1236038BD2BF02CF8DD
:102130000623F6E72BF072F80723F2E72BF064F89A
:102140000323EEE72BF060F80423EAE72BF058F8BE
:102150000223E6E700231846E3E700BF00800050B3
:10216000002337B50193164B0546D3F820320C46B1
:1021700003F00703042B21D8DFE803F0030B11164B
:102180001B0001230DB1019A2A6004B1236003B042
:1021900030BD002101A8FFF7B1FF1223F2E72BF0B9
:1021A0003DF807230190EDE72CF0A4F90A230190F4
:1021B000E8E72BF087F809230190E3E70023E1E744
:1021C0000080005038B5104B0546D3F850320C460D
:1021D00003F00303022B12D0032B08D0012B0AD0EB
:1021E0000023184605B1286004B1236038BD2CF0E7
:1021F00084F90C23F6E72CF07DF90A23F2E72BF0A3
:1022000061F80923EEE700BF0080005038B5104B9D
:102210000546D3F880300C4603F00303022B0BD0A5
:10222000032B0DD0012B0FD12AF0B4FF0E2305B1E3
:10223000286004B1236038BD2AF0F0FF0723F6E7D9
:102240002AF0A2FF0623F2E700231846EFE700BFBB
:102250000080005038B5104B0546D3F800310C46CD
:1022600003F00303022B0BD0032B0DD0012B0FD156
:102270002AF0CAFF032305B1286004B1236038BDEA
:102280002BF020F80923F6E72AF0C4FF0823F2E731
:1022900001230020EFE700BF0080005038B5184B45
:1022A0000546D3F820010C4600F00700062823D885
:1022B000DFE800F0040A0E16121A1E00012305B111
:1022C000286004B1236038BD2AF05EFF0523F6E7DD
:1022D0002AF09AFF0323F2E72AF0A0FF0723EEE794
:1022E0002AF08EFF0223EAE72AF04EFF0623E6E7F4
:1022F0002AF08AFF0423E2E700231846DFE700BF45
:102300000080005038B5104B0546D3F840310C46DC
:1023100003F00303022B0BD0032B0DD0012B0FD1A5
:102320002CF0E8F80A2305B1286004B1236038BD19
:102330002AF0C8FF0923F6E72CF0DFF80C23F2E7B8
:1023400001230020EFE700BF00800050002337B5D5
:102350000193164B0546D3F860320C4603F0070391
:10236000013B032B1FD8DFE803F0020E19140021F4
:1023700001A8FFF793FF10230DB1019A2A6004B161
:10238000236003B030BD002101A8FFF7BBFF11237C
:10239000F2E72AF043FF07230190EDE72AF030FF30
:1023A00002230190E8E70023E6E700BF0080005029
:1023B000002337B50193164B0546D3F894320C46EB
:1023C00003F00703013B032B1FD8DFE803F0020EE5
:1023D0001914002101A8FFF761FF10230DB1019A24
:1023E0002A6004B1236003B030BD002101A8FFF7CB
:1023F00089FF1123F2E72AF011FF07230190EDE78F
:102400002AF0FEFE02230190E8E70023E6E700BF82
:102410000080005038B5104B0546D3F860310C46AB
:1024200003F00303022B0BD0032B0DD0012B0FD194
:102430002CF060F80A2305B1286004B1236038BD90
:102440002AF040FF0923F6E72CF057F80C23F2E7B7
:1024500001230020EFE700BF008000502E4B984280
:102460004AD022D82D4B984240D014D82C4B9842B9
:1024700039D00AD82B4B984232D02B4B98422FD0D0
:102480002A4B98422CD000207047294B9842FAD111
:10249000284B186F7047284B98422AD0274B9842F8
:1024A000F1D1244BD3F880007047254B98422BD0B4
:1024B00009D8244B984223D0234B9842E3D11D4B9B
:1024C000D3F88C007047214B984221D003F5740358
:1024D00003F510539842D6D1164BD3F898007047A5
:1024E000144B986D7047134B586E7047114B586FD3
:1024F0007047104B986F70470E4BD3F884007047AD
:102500000C4BD3F8880070470A4BD3F89000704703
:10251000084BD3F8940070470048E8010024F40009
:10252000C0CF6A0080841E0000093D0040420F00B9
:10253000405DC6000080E00FC0EA210180BA8C0136
:10254000007E560380D54302006CDC020090D0036D
:1025500073B50D460021114B0191D3F88041064619
:1025600004F00304022C13D0032C0CD0012C13D143
:1025700001A8FFF793FE10240EB1019B336005B153
:102580002C6002B070BD2AF049FE07240190F3E7E9
:102590002AF036FE0190EFE70C46EDE70080005090
:1025A00038B5104B0546D3F840320C4603F0030310
:1025B000022B0BD0032B0DD0012B0FD12BF09AFF48
:1025C0000A2305B1286004B1236038BD2AF07AFEE1
:1025D0000923F6E72BF091FF0C23F2E701230020FB
:1025E000EFE700BF0080005038B5144B0546D3F824
:1025F00000020C4600F0070004281BD8DFE800F0BA
:1026000003090D111500012305B1286004B12360F1
:1026100038BD2BF06FFF0A23F6E72AF053FE09239B
:10262000F2E72BF06AFF0C23EEE72AF0D3FD0F232D
:10263000800AE9E700231846E6E700BF0080005063
:1026400038B5144B0546D3F808020C4600F00700D5
:1026500004281BD8DFE800F003090D111500012341
:1026600005B1286004B1236038BD2BF043FF0A2375
:10267000F6E72AF027FE0923F2E72BF03EFF0C23B2
:10268000EEE72AF0A7FD0F23800AE9E700231846AA
:10269000E6E700BF00800050B0F5207F1FD009D8CA
:1026A000B0F5007F15D003D868B1B0F5C07F0AD06F
:1026B00000200CE0B0F5607FFAD10B4BD3F880001E
:1026C000C0F3011003E0084B186FC0F30330013072
:1026D0007047054BD3F89000C0F30460F7E7024B56
:1026E000186FC0F38020F2E70080005002464FF4DC
:1026F0008030104B10B598660020FFF7CDFF504397
:1027000041F671320C4BDC69DA635A6804F48034A8
:1027100022F4401259B90949884294BF002001208F
:10272000000502435A600CB10022DA6310BD04496F
:10273000F2E700BF0090005000000350005A620210
:10274000002D31014209531E022B96BF074B002377
:1027500003EB820300F01F0029B103F5805301222F
:1027600082401A60704703F50053F8E7608000501C
:102770001FB50021B0F5807F0446CDE9001100F0BF
:10278000CF803BD8002800F0A480A0F12004602C6A
:1027900044D8602C42D8DFE804F09CA49CA4B4B4D4
:1027A000B4B4B4A4BE4AD46A4AA4A4A441414141E9
:1027B00041414141A4A4A47CDEA4414141414141A5
:1027C000414141414141E3B49C9C9CD94A4A88E83B
:1027D0005FB94141414141939C41B4B4B4B4B4B9EF
:1027E000B9A441A4A4414141414141414141414138
:1027F000414141414141414141419800B0F5E06FC3
:1028000000F0A98038D8B0F5607F75D01AD8B0F53F
:10281000007F61D005D8B0F5C07F5AD0009804B0D1
:1028200010BDB0F5207F5CD0B0F5407FF6D12AF026
:10283000D1FC02464FF42070FFF72EFFB2FBF0F2FE
:10284000520857E0B0F5B06F65D00AD8B0F5806F88
:1028500057D0B0F5A06FE1D100216846FFF780FCAA
:10286000DCE7B0F5C06F6CD0B0F5D06FD6D10021E9
:102870006846FFF7B9FED1E7B0F5186F70D00DD8F4
:10288000B0F5086F7FD0B0F5106F5FD0B0F5F06F86
:10289000C4D100216846FFF7BDFDBFE7B0F5286F42
:1028A00063D007D8B0F5206FB8D100216846FFF794
:1028B0004DFDB3E7B0F5406F28D0B0F5486FADD10E
:1028C00000216846FFF774FDA8E72AF063FC00903A
:1028D000A4E72AF07FFCFAE72AF05CFC02462046D7
:1028E00004E02AF077FC02464FF42070FFF7D4FE94
:1028F000B2FBF0F2009291E701A8FFF787FC019A82
:10290000EDE700216846FFF7C9FC87E7002168462C
:10291000FFF7F4FB82E700216846FFF719FE7DE729
:102920004FF0E02302911B695B0705D52AF052FCAA
:102930000290029B009371E703A902A8FFF7E2FC53
:10294000F7E700216846FFF7DDFC67E700216846EE
:10295000FFF776FE62E700216846FFF721FE5DE79C
:1029600000216846FFF72EFC58E70021084B039131
:10297000D3F8703203F00303012B02D103A8FFF751
:10298000C1FC039BD6E76846FFF764FC46E700BF3F
:102990000080005008B58020FFF7EAFE034B984204
:1029A0009EBF4FF48032024B1A6708BD005A620284
:1029B00000A000501FB503460020B3F5807F0190B2
:1029C00000F0F48000F28E80662B7DD83C2B06D878
:1029D000243B092B5ED9019805B05DF804FB3D3B13
:1029E000292BF8D801A252F823F000BFCF2B000802
:1029F000FD2B0008D7290008D7290008D72900088F
:102A0000D7290008D7290008D7290008D7290008A6
:102A1000D7290008D7290008D7290008D729000896
:102A2000D7290008D7290008072C0008A32B000885
:102A3000D7290008D7290008D72900084B2B000800
:102A4000D7290008D7290008652B0008112C000899
:102A50000D2B0008F32B0008D7290008D729000800
:102A6000D7290008D7290008D72900087D2B00089E
:102A7000D7290008D7290008A32B0008A32B00089A
:102A8000A32B0008A32B0008A32B0008F32B00089E
:102A9000F32B0008092B9ED801A252F823F000BFA7
:102AA000A32B0008A32B0008A32B0008A32B0008CE
:102AB000A32B0008D7290008992B0008D729000864
:102AC0002B2B0008D92B0008802B84D1594B1B6F6E
:102AD00003F00703013B032B3FF67DAFDFE803F074
:102AE0005A535658B3F5F06F71D023D8B3F5B06F81
:102AF00052D010D8B3F5607F77D0FFF46CAFB3F548
:102B0000806F4ED0B3F5A06F7FF465AF002001A9B0
:102B1000FFF726FB5FE7B3F5D06F5DD0B3F5E06F4D
:102B20006CD0B3F5C06F7FF456AF002001A9FFF75A
:102B3000E9FB50E7B3F5186F65D00BD8B3F5086F14
:102B40004FD0B3F5106F7FF446AF002001A9FFF717
:102B500077FD40E7B3F5286F5AD008D8B3F5206F5A
:102B60007FF439AF002001A9FFF7F0FB33E7B3F59D
:102B7000406F3ED0B3F5486F7FF42DAF002001A920
:102B8000FFF716FC27E70523019324E70323FBE760
:102B90000823F9E70223F7E7002001A9FFF7D8FC93
:102BA00019E7002001A9FFF779FB14E74FF0E023B4
:102BB00002901B695B0705D52AF00CFB0D230393DC
:102BC000039BE1E703A902A8FFF79CFBF8E70020BD
:102BD00001A9FFF71FFCFEE6002001A9FFF704FD95
:102BE000F9E601A9FFF736FBF5E601A9FFF70EFBB1
:102BF000F1E6002001A9FFF781FAECE6002001A927
:102C0000FFF7CEFCE7E6002001A9FFF7DBFAE2E6DA
:102C1000084BD3F8703203F00303012B04D0022BCE
:102C20000CBF15230023AFE7002103A8FFF76AFBC1
:102C30001123A9E7008000504FF48032074B084968
:102C4000586E03F580535A664B6A23F001034B62BA
:102C5000C3035CBF034B5A66704700BF008000503F
:102C60000000085000A0005008B5FFF7A3FE092897
:102C700011D00A38012802D94FF6FF7008BD4FF471
:102C80008002064B5A6603F5D8335B6ADB07F3D53F
:102C90004FF4FA70F2E7024B1888EFE7009000500B
:102CA0002E60012008B5FFF785FE03280ABF024BFE
:102CB0004FF6FF70188808BD2C60012038B5044617
:102CC0008020FFF777FE032800F083804FF4801206
:102CD000524B4FF0A0615A6645F60E02504BC3F8B6
:102CE0008020504A91624FF4803102F58052916207
:102CF0009A6DD203FCD4996D11F08041FBD1D4E9D7
:102D00000002120542EA0062E07B0243207B42EAB5
:102D10000042607B42EA0032A07B42EA80121A61E4
:102D20009869D4E90452120642EA856200F0004034
:102D30000243A07EE57E0243207E42EA0042607E9E
:102D400042EA00229A611A6AE06922F00F0242EA1E
:102D50008502354D00283DD11A6294F82420996AE5
:102D600094F82000D200294042EA40120A4394F825
:102D7000211042EA011242F480329A622B49284A19
:102D8000936D31EA0303FBD14FF0807125488162D6
:102D90001369A56823F4700343EA055313614FF0E8
:102DA0000043836194F822300BB9214B996294F867
:102DB00023303BB94FF480321D4B9A62184A936D11
:102DC0005B00FCD494F825301BB1154B194AC3F8AD
:102DD000802038BD024342F0080202281A6208D15E
:102DE00019614FF40852996113484FF47F411DF067
:102DF000F7FE0B4994F822308A6A94F820001B06EB
:102E00002A4043EA4013134394F8242043EAC203C0
:102E100094F8232043EA02438B62D3E700900050EA
:102E20000040005A0050005AC7FFFEFE0300010098
:102E30000060005AF1A7FFFF3440005A014B93F99C
:102E400000007047BF600120F0B5D0E901434FF4A6
:102E500000061A4A4178057856664FF4D156022783
:102E600002F5B8325662164E4F2977604FF00107CF
:102E700028BF4F2106F5805677601669F603FCD40B
:102E800041EA052151611B01417B43EA04230B43C5
:102E9000017B43EA41039360C37B817B1B0143EACF
:102EA0004113417C0B43017C43EA41035360837C23
:102EB00013B16FF4D1535362F0BD00BF00900050C6
:102EC00000100250014B1880704700BF2E60012097
:102ED000014B1880704700BF2C6001204FF4800226
:102EE00008B5184B5A660223174A5360936813F4C7
:102EF0008033FBD1012822D12AF086F9134B984266
:102F000015D003F5122303F5F863984213D0104B44
:102F100000EB8002400AB3FBF0F3520A0A49CA628E
:102F20000B6301234B620022074B5A6008BD45F634
:102F30007A13084AF2E745F61A03074AEEE75362A6
:102F4000F1E700BF009000500040025000F049023D
:102F500064666666D8B80500BBCF0500B0F5207F73
:102F600010B50C465DD008D8B0F5007F4ED003D820
:102F7000C0B1B0F5C07F15D010BDB0F5607FFBD1FA
:102F80002C4B4C1ED3F8FC202B4912F0807F4FEACB
:102F9000041427D1D1F8803023F030032343C1F843
:102FA0008030E9E71DF02BFE1DF037FE4FF4803135
:102FB000224B214A1967136F013C23F4704343EA03
:102FC000043313672AF006F90446FFF78BF8C0F1C3
:102FD000020120461DF01BFE00F04AF8BDE810403B
:102FE000FFF7D8BCD3F8FC2022F08072C3F8FC2095
:102FF000D1F8802022F030022243C1F88020D3F89B
:10300000FC2042F08072C3F8FC20B5E70A4A4C1E4F
:10301000D2F8903023F0F85343EA0463C2F89030BA
:10302000AAE7054A4C1E136F23F4806343EA842306
:103030001367A1E700ED00E0008000500090005011
:1030400008B50121022000F095F94FF42070FFF738
:1030500023FB054B18701DF0D2FD1DF0DEFD4FF473
:103060008032024B1A6708BD89560120009000503B
:1030700008B54FF4C070FFF77BFBBDE8084004497A
:10308000884294BF012102214FF42070FFF766BFF0
:1030900080F0FA0238B504462AF09CF80546FFF79E
:1030A00021F8C0F1020128461DF0B1FD01210020E8
:1030B00000F0A0F92CB1FFF7DBFFBDE83840FFF7C7
:1030C00069BC034B4FF420701978FFF747FFF4E712
:1030D000895601204FF4C02270B50546FFF7BEF9AE
:1030E000314B04465A6603F598335A68012A04D1D5
:1030F0002E494A605A689207FCD48020FFF75AFC98
:10310000052807D11DF07BFD1DF087FD4FF48032AF
:10311000254B1A67264B24F040749D4230D0254B36
:103120009D4230D02AF030F88542064603D901216D
:10313000284600F05FF9204BDA6812F0060FFBD149
:1031400099689C609A68624012F4F81F1ED1284664
:10315000FDF776FB8020FFF72DFC05280DD12AF026
:1031600039F80446FEF7BEFFC0F1020120461DF00B
:103170004EFDFFF77DFFFFF70DFCAE420CD270BD98
:1031800044F00074CEE744F08074CBE7802099606F
:10319000FFF710FC052805D0BDE870400121002094
:1031A00000F028B93546DAE70090005000E0015001
:1031B00040420F0080841E00000001503D4B3E4AFB
:1031C000984263D021D83D4B98426BD011D83C4BEC
:1031D0004FF40021984261D008D83A4B98423AD037
:1031E000394B984230D0394B984240D00023516639
:1031F00039E0374B984243D0364B4FF40021984288
:10320000F4D1354BD3F8BC3021E0344B984241D057
:1032100011D8A3F53703A3F5D853984246D003F548
:10322000B70303F5586398424FF40021DED12A4BCF
:10323000D3F8C8300BE02A4B4FF400219842D5D187
:10324000254BD3F8D03002E0234BD3F8A0305166A1
:1032500023F0407307E0204BD3F8A030516623F0F1
:10326000407343F080734FF0B442936070471A4B41
:10327000D3F8A030516623F0407343F00073F2E7B7
:10328000154BD3F8B8304FF40021E0E7124BD3F8D8
:10329000C030F8E7104BD3F8CC30F4E70E4BD3F83E
:1032A000A430D4E70C4BD3F8B030ECE70A4BD3F89A
:1032B000C430E8E7C0EA21010090005080969800F1
:1032C000404B4C0080841E0000093D0040420F002E
:1032D000405DC6000024F4000080E00F0048E801D3
:1032E000005A6202024A536B0342FCD1704700BF8E
:1032F00000800950044A4178536F23F4407343EA35
:1033000001235367704700BF00400050104A10B5BA
:103310001369044643F0040313612AF0B3FB1DF064
:1033200081FC0C4B5B6E5B0142BF0B4B0B4AC3F83D
:103330002024BFF34F8FBFF36F8F30BF1DF073FC9E
:1033400001F0D6F81CB9BDE8104029F043BF10BD0C
:1033500000ED00E00080005000E003500000FF0F8F
:10336000034A0179D36E23F030030B43D3667047D1
:1033700000400050F8B504461C4BD3F88420D10619
:10338000FBD4D3F88430C3F381139C422CD029F0B2
:1033900001FF012C064602D121461DF038FC2BF01E
:1033A000B4F84FF00072124B07465A6620461DF0E3
:1033B0003DFC4FF480630D4D621E93402B676B6E96
:1033C0009A0103D4D5F884309B060AD538462BF0F1
:1033D00097F8022C08D13046BDE8F84000211DF0D6
:1033E00016BCD5F88430EAE7F8BD00BF00400050B5
:1033F0000060005010B50C4608B929F0CBFE074B11
:1034000021461B783BB1064B984204D80120BDE809
:103410001040FFF7AFBF0220F9E700BF8A56012036
:10342000005A62020278034B012100201A70FFF754
:10343000E1BF00BF8A5601204FF0004238B5244B4F
:10344000244C5A664AF6CD33656C014605F00105F9
:10345000236428BB0120FFF745FF6368DB0715D510
:103460001D4B586008461D4B226BD2070CD4984266
:1034700008D1072415B1174B194A1A6429F092F89C
:10348000204638BD0130EFE79842F2D00024F1E742
:103490000132236B13F0080305D08A42F8D1E8E724
:1034A00000220E49F5E78A42E3D020210A4A9162C0
:1034B0000121A2F5805251600649084A886A8006B7
:1034C00003D49342D5D00133F8E79342DDE700BF40
:1034D000009000500080095000A0095040420F00A9
:1034E0003254FFFF4FF0004238B5164B01465A6682
:1034F0004AF6CD33144C154A656C236443780B208F
:103500005B0043F00103D363FFF7ECFE63688A7846
:1035100023F4F87343EA02136360CA784B7943EAF1
:103520000223A3600A798B7943EA02232361087896
:10353000FFF782FFEB0744BF054B236429F032F805
:10354000012038BD0090005000800950004000501C
:103550003254FFFF4FF00042124B70B55D6E03F521
:1035600080535A664AF6CD3304460F4980204E6C8C
:103570000B64FFF7B7FE0B6A23F00F030F2C94BF09
:10358000234343F00F030B62F30744BF074B0B6465
:10359000002DA2BF4FF00042054B5A6629F002F8F9
:1035A00070BD00BF00800050008009503254FFFF02
:1035B00000A000504FF00042104B70B55D6E03F557
:1035C00080535A664AF6CD3304460D4980204E6C2E
:1035D0000B64FFF787FE0B6A23F4F85343EA0423D6
:1035E0000B62F30744BF074B0B64002DA2BF4FF0E3
:1035F0000042054B5A6628F0D5FF70BD0080005090
:10360000008009503254FFFF00A000502DE9F04126
:1036100005460F461E4690464AB101233022194CFA
:103620008B4002FB004436B304F5825423600F2123
:10363000072F05EB450388BFA7F108044FEA0313E2
:10364000114895BFBC00A40004330C3308FA04F2FF
:10365000A14018441DF0EBFAB8F1000F09D1012385
:103660003021084ABB4001FB05223EB102F58252DF
:103670001360BDE8F08104F50154D7E702F501526B
:10368000F6E700BF00C0035030C003504FF4803253
:10369000054B9A6641F6713203F51C33DA63012259
:1036A00003F50053DA607047009000500B4B012186
:1036B0009B6EDB035EBF4FF48032094B9A6641F686
:1036C0007132084BDA63084AD1600022DA634FF4A2
:1036D0008032A3F518339A66704700BF008000500F
:1036E000009000500000035000200350013836289D
:1036F0009ABF024B185C0020704700BFCFEB020856
:1037000038B5C2F30625044602F0070241B942EA81
:10371000052242F440220634074B43F8242038BDEA
:10372000114628461DF092FA02462846FFF7DEFFB2
:10373000163442EA0022EFE7008003504FF4803253
:10374000084B5A6603F5EE239B69C3F3461203F058
:103750000F010A434280C3F30342C3F303334270B1
:103760000370704700900050014B986CD96C704703
:103770000080E00F0120034B9B680A3303F01F0316
:10378000984070470080E00F0D4B984208D1A3F598
:10379000D023C3F85812802300F58050C3657047CA
:1037A000084B984204D1A3F5D823C3F87412F2E76A
:1037B000054B984204BFA3F5E023C3F89012EAE753
:1037C00000000A5000400A5000800A50012200F513
:1037D00080535A6040F6AA6341F205024361002318
:1037E0000D498360C365C26000F500520361C36187
:1037F000C364916409498365884203D1036500234A
:10380000436506E006498842F8D001F580418842C8
:10381000F4D0012353607047FFFF010000000A50FD
:1038200000400A500122437801789A4030235943DE
:10383000014B5A50704700BF40E00350034BD3F890
:103840002424D3F820041040704700BF00C0035068
:103850002DE9F8431F4B0546D3F810334B1E0E2BB2
:103860000E461746047890F8018026D951B34FF0E0
:10387000000928461FB329F035FD0F21B8F1070FC5
:1038800004EB440488BFA8F108084FEA0414124866
:1038900095BF4FEA88084FEA880804340C3409FAC7
:1038A00008F201FA08F120441DF04DFA86B92846C5
:1038B00057B1BDE8F84329F015BD8946D9E7FFF7B0
:1038C000B1FFDAE78946D8E7BDE8F843FFF7AABFBA
:1038D000BDE8F88300C0035030C00350054B9A6820
:1038E0009107FCD45A689207F9D4DA69002AF6D114
:1038F000704700BF00C00A5010B5034C636829F040
:10390000FDFC0223236110BD00C00A5008B5FFF77B
:10391000E5FF0122024B03F580514A601A6108BDA0
:1039200000C00A50044B10B55C68012C03D1FFF7AE
:10393000E3FF024B5C6010BD00C00A5000E00A507B
:1039400038B5074DFFF7CAFF6B680446012B03D15A
:10395000FFF7E8FFFFF7C2FF2378EB6038BD00BF39
:1039600000C00A5010B529F0D3FCB8B94A680B78EA
:1039700012B1127843EAC2034A7843EA42038A68E2
:1039800012B1127843EA8213CA7843EA82030A69C1
:1039900012B1127843EA4223014A936410BD00BF7A
:1039A00000C00A504FF480320A4B5A6603F5EE23EA
:1039B0009B69C3F303320270C3F303424270C3F343
:1039C000461203F00F03134343804FF6FF738380C7
:1039D000704700BF00900050014B986CD96C704745
:1039E0000080E00F70B504460D462AF097FD0D2CBF
:1039F000064616D80D2C18D8DFE804F01B1B171B41
:103A00001B2A171B2E173117343901231B4AA340D9
:103A100013421DD10A2C2DD0042C06D14FF4E060A6
:103A200022E00F3CE4B2112CEFD9002321242B809B
:103A300009E08020FFF736F94FF6FF7398420CBF7C
:103A40000E240024288030462AF063FD204670BDF5
:103A500000230F242B80F6E74FF48060EAE74FF451
:103A60004060E7E74FF4C060FFF7FEF8E4E74FF48B
:103A7000F060F9E74FF41860F6E700BF4751030024
:103A800030B58BB06C468A4D8A482AF052FD0FCD76
:103A90000FC42B68884A2360FF238DF80130D2F8C9
:103AA0004C3113F4802340F0F680D2F850218DF889
:103AB00001309DF801306C46FF2B08BF3F2368465C
:103AC0007E4D8DF80130FFF7BFF93220FFF7FAF98C
:103AD0000FCD0FC40FCD0FC495E8030084E8030099
:103AE000754BD3F84C21120300F1C480D3F8504138
:103AF000E4B28DF81940FFF7A1F9044484F30804F7
:103B00006F488DF81840FCF7A1FE6846FFF7D6F81D
:103B10003220FFF7DDF96B48FFF7DCFA6A48FFF760
:103B20004DFB6A4C6A482AF004FD0020FFF7D6F9E5
:103B3000FFF786FA236F002023F0070343F0030307
:103B40002367FFF7A7FA236F624923F474432367BF
:103B5000614BD3F8FC2012F0807200F09180D3F812
:103B6000FC2022F08072C3F8FC20D4F8802022F0E0
:103B7000030242F00102C4F880200022C1F8802034
:103B8000D3F8FC2042F08072C3F8FC204F4CD4F8EC
:103B9000203123F0070343F00203C4F82031D4F8A6
:103BA000283123F0070343F00203C4F82831D4F886
:103BB000803123F0030343F00103C4F88031D4F8CB
:103BC000403123F0030343F00203C4F84031D4F83A
:103BD000603123F0030343F00203C4F86031D4F8EA
:103BE000403223F0030343F00203C4F84032D4F818
:103BF000003223F0070343F00203C4F80032D4F884
:103C0000083223F0070343F00203C4F80832D4F863
:103C1000503223F0030343F00203C4F85032D4F8C7
:103C2000703223F0030343F00103C4F87032D4F878
:103C3000203223F0070343F00103C4F82032FEF7DB
:103C4000FBFF4FF0E0220020136943F004031361EF
:103C5000D4F8603223F0070343F00103C4F8603264
:103C6000D4F8943223F0070343F00103C4F89432EC
:103C70000BB030BD194B1C88FF2C88BF8C2438E753
:103C8000D4F8803023F0030343F00103C4F88030FC
:103C9000C1F880207AE74FF07E6393F89C2093F977
:103CA0009C30002BFFF605AF8DF8012001E700BF27
:103CB00008EC02084CEC02080080E00F1CEC020843
:103CC000C017530200B4C404C0EA210100800050B0
:103CD00054EC02080090005000ED00E00001E00FFD
:103CE00007B5094B18689A889B7900906846ADF82B
:103CF00004208DF80630FFF7F5FB0C20FFF72AFCB7
:103D0000002003B05DF804FB44EC020870B500F03D
:103D100021FC0446E8B900F0A7FC2AF069F84FF44A
:103D2000167343430C4A03F5742303F23F23B3FB9A
:103D3000F2F30A490A480B600A230268094D0E682B
:103D4000013B45F8046B0E6813F0FF033244F6D1D3
:103D50000260204670BD00BF40420F00385800206E
:103D6000085800200C580020012208B5034B1A7097
:103D70002AF08FFC024B186008BD00BF8B56012053
:103D80000458002010B52AF033F804462AF0B5FB99
:103D9000844207D92AF089FC20B10122024B186025
:103DA000024B1A7010BD00BF045800208B56012032
:103DB000F8B51F4C2378E3B12AF06BFC1D4B1E4D68
:103DC0001B68C01A28602B68A3B12B682B602AF0EF
:103DD0000FF84FF416725043184A00F5742000F2A1
:103DE0003F20B0FBF2F02B682B68834204D90023FC
:103DF0002370F8BD0123E9E71148124E03782968C2
:103E000056F82320104F511A3A68521A29683A601E
:103E100046F823100A210932B2FBF1F20B4D0133AF
:103E2000DBB22A60B3FBF1F201FB12330370DEE771
:103E30008B560120045800203458002040420F00C7
:103E40008C5601200C5800200858002038580020BB
:103E5000014B1868704700BF38580020F8B503219F
:103E60003C201CF08FFF04264FF480120D4C0E4BAB
:103E70000E4F04F500555A663C206F676E672F673A
:103E80002E6700F0A5F83C2000F086F84FF0007295
:103E900004F580535F675E67AA624FF480529A62AE
:103EA000F8BD00BF0040005A00900050010000A083
:103EB000064B074A996D11F0050F01D0117811B129
:103EC0000028F7D170470120704700BF0040005A1A
:103ED0008D560120164B10B51C6F14F0040111D043
:103EE000144A1167082191629B6DDA0701D4FFF72C
:103EF00049FF00F06DFA00F04DFA012029F0E0FFD3
:103F00002AF0D5FBE30706D501220A4B1A67FFF713
:103F10004FFF00F03FFA14F000521CBF054B1A6728
:103F2000002CBEBF4FF00042024B1A6710BD00BF0D
:103F30000040005A0060005A0028ACBF00F1604009
:103F4000064B4FEA0111C9B2ABBF00F5614000F06A
:103F50000F0080F800131954704700BF14ED00E003
:103F600008B52AF0DBFA0B4B1A7872B901221A70E5
:103F70002AF0CFFA6FF0040210460132052152B246
:103F8000FFF7DAFF5D2AF7D108BDBDE808402AF047
:103F9000C0BA00BF8E560120002807DB012341096B
:103FA000034A00F01F00834042F82130704700BFF1
:103FB00000E100E0054B421153F8223000F01F00F1
:103FC00023FA00F0C04300F00100704700E100E078
:103FD000002808DB01224309034900F01F0082404A
:103FE000603341F82320704700E100E013B5094C2D
:103FF000684600F03FF8237853B9DDE9000102225A
:10400000054B1DF031FB08B90123237002B010BD30
:104010001220FBE78F5601203C58002007B5009383
:1040200013460A46014603481CF0FDFE03B05DF846
:1040300004FB00BF3C58002013460A4601460148D5
:104040001CF0E1BF3C58002007B5009313460A4618
:10405000014603481DF0DAF803B05DF804FB00BF29
:104060003C58002013460A46014601481DF0F4B8AA
:104070003C5800200249034A0160521A42607047CE
:10408000E060012000000820BFF35F8F074B5A6AF1
:1040900022F480325A62D3F8942022F00102C3F84D
:1040A0009420BFF34F8FBFF36F8F704700ED00E098
:1040B00038B5FFF7E9FF284A2848D2F8C030284D24
:1040C00023F0FF0343F0A003C2F8C030254B04687F
:1040D0009D4204F101011ED1234BC2F89840C2F861
:1040E0009C3003F5FF2303F2FE73C2F8A030016099
:1040F000BFF35F8F0522184BC3F894205A6A42F42D
:1041000080325A62BFF34F8FBFF36F8FBFF34F8F71
:10411000BFF36F8F38BD23F01F03203BB3F1005F67
:1041200009D3C2F89840104C43F00103C2F89C40F8
:10413000C2F8A03001600D4B0168074A23F01F034D
:1041400043F00303C2F89810C2F89C30084B0131C9
:10415000C2F8A030CBE700BF00ED00E064580020BB
:10416000005E0120405C0120030000201F5E012052
:10417000E1FF07202DE9F0410D461146DFF8E08010
:10418000D8F80040B4F5807F34BF00271A27FFF726
:104190007BFF1F292ED90021C2061CBF20F01F0063
:1041A00020302E4EEB0618BF25F01F05CBB29C42E7
:1041B00035D8D6F8C03020F01F0023F47F4343F4F5
:1041C0008073C6F8C03040F003042AF0A7F9D8F88D
:1041D000003025F01F0141F00301C6F89830C6F801
:1041E0009C40C6F8A0102AF094F9D8F800300133AA
:1041F000C8F80030BFF35F8F0522184BC3F8942036
:104200005A6A42F480325A62BFF34F8FBFF36F8F06
:10421000BFF34F8FBFF36F8F3846BDE8F081C6F80C
:104220009830D6F89C30D6F8A02023F01F0398428F
:1042300022F01F0201D195420BD0904201D89D423D
:1042400009D2D6F89830013123F0FF03C6F8983030
:10425000ACE70027CEE72827CCE700BF00ED00E061
:1042600064580020BFF34F8F0549064BCA6802F41B
:10427000E0621343CB60BFF34F8F00BFFDE700BF89
:1042800000ED00E00400FA0538B5416004462AF06C
:104290003CF90546214604481BF022FF2846BDE8AC
:1042A00038402AF02DB900BF6858002001481BF0A3
:1042B00014BF00BF6858002070B52AF026F9134DCE
:1042C000044613482AF035F92E7896B900F0B2F971
:1042D000FFF7ECFF2AF0FEF90E4B1E6029F088FD77
:1042E0000D4B0E4A1860536F43F0010353671DF0E6
:1042F000DDF900F0A1F81DF0EFF9094B186001237A
:1043000020462B702AF0FCF8002070BD9C5601203E
:1043100058EC02086C5800209458002000400050CF
:104320007058002038B504462AF0EFF80F4D0246C9
:104330002B78FF2B04D1B4B1BDE838402AF0E0B8A7
:104340001BB9002CF8D0012103E0002C0CBFFF2189
:1043500001210B44DBB22B70B3FA83F304495B09F0
:1043600010460B70E8E71946F3E700BF99560120A5
:1043700098560120054B1B685843054B00F57420E7
:1043800000F23F20B0FBF3F0704700BF94580020CC
:1043900040420F0010B5094B1B786BB1084C2378D5
:1043A00053B129F025FB0023064A23701370012323
:1043B000054A1370054A137010BD00BF9B560120BB
:1043C00096560120955601209156012090560120C5
:1043D000034B1B7813B10122024B1A70704700BFC8
:1043E0009B5601209656012073B5114E0446337832
:1043F00083420FD04FF400730E4DADF8043058B126
:1044000001A8FEF777FF4020FFF7B4FF2B68181ACA
:104410002860347002B070BD8DF8050001A8FEF769
:1044200069FF4020FFF7A6FF2B681844F0E700BFA4
:10443000C06001209858002073B5002401A88DF8B1
:104440000440FEF7EFFF2046224CFFF7CDFFD4F8E3
:104450000031214A03F0030313604FF480121F4B15
:104460001F4D5A664FF400325A6629F0EFF91D4B82
:104470001B780BB3D4F8003103F00303022B23D0D5
:10448000032B24D0012B17D128F0BEFE024698B191
:10449000154B164EDC6800231946C4F30B04013497
:1044A00004EB84040138E4FB060105F0EDFAFFF7A4
:1044B00061FF2B6803442B601F20FFF75BFF2B6815
:1044C00003442B6002B070BD28F0FCFEDEE728F04C
:1044D000A1FEDBE700800050A458002000900050AF
:1044E000985800209F56012000C0015040420F0004
:1044F0000122114B10B55A67104B114C1B78A3B118
:1045000002202AF0D6F880B129F0C4FC68B1A36D6E
:10451000D90302D5E36D9A0703D4094B9B6DDB07E2
:1045200004D54FF48032044B9A6210BD0122054B32
:104530001A70FFF719FCF4E70050005AA05601204A
:104540000040005A9D5601200122014B1A7070470D
:10455000A056012070B529F0E1FF144E05463478CD
:10456000FCB9134B1C60134B1C60134B1C6000F018
:104570002BF801202AF0B3F829F06EFD0F4B02460C
:10458000186020B9284629F0C4FF232070BD2346B7
:1045900040F2E7310A4805F077FA0A4B1860012328
:1045A0003370284629F0B5FF0020EFE7A35601201D
:1045B000B8580020B4580020C0580020BC58002033
:1045C00018FCFFFFB058002010B5002486B014225C
:1045D000214601A88DF800401FF05AF80123134826
:1045E0008DF8043029F0A5FFBFF34F8F6846FFF721
:1045F000A7F9204601A98DF80440FFF7B3F920463A
:104600000F2128F097FE0F21204628F099FEFFF792
:104610007DF928F073FE064B53209C61FFF7D8FC10
:104620005320FFF7B9FC06B010BD00BF4CEC0208E8
:1046300000C00A5008B50A4829F07BFF40F6015235
:1046400000210120FFF75CF84FF4A2720021012045
:104650001CF011FB4FF48072024B9A6408BD00BF3E
:1046600050EC020800D00A5008B5094829F061FF53
:1046700040F6016200210220FFF742F84FF49E72DB
:10468000002102201CF0F7FA0022024B9A6408BDB8
:1046900050EC020800D00A5038B508460C4627F006
:1046A00090FF034620B994E80700024D85E8070013
:1046B000184638BDC458002070B5032916461C465C
:1046C000049D01D9212070BD02D127F074FF01465D
:1046D0000C4B9A7A8A42F5D9186809B201EB41016C
:1046E00000EB810116B1B1F90430338014B1B1F996
:1046F000063023800DB90020E5E7B1F908302B80A2
:10470000F9E700BFC45800202DE9F0432A48079F6D
:10471000847A94424CD9066802EB42024FEA820C3A
:1047200016EB820246D05089002843D0B2F90440EB
:10473000B2F906508C42B2F908E02FDCA942A8BFBA
:104740002946BEF1000F35D000F1FF381FFA88F876
:104750000EFB08490A1B92FBFEF24D45D8BF4046AE
:1047600092B2904202D3A94218BF104656F80C20CC
:1047700052F8206002EB800C18B15CF8048D4645BD
:104780000ED08D421EBF1EFB00F1091909B29942DD
:1047900009DC00203E60B980BDE8F0832146D0E707
:1047A000013880B2E8E70028F3D0013880B2DFE7B3
:1047B0000E20F1E70220EFE7C458002008B50649B3
:1047C0004FF0FF30FFF768FFBDE8084001214FF0D0
:1047D000FF3027F0F8BE00BFDCFD02087FB50222E3
:1047E000084B0949CDE901234FF04073CDE903138C
:1047F000052301A94FF0FF30059327F009FF07B00B
:104800005DF804FB006A18000003040006289ABF44
:10481000014B185C0020704788FE020800F01F0260
:10482000A0F50620A0F55060812810D80123094981
:104830004009934051F820201A4341F820200649AE
:1048400051F8202022EA030241F8202070474FF05F
:10485000FF307047E8580020D458002000F01F03B4
:10486000A0F50620A0F55060812810B519D80121C7
:104870000D4A4009994052F820300B430B4942F849
:104880002030D1E9004323448C682344CC68096973
:1048900023445B1804D1C2E90033C2E90233136137
:1048A00010BD4FF0FF30FBE7D4580020E85800203F
:1048B0002DE9F04FA7B003921F4604460822CDE928
:1048C0000401414021FA02F34B40980702F108022B
:1048D00018BF9B00202A1C44F4D18123B4FBF3F3BE
:1048E00003EBC313E41A7F4B04F506241B7804F58D
:1048F0005064002B39D1FDF7FFFA054600286FD12F
:104900000146402206A81EF0C3FE2946402216A8F2
:104910001EF0BEFE744D754EA8461035AE4228BF3F
:104920002E467348013E009643461022006806A9B1
:104930001BF05EFF4FF0000B81460DF1180AD945C0
:1049400041D16B48009643461022006816A91BF01F
:1049500058FF4FF00008834616AEC34546D1654B5D
:104960009D42D8D101225F4B1A704FF0810800267A
:10497000DFF894B1A4F50625A5F550635B095BF853
:10498000232004F01F01CA40D20746D45A4A52F8E5
:104990002330CB40DB0732D58123002E08BF2646CB
:1049A000A5F6FF44B4FBF3F303EBC313E41A04F5D9
:1049B0000624B8F1010804F55064DBD1039B03B36E
:1049C000FEB1344625E05AF8040BFFF727FF01300B
:1049D00009D10022434B1A70424B1B78002BC4D1E3
:1049E0006FF091000FE00BF1010BA8E756F8040BF4
:1049F000FFF734FF0130EFD008F10108ADE7039B6A
:104A000023B96FF08B0027B0BDE8F08F002E18BFE0
:104A10003446329B00201C60F5E7309B13B1002325
:104A2000309A1360319B13B10023319A13604FF019
:104A3000100ADFF8BC90CDF800A000233A462146CA
:104A4000D9F80000FDF75AF8002838D130993A68B3
:104A50002A4BE9B19A42C1F800A01CD02146D9F8EE
:104A60000000FDF7A5F90028CBD1D7E90223DDE945
:104A70000410834208BF8A422AD08123A5F6FF454D
:104A8000B5FBF3F303EBC313ED1A05F5062490E72A
:104A90009A42EAD0E2E7319B002BE6D02146D9F8D2
:104AA000000016AAFDF770F848B9319B309A1B68D0
:104AB0001268934294D39B1A319A1360D5E7104B36
:104AC0009842CBD06328C9D00E4B9842CDD087E70F
:104AD000039B002B9DD07B68012B9AD16FF0840043
:104AE00091E700BFA4560120006D0800816D080009
:104AF000305E0120906D0800D4580020105D175ED4
:104B0000FFDF00F0FEDF00F0E85800202DE9F04F55
:104B100087B08246894698461646DDF840B02AB1ED
:104B2000002B53D040F26C739A4252D8BBF1010F64
:104B300052D8002406F110073946012005941CF0D4
:104B400081FB054600284AD021463A461EF0A0FDCA
:104B500005ABCDE9014300942B460122504649465E
:104B6000FFF7A6FE044680B110F18C0F08BF6FF06E
:104B70008D043A46002128461EF08AFD28461CF086
:104B800043FB204607B0BDE8F08F164BC5E902A9EC
:104B90002B60C5F804B02EB13246414605F1100035
:104BA0001EF07EFD059E10483B462A4631460068B1
:104BB000FDF7BAF838B93046FFF730FE013008BFCC
:104BC0006FF08604D5E76FF09104D2E76FF08604AA
:104BD000D7E76FF09104D4E76FF08504D1E76FF069
:104BE0008C04CEE7105D175E305E01202DE9F043A6
:104BF0008DB08146DDE914780E4615461C469BB102
:104C0000B8F1000F05D16FF0860630460DB0BDE853
:104C1000F083002FF7D0B7F1005FF4D3C3F1005356
:104C200003F500239F42EED81022002108A81EF0B1
:104C30002FFD002207AB029305AB019306AB314673
:104C40000093484608ABCDE90522FFF731FE064642
:104C50000028DAD1059BA4B1AB4215D853EA05046C
:104C6000D1D1069B0B48C8F8004000943A460799FA
:104C700000682B44FCF742FF002818BF6FF0910634
:104C8000C3E7AB42EDD2BEE75B1B9C4228BF1C468C
:104C9000E7E700BF305E012030B58DB00C46054619
:104CA0001022002108A81EF0F3FC002207AB02939B
:104CB00005AB019306AB21460093284608ABCDE92E
:104CC0000522FFF7F5FD044608BB099B012B21D007
:104CD000079D134B29461868FDF76AF8E8B9A5F552
:104CE0000623A3F55063812B05F01F020DD8012187
:104CF0000C485B09914050F823204A4040F823209B
:104D00002846FFF7ABFD013001D16FF08604204645
:104D10000DB030BD6FF08404F9E76FF09104F6E751
:104D2000305E0120E85800202DE9F04F95B0044690
:104D3000DDE92075DDE922689346DDE91E028A4639
:104D4000DDF8909029B96FF08604204615B0BDE8D3
:104D5000F08FBBF1000FF6D00FB9002DF3D108B9D9
:104D6000002AF0D116B9B8F1000FECD1B9F1000F5B
:104D7000E9D02C4A934252D12388B3F5105F4ED12B
:104D8000282200210DEB02001EF082FC20220021CF
:104D900002A81EF07DFC0AA829F0CFFD10B16FF02B
:104DA0009204D2E720465A46514602AB00F00CFA74
:104DB00004460028C9D102981CF048FD044600288A
:104DC000C3D115B9C9F80050BFE7B74224D27B1947
:104DD0009E4221D24545B6D839462A4630461EF075
:104DE0003DFC374615F00F0AADD1CDE900762B46D4
:104DF000524602A90AA801F06BFB07460028E1D041
:104E00004246514630461EF043FC012FC9F800A02F
:104E1000C5D16FF08B0498E74545E3D993E76FF070
:104E2000850492E7004440042DE9F047C4B00C46E5
:104E300007460021154601A820229A464C9EDDF81F
:104E40003891DDF840811EF023FC2022002109A8C2
:104E50001EF01EFC2022002111A81EF019FC2822A1
:104E6000002119A81EF014FC0021802224A82391FF
:104E70001EF00EFC3CB135B12EB1B9F1000F02D0DD
:104E8000B8F1000F05D16FF08604204644B0BDE8AC
:104E9000F0872188628801F4E043B3F5804FF2D0B7
:104EA0002C4B2D483B4043F01063834202D06FF0FF
:104EB0008504EAE7D31DBAEBD30F4FEAD307E2D359
:104EC0004F9B9F423FD847F212139942EFD1B2F560
:104ED000807FECD1214B4D98099384230230013619
:104EE00020F0030016937B000D960E90129320463F
:104EF0005246294623AE01AB159600F065F90446EB
:104F00000028C2D10B9B119043F4005319A80B93B6
:104F100029F013FDD0B911AB09AA01A919A801F014
:104F2000AFFD054610B14828ADD1C0E73A4631463D
:104F300048461EF0B5FB2B4673550135842DFBD139
:104F4000C8F80070A1E76FF089049EE76FF0920443
:104F50009BE700BF0000FFF6000002092000008070
:104F60002DE9F0410D4614461E46C4B010B96FF04D
:104F700086000DE00029FAD0002AF8D0002BF6D0E8
:104F8000038803F44F42B2F5824F04D06FF08500DE
:104F900044B0BDE8F081DAB2122AF7D123F0FF0362
:104FA000B3F5E24F27D143883360FBB9E3003360A8
:104FB000B3F5807FEAD10023184642492E192144D7
:104FC00011F8014D16F8012D1043121B0CBF4FF0C4
:104FD000FF340024B54203EA040343EA0203EFD19D
:104FE0000028C4D0002BC2DA0020D1E7DA1DB4EBD0
:104FF000D20FDDD0BBE7B3F5824F60D10B78042B25
:10500000B5D12822002118A81EF042FB18A829F0CB
:1050100094FC002850D100278422394623A82297E7
:105020001EF036FB01232022394668468DF8883071
:105030001EF02EFB20224FF08808013C3946013536
:1050400005940DEB0200E400049564081EF020FBBB
:1050500022AD2022394610A80C95CDF834801EF0E0
:1050600017FBE02CCDE91458346003D0B4F5807FF1
:105070007FF47DAF144B0734009308934FF4005333
:1050800002934FF48043E4086A460A93640010AB2D
:1050900008A918A8119401F0F3FC33680733DB0862
:1050A0005A0033B10021531E013B297005F101055F
:1050B000FAD2002898D05AE76FF0920068E76FF0B4
:1050C000960065E7ACFE020820000080F8B51346A4
:1050D00042880C460732072A4FEAD20101D0A1428A
:1050E0006DD1D0E9016705882022184600211EF005
:1050F000CFFA360A034626B1012E11D06FF08B008D
:10510000F8BD002C5BD041F20102954205D0B5F507
:10511000885F02D0B5F5905F1BD15C600020EFE79F
:10512000C660002C4BD041F2010295420BD15C606D
:10513000B90707F001021FD4002AEFD19A6842F0A4
:1051400080729A60EAE7B5F5885FF0D0B5F5905FB8
:10515000EDD0B5F5105F0AD1182C03D0202C01D06A
:10516000102C2CD1C3E90044002ED7D0E0E705F481
:105170004F42B2F5824F02D06FF08500C0E7EAB22D
:10518000122AF9D1202CF7D10E4A25F0FF05B5F5EA
:10519000E24F1A600CD0B5F5824F10D14FF4005297
:1051A00017F4705F09D017F4864F04D09A60E3E7D4
:1051B0004FF48042F4E742F480629A60D4E76FF0E3
:1051C00086009DE7200000802DE9F041174600226F
:1051D0001C4643688CB01B0A80460D46009204D0E2
:1051E000012B56D06FF08B008EE0008820F0FF037B
:1051F000B3F5824F15D1B8F802200732D2080092D9
:105200001CF030FB002800F0E1800B78042B05D166
:10521000013FB7EB420F05F1010503D06FF08600A7
:1052200072E00097009E224631464046FFF74EFF4F
:10523000002869D1FA1CC4E9030522F00302626167
:10524000002E00F0A4802022002101A81EF020FAE8
:105250003146404601AAFFF739FF002840F0978009
:105260002168019D039A8D42A36840F09080616897
:10527000029D8D4240F08B809A4240F08880A36965
:10528000079A9A4240F08380E369089A9A423BD099
:105290007DE0032FC2D90B78012B40F09A8049782A
:1052A00000294BD0F73908299CD801A353F821F0E5
:1052B00019530008D5520008E55100080F530008A3
:1052C000E551000833530008E55100082353000856
:1052D0002B5300084FF41056F8253F4F1C22002195
:1052E00002A81EF0D5F903230197CDE904350396F2
:1052F00001AA09AD134603CBAB42206061601A4698
:1053000004F10804F6D100200CB0BDE8F0811027AC
:105310004FF08076FA25E1E720274FF00076F72559
:10532000DCE7FE252C4F2D4ED8E7FF252A4F2C4ECB
:10533000D4E74FF41056FC25274FCFE72B2F7FF6ED
:105340006DAF202220461EF0A3F905F11003236162
:10535000AB070DD001AB05F128061A46286869682D
:10536000083503C2B5421346F7D1286801AD106075
:105370006B68103F2360AB6869466360EB6820464A
:10538000A36001236761E3601DF0CAFC28B12022FD
:10539000002120461EF07CF940E7B8F80030009E5E
:1053A00003F44F42B2F5824F0ED1DAB2122A0BD17A
:1053B00023F0FF03B3F5824F06D1730062691C33FB
:1053C0009A42BFF43DAFE2E73346F7E76FF085005E
:1053D0009AE76FF0910097E72000008000440002F8
:1053E000004400032DE9F04F91B0DDF8688081465C
:1053F0000C4692469B461C9FB8F1000F05D16FF0FA
:105400008604204611B0BDE8F08F002FF7D00028A9
:10541000F5D02822002106A81EF03AF906A829F0A6
:105420008CFA10B16FF09204EBE714F47C1FC4F314
:1054300005452AD0102DE2D81B9B9D422ED81A4B31
:1054400024F47E149C422CD1002302AECDE9023319
:10545000CDE9043352465B464946009606A801F062
:10546000A1F8044698B92A46314640461EF018F97C
:10547000234633550134102CFBD100243D6006A88F
:105480001DF049FC0028BCD0CCE71025D4E721282A
:1054900014BF6FF092046FF08604F0E76FF0890498
:1054A000AFE76FF08504ACE70002C00370B50E46AD
:1054B0001446054610B96FF0860070BD0029FAD079
:1054C000382200211EF0E4F8094B24F47E129A429F
:1054D0000AD13388B3F5105F06D1C4F30543102B0E
:1054E000E9D800202C60E8E76FF08500E5E700BF11
:1054F0000002C003F0B50E4617461C4605468DB0A7
:10550000002834D04AB9002B31D1002914BF00241F
:105510006FF0860420460DB0F0BD41B3002BF9D0EA
:105520002822002102A81EF0B3F802A829F005FAEB
:1055300010B16FF09204EDE72B68104A23F47E134C
:10554000934217D100943B46324602A9281D01F030
:105550003BF9044628B1212814BF6FF092046FF084
:10556000860402A81DF0D7FB0028D3D0E1E76FF036
:105570008604CFE76FF08804CCE700BF0002C003C9
:105580002DE9F0438FB0894690461D460446169F8C
:1055900000284ED0002A4CD0002B4AD0002F48D0F3
:1055A000002946D02822002104A81EF071F804A882
:1055B00029F0C3F9064628B16FF0920420460FB0D7
:1055C000BDE8F0832368102D28BF102513F47C1F3D
:1055D000C3F3054202D0954228BF1546184A23F46A
:1055E0007E13934228D12822002104A81EF050F8EF
:1055F0000023201DCDE90033CDE902334A466B4636
:1056000004A901F03DF8044660B1212814BF6FF0F1
:1056100092046FF086043E6004A81DF07CFB002815
:10562000CCD0C9E72A46694640461EF039F82E46D6
:10563000F1E76FF08604C1E76FF08804BEE700BFB2
:105640000002C0032DE9F0410E4617469846044675
:1056500000B3F9B1F2B1982200211EF019F83146D9
:10566000069A04F16000FFF721FF0546A0B9234622
:10567000424639463046FFF7A7FD054660B97288B5
:10568000D208A2F110011029E26503D80A4BCB40E1
:10569000DB0704D46FF086052846BDE8F081636916
:1056A0001C329342F6D304F12003184621691DF001
:1056B000F7FF2061F0E700BF010101000023C36094
:1056C00001F13803036120230A6843618B6D0B49A4
:1056D00022F47E128A42436003D001F580718A422F
:1056E00008D1102B01D0182B02D103600020704785
:1056F000202BFAD06FF08800704700BF0001C00374
:1057000010B50A46044619B1024B00211B689847A0
:1057100010BD00BF505E01200E4B0340B3F1607F0F
:1057200006D1B1F5885F14BF6FF086000020704786
:10573000B3F1707F0BD101F4E043B3F5005F06D104
:1057400011F4E06F0CBF6FF08600002070476FF01F
:10575000860070470000C07F8A42F8B507460C46B5
:1057600000F019818F4922F4FF7323F001038B426B
:105770000ED08D4B22F0FF01994209D08B4822F4C4
:105780007F7323F00303834202D0894B994228D1CF
:10579000884B24F0FF0199420FD114F0FF000BD089
:1057A000854B40F00070984240F0F78082EA040098
:1057B000FF288CBF00200120F8BD7B4B9942ECD024
:1057C000A3F588539942E8D024F4FF7323F0010332
:1057D000B3F1062FE1D076488142DED073498B4287
:1057E000DBD004F0FE43B3F1A06F14D102F0FE430E
:1057F000B3F1A06F40F0D18082EA040333F47E134A
:1058000040F0CB8014F40040D6D0C4F30540C2F37E
:1058100005429042CDE7B3F1407F40F0A88002F00E
:10582000FE43B3F1407F40F0B88082EA040535F4CE
:105830007E1540F0B28039462046FFF76DFF002804
:1058400040F0AB805D4B12F47C1603EA020319D0E2
:10585000B3F1607FC2F3054679D15949D3B243F021
:1058600000738B4277D003F17E43043B0F2B5CD84F
:10587000DFE803F05A5A5B716567696B65675B5BCC
:105880006567696BB3F1607F34D14D49D3B243F0A2
:1058900000738B4244D003F17E43043B0F2BDCD8D2
:1058A00001A151F823F000BF25590008255900082F
:1058B0005B580008215900089F590008E958000862
:1058C000ED580008F15800089F590008E9580008F1
:1058D0005B5800085B5800089F590008E958000809
:1058E000ED580008F15800082026B6E73026B4E746
:1058F0004026B2E7B3F1707F17D107F4E043B3F568
:10590000005F03D10126C7F302239E4007F4E04362
:10591000B3F5005F09D10125C7F302218D4004E0F2
:1059200010269AE7142698E7142514F47C1FC4F374
:10593000054312D1B54214BF002001203CE71C25CD
:10594000F3E72025F1E73025EFE74025EDE7B3F158
:10595000707FEAD1DAE71025E7E712F47C1F01D166
:10596000AB4218D022047FF527AFB34221E7B3F151
:10597000106F12D124F01F6020F4702068B902F07B
:10598000FE43B3F1106F7FF417AF0E48104040F0A4
:105990001060A042CFE701200EE700200CE71C2694
:1059A0005BE700BF000200060013000600040006CB
:1059B0000009000600030006FF0000020000C07F8F
:1059C000030000020000FFF637B50D4D0C466B7862
:1059D000022B12D12B78072B0FD100230A460193FB
:1059E000014601AB281D1BF015FF20B9019BA34206
:1059F00018BF6FF0930003B030BD6FF08800FAE776
:105A0000FC5800202DE9F843884617461C4600F054
:105A10009FFC054688BBD8F80060B6F8009009F4F2
:105A2000E043B3F5804FB36808BF27F0010737EABA
:105A300003031AD10CB3254B24F0FF029A421FD165
:105A400014F0FF0304D0224A43F00073934232D093
:105A500022464846F168FFF77FFE074668B92246AE
:105A600048463169FFF778FE70BB6FF0840500236C
:105A70003046C8F800301DF077F82846BDE8F883B6
:105A8000144B9A42DCD0A3F588539A42D8D024F420
:105A9000FF7323F00103B3F1062FD1D00E498A42E0
:105AA000CED00E4A9342CBD004F0FE43B3F1407FF8
:105AB00004D12304CCD56FF08605D8E7B3F1A06FED
:105AC000F7D0034B9C42C2E73D46D6E700030006F1
:105AD000FF00000200130006000900060004000693
:105AE00000F0FE43B3F1407F70B504460E4619D175
:105AF000FFF712FE00285ED114F47C1F15D0C4F30A
:105B00000543032B137054D9554D2540B5F1607FE3
:105B100040F09380534AE4B244F00074944256D16A
:105B2000102B48D96FF0860045E04D4B2340B3F170
:105B3000607F39D14B4BE4B244F000749C4202D1F7
:105B40001023137037E004F17E44043C0F2C2ED850
:105B500001A353F824F000BF995B0008995B00088B
:105B6000AF5B0008415B00085D5C00089D5B0008BE
:105B7000A15B0008A55B00085D5C00089D5B000858
:105B8000AF5B0008AF5B00085D5C00089D5B000830
:105B9000A15B0008A55B00081423D2E7202307E0DF
:105BA000302305E0402303E0B3F1707F04D00023ED
:105BB00013706FF0850070BD01F4E043B3F5005F32
:105BC000F5D10123C1F302218B40DBB299E704F147
:105BD0007E44043C0F2CA5D801A252F824F000BF4B
:105BE0002F5C00082F5C0008255B0008215B000883
:105BF000595C0008215C0008335C0008375C000831
:105C0000595C0008215C0008255B0008255B000842
:105C1000595C0008215C0008335C0008375C000810
:105C200020218B423FF67EAF142BC4D9C1E7142B41
:105C300077E73021F5E74021F3E7B5F1707F7FF496
:105C400071AF06F4E042B2F5005F7FF46BAF012163
:105C5000C6F302229140E4E71C21E2E71C23A7E7F8
:105C60000000C07F030000022DE9F04F9B46002397
:105C700089B08DF81B30159B9246DDE91278002B18
:105C800089460B460CBF4FF400624FF4806207A9AF
:105C9000149EFFF7B7FE044628BB079D4846298897
:105CA0000DF11B02FFF71CFF0446E0B99DF81B0035
:105CB000404542D8D5E908126B681B0A012B31D048
:105CC000214CA34212D0002B3AD1CDE903064B461A
:105CD0002846CDE901B7CDF800A01CF0FCF810F182
:105CE000860F04460DD1C6F800800CE0CDE903060E
:105CF0004B462846CDE901B7CDF800A01CF0EBF8E3
:105D00000446002CEFD142462146384633681CF049
:105D1000F9F907981CF028FF002C18BF204609B09D
:105D2000BDE8F08FCDE903064B462846CDE901B723
:105D3000CDF800A01CF074F8E2E76FF08904D2E718
:105D40006FF08604CFE700BF020080002DE9F04F1E
:105D5000446885B0240A012C8046DDE90E56894648
:105D600092469B46109F20D0DFF858C0644514D05F
:105D70001CBBCDE9016700951CF02FF810F1860FD0
:105D80001DD15B46524649464046CDE90F670E9508
:105D900005B0BDE8F04F1CF078BACDE90F670E955D
:105DA00005B0BDE8F04F1CF018B8CDE90F670E95AF
:105DB00005B0BDE8F04F1BF0C1BE6FF0860005B026
:105DC000BDE8F08F020080002DE9F0411F4600235E
:105DD00088B0064688461546CDE9043307923B60F5
:105DE000002A63D0B2F1005F63D205AA04A91CF0B7
:105DF000ACF9044698B9049B5A6AB2B104982A4691
:105E000043884146069306AB029300F124030193B5
:105E1000436A0093036AFFF799FF044618B3049896
:105E2000002839D01CF06DFA36E073681B0A10D0D8
:105E3000012B06D020498B4213D007926FF08604C5
:105E4000EDE7304607A907951CF067FD04460028DA
:105E5000E5D1079904981CF0F5F904460028CDD047
:105E6000DDE70795F5E70498069B4288C2B94380B1
:105E70004FF6F872934216D8338813B102889A42CB
:105E8000DCD1738813B142889A42D7D139461CF0CD
:105E900043F904460028C2D1204608B0BDE8F0818D
:105EA0009A42CBD1E4E76FF08504B8E76FF086043F
:105EB000F2E76FF08504EFE7020080002DE9F04380
:105EC000994600230C46016885B0054617460393A2
:105ED000002957D100F10808982240461DF0D8FB50
:105EE000B9F1000F20463B4614BF4FF480624FF4D7
:105EF000006203A9FFF786FD0446002844D1039EF3
:105F0000384631882A1DFFF7EBFD044600283BD1B7
:105F10006B7969F300036B717168D6E90823090A8C
:105F2000B9F1000F1CD0012911D01E48814200D0C8
:105F3000A1BB3146404600971CF006F8044618BB4A
:105F4000042303982B601CF00FFE044622E0314628
:105F500040460097FFF776FB0446A8B90523F0E713
:105F6000012909D00F48814200D0B9B931464046D5
:105F700000971CF031F8E1E73146404600971BF0EE
:105F800074FFE9E76FF0880428461CF0CCFA039808
:105F90001CF0EAFD204605B0BDE8F0836FF08604F2
:105FA000F2E700BF020080002DE9F04F9B4600237E
:105FB000924601F0FE428FB0B2F1806F0E46DDE9ED
:105FC00018891A9F099305D018461CF0CDFD6FF073
:105FD00086052EE00B464FF4807209A9FFF712FDEB
:105FE0000546099815B11CF0BFFD22E0038803F4B3
:105FF000E042B2F5005F1ED113F4E06FC3F302215B
:1060000019D0474C26F48072A2420AD004F50074DD
:10601000A64206D0434CA64203D0A4F53F44A24278
:1060200009D101248C40102C10D91CF09DFD6FF07B
:106030008305002462E042F20402934202D13A4B0B
:106040009E420AD0394B9E4211D10D24A14506D261
:106050001CF08AFD6FF08905EBE70C24F6E721467A
:106060000AA8FFF7B1FC054610B10998BBE7002468
:106070000998D0E90812B8F1000F21D008EB040C00
:106080004568A9EB04032D0A012D3CD0DFF8A0E000
:10609000754517D0002D98D1CDE905370AAB00938F
:1060A000CDE903BC3346CDE9014A1BF012FF10F1E4
:1060B000860F064612D109981CF056FD3546B8E702
:1060C000C446DDE7CDE905370AAB0093CDE903BC53
:1060D0003346CDE9014A1BF0FCFE064609981CF048
:1060E00043FD0546002EE9D10028A2D124B1224665
:1060F00040460AA91DF0D4FA3B681C4428463C607F
:106100000FB0BDE8F08FCDE905370AAB0093CDE9BC
:1061100003BC3346CDE9014A1BF080FEDDE700BF3A
:106120000010C00400FF4004000180040013C004FC
:1061300002008000002307B51A46009102491CF0B6
:1061400005FB03B05DF804FBCCFE020810B5114C52
:106150002378580744BF23F004032370237899075A
:1061600005D500F09BF8237823F0020323706378B1
:106170001BB10023084A63605360002308210648CE
:106180006370FFF7BDFA2378DA0744BF23F00103F9
:10619000237010BDFC5800200059002038B51E4C5B
:1061A00062782378022A01D1072B11D0DD0712D59E
:1061B0002378980707D400F069F82378054643F060
:1061C0000203237078B962782378CAB15A071FD5C1
:1061D0000025284638BD1BF012FB054630B1237858
:1061E00043F001032370FFF7B1FFF2E71BF010FB50
:1061F0002378054643F0010323700028F3D1D7E745
:10620000D907E3D5054962604A6002226270DDE782
:1062100043F004032370DBE7FC5800200059002002
:1062200000F14043032B70B505460E460CD82822DA
:10623000154C02FB0344237E022B02D16369834287
:1062400018D06FF08B001AE001211CF067FCB8B188
:106250000D4B00221C46197E022902D15969A94220
:1062600005D00132042A03F12803F4D1E9E72823F9
:1062700003FB024420461CF044FC00B9346070BDAE
:106280006FF08700FBE700BF085900200122024B96
:10629000002083F8A0207047085900202DE9F04124
:1062A0000A4C002526464FF0010803272046C4F873
:1062B0001C80277601351CF024F8042D04F12804F5
:1062C000F4D1002386F8A030BDE8F0810859002001
:1062D000F8B51E4D064695F8A0300F4683B300244E
:1062E0002B462246197ED1B13CB9022905D1D96984
:1062F00019B91979002918BF1C460132042A03F183
:106300002803EFD114B96FF08C0006E020461CF092
:10631000F8FB20461BF0F5FF10B100240EE01C46F0
:10632000237E83B9012323763EB1651BED1003F173
:10633000CC335D4305F18045356000203C60F8BDFD
:106340006FF08800E9E76FF09600E6E70859002053
:10635000F7B500262C4B0E6093F8A03007460D468B
:10636000002B4ED0FFF75CFF10F18C0F044645D197
:1063700029463046FFF7ACFF044600283ED10123F2
:106380002E68CDE90000694630467761736001AA46
:106390001CF06DFC044670B1DDE900011CF065FCE9
:1063A00028681BF0AEFF14F18C0F08BF6FF0870454
:1063B00000232B6022E0DDE9001230461BF055FF80
:1063C0000446DDE900011CF050FC002CE8D12868EF
:1063D0008368D90444BF43F48063836083689A046C
:1063E00044BF43F400638360037E012B04BF022398
:1063F00003761CF086FB04460028D9D1204603B062
:10640000F0BD6FF08804F9E70859002030B40D4D55
:106410002C681C606C685C6000249C605468DC60C4
:1064200014881C8254885C8294685C61D4689C6186
:10643000126930BCDA6119620A46014603F1240090
:106440001DF02EB9D0FE02082DE9F8432329044699
:106450000F4691469846089E04D86FF09805284646
:10646000BDE8F883082219491DF0E8F80546002820
:10647000F3D1A368002BF0D1216A243F8F42C8F8E2
:106480000010EAD3B1F5005FE7D271B9C9F8000096
:10649000E3687360238A3380638A73806369B360BF
:1064A000A369F360E3693361D9E701201AF0CAFEFA
:1064B000C9F8000030B1D8F8002004F124011DF023
:1064C000EFF8E5E76FF08C05C9E700BFD0FE0208E2
:1064D0002DE9F04393B08946DDE91A871D4604464D
:1064E000002858D0002956D0B8F1000F53D0002F03
:1064F00051D013F00F034ED1284829490FAE002A7E
:1065000008BF0146A360C4E9001348463146236230
:106510001CF0C5FC00283BD120460F9928F017FA43
:106520002946204628F013FA6946484600F04CFBFD
:1065300070BB694620461CF0C8FE484603A91CF003
:1065400095FD28BB204603A91CF0BFFECDF8308086
:106550004FF0010845F00055CDF8348006AB0E959C
:106560000CAA07CA83E80700194620461CF0ADFEB6
:106570000F9709ABCDF84080119596E8070083E8A6
:1065800007002046194628F008FA204627F090FF19
:1065900013B0BDE8F0832120FAE700BF000100043A
:1065A000000101042DE9F04393B0894617461D46CA
:1065B0000446DDF86880002859D0002957D0002A09
:1065C00055D0B8F1000F52D00B68103B102B4ED8AD
:1065D000284A22FA03F3D90749D50023264A0FAEE9
:1065E000C0E9002383600362314648461CF057FC33
:1065F000002839D120460F9928F0A9F929462046CC
:1066000028F0A5F96946484600F0DEFA60BB694605
:1066100020461CF05AFE484603A91CF027FD18BB73
:10662000204603A91CF051FE0C97012745F00055A8
:106630000D9706AB0E950CAA07CA83E8070019460A
:1066400020461CF042FE0D4BCDF83C801097119374
:1066500009AB96E8070083E807002046194628F0B2
:106660009CF9204627F024FF13B0BDE8F0832120D9
:10667000FAE700BF0101010000000404100000203F
:106680002DE9F0410C4616461F460546A0B00028ED
:1066900000F09480002900F09180002A00F08E80A4
:1066A000002B00F08B80036B0F2B75D80023444A1E
:1066B0000DF1740841463046C4E90023A36023620B
:1066C0001CF0EDFB002874D120461D9928F03FF9FD
:1066D000296B20460F2984BF01F00F01103128F0EB
:1066E00036F9304602A900F06FFA002861D1204641
:1066F00002A91CF0EAFD304605A91CF0B7FC0028F1
:1067000057D1204605A91CF0E0FD01232D4AD5F8FC
:1067100030C0149508AE1593169214AA07CA86E8DD
:1067200007000CF00F0205F1100E42F00052CDF8F8
:106730005CE00BAD1893199217AA07CA85E8070009
:10674000CDF868E01B934CF000531C931AAA0EABD3
:10675000BCF10F0F07CA83E807002DD90A9B314609
:1067600023F0005320460A931CF0AFFD2946204633
:106770001CF0ABFD01231D971E93124B1F9311AB11
:1067800098E8070083E807002046194628F005F935
:10679000204627F08DFE0CE000F1200301900093CD
:1067A0000122102331462046FFF792FE00283FF4D5
:1067B0007DAF20B0BDE8F0811946D8E72120F8E789
:1067C00000000404100000202DE9F04F0D46914612
:1067D00098460646ADB0002800F0D680002900F0AB
:1067E000D380002A00F0D080002B00F0CD80026B17
:1067F000369B02F00F07D3181B09B3EB121F00F0F2
:10680000BB800023614A8B60C1E900230B624846CC
:1068100029A91CF044FB0446002840F0A980369BBF
:10682000284607EB030B29992BF00F0A28F08FF865
:106830005146284628F08BF8484602A900F0C4F9D2
:106840000446002840F09480284602A91CF03DFD33
:10685000484605A91CF00AFC0446002840F0888040
:106860004FF00109284605A91CF02FFD484B1A9648
:106870001AAACDF86C901C9308AB07CA83E80700EE
:10688000194628461CF021FD06F1100347F000527E
:10689000AAEB07071D930DF12C0CCDF8789047F06B
:1068A00000571F921DAA07CA8CE80700CDF8808008
:1068B00020AACDF8849022970EAF07CA87E8070078
:1068C0000D9A614622F00052284601930D921CF069
:1068D000FCFC394628461CF0F8FCAAF1100242F0F4
:1068E000005223942A4BCDF8909011AF259223AA01
:1068F00007CA87E8070006F12002269214ACCDF8FB
:106900009C9026AA289307CA84E80700139A394660
:1069100042F080421392139A284622F000521392BA
:1069200028F03BF82146284628F037F8184B2996DE
:1069300017ACCDF8A8902B9329AB93E8070084E817
:1069400007002146284628F028F8284627F0B0FD01
:10695000369BAAEB0B011944019B0446ABEB0A02E0
:10696000184641441CF09CFE336B369A1344336343
:1069700020462DB0BDE8F08F10304146369A38449D
:106980001CF08EFE0024EFE72124F1E7030200044F
:10699000100000202DE9F0474FF000088EB00E46A1
:1069A00017460446CDF80480002865D022B900259A
:1069B00028460EB0BDE8F08700295DD032F003090B
:1069C00002F0030A25D04FF0E063C0E9003801234C
:1069D0000891099349F000530A9308AA02ABC0F842
:1069E0000880C0F8208007CA83E8070019462046BF
:1069F00027F0D3FF4946204627F0A9FF204627F07D
:106A000057FD054628B14A46414630461CF040FE37
:106A1000CEE7BAF1000FCAD04FF000084FF0E063A4
:106A2000C4E9003801AB0B9301230C93134B0EAA5E
:106A30000D9305AB12E90700C4F8088083E807004E
:106A4000C4F820801946204627F0A7FF04212046DD
:106A500027F07DFF204627F02BFD054608B13A467A
:106A6000D2E7019A4E44EB00013522FA03F3AA451E
:106A700006F8013BF7D19AE7212599E704000020A9
:106A8000F0B50F4616461D46044693B010B92120B6
:106A900013B0F0BD0029FAD0002AF8D0002BF6D0B0
:106AA000002331461A4638461CF09EF90028EFD1E3
:106AB000304602A91CF034F90028E9D1EB68022B1A
:106AC0000AD039683F48029A81426B6902D0183077
:106AD000814270D19A42DAD82B68002BD7D14FF07F
:106AE00060623846C4E90023A360236201A91CF058
:106AF000D6F90028CCD10199204621F4F06101910A
:106B000027F025FF694628461CF0C9F90028BFD1A7
:106B10002046009927F01BFF384609A900F054F8D9
:106B20000028B5D1204609A91CF0CFFB38460CA996
:106B30001CF09CFA0028ABD120460CA91CF0C5FB28
:106B4000EB684BB1284606A900F03EF800289FD11B
:106B5000204606A91CF0B9FB304603A91CF086FAB2
:106B6000002895D1B368DA040CD59B0427D50621FB
:106B7000F36932691B6801FB03225B0043F0005399
:106B800003920593204603A91CF09FFB28460FA9FA
:106B90001CF06CFA00287FF47BAF20460FA927F089
:106BA000FCFE0325204627F083FC01287FF470AF0C
:106BB000013DF7D16CE7B3EB420F8DD267E7292097
:106BC00066E700BF200000B090B189B101234B609F
:106BD000C368013B012B08D88269064B1AB10A60D1
:106BE00000208B607047044AF9E74FF00053F7E745
:106BF0002120704708000020D8FE0208F0B50F469B
:106C0000154604468FB0002862D0002960D0002AC3
:106C10005ED0012329461A4638461CF0E5F80028C4
:106C200054D1BB6813F4C04F52D0AB6803F4C043D7
:106C3000B3F5005F4CD1284B0BAEC4E90030A06027
:106C40002062314638461CF02AF900283ED1204601
:106C50000B9927F07CFE384602A9FFF7B5FF002804
:106C600034D120461CF031FB384605A91CF0FEF952
:106C700060BB204605A91CF028FBEB6843BBAB6852
:106C800003F4C043B3F5005F22D1284601A91CF0EC
:106C900072F8D8B9019B6A699A421BD32A6943F0FA
:106CA00000530B9201220C920D9308AB96E807005B
:106CB00083E807001946204627F06FFE032520468B
:106CC00027F0F6FB012801D1013DF8D10FB0F0BD4E
:106CD0002120FBE71D20F9E70000010200280CBF7E
:106CE00001230523034A1B0443F00203C2F8303892
:106CF000704700BF00C00350014601481AF019B8A0
:106D000000000A5038B51546FFF7E8FF00280CBF11
:106D10000423072301249C40094B0846C3F8A040E4
:106D2000FFF7EAFF0020FFF7E7FF2846FFF7E4FF41
:106D3000044BC3F8A040BDE838401CF0D0BA00BFF7
:106D400000E0035000D0035010B5044602220D218C
:106D5000FFF7D8FF204600222321FFF7D3FF20466C
:106D600000222421FFF7CEFF204600222521FFF735
:106D7000C9FF20463D221121FFF7C4FF204688228B
:106D80001221FFF7BFFF2046C0221321FFF7BAFFF1
:106D9000204611221521FFF7B5FF2046322220217F
:106DA000FFF7B0FF204609222121FFF7ABFF204665
:106DB00000222221FFF7A6FF134B20461A5D242153
:106DC000FFF7A0FF114B20461A5D2521FFF79AFF20
:106DD000204602221021FFF795FF204600220421C1
:106DE000FFF790FF204600220521FFF78BFF20468A
:106DF00000220621FFF786FF2046BDE81040002252
:106E00000D21FFF77FBF00BF98FF020898FF02081F
:106E100010B5FFF763FF00280CBF042307230124EC
:106E20009C40094B0846C3F8A040FFF765FFFF20D0
:106E3000FFF762FF0020FFF75FFF044BC3F8A0409D
:106E40001CF04DFA10BD00BF00E0035000D003500D
:106E500089B101EBD1735B1000EB8300CB0790EDA0
:106E6000000A0AD450ED017A30EE270AF6EE007AD5
:106E700020EE270A70479FED010A704700000000CE
:106E800038B50D4B04461D78FF2D12D00B4B1B78E7
:106E90007BB11CF012FCF4280246234628BFF422E2
:106EA0001C2128460BF03AF920B9054A1368013332
:106EB000136038BD034AF9E7C76001200F5B01206A
:106EC000444801204048012001211E4A30B5151FC9
:106ED000814220DB431E07EE903AF8EEE77A67EE38
:106EE000807ABDEEE77A17EE103A591C8842D8BF77
:106EF0001946154AB8EEC77A02EB830002EB81020D
:106F000090ED000AD2ED006A77EEC77A76EEC06A9D
:106F100006EEA70A30BDD2ED007A14464B1E34EDC2
:106F2000017AF4EEC77AF1EE10FA03D5013B84ED55
:106F3000017AF4D205EB8303C3ED017A0131043207
:106F4000C6E700BFA4CA0020A0CA0020B5EEC00A50
:106F5000F1EE10FA48BFB1EE400AFDEEC07A154BD3
:106F600030B553F82150044607EE105A17EE900A38
:106F7000F8EEE77AB8EEC77A30EE670AF6EE007AF6
:106F800040EE077AFDEEE77A17EE902A4CBF0A4BE7
:106F90000A4B954285B0DCBF0130521BCDE901128E
:106FA000009018212046064A02F010FF204605B046
:106FB00030BD00BF7CFF0208E0FE020852FF02085D
:106FC000E2FE02084FF47A7130B5094C2368A3FB46
:106FD0000123920A42EA83522368A3FB01359B0AEC
:106FE00043EA85539B1A834200D330BD00BFF3E7C9
:106FF000BC2301202DE9F74F041E99464FF00106EE
:1070000014BF0723042393464FF00008DFF8D0A0F5
:1070100000919E400625314BCAF8A0601CF05FF934
:1070200020461CF05CF9C3F8A060FFF757FEFF2074
:10703000FFF762FEFF20FFF75FFEFF20FFF75CFE19
:10704000FF20FFF759FECAF8A0601CF048F91CF0B9
:1070500046F9013DDFD10220FFF7B4FF01220D21E7
:107060002046FFF74FFE0A20FFF7ACFF29462046D7
:10707000FFF7CEFE01212046FFF7CAFEFF21204682
:10708000FFF7C6FEFF2107462046FFF7C1FE8742F5
:107090000AD0052008F10108FFF794FFC145B9D1D6
:1070A000002003B0BDE8F08FA7F12402D2B2012A7C
:1070B000EFD82A212046FFF7ABFE2A210190204677
:1070C000FFF7A6FE019A8242E3D1002AE1D1009B9C
:1070D00001201F708BF80050E3E700BF00E0035071
:1070E00000D003500368314A23F47F4323F00703A1
:1070F000934213B53FD008D82D4A934214D002F5DD
:10710000A022934230D002B010BD2A4A9342FAD155
:10711000B0F805301C2BF6D10389274A03F0010390
:107120001370264A1370EEE7254C204610F0FEFE41
:10713000034608B100BEFDE7A0220090114620786A
:1071400010F00EFF08B100BEFDE70221207810F01C
:1071500027FF08B100BEFDE70221207810F034FFC0
:107160000028D0D000BEFDE7027B164B1A7001222A
:10717000154B1A70C7E7FF22124B114C1A700023EF
:107180000D4A02211370104A207813700B4A1370B5
:1071900010F006FF08B100BEFDE70221207810F0D4
:1071A00013FF0028AFD000BEFDE700BFA00006011E
:1071B000A0000100A0000A030F5B01200D5B01206D
:1071C000C8600120C76001200E5B01200C4A82B01C
:1071D0001368013313600B4B1B7853B180220A4BA9
:1071E0001A6400230193019B812B04DD8022074B4D
:1071F0001A6402B0704700BF019B0133F2E700BF81
:10720000BC230120A55A012000D0035000E0035008
:107210001449154A01614FF0804102600262134A2D
:1072200041610263124A134902644FF07E52416386
:10723000114910B441644FF04041104C4260426229
:1072400082608262C260C2620D4A8463C2630D4C76
:107250000D4A846481615DF8044BC161C2641CF015
:10726000A0B800BFD394EA36D3946A367655ECBF03
:10727000F0735A3F74D1F6BFB3B26F3F7D3DFFBF8D
:107280008EB6FFBFAA7B7E3FBC6D7F3FDFED257AC8
:1072900060EE277AFDEEE77A10B5234B2DED028BD9
:1072A000436017EE903ADFED217A60EE277A012BEA
:1072B000B8BF0123FDEEE77A036117EE903AF1EED5
:1072C000007A9FED1B7A60EE277A012BB8BF01236D
:1072D000F4EEC77A802BA8BF8023F1EE10FAB0EE4F
:1072E000408A80ED000ABFEE000A77FE877A43618C
:1072F00080EE270A044602F0E9FFFDEEC87A0D4B46
:1073000084ED020AE36017EE903A012BB8BF012327
:10731000C4F840322046BDEC028BBDE810401CF0A2
:10732000A5B800BFCDCC4C3E6666E63ECDCCCC3D8C
:107330005F7089309A99193E10B5044642F22012C6
:1073400000211CF0A5F92046FFF762FF9FED060A19
:1073500004F19000FFF79AFF044BC4F8943040F218
:107360006623C4F8A03010BD000080446666E63E87
:1073700030B5012189B03A20FBF7E4F9022100235E
:1073800008460422FCF742F90023042203210220CC
:10739000FCF73CF90122002311460220FCF736F9E4
:1073A0000023012205210220FCF730F904220123E9
:1073B00011460220FCF72AF90123042207210220AA
:1073C000FCF724F90023042218460721FCF71EF9D4
:1073D00027F09BF801210446084626F0ABF8414D02
:1073E000204627F08DF801AC01212920FBF7AAF9EE
:1073F0000FCD0FC495E807003B4B84E807000393CB
:1074000001233A4801A98DF8123019F050FC4FF0D1
:107410000212374B0025C3F83828A2F58032C3F892
:10742000302802F50032C3F834281C22C3F8202883
:10743000304B1D60304B1B689B0A013BB3F1807FD2
:107440000AD24FF0E0240F2163614FF0FF3019F0B2
:1074500099FC0723A56123610A20FFF7B3FD2748A4
:10746000FFF76AFF2648FFF767FF002325482649F4
:1074700000EB83020133102B1160F9D10222234B60
:1074800023491A6000200C23224AFFF7B3FD224D46
:107490000C232870214A01202149FFF7ABFD214C24
:1074A00020702B7813B10020FFF74EFC237813B126
:1074B0000120FFF749FC2B780BB123786BB92B78AF
:1074C0006BB92378002B0CBF03230123164A1360EA
:1074D0000122164B1A7009B030BD0023F6E70123D4
:1074E000F4E700BFA0FF020880841E0000000A50DD
:1074F00000C00350BC230120005E0120280B0020A7
:10750000482C00209427012000C079C42048012085
:10751000C6600120C46001200A5B0120C360012015
:10752000C5600120095B01202C480120A55A0120DB
:1075300070B514460E46054603F000F8231A0134D0
:10754000B442A8BF344623EAE373E21A022A2CDDD0
:1075500005EB830090ED007A9FED156AF0EE477A17
:10756000A3420FDB06EE902AF8EEE66AC6EE265A34
:10757000F5EEC05AF1EE10FA17D977EEC77A87EE1A
:10758000A50A70BDF0EC016AB4EE667AF1EE10FA6D
:10759000F4EEE67A36FE877AF1EE10FA36EE266AD7
:1075A00048BFF0EE667A0133DAE79FED010AE8E7BB
:1075B00000000000DFED707A60EE277A2DE9F04FD1
:1075C000FDEEE77A2DED088B9FED6C8A17EE90BAF1
:1075D00020EE088A4FF00009BBF1020F8046F0EE62
:1075E000408A1F46B8BF4FF0020BBDEEC88ACA469C
:1075F0009FED639ADFED639A9FED63AA8DB00392CE
:10760000B94505DB50460DB0BDEC088BBDE8F08FE9
:10761000039B53F8296018EE103AF51A25EAE57530
:10762000731B022B64DD08EB8503D3ED007A2A4639
:107630002C46B2425FDD331B022B59DD07EE903A38
:10764000F8EEE77A27EE897A67EEA97ABDEEC77A77
:10765000FDEEE77A17EE101A17EE902A531A012B57
:1076600009ABD5BF2146091932461219009340468D
:1076700008ABF8F785FEA4EB0B0121EAE1718C421F
:1076800047DD0BAB0093224640460AABF8F778FE85
:107690009DED08BADDED0AAA7BEE6A7AF0EEE77A94
:1076A000F4EECA7AF1EE10FA3AD507EE904AB8EE47
:1076B000E77A07EE905AF8EEE77AF4EEC77AF1EE41
:1076C00010FA08DC07EE906AF8EEE77AF4EEC77A73
:1076D000F1EE10FA03D507EE904AB8EEE77AC7EE5E
:1076E000287A1E9B03EB8A03C3ED007A0AF1010A94
:1076F00009F1010984E7B3EC017AB4EEE77AF1EE1F
:1077000010FA54BFB0EE677A1446F0EE477A0132B1
:107710008FE700230A9308EB84031B680B93B7E7FA
:107720000B9801F06FFECDE90401099801F06AFEA3
:1077300002460B46DDE9040101F004FDCDE9040138
:107740001BEE100A01F05EFECDE906011AEE900A6A
:1077500001F058FE02460B46DDE9060101F0F2FC9D
:1077600002460B46DDE9040101F0CEFF02F03CF9D0
:1077700007EE100A9DE700BF0BD7233DCDCCCC3ED2
:107780009A99993E3333333FCCBC8C2B2DE9F04F83
:107790002DED048B04468FB00621FFF739FB2CBB7F
:1077A000944A1070A0B90721FFF732FB924B934A1D
:1077B00018601368FF2803F10103136040F00D8186
:1077C0004FF0FF3840460FB0BDEC048BBDE8F08FA2
:1077D0008B497E280A6802F101020A6089490A6819
:1077E00002440A6022D807212046DDE7864A10704D
:1077F00088B907210120FFF70BFB844B844A1860EE
:107800001368FF2803F101031360D9D001281BDCA2
:107810004FF00008D6E77F497E280A6802F101028E
:107820000A607D490A6802440A60E2D900227B4B63
:1078300007211A707A4A2046136801331360FFF754
:10784000E7FA002CB2D0D8E7F028A8BFF0200690C5
:107850002046FFF743FA072301224FF0000902FAFE
:1078600003F30593059A6F4B0820C3F8A020FFF798
:1078700043FAFF20FFF740FAA30009936A4BC8467A
:1078800003EB840393ED008A42F2201363430493D5
:10789000049A664BDFF8D8B1D31808930BEB840336
:1078A00007930020FFF728FA06460020FFF724FA86
:1078B00005460020FFF720FA2D0245EA0645284339
:1078C000C20CC0F3C741C0F3120007EE900A584D36
:1078D000F8EEE77A55F82230013345F82230554B5F
:1078E0001D682F2D04DC1D686E1C1E60524B5955FF
:1078F000524B1D682F2D09DC1D68514E71551D68B6
:10790000504941F82500196801311960072A40F0F3
:10791000B180F5EE407AF1EE10FA37FE888A069BC8
:1079200009F101099945BCD1474B059AA100C3F85B
:10793000A0203D4B1BF0D3FC03EB840383ED008AB6
:10794000002C40F08583414A136843441360334B55
:107950001B78002B3FF436AF42F220103C4B3D4ADF
:107960001B6812689B1A3C4A00FB042241F210304B
:107970001258934294BF00239B1A002C40F06A8354
:10798000364A1360364ADFED377A501890ED007AA8
:10799000F7EE086A27EE277A07EE903A37EE266A66
:1079A000F8EE677AF4EEC67AF1EE10FA07DC37EEFD
:1079B000667AF4EEC77AF1EE10FA7FF503AF9FED29
:1079C0002A7A67EE877A1144C1ED007A002C40F0E4
:1079D00043831268254B1A60F4E601287FF718AF3D
:1079E000F028A8BFF02006900020FFF777F90423C5
:1079F00032E700BF0C5B0120845E0120EC270120F0
:107A00003C480120344801200B5B0120805E0120AE
:107A1000E82701203848012030480120065B01207A
:107A20002C25012000E00350A8F30020B80B002013
:107A3000CC230120C8230120A65A01204C24012078
:107A4000D65A01205024012000D00350E427012001
:107A5000BC23012028250120280B0020142501200B
:107A600020250120000080440000803A1C250120D0
:107A70005C5E0120092A7FF452AFD24F099A3B681D
:107A8000D149A34208BFD14BD14D08BFC3ED007A05
:107A9000079BD04ED3ED007AF4EEC87AF1EE10FADF
:107AA000C8BF83ED008ACC4B9A18D2ED007AF4EE71
:107AB000C87AF1EE10FA48BF82ED008A51F824200E
:107AC0000132B2F5006F41F82420C0F01782002285
:107AD00041F82420002C40F0AB819BED007AD3EDDF
:107AE000007ABE4A82ED007ABD4AC2ED007A77EE96
:107AF000C77ABC4AC2ED007ABB4ACBF80020BB4A29
:107B00001A60BB4AB0EE480A136801331360B94BE0
:107B100083ED008A049BE8181BF048FC42F2201316
:107B200041F2103203FB04539A58B3495342C3F352
:107B30000903C2F3090258BF5A4240F6480303FB47
:107B4000042305EB830383EDC40A0B6801331F2B69
:107B50000B6000F2D68106EB820686ED008A3B6858
:107B60009C4200F0FF81B5EEC00AF1EE10FA00F180
:107B70000A82F0EE407AA14BA14A93ED007AB4EE6E
:107B8000C07AF1EE10FA48BF83ED000A904BB0EED8
:107B9000670A93ED2A7AD3ED256A82ED007A27EE03
:107BA000267A984A82ED007A93F8CC22964B1A7086
:107BB00008980BA91BF076FC002800F03E8242F2E8
:107BC000201241F2103140F64800DFED907A804BF0
:107BD000604302FB043252580392A2F5B37222EAC8
:107BE000E2720399914280F2DD8142F2201202FB9F
:107BF000043292ED2A7AF4EEC77AF1EE10FAC8BF99
:107C0000C2ED2A7A824A0B9802EB840292ED009A26
:107C100007EE900A42F22015F8EEE77ADFED7D9A42
:107C2000F0EE498A05FB043547EEA98AD5EDB87A0E
:107C3000F5EEC07AF1EE10FA15DDD5F8041378EE02
:107C4000E77A4E4206F0070601F0070258BF72427B
:107C500040F6480606FB042203EB8202C2EDB97A25
:107C60000131C5F8041342F2201141F6143501FB2D
:107C700004314A59C1EDB88AB2F5007F0BDA561CBF
:107C80004E5140F6480101FB042202F2C44203EBCC
:107C90008203C3ED018A604BDFED607A93ED007AD9
:107CA000B4EEE77AF1EE10FA40F3948193ED007AA6
:107CB000F0EE007AB4EEE77AF1EE10FA40F18A8144
:107CC000D3ED007A9FED567A67EE877A9FED557A6D
:107CD000F4EEC77AF1EE10FA58BFF0EE477AFEEEF6
:107CE000CB7A17EE903A202BACBFC71AA0F1200731
:107CF00027EAE777C11BA1F11003B3F57C7F80F081
:107D00009C81B842C0F2998142F2201341F6186278
:107D10002F4D03FB045353F802A0BAF1BF0F00F339
:107D20008C8140F64806002266433F4801F1010C71
:107D3000D319C3F30903334405EB8303D3F810339A
:107D40000132624540F8043BF2D10DAB00930123B0
:107D50000C919FED360A34480CAA1944FFF72AFC0F
:107D6000012840F06A8107EE907AB8EEE77ADDEDFF
:107D70000D7A47EE297A77EE897A78EEE78AF5EE82
:107D8000C08AF1EE10FA07D4B2EE027AF4EEC78A96
:107D9000F1EE10FA40F3218142F2201342F2201159
:107DA00003FB045301FB0455D3F80C23039B01325E
:107DB000C5F80C2341F210320133AB5008F1010831
:107DC000ADE500BF645E0120A0F30020182801206B
:107DD000280B0020BCF30020545E0120945E01209B
:107DE000905E0120FC270120286B6E4E286B6ECE22
:107DF000F42701209C5E01204C480120042801202A
:107E0000AC5E0120A45E0120085B012000000000A0
:107E1000202501200000803AC05E01209A99993EF9
:107E20006666E63E3333B33EBC1301200000804457
:107E30009BED017AD3ED017A894A82ED007A894A75
:107E4000C2ED007A77EEC77A874AC2ED007A874A98
:107E5000CBF80420864A5A60864AB0EE480A136876
:107E600001331360844B83ED008A049BE8181BF0F8
:107E70009DFA42F2201341F2103203FB04539A5848
:107E80005342C3F30903C2F3090258BF5A4240F6F2
:107E9000480303FB042305EB830383EDC40A02EBD1
:107EA000842306EB830383ED008A3B689C4259D010
:107EB000B5EEC00AF1EE10FA65D4B0EE407A6F4B21
:107EC000D3ED007AF4EEC77AF1EE10FA48BF83EDF5
:107ED000007A42F2201303FB0455D5ED2A7A95ED82
:107EE000257A674B95F8CC22C3ED007A67EE877A46
:107EF000644BC3ED007A644B1A7059E6002CABD189
:107F0000FFE500230B60614B196807293FF723AE9B
:107F1000FDEEC07A17EE903A5D4840F821305D4B97
:107F2000D3F830343BB1013B5E42C6F30906C3F3DC
:107F3000090358BF734203F60C1305EB8303D3ED1B
:107F4000007AFDEEE77A17EE903A01F1080640F864
:107F500026304E4B013119604F4B03EB820383ED0A
:107F6000008AFCE5B5EEC00AF1EE10FA4B4B03EBCC
:107F7000820383ED008A4A4B03EB820383ED000A00
:107F8000484B1A600BD5F0EE407AB1EE400A002C57
:107F90003FF4F1ADB0EE407AB0EE670A8FE7F0EE55
:107FA000407AF4E7C2F30901014403EB810191ED4A
:107FB000C47AB5EEC07AF1EE10FA48BFB1EE477A56
:107FC000F4EEC77AF1EE10FA02F1010248BFF0EECA
:107FD000477A06E6DFED347A74E6BAF1000F0EDD7B
:107FE000564406F2C56605EB860696ED007A37EE36
:107FF000C77AB5EEC07AF1EE10FA3FF5CDAE40F695
:10800000480303FB04A342F2201103F2867203F239
:10801000C66305EB8303C3ED007A244B41F6186079
:1080200003EB8403C3ED007A01FB045105EB8202EC
:1080300082ED019A0AF101020A5042F2201241F245
:1080400010311B4B02FB04335A5801325A50B5E62B
:10805000184A79E4184A94E45268184BBBE400BF0C
:108060008C5E0120885E0120F8270120286B6E4E6F
:10807000286B6ECEF0270120985E01200028012099
:10808000A85E0120A05E0120075B0120504801206E
:1080900054480120283B0020BCF300202038012058
:1080A000202801201C2801203333333FDC5E0120CF
:1080B000280B0020E0270120102501201825012091
:1080C0002DE9F84FB1F5007F9B4F0D46A8BF4FF447
:1080D0000075B3F5007F98460E461C462DED028BC9
:1080E000A8BF4FF40078394600239D421BDC93491A
:1080F0000023894698451CDC29468F481BF035F93A
:1081000041468E481BF031F900218D4828EAE8727B
:108110001BF0BEFA002C48DC012E56DC0120BDEC21
:10812000028BBDE8F88F50F804CB013341F804CB43
:10813000DBE752F8040B013341F8040BDAE7BCEC3F
:10814000016A09EB8300F0EC017A77EEC67A1946F2
:1081500001334345F0EEE76A0ADA90ED007A37EE34
:10816000467AB0EEC77AB4EEE67AF1EE10FAEAD4C7
:10817000F4EEE56AF1EE10FA0ED81EF801305BB9A4
:10818000B4F5007FBFBF67EE857A0BEB8403C3EDC8
:10819000007A01340EF801A00B4601329542CEDC84
:1081A000012E13DC9FED678A33E00022DFED665A73
:1081B000134614464FF0010A9FED645ADFF878C168
:1081C000DFF87CE1DFF88CB1E8E7002401226049A8
:1081D0003B46D7ED017A93ED007A77EEC77A01320C
:1081E0009542E1EC017A07F10407F1DC012E05F17B
:1081F000FF315748D8BF01211BF0B7F8FEF728FE22
:10820000B5EEC00AF1EE10FA69DDDFED4E7A87EEC9
:10821000808A002C82D00023B3EE097A1D464D4A95
:108220004D49F2EC017AF0EEE76AF4EEC76AF1EE3E
:1082300010FA03F101039EBF01EB8500C0ED007A47
:108240000135A342EDD1002D73D0AF003A4642492B
:1082500042481BF025FA294640481BF086F8FEF7F5
:10826000F7FD3D4EF0EE406A324600243C4BF2EC06
:10827000017A77EEE67AF0EEE77AA0460134A5427D
:10828000E3EC017AF3D1214635481BF06EF8FEF796
:10829000DFFDB5EEC00AF1EE10FA25DDF1EE047A4D
:1082A000002460EE277A23462E49B6EC016A36EEAA
:1082B000667AB0EEC77AB4EEE77AF1EE10FA9EBFB6
:1082C00001EB840282ED006A0134984503F101025A
:1082D00008D1012C0EDC0D9B03201C601FE79FEDD5
:1082E000228A96E71346E0E73A461B491D481BF0F1
:1082F000D7F9EEE721461B481BF037F8FEF7A8FD3B
:10830000F3EE0E7AB4EEE78AF1EE10FA06DBDFED5B
:10831000177AB4EEE78AF1EE10FA03D90D9B042028
:108320001C60FCE60C9B002083ED000A0D9B1C608A
:10833000F5E60220F3E600BFA0B20020A0AA0020CC
:10834000A556012000007042CDCCCC3D00007A44FF
:10835000A09A0020A0A20020A0920020A08A0020C5
:10836000A0820020A07A00200000000000005C43F2
:1083700038B50D1E12DD1AF0F8FF6B1000EB83000C
:1083800015F0010F90ED000A07D150ED017A77EE5C
:10839000807AB6EE000A27EE800A38BD9FED010A0A
:1083A000FBE700BF000000002DE9F04F2DED028B30
:1083B00083B0019300239FED407A1C46F0EE046ADF
:1083C0003E4E93421ADAB4F5006F08D116E0F4EE8F
:1083D000E67AF1EE10FA66D99A4228460EDDCF5CB5
:1083E000051D0133002F63D1D0ED007AF4EEC77A7A
:1083F000F1EE10FAEBDA93422846F0DB0E9B012CEB
:108400001C6057DD0025DFF8B4902F464B46B5EED3
:10841000008ADFF8ACA005F11F08A045A8BFA04660
:10842000A5F11E0626EAE676A8EB060B4FEA8B02BC
:1084300003EB86014645C8BF002250461BF030F9C9
:108440004645D4BF594600215046FFF791FFB5EE8F
:10845000C00AF1EE10FA194B0DDDD9ED007A77EE76
:10846000C07A20EE080AF0EEE77AF4EEC07AF1EE78
:1084700010FAC8BF01370135AC4209F10409CAD16D
:1084800007EE907AB8EEE77A07EE904AF8EEE77AD0
:10849000C7EE276A019B0020C3ED006A03B0BDEC64
:1084A000028BBDE8F08F06EB8400C0ED007A01344A
:1084B000284686E70120F1E7CDCC4C3EA05A0020AB
:1084C000AC5900202DE9F04F2DED028BB04AD7B00A
:1084D000136801331360AF4B1B783BB10020FFF7EB
:1084E00055F90028BEBF0023AA4A1370AA4C23786E
:1084F00033B10120FFF74AF90028BCBF00232370E5
:10850000A44BA64F1B7813B12378002B4ED1A44B5C
:10851000A44A18681168884248D91B6803F580632B
:1085200013609C4B1B7803F0FF067BB1237853BB91
:108530000025022301209C4A9C49FEF75BFD00B305
:108540000120FEF701FC0123237011E002233046D5
:10855000974A9849FEF74EFD05460028E6D030467A
:10856000FEF7F2FB01238B4A13702378002BE0D037
:108570003B7843B10023904A3B701368013313608A
:1085800001E0002DF4D1834B1B781BB12378002B25
:1085900040F0E1807F4B1B78002B40F0DE80237899
:1085A000002B0CBF03230123844A1360DFF854B26D
:1085B000834B0BF5805ADAF8142B0BF540591A60EF
:1085C000804BD9F8342C1A603B7803F0FF05002B60
:1085D0006AD1704B1B78002B66D02378002B63D0B8
:1085E00000262A4604212846FEF78CFB2A46052150
:1085F0002846FEF787FB2A4606212846FEF782FB1F
:108600002A4604210120FEF77DFB2A460521012090
:10861000FEF778FB06212A460120FEF773FB584639
:10862000CAF81053CAF8145BCAF8185ECBF80453A2
:10863000CBF8E0621AF0B5FE9FED630A0BF19000F3
:10864000FEF724FE9FED618A40F266220BF510537F
:108650000BF50058A3F53870CBF8A0201E608BED09
:10866000258AC9F83054C9F8345CC9F8385FC8F8AD
:1086700024541AF096FE9FED540A08F5D870FEF7C0
:1086800005FE534B40F266221E605E60514B88ED42
:108690006D8A1E60504BC8F8C0211E6001233B70DC
:1086A0003F4B1A684D4B1A6002250021DFED4C7AD2
:1086B000DAF8182E4B4BDFF850811A60D9F8382FB2
:1086C000494B1A6042F2201341F6186203FB01B3D2
:1086D0009A5840F64803182A1746A8BF18274FF0A3
:1086E000000C4B43D21B03F2C66002440BEB820228
:1086F000BC4534DB3846182840F08A80002940F019
:108700009A803A4A176042F2201241F6143002FB76
:1087100001B212580027182A1046A8BF182003F2E9
:10872000C543121A1344DFF8C8C0DFF8E0E00BEBD2
:1087300083038742C0F2818002462D4FDFF8CCC010
:10874000182A40F08580012D00F08B800125294BEF
:1087500029461860B6E7002326E7012324E7F2EC58
:10876000016A4FEA8C0092EDC07A51B908EB000E15
:10877000CEED006A204E304480ED007A0CF1010C01
:10878000B6E71E4E06EB000ECEED006A1C4EF2E779
:10879000284801200A5B0120095B0120065B0120BB
:1087A000BC230120B8F30020C3600120C560012074
:1087B000C4600120C66001202C2501202C48012026
:1087C0003425012030250120000080446666E63E05
:1087D000202501201C250120182501202825012005
:1087E00000C079C4C4230120C0230120CC2601206D
:1087F000482501204425012068260120D02601209B
:1088000008260120280B002030270120A825012060
:10881000820049B908EB020CCCED007AB94E324423
:10882000C2ED007A013066E7B74E06EB020CCCEDE4
:10883000007AB64EF3E7B64A64E7B3EC017ABA00C1
:1088400021B9724482ED007A013772E76244F9E798
:10885000930021B96344C3ED007A013270E73B44D1
:10886000F9E7AC4BDBF808231860AB4B1A60AB4B55
:10887000AB4AD3F828141160AA4ADBF80C13116034
:10888000D3F82C24A84B1A60DAF81023D9F8303426
:108890009B1AA64A1360A64B1B68072B40DDA5490F
:1088A00016A81AF012FF06250027FA21DFF8F48235
:1088B000A14B0DF15E0058F804CBA04AD8F81C601B
:1088C0000137CDE900C601F081FA082F0544C5F54E
:1088D000807604D016AB58193146994BEBE7DFF898
:1088E000C882032198ED000A0AA8FEF72FFB98ED35
:1088F000010A0746032110A8FEF728FB009016A8DE
:108900003B46904A3146284401F060FA16A8FEF72B
:10891000B7FA8D4A1368013313600023844A136049
:108920008A4F8B4A39681368DAF8185E994240F228
:10893000AA803B68012D03F58063136040F38780B4
:10894000D9F8386F012E40F382808249AA0082480C
:108950001AF0A6FE81498248B2001AF0A1FE002357
:10896000DFED805A184619469FED7F5AF3EE094A0B
:10897000DFF8E4C1DFF8E881DFF8F891BCEC016AC8
:1089800008EB8302F2EC017A77EEC67A9E46013359
:10899000B342F0EEE76A0ADA92ED007A37EE467AF1
:1089A000B0EEC77AB4EEE67AF1EE10FAEAD4F4EE5D
:1089B000E56AF1EE10FA01F1010140F2F9808D4211
:1089C00040F00C810246694B1A603AB301216848B5
:1089D000A0F1040E8A4240F00381664B6649186894
:1089E000086003EB820151F8040C5210634903EB59
:1089F000820308601B686248624A0360136800686B
:108A0000594201F00F0103F00F0358BF4B425E497A
:108A100001EB8303186013680133136000230DF129
:108A200058080DF140094D4A1693294633464948E6
:108A3000CDF80480CDF80090FFF742FB534B169A17
:108A40001860534B1A6010B9109A524B1A60524B6F
:108A50001B78002B40F0D9802478E4B242F2201336
:108A600041F6143263430BEB03018D58DFF83C8170
:108A7000032DC8F8004000F3CA80484A39681368DB
:108A8000994200F2F781002042F2201640F6480594
:108A9000434BD3F8041BBE2916DD00F2C66202EB7D
:108AA00061024F1000210BEB820203F6040452F81E
:108AB00004CB013144F804CBD2F800C3B942C4F866
:108AC00000C3F4D1C3F8041BD3F80028B2F5FF7F2C
:108AD0000EDD1C46002152104FEA820C04EB0C07FD
:108AE0003F6801318A4244F8047BF7D1C3F800287B
:108AF000A842334440F09D8257B0BDEC028BBDE8E4
:108B0000F08F00BF68260120D02601200826012012
:108B1000C8260120402501200C280120282B0020F8
:108B2000082801203C250120382501202448012067
:108B300050480120F0FE020852FF0208F7FE02082A
:108B4000EEFE020801FF020848480120BC23012074
:108B5000B4F3002040260020A0F000206047002051
:108B6000A0ED0020CDCCCC3D00007A44D4270120DC
:108B7000A4EA0020A0EA00206C5E0120685E0120CB
:108B8000705E01209027012094270120785E01204B
:108B9000D82701207C5E01200A5B0120B0F3002071
:108BA0003C1E002054480120DC5E0120645E012050
:108BB00067EE857AB0EEE77AB4EEE47AF1EE10FA79
:108BC0003FF6FDAE421C8D4209EB8000C0ED007AFD
:108BD0003FF4F9AEC02A3FF4F6AE10467346CDE638
:108BE000F0EC017A84464B1E1CED027AF4EEC77A53
:108BF000F1EE10FA03D5013B2CED017AF4D20EEB25
:108C00008303C3ED017A0131E4E6002426E7DFF8AF
:108C1000189301214E46B0EE048A03F5985314339D
:108C2000C0485B441A46D3ED017A92ED007A77EEA4
:108C3000C77AF4EEC87AF1EE10FACCBF0122002216
:108C400001318D42E6EC017A03F1040300F8012BB7
:108C5000E8D16E1EB449B548B2001AF021FD0121D9
:108C6000B348A5F1020A031FF0EC017A84464A1EBC
:108C70001CED027AF4EEC77AF1EE10FA03D5013A50
:108C80002CED017AF4D2013103EB8202B142C2ED44
:108C9000017AE9DB1968A74A03EB8A0A1160DAF85E
:108CA0000010A54A0DF1580A1160721003EB8203FF
:108CB0001B68A24A9B491360A14B32461E600023E9
:108CC00099481693CDF800A010ABFFF76DFB9D4BB4
:108CD000169A18609C4B1A6010B9109A9B4B1A6038
:108CE0004FF0000A954B9FED9A6A93ED007A534638
:108CF000F9EC017AF4EEC67AF1EE10FA29DBF4EE23
:108D0000C87AF1EE10FA24D8BAF5007F21DAB5EE70
:108D1000C07AF1EE10FA11D9DFED8E6A67EE266A9D
:108D2000F4EEE67AF1EE10FA13DDDFED8B6A67EE12
:108D3000266AF4EEE67AF1EE10FA0AD5DFED875AEC
:108D4000C5EEA76A864A02EB8A02C2ED006A0AF102
:108D5000010A0133B342CBDBBAF1090F26DD804EA5
:108D60004FEA8A0906EB8A0353F8042C7D4B3146FF
:108D70001A607D484A461AF093FC50469FED7B0AE4
:108D8000FEF7A2F84A4631467748B0EE408A1AF01C
:108D900087FC9FED770A5046FEF796F830EE480ABA
:108DA000744B83ED008A744B83ED000A42F220136A
:108DB00041F2103203FB04B39B58402B7FF75DAEAA
:108DC00000269FED6E7ADFED6E6AA3F2FF3020EA97
:108DD000E0701B1ADFF8C0C1DFF8E0E1591C4FEA70
:108DE0008429B1422CDC674AC2ED006A664A82EDF2
:108DF000007A40F6480202FB0455644A05F2C34576
:108E000002EB8505624AD5ED017A02EB840292ED10
:108E1000007A77EEC77AFEEECB7A17EE902A121A16
:108E2000082A7FF72AAE073B9A42BFF626AE9FED8F
:108E3000590A5948FEF77CFB584B83ED000A1CE6A3
:108E40008219C2F309024A440EEB8202D2ED007A83
:108E5000F4EE667AF1EE10FAF4EEC77A48BFF0EE5F
:108E6000676AF1EE10FAECEC017A06F1010637FEC2
:108E7000877AB6E73F4DD5ED007AF5EEC07AF1EE90
:108E800010FA7FF700AE3B6803F500631360D8F873
:108E90000030434A002BA8BFD8F800401168B8BF83
:108EA0000024404B002900F08B80012119601368D9
:108EB0003A4F002B40F09F803B4BDFED3C7A93ED27
:108EC000000A062180EE270A04A8FEF73FF895ED78
:108ED000000A064601210AA8FEF738F842F22013DC
:108EE00041F6143203FB04B39C58314B0546D3F8CA
:108EF0000080052197ED000A10A8FEF727F83346F9
:108F0000CDE902804FF48071CDE90054294A16A8BA
:108F100000F05CFF16A8FDF7B3FF274A1368013382
:108F20001360B0E5A5580120A0E20020A0DA0020DF
:108F3000A4DA0020BC5E0120B85E0120C05E0120E2
:108F400010280120D45E012014280120D85E0120C1
:108F5000CDCC4C3E9A99193F6666A63F0000704200
:108F6000A0D20020C85E0120A0CA0020CDCC4C3D7C
:108F70003333733FD05E0120CC5E0120286B6ECE70
:108F8000286B6E4EB45E0120B05E0120280B0020DD
:108F90002025012000008044A0BA0020C45E0120EA
:108FA000785E0120745E01207C5E012000007A441E
:108FB000D827012016FF0208DC270120BCF300207F
:108FC0001D480068002803DB1C480068002801DCFD
:108FD00002216BE71A48D0ED007A1A4890ED007A2A
:108FE00077EEC77AB3EE047AF4EEC77AF1EE10FAB0
:108FF000C8BF03215AE795ED000A01210AA8FDF731
:10900000A5FF42F2201303FB04B441F614330546D6
:1090100097ED000A052110A8E458FDF797FF2B46AD
:10902000CDE900404FF48071074A16A800F0CEFE4B
:1090300070E740F648002CE5D8270120D42701200E
:10904000685E01206C5E012053FF02080022014B84
:109050001A8070474856012000B5C3B00FF0B6F82B
:10906000094801F0F9FA60B11AF09FFA48B14FF4DB
:109070008271054801AA1AF0EFFC10B901A81AF094
:109080008CFA43B05DF804FB3C5201207FB50368C5
:10909000264A23F47F4323F00703934243D1002160
:1090A00006221720224B09F023F8014608B100BE22
:1090B000FDE7082213201F4B09F01AF8014608B1FA
:1090C00000BEFDE7032215201B4B09F011F808B183
:1090D00000BEFDE70DF1070102A80EF089FF014671
:1090E00008B100BEFDE7BDF80C3008225BBAADF850
:1090F00010309DF80B3019208DF81230FF238DF8B9
:109100001330FE238DF814309DF80A308DF8153099
:10911000BDF808305BBAADF8163004AB08F0E8FFD4
:1091200008B100BEFDE707B05DF804FBA000010038
:109130002F020308270203082402030881F00041DC
:1091400002E000BF83F0004330B54FEA41044FEA2C
:10915000430594EA050F08BF90EA020F1FBF54EAC7
:10916000000C55EA020C7FEA645C7FEA655C00F063
:10917000E2804FEA5454D4EB5555B8BF6D420CDD34
:109180002C4480EA020281EA030382EA000083EAB7
:10919000010180EA020281EA0303362D88BF30BD57
:1091A00011F0004F4FEA01314FF4801C4CEA1131AD
:1091B00002D0404261EB410113F0004F4FEA03330C
:1091C0004CEA133302D0524263EB430394EA050F97
:1091D00000F0A780A4F10104D5F1200E0DDB02FA06
:1091E0000EFC22FA05F2801841F1000103FA0EF29A
:1091F000801843FA05F359410EE0A5F120050EF160
:10920000200E012A03FA0EFC28BF4CF0020C43FA90
:1092100005F3C01851EBE37101F0004507D54FF09D
:10922000000EDCF1000C7EEB00006EEB0101B1F5ED
:10923000801F1BD3B1F5001F0CD349085FEA300033
:109240004FEA3C0C04F101044FEA445212F5800F3E
:1092500080F09A80BCF1004F08BF5FEA500C50F1DB
:10926000000041EB045141EA050130BD5FEA4C0CBE
:10927000404141EB0101013C28BFB1F5801FE9D21B
:1092800091F0000F04BF01460020B1FA81F308BF3E
:109290002033A3F10B03B3F120020CDA0C3208DD0A
:1092A00002F1140CC2F10C0201FA0CF021FA02F1E5
:1092B0000CE002F11402D8BFC2F1200C01FA02F155
:1092C00020FA0CFCDCBF41EA0C019040E41AA2BF7A
:1092D00001EB0451294330BD6FEA04041F3C1CDA42
:1092E0000C340EDC04F11404C4F1200220FA04F062
:1092F00001FA02F340EA030021FA04F345EA03010C
:1093000030BDC4F10C04C4F1200220FA02F001FACD
:1093100004F340EA0300294630BD21FA04F029464F
:1093200030BD94F0000F83F4801306BF81F48011E8
:109330000134013D4EE77FEA645C18BF7FEA655C5B
:1093400029D094EA050F08BF90EA020F05D054EA2D
:10935000000C04BF1946104630BD91EA030F1EBF32
:109360000021002030BD5FEA545C05D14000494136
:1093700028BF41F0004130BD14F580043CBF01F529
:10938000801130BD01F0004545F0FE4141F470010F
:109390004FF0000030BD7FEA645C1ABF19461046EA
:1093A0007FEA655C1CBF0B46024650EA013406BFEB
:1093B00052EA033591EA030F41F4002130BD00BFAA
:1093C00090F0000F04BF0021704730B54FF4806467
:1093D00004F132044FF000054FF0000150E700BFE8
:1093E00090F0000F04BF0021704730B54FF4806447
:1093F00004F1320410F0004548BF40424FF0000134
:109400003EE700BF42004FEAE2014FEA31014FEA76
:1094100002701FBF12F07F4393F07F4F81F06051C5
:10942000704732F07F4208BF704793F07F4F04BF10
:1094300041F40021704730B54FF4607401F00045ED
:1094400021F000411CE700BF50EA010208BF70474D
:1094500030B54FF000050AE050EA010208BF70473E
:1094600030B511F0004502D5404261EB41014FF4A7
:10947000806404F132045FEA915C3FF4D8AE4FF0AF
:1094800003025FEADC0C18BF03325FEADC0C18BF92
:10949000033202EBDC02C2F1200300FA03FC20FAE3
:1094A00002F001FA03FE40EA0E0021FA02F1144430
:1094B000BDE600BF70B54FF0FF0C4CF4E06C1CEA49
:1094C00011541DBF1CEA135594EA0C0F95EA0C0FBA
:1094D00000F0DEF82C4481EA030621EA4C5123EA2D
:1094E0004C5350EA013518BF52EA033541F480115C
:1094F00043F4801338D0A0FB02CE4FF00005E1FB0F
:1095000002E506F00042E0FB03E54FF00006E1FB58
:1095100003569CF0000F18BF4EF0010EA4F1FF049B
:10952000B6F5007F64F5407404D25FEA4E0E6D41DB
:1095300046EB060642EAC62141EA55514FEAC520EC
:1095400040EA5E504FEACE2EB4F1FD0C88BFBCF568
:10955000E06F1ED8BEF1004F08BF5FEA500E50F119
:10956000000041EB045170BD06F0004646EA0101DF
:1095700040EA020081EA0301B4EB5C04C2BFD4EB11
:109580000C0541EA045170BD41F480114FF0000E0A
:10959000013C00F3AB8014F1360FDEBF002001F078
:1095A000004170BDC4F10004203C35DA0C341BDCF2
:1095B00004F11404C4F1200500FA05F320FA04F0C4
:1095C00001FA05F240EA020001F0004221F00041F8
:1095D00010EBD37021FA04F642EB06015EEA430E6B
:1095E00008BF20EAD37070BDC4F10C04C4F120059B
:1095F00000FA04F320FA05F001FA04F240EA02004E
:1096000001F0004110EBD37041F100015EEA430E1E
:1096100008BF20EAD37070BDC4F1200500FA05F23E
:109620004EEA020E20FA04F301FA05F243EA0203BD
:1096300021FA04F001F0004121FA04F220EA0200CC
:1096400000EBD3705EEA430E08BF20EAD37070BD12
:1096500094F0000F0FD101F00046400041EB0101F2
:1096600011F4801F08BF013CF7D041EA060195F0D4
:10967000000F18BF704703F00046520043EB03038E
:1096800013F4801F08BF013DF7D043EA060370477B
:1096900094EA0C0F0CEA135518BF95EA0C0F0CD086
:1096A00050EA410618BF52EA4306D1D181EA0301CC
:1096B00001F000414FF0000070BD50EA410606BFC6
:1096C0001046194652EA430619D094EA0C0F02D10B
:1096D00050EA013613D195EA0C0F05D152EA033650
:1096E0001CBF104619460AD181EA030101F000416E
:1096F00041F0FE4141F470014FF0000070BD41F0B7
:10970000FE4141F4780170BD70B54FF0FF0C4CF490
:10971000E06C1CEA11541DBF1CEA135594EA0C0FAF
:1097200095EA0C0F00F0A7F8A4EB050481EA030EFC
:1097300052EA03354FEA013100F088804FEA0333E3
:109740004FF0805545EA131343EA12634FEA0222B1
:1097500045EA111545EA10654FEA00260EF0004172
:109760009D4208BF964244F1FD0404F5407402D2C4
:109770005B084FEA3202B61A65EB03055B084FEA55
:1097800032024FF480104FF4002CB6EB020E75EB52
:10979000030E22BFB61A754640EA0C005B084FEA7A
:1097A0003202B6EB020E75EB030E22BFB61A7546F7
:1097B00040EA5C005B084FEA3202B6EB020E75EB42
:1097C000030E22BFB61A754640EA9C005B084FEABA
:1097D0003202B6EB020E75EB030E22BFB61A7546C7
:1097E00040EADC0055EA060E18D04FEA051545EAB6
:1097F00016754FEA06164FEAC30343EA52734FEA5F
:10980000C2025FEA1C1CC0D111F4801F0BD141EAD7
:1098100000014FF000004FF0004CB6E711F4801F3C
:1098200004BF01430020B4F1FD0C88BFBCF5E06F1C
:109830003FF6AFAEB5EB030C04BFB6EB020C5FEA2C
:10984000500C50F1000041EB045170BD0EF0004E81
:109850004EEA113114EB5C04C2BFD4EB0C0541EAB3
:10986000045170BD41F480114FF0000E013C90E6B0
:1098700045EA060E8DE60CEA135594EA0C0F08BF74
:1098800095EA0C0F3FF43BAF94EA0C0F0AD150EA73
:1098900001347FF434AF95EA0C0F7FF425AF104606
:1098A00019462CE795EA0C0F06D152EA03353FF42E
:1098B000FDAE1046194622E750EA410618BF52EAAB
:1098C00043067FF4C5AE50EA41047FF40DAF52EA7F
:1098D00043057FF4EBAE12E74FF0FF3C06E000BF1C
:1098E0004FF0010C02E000BF4FF0010C4DF804CD29
:1098F0004FEA410C7FEA6C5C4FEA430C18BF7FEAE9
:109900006C5C1BD001B050EA410C0CBF52EA430C16
:1099100091EA030F02BF90EA020F0020704710F196
:10992000000F91EA030F58BF994208BF90422CBF25
:10993000D8176FEAE37040F0010070474FEA410C1E
:109940007FEA6C5C02D150EA013C07D14FEA430C3C
:109950007FEA6C5CD6D152EA033CD3D05DF8040BAD
:10996000704700BF8446104662468C4619466346DF
:1099700000E000BF01B5FFF7B7FF002848BF10F1B6
:10998000000F01BD4DF808EDFFF7F4FF0CBF0120FB
:1099900000205DF808FB00BF4DF808EDFFF7EAFF77
:1099A00034BF012000205DF808FB00BF4DF808ED32
:1099B000FFF7E0FF94BF012000205DF808FB00BF27
:1099C0004DF808EDFFF7CEFF94BF012000205DF8B1
:1099D00008FB00BF4DF808EDFFF7C4FF34BF0120BE
:1099E00000205DF808FB00BF4FEA4102B2F1E043FE
:1099F00024BFB3F5001CDCF1FE5C0DD901F0004C76
:109A00004FEAC0024CEA5070B2F1004F40EB8300C5
:109A100008BF20F00100704711F0804F21D113F1F1
:109A20003872BCBF01F00040704741F480114FEA2A
:109A30005252C2F11802C2F1200C10FA0CF320FAB3
:109A400002F018BF40F001004FEAC1234FEAD323D0
:109A500003FA0CFC40EA0C0023FA02F34FEA43033A
:109A6000CCE77FEA625307D150EA01331EBF4FF0C3
:109A7000FE4040F44000704701F0004040F0FE40DE
:109A800040F40000704700BF53B94AB9002908BF2D
:109A900000281CBF4FF0FF314FF0FF3000F082B9BB
:109AA000ADF1080C6DE904CE00F006F8DDF804E035
:109AB000DDE9022304B070472DE9F04F099D0C4603
:109AC000002B4DD18A420F4684469646B2FA82F365
:109AD00060D94BB102FA03FEC3F120029F4000FAA5
:109AE00003FC20FA02F217434FEA1E461FFA8EF4D7
:109AF0004FEA1C42B7FBF6F106FB117701FB04F0BD
:109B000042EA0742904208D91EEB020201F1FF37F8
:109B100002D2904200F231813946121A1FFA8CFCAF
:109B2000B2FBF6F006FB102200FB04F44CEA024CF8
:109B3000644508D91EEB0C0C00F1FF3202D26445DB
:109B400000F21E81104640EA0140ACEB040C0021FB
:109B500025B12CFA03F30022C5E90032BDE8F08FED
:109B60008B4205D90DB1C5E9000100210846F5E792
:109B7000B3FA83F100294DD1A342C0F0F3809042A3
:109B800080F0F080064623460846002DE6D0C5E961
:109B90000063E3E7002B40F0A3808A1A4FEA1E47D8
:109BA0001FFA8EF60121B2FBF7F407FB14204FEAEF
:109BB0001C4242EA004206FB04F090420FD91EEB21
:109BC000020204F1FF382CBF4FF001094FF00009E9
:109BD000904203D9B9F1000F00F0CC804446121A2C
:109BE0001FFA8CFCB2FBF7F007FB102200FB06F615
:109BF0004CEA024C664508D91EEB0C0C00F1FF3212
:109C000002D2664500F2B3801046ACEB060C40EA87
:109C100004409DE7C1F120068B4004FA01FE22FAC0
:109C200006F720FA06FCF4408A401F434EEA0C0374
:109C300000FA01FE4FEA17484FEA13491FFA87FC62
:109C4000B4FBF8F008FB104449EA044400FB0CF9AB
:109C5000A1450ED93C1900F1FF3A2CBF4FF0010B82
:109C60004FF0000BA14503D9BBF1000F00F08B8032
:109C70005046A4EB09041FFA83F9B4FBF8F308FB80
:109C8000134403FB0CFC49EA0444A44506D93C19DF
:109C900003F1FF3801D2A4457BD8434643EA004094
:109CA000A4EB0C04A0FB02984445CC46434602D3E7
:109CB00006D1CE4504D20138B9EB020C68EB07039C
:109CC000002D6CD0BEEB0C0264EB030422FA01F30E
:109CD00004FA06F6CC4000211E43C5E900643DE7C6
:109CE00002FA03FEC3F1200104FA03F200FA03FCB6
:109CF000CC404FEA1E4720FA01F11FFA8EF6B4FB62
:109D0000F7F00A4307FB1044110C41EA044100FB41
:109D100006F48C420ED91EEB010100F1FF382CBF76
:109D20004FF001094FF000098C4202D9B9F1000F40
:109D30002CD04046091B92B2B1FBF7F407FB14117B
:109D400042EA014204FB06F1914207D91EEB0202EE
:109D500004F1FF3801D291421ED84446521A44EA17
:109D6000004120E7861A64EB030301200DE7F44469
:109D700002384AE7023C724431E702397244CCE6C9
:109D8000F4440238DFE602383C4472E7023871449A
:109D9000D0E7023B3C4481E7023C7244DEE72946BF
:109DA000DCE600BF704700BF08B5064B044613B1A0
:109DB0000021AFF30080044B1B6803B19847204695
:109DC00016F092F900000000CC4901200CB4184BA9
:109DD00030B50C1E9DB01D6808DA8B234FF0FF30A4
:109DE0002B601DB0BDE8304002B070474FF40273E5
:109DF0000290069002A9ADF8143014BF04F1FF33AD
:109E00002346209A2846049307934FF6FF73ADF834
:109E1000163021AB019300F031F8431CBCBF8B23FB
:109E20002B60002CDDD0029B00221A70D9E700BF06
:109E3000E45E012070B50D4D00260D4C641BA4108E
:109E4000A64209D10B4D00260B4C24F0E9FD641B02
:109E5000A410A64205D170BD55F8043B01369847C1
:109E6000EEE755F8043B01369847F2E7D46001204D
:109E7000D4600120D4600120D86001202DE9F04F8A
:109E800098468B899DB007461B060D46144610D593
:109E90000B6973B9402117F036FB2860286130B98F
:109EA0000C233B604FF0FF301DB0BDE8F08F402326
:109EB0006B610023CDF80C804FF00109DFF8A08121
:109EC000099320238DF8293030238DF82A3023463A
:109ED0009A4613F8012B0AB1252AF9D1BAEB040BE3
:109EE0000BD05B4622462946384619F0F6FB013076
:109EF00000F0A780099A5A4409929AF80030002B82
:109F000000F09F8000234FF0FF320AF1010A049312
:109F100007938DF853301A93CDE905235446052253
:109F20004F4814F8011B19F0A5FC049AD8B9D006C3
:109F300044BF20238DF85330110744BF2B238DF8E5
:109F400053309AF800302A2B15D0079A5446002037
:109F50004FF00A0C214611F8013B303B092B4BD93D
:109F6000B0B1079214E0A0EB0803A24609FA03F38C
:109F700013430493D2E7039B191D1B68002B039125
:109F8000BBBF5B4242F0020207930793B8BF049243
:109F900023782E2B0AD163782A2B32D1039B0234EB
:109FA0001A1D1B6843EAE37303920593DFF8C0A010
:109FB00003222178504619F05DFC38B1A0EB0A006D
:109FC0004022049B013482401343049314F8011B84
:109FD000062224488DF8281019F04CFC002836D0B1
:109FE000214B1BBB039B073323F007030833039369
:109FF000099B334409936AE70CFB02320C460120AB
:10A00000A8E7002301344FF00A0C194605932046B7
:10A0100010F8012B303A092A03D9002BC6D005913C
:10A02000C4E70CFB012104460123F0E703AB2A46F9
:10A0300004A9384600930D4BAFF30080421C06463E
:10A04000D6D1AB895B063FF52DAF09982CE703AB62
:10A050002A4604A938460093044B00F00BF8EDE7BC
:10A06000350203083F02030800000000DB36020847
:10A070003B0203082DE9FF470F7E914680460C46C0
:10A08000782F9A460C9E01F1430207D8622F0AD816
:10A09000002F00F0DD80582F00F0C38004F142064D
:10A0A00084F842703AE0A7F16303152BF6D801A1BA
:10A0B00051F823F00DA1000821A100089DA000087F
:10A0C0009DA000089DA000089DA0000821A10008F7
:10A0D0009DA000089DA000089DA000089DA000086C
:10A0E00037A20008AFA10008EFA100089DA000085A
:10A0F0009DA0000859A200089DA00008AFA100087B
:10A100009DA000089DA00008F7A1000833681A1D53
:10A110001B68326004F1420684F842300123A8E053
:10A1200031682368081D30601E0601D50D6803E004
:10A130005D06FBD5B1F90050002D616878DA2D205D
:10A140000029A16084F843002DDA6D425D480A239E
:10A150001646B5FBF3F103FB1157C75D06F8017D09
:10A160002F460D46BB42F4D9082B0BD12368DF07DD
:10A1700008D5236961689942DEBF302306F8013CA7
:10A1800006F1FF36921B22614B4603AA2146404648
:10A19000CDF800A019F0FCFA01306FD14FF0FF307C
:10A1A00004B0BDE8F08723F004032360CDE7216805
:10A1B0003368080653F8045B02D4490648BFADB2C1
:10A1C0006F2F33603F4814BF0A230823002184F80F
:10A1D00043106668002EA660BADB216821F00401F6
:10A1E0002160002DB4D1002EB2D11646BCE7236801
:10A1F00043F02003236078273348236884F84570B0
:10A200001F06316851F8045B02D45F0648BFADB247
:10A210003160D90744BF43F0200323601DB11023F0
:10A22000D4E72848E9E7236823F020032360F6E712
:10A2300024480A23CDE733682568181D616930601A
:10A240002E061B6801D5196002E06806FBD519804F
:10A2500000231646236197E7336800211A1D3260F8
:10A260001E686268304619F005FB08B1801B60600B
:10A2700063682361002384F8433085E7236932460D
:10A2800049464046D047013088D023689B0714D404
:10A29000E068039B9842B8BF184681E70123324625
:10A2A00049464046D04701303FF478AF0135E36876
:10A2B00003995B1AAB42F1DCEAE7002504F11906C9
:10A2C000F5E700BF460203085702030808B52DED65
:10A2D000028BB0EE408A00F03FF8F0EE408AB0EE1C
:10A2E000480A00F02FF868B1DFED127AB4EEE78A81
:10A2F000F1EE10FA0BDCDFED107AB4EEE78AF1EE46
:10A3000010FA0FD4B0EE680ABDEC028B08BDDFED89
:10A310000B8A15F03DF92223B0EE680A0360BDEC0C
:10A32000028B08BD15F034F92223DFED058A0360A6
:10A33000E8E700BF1772B142B5F1CFC20000807FDD
:10A340000000000010EE103A23F00040B0F1FF4F83
:10A35000ACBF00200120704710EE103A23F00042FD
:10A36000B2F1FF4F58D84FEAD37100F093806148A3
:10A37000834200F3898019B15F4B9A4200F28780D3
:10A380005E4B9A424BD95E4B9A4200F295805D48F3
:10A39000C1F101035C4A00EB81005B1A02EB810210
:10A3A000D0ED004AD2ED007A70EE644A34EEE70A4E
:10A3B0009FED564A9FED565ADFED565A20EE007A31
:10A3C000DFED556A9FED556AA7EE045AE5EE075A90
:10A3D000E5EE876AA6EE876AF0EE406AE6EE476A27
:10A3E000002B42D0B0EE007A13F17D0F20EE266AEA
:10A3F000B7EE000A37EE667AC6EE076A77EEE67ABF
:10A4000077EEE47A30EE670A4ADB10EE102A02EBB0
:10A41000C35300EE103A704730EE000A7047B2F1B5
:10A42000505F0AD2DFED3E7AB7EE007A70EE277AFF
:10A43000F4EEC77AF1EE10FA58DC60EE007A9FED88
:10A44000335ADFED335A9FED336AE7EE855ADFED7D
:10A45000326A9FED327AA5EEA76AE7EE866AA7EE2A
:10A46000A67AF0EE406AE7EEC76AF0EE007A20EED8
:10A47000266AB7EE007A76EEE76AC6EE267A77EEBF
:10A48000C07A37EE670A7047002000F0AFB80020AE
:10A4900000F0A6B8DFED237A002900FE270A7047F6
:10A4A00010EE102A6433DFED207A02EBC35300EE86
:10A4B000103A20EE270A70471C4BF0EE404A9FED01
:10A4C0001C6A03EB8103DFED1B6A9FED1B7AD3ED62
:10A4D000007AE0EE067AFDEEE77A17EE903AF8EEB3
:10A4E000E77AE7EEE64A67EE877A5FE730EE070A3B
:10A4F000704700BF1772B142B5F1CF421872B13E3A
:10A500009115853F70020308680203084CBB313384
:10A510000EEADDB555B38A38610B36BBABAA2A3ECD
:10A52000CAF24971000000000000800D78020308A3
:10A530003BAAB83F8071313FD1F7173710EE101AA0
:10A54000C1F3C7520029A2F17F0CB4BF4FF0FF3016
:10A550000120BCF11E0F0FDCBCF1000F1CDBC1F3AE
:10A560001603BCF1160F43F400030ADD963A03FA12
:10A5700002F202FB00F07047FDEEC07A17EE900A7F
:10A5800070474FF48002CCF1170142FA0CF21A44E2
:10A59000CA4002FB00F07047BCF1FF3F18BF00202B
:10A5A000704700BF10B52DED028BB0EE408A044617
:10A5B00014F0EEFF0460B0EE480ABDEC028B10BD53
:10A5C00030B1F1EE407A222027EE800AFFF7EABF91
:10A5D000F0EE407A222027EE800AFFF7E3BF00BFAB
:10A5E0009FED010AFFF7ECBF000000109FED010A8C
:10A5F000FFF7E6BF0000007030B5837985B00190A9
:10A600001844C0680D4600F0380015F0E3F8044621
:10A6100028B901A819F012FB022005B030BD294667
:10A62000019819F015FB45220A490DF10F0019F0A8
:10A630004AFA019904F10C0019F0EEFB4722054992
:10A640000DF10F0019F040FA204621F074FE0020B1
:10A65000E3E700BF8002030837B50446094DD9225D
:10A6600029460DF1070019F02EFAE06819F01EFBDB
:10A670000446DB220DF10700294619F025FA204691
:10A6800003B030BD8002030837B504460B4D4FF4CC
:10A69000257229460DF1070019F015FA04F10C0096
:10A6A00019F0EAFA044640F296220DF10700294615
:10A6B00019F00AFA204603B030BD00BF800203083B
:10A6C000054B10B553F8204004B910BD204663680F
:10A6D00098472468F8E700BFE84901200020134BA1
:10A6E00010B51870124B134CC3E90000124B2060D8
:10A6F00018706060A06000F03BFA80B2A0F10E0319
:10A700006380A0F11403013060810C49201DE380B7
:10A7100016F03BFB20460A4916F037FB04F108000F
:10A720000849BDE8104016F030BB00BF115B0120A6
:10A73000E84901204A560120105B0120CE0203089F
:10A74000D7020308E102030870B5044658B323F0AA
:10A75000E5FE637905466FF382036371237913F095
:10A76000100605D010232371BDE8704023F0D1BE40
:10A770000D4903F0030331F823203046013A21F854
:10A7800023202146094C00F0E3F923781BB1304621
:10A79000FFF796FF2670064B5B6813B10120FFF7A9
:10A7A0008FFF2846E0E770BD4A560120115B01206B
:10A7B000E849012038B50446057A23F0AFFE054B81
:10A7C00053F82520226043F82540BDE8384023F0A7
:10A7D000A0BE00BFE849012010B5064B00F0E00024
:10A7E0001A78541C1C70044B03F8320003EBC203AC
:10A7F000596010BD105B0120D04901200022F8B53E
:10A800000E4C0F492378934214D951F83260551CED
:10A8100086424FEAC2070ED15E1E0A48B21AD20023
:10A8200007F1080101449D4288BF0022384418F016
:10A8300015FF2670F8BD2A46E5E700BF105B012032
:10A84000D4490120D04901202DE9F04F044689B0B8
:10A850000492420748BF00F0F704029123F05EFE25
:10A860005E4D04F0030605EB860335F826205B8871
:10A8700080469A4204F0EF094FEA860733D200205F
:10A8800000F048F9834650B335F82630404601338E
:10A8900025F8263023F03DFE584619F08EFB029B2A
:10A8A000029A8BF80630049B8BF8049013448BF8C3
:10A8B00007304B4B5B6843B123F030FE0446012068
:10A8C000FFF7FEFE204623F024FE05EB860045221E
:10A8D000594616F05FFA584609B0BDE8F08F0122DC
:10A8E0004046404B1A7023F014FE23071BD51F2C43
:10A8F00019D94FF0000A04F0E003039323F00EFE91
:10A90000EB195B8835F82670DFF8E0809F422CBF9A
:10A910000027012723F0FDFD05EB86030593324B4D
:10A920001B789A4509D384F004004946C0F380009F
:10A9300000F07AF84FF0000BC7E798F80030039A60
:10A940001A4205D0D8F804300193019B1B6823B943
:10A950000AF1010A08F10808E1E707935A79D007DC
:10A9600007D51A79510704D547B989EA0202920737
:10A9700004D001931B68002BF0D1E6E7019819F091
:10A980007BF90779079007A819F058F93946002094
:10A9900000F04AF823F0C2FD059B35F826205B88BD
:10A9A00083469A4234BF0127002709D2002000F0D5
:10A9B000B1F8079068B135F82630013325F8263014
:10A9C000584623F0A6FDDDF81CB0BBF1000FBCD04B
:10A9D00062E70122034B1A70F2E700BF4A560120DA
:10A9E000E8490120115B0120105B0120D0490120C2
:10A9F0000022014B1A607047F049012010B504464F
:10AA000023F08CFD074A13682BB914602360BDE85E
:10AA1000104023F07EBDA34202D01A461B68F3E724
:10AA200010BD00BFF049012070B505460E46054B2C
:10AA30001C6804B970BD636831462846984724688D
:10AA4000F7E700BFF04901202DE9F0474FF6FC7809
:10AA5000002416461B4F03311B4B07EB001501EA80
:10AA600008084FEA001A1B686A80814627F80A80A6
:10AA700002FB08F0EC60984718FB06F39BB2024615
:10AA800068602B81D8B11149284651F8291016F079
:10AA90007EF921462A89686818F0FAFD2146234686
:10AAA0009E4204DC002057447E80BDE8F0876A683F
:10AAB000E868541850500133EC604144F0E71A2024
:10AAC000F3E700BF0C4B0120F44901209C0303086D
:10AAD00038B5094C04EB00156B682BB1284616F00D
:10AAE00058F9686819F01EFC2846BDE83840102265
:10AAF000002118F0CDBD00BF0C4B0120034B02011B
:10AB0000C3E900100021024818F0C2BDF449012039
:10AB10000C4B012038B5094B020103EB0015EC6822
:10AB2000284621469A5A16F035F924B12368EB607D
:10AB30006B88013B6B80204638BD00BF0C4B012069
:10AB4000024B03EB00139878704700BF0C4B0120B9
:10AB500030B4064C04EB0013DD685A880D600132F6
:10AB6000184630BCD9605A8016F015B90C4B01203C
:10AB7000044A010102EB0013505A10B11B89B3FBC8
:10AB8000F0F070470C4B01200149084616F0FDB863
:10AB9000D0030308012838BF012038B5C41C24F0B5
:10ABA0000304204616F023FA0546014622460848CB
:10ABB00016F0F0F82DB921460220FFF735FF2846A0
:10ABC00038BD22460021284618F062FDF7E700BF95
:10ABD000D0030308F0B5477B057B7B1CB7EB951FC3
:10ABE00004464FF0000689B0437306D386733120C4
:10ABF00009B0BDE8F04004F0B1BD1C4804F048FDC8
:10AC00007F001B491B4B3D41CDE9041305F00305B3
:10AC1000E37A253504A88DF81830CDF81A60ADF820
:10AC20001E608DF8195000F081FD2368CDE90266A1
:10AC30000193A37A8DF809302389C3F3402252008F
:10AC40008DF80A20627B012A01D8DA0705D523F0A6
:10AC50000103238101238DF8083001A819F0AAFD12
:10AC600020691BF050FC09B0F0BD00BFB1AC00087A
:10AC7000D6BE898E55555500222810B50C460DD0EC
:10AC8000562812D100F06CFC084804F001FD0123A5
:10AC9000A3733120BDE8104004F060BD00F060FCFB
:10ACA000BDE81040014804F0F3BC10BD2943020880
:10ACB000512808B505D0552814D0BDE80840FFF745
:10ACC000DBBF0A89920508D50120897A00F064FA71
:10ACD000BDE80840074804F0DBBC0846BDE8084072
:10ACE000FFF778BF01228A733120BDE8084004F0E5
:10ACF00035BD00BFF9AC00082DE9F04F53280C46D4
:10AD000085B006D055287ED005B0BDE8F04FFFF7DE
:10AD1000B3BF00F0C3FA83688046DD0771D54321D5
:10AD20000DF10F0204F036F943780646252B68D85A
:10AD3000057805F00F05032D01D0052D61D120699F
:10AD40001BF0DCFB22890146C2F3400230461BF0B7
:10AD5000F2FB002855D1B34627891BF802AB19F046
:10AD600003FB07F4C07980F00103B9F10002CAF3D4
:10AD7000801A594618BF01225046DBB21BF0D6FCA0
:10AD8000014690B3032D1DD121893046C1F38001C6
:10AD90001BF0E8FB032841D0052832D100254046AE
:10ADA000A57300F0B9FA40461BF0DBFA00F0D8FBBF
:10ADB000254804F06DFC3120A57305B0BDE8F04FC7
:10ADC00004F0CCBC052D1CD1218904F1180301939A
:10ADD000C1F380130093C1F30012C1F34003304666
:10ADE000C1F3C0011BF0C7FBD4E719F0C3FA40B9A7
:10ADF000B9F1000FC6D0FF43032DBFB209D1390608
:10AE0000C2D400F0ADFB204605B0BDE8F04FFFF71F
:10AE1000E1BE052DF5D1FA05F3D5D5E70B4804F0D1
:10AE200037FCA17A002000F0A1F960691BF06BFBF0
:10AE300023899B0605D5404605B0BDE8F04F1BF0C1
:10AE400090BA05B0BDE8F08F2943020837430208E5
:10AE50000120014904F00ABC2943020821281FB53A
:10AE60000C4634D11C4804F013FC04F1100000F02F
:10AE70005DFC94F825001BF0CAF994F82030626854
:10AE800013F0010394F8221012D00023CDE902330D
:10AE9000A368684613440193012300928DF80A3099
:10AEA0008DF80B108DF80C3000F098F904B010BD3F
:10AEB000CDE901330223684600928DF805108DF824
:10AEC000063019F077FC204619F076FAEEE704B068
:10AED000BDE8104019F053BAEB44020803200149C1
:10AEE00004F0C4BB5DAE0008074B586940F20D1377
:10AEF00038B9002BC1BF45224433B3FBF2F0C0B2D6
:10AF000070470068453BF3E7684D00202DE9F041AC
:10AF10004FF0000882B0CDF80480F8B10546154F17
:10AF200001AC09E023601B687B612368C3F80080E3
:10AF30002668002D344611DD7B69453D002BF1D19B
:10AF4000012019F046F8064620600028F1D101A83A
:10AF500018F074FE304602B0BDE8F081102000F019
:10AF600083FD019E3046737943F00103737102B093
:10AF7000BDE8F081684D002037B5174D0446EB69F8
:10AF800093F87D2012B9002003B030BD01281AD0FB
:10AF900002280CBF022201228DF8042001228DF824
:10AFA00005209A6F286922F044029A6701A921F0CE
:10AFB0009DFA0028E8D1012C07D1EA69936F43F08C
:10AFC00040039367DFE70422E6E7022CDBD1EA695E
:10AFD000936F43F00403F4E7684D002037B5184D34
:10AFE0000446EA6992F87D3013B9002003B030BD01
:10AFF00001281CD002280CBF022301238DF8043045
:10B0000001238DF80530936F286923F4805323F0D2
:10B010000203936701A921F07FFA0028E6D1012CF1
:10B0200007D1EA69936F43F002039367DDE70423D6
:10B03000E4E7022CD9D1EA69936F43F48053F4E733
:10B04000684D00200422F0B51D4E0546F36985B019
:10B0500083F87C20407919F09BFB2C79074694B14A
:10B06000A879FFF789FF044638BB01466A790120B9
:10B0700019F06BFB3B4622467179306905B0BDE89B
:10B08000F04021F0CAB92B6868790394029319F053
:10B090007FFB009022467179306902AB21F0BFF945
:10B0A000044650B9A879FFF767FF044628B902465D
:10B0B00001216B79286819F049FB204605B0F0BDE5
:10B0C000684D0020014B186921F01BBB684D002022
:10B0D000014B186921F017BB684D00200C4B10B5CF
:10B0E0005A690023591C82B94522DBB25343418B74
:10B0F000028B0A440A3293422CBF0124002402D25C
:10B10000102000F0B1FC204610BD0B461268E9E7A4
:10B11000684D002008B504F0B9FD024B1030D8612D
:10B1200008BD00BF684D002038B50446094DFFF743
:10B13000F1FFEB692A689A6754B1A08803F006FF13
:10B1400003F020FF0122EB69002083F87C2038BD4A
:10B150000120F5E7684D0020034BDA69936F43F453
:10B1600080339367704700BF684D0020042238B5D4
:10B17000084B0D46DB6983F87C20FFF7FDFE044693
:10B1800008B100F07DFC2A460021012019F0DDFA0B
:10B19000204638BD684D0020022238B5094B0D46C7
:10B1A000DB6983F87C20FFF719FF044608B100F043
:10B1B00067FC2A460021012019F0C7FA19F0E4FAC9
:10B1C000204638BD684D0020034A136823F400432D
:10B1D000136000F0FDBD00BF684D00207FB52E4D0F
:10B1E0000446EE69102296F87C300021022B14BF31
:10B1F00002230823684686F87C3018F049FA237A3F
:10B2000003B301238DF8043063680293A37A53B12A
:10B2100096F87D0003F084FE029B0288134402939B
:10B2200001238DF80D30637A207B8DF80E30FFF707
:10B23000D5FE50B1EA69936F23F48033936700F031
:10B240001FFC20E023680093DEE7E07A19F0A0FA03
:10B250006A4603466979286921F0E3F80028E9D1B4
:10B26000EB69227AB3F87A10E37A01F0010162B156
:10B270001A46012019F069FA19F086FAEA69936F03
:10B2800023F48033936704B070BD0A46206801211F
:10B2900019F05CFAF0E700BF684D00202DE9F0439B
:10B2A0001C4A87B0D56995F86C3003EBC3004FEAB0
:10B2B000800855F8087005EB80061FB1304607B0CE
:10B2C000BDE8F08311791069717301AA0321B76099
:10B2D000B77321F07FF9DDE9031245F80800304625
:10B2E00008F11003E9501D446A60BDF80630BDF84E
:10B2F0000820B7839B1A32839DF804207383072AA2
:10B3000008BFB368376204BF43F00103B36007B0FE
:10B31000BDE8F083684D002083689B0700D5704727
:10B3200030B5154D87B0044601686A46286921F09A
:10B3300053F950B9238B628B694613440333286950
:10B34000ADF8043021F04AF908B107B030BD009BD8
:10B350009DF90E00636000F033FD2073EB699DF8EA
:10B36000111093F87D0003F0CFFDA368A07343F0A4
:10B370000203A36007B030BD684D00202DE9F04FF7
:10B380004FF6FF741F46A142038B458B08BF818B8C
:10B390001D4418BF8183A942064683B059DA4FF68F
:10B3A000FF708242A5EB010502D09542A8BF154669
:10B3B0008B42ADB20BD84FF00008A8452AD34546C2
:10B3C0002846B38B2B44B38303B0BDE8F08FA3EBC7
:10B3D0000108A845A8BFA84632691FFA88F802EB01
:10B3E000010BB8F1000F62D0002F5ED0B946C24603
:10B3F0005246452A594628BF4522484618F0FAFBCE
:10B4000083B2AAEB0304A4B283443CBB318B0B464A
:10B41000A845D4D2C91A7369A5EB080913FA81F4B7
:10B420001FFA89F9002FCAD04A46452A214628BF6B
:10B430004522384618F0DEFB1FFA80F8A9EB080316
:10B440009BB20444002BBBD03A68CAB11746994658
:10B45000EAE70025284603B0BDE8F08FD9F80020C0
:10B4600012B19146A246C3E799F80400019318F07F
:10B47000B0FD019BC9F8000060B18146A246B7E764
:10B480003879019318F0A5FD386040B1019B07465B
:10B490009946C9E7A3EB0A0343449DB290E7A8EBA2
:10B4A0000908A8441FFA88F58AE73D4688E7194647
:10B4B0000B46ADE7F8B5124FFC6994F86D6006EBEA
:10B4C000C60104EB810119F07EF9054623F026F848
:10B4D000242202FB06440026F969266291F86D30A9
:10B4E0005A438E5003220133B3FBF2F202EB4202C5
:10B4F0009B1A81F86D3023F00CF82846F8BD00BF88
:10B50000684D0020044BD96991F86C3003EBC303FC
:10B5100001EB830119F057B9684D002010B5094CB3
:10B52000E369986F10F400700AD0206921F06EF87A
:10B5300030B90121206921F067F880F00100C0B224
:10B5400010BD00BF684D0020044BDA69926F920570
:10B5500003D50021186921F057B87047684D0020C5
:10B5600010B5154CE36993F87C30012B08D000220C
:10B570001146104619F0E9F80122E36983F87C20AE
:10B5800000220321206920F043FF002201212069CD
:10B5900021F026F8FFF7D8FF002019F0FDF819F088
:10B5A000FDF8002019F0FBF8E269936F23F484732F
:10B5B00043F4C043936710BD684D002010B522F0DE
:10B5C000ADFF0446FFF7CCFF074B5620DA69B2F80F
:10B5D00074300133A2F8743004F00CF92046BDE851
:10B5E000104022F096BF00BF684D0020F8B51C4DFA
:10B5F000EA69936F1C0704D523F008039367FFF7EC
:10B60000DDFFEB699B6FD8060FD522F087FF06465A
:10B61000FFF76AFC0446134F24B1012018F0D9FC4F
:10B620000146B0B9304622F074FFEA69936F99067B
:10B6300015D523F02003936704F03AFB78B122F08C
:10B640006DFF0446FFF7BAFF2046BDE8F84022F040
:10B6500060BF3846013C18F0E9FBE4B2DCE7F8BD16
:10B66000684D00207C4D002008B5FFF779FF00F001
:10B67000AFFB034A136823F40043136008BD00BF07
:10B68000684D0020014B186920F0D0BF684D0020A4
:10B69000002210B5094C1046114619F056F82069E1
:10B6A0000DF092F819F077F804F1140018F0C6FACA
:10B6B000E269936F23F01003936710BD684D00207B
:10B6C000024B1868C0F38020704700BF684D00200F
:10B6D00038B5154C0546E36993F87D3083420ED0AA
:10B6E000431E042B08D8DFE803F0030B0F141600E9
:10B6F00020690DF0ABFC10B9E36983F87D5038BDCB
:10B70000206919F04EF8F6E70021206919F04BF88E
:10B71000F1E70221F9E7FFF7D3FF0028ECD0206919
:10B7200019F043F8E7E700BF684D00207FB50446F5
:10B73000114E407A0025307118F0E8FF7071207AC0
:10B74000FFF7C6FF63686946009323683069019379
:10B75000637A8DF80A50ADF80830ADF80C5021F03E
:10B7600024F82A462946284619F00DF8206819F0D1
:10B7700014F804B070BD00BF684D002038B50B4C04
:10B7800005462368206923F48063236020F0BDFF11
:10B7900038B10DB9002038BD236843F480632360BD
:10B7A000F8E7002DF6D00C20F5E700BF684D00202B
:10B7B000F0B53E4C0746216889B011F001016BD10C
:10B7C0002022204617F064FF394820F035FE064657
:10B7D00010B1102009B0F0BD364D374B01A82B60D9
:10B7E00004F058FA029B2846AB82019B2B62334B34
:10B7F0001B886B82324B1B68EB61324B1B882B82A0
:10B80000314B1B68AB6118F0C2FF20464FF0FF338D
:10B810003246294640F8103F0CF07AFF0028D8D174
:10B82000BB68DB023AD4012000F0DEFA0028D0D158
:10B8300002224FF0FF31206920F09DFE0028C8D180
:10B840000120FFF79BFF206920F084FF0028C0D172
:10B850003C2394220393CDE90132962328220590BC
:10B8600001A92069CDE9062304930DF05BF80028B7
:10B87000AFD1012120690CF0B1FF0028A9D1134AF2
:10B880001349206918F063FF00F02AFA0028A0D1BC
:10B89000236843F00103236000209BE70D492069E2
:10B8A0000CF074FF0028BED093E700BF684D002065
:10B8B000690345ECFC490120A9BA000810080308F7
:10B8C00014080308120803081808030809470208A7
:10B8D00037470208DA03030870B505460E461446DA
:10B8E0000AB118F052FF0448234632462946BDE803
:10B8F0007040006920F06CBE684D00202DE9F041D9
:10B9000005460E46FFF7CAFC2F680446C7B9638B8D
:10B91000008B18440A30FFF7F9FA03462860C0B1DB
:10B9200082790C321344A2681A71618B228BDF7109
:10B930000A441A81084A0A2112799A7118F04EF9BC
:10B9400020462B68B2B24FF6FF71BDE8F041FFF719
:10B9500015BDBDE8F08100BF684D002070B50546FB
:10B960000D4BDC6994F86C6006EBC60004EB8000BC
:10B97000FFF7D2FCAA790C32AB18197941F0020119
:10B980001971242101FB06446168A950227B5A7178
:10B99000A27BDA7170BD00BF684D002038B501F0A0
:10B9A00023FBC8B1847DC4B92A4DEB6993F87C2090
:10B9B000022A10D1B3F8702053200132A3F870206E
:10B9C00003F018FF012018F0EAFE2421EA6992F83A
:10B9D0006C304B43D45038BDFF24204603F04EFE5C
:10B9E000002832D01B4CE36993F87C20022AF2D164
:10B9F000B3F8702053200132A3F8702003F0FAFE50
:10BA0000012018F0CCFE23681D0407D5E36993F8E4
:10BA10007C30012B02D0522003F0ECFE2422E1699D
:10BA200091F86C305A4388188068C0F3800440074E
:10BA300041BF03220133B3FBF2F202EB420246BFE5
:10BA40009B1A81F86C308C50C5E73220BDE8384035
:10BA500003F0D0BE684D0020024BDB6993F87D00F7
:10BA6000704700BF684D0020044BDA69936F0343B1
:10BA700093674FF000600CF03BBC00BF684D0020A6
:10BA800038B5054622F041FD0446064B0820DB6927
:10BA900083F87E50FFF7E8FF2046BDE8384022F0EB
:10BAA0002FBD00BF684D0020F8B515461C46064660
:10BAB0001946104618F06EFE2A462346304618F006
:10BAC000C8FE414FD7E9022300EA020401EA030558
:10BAD00054EA050339D0A4F108032B4327D0A4F579
:10BAE0008043083B2B4331D0A4F10C032B431BD0E4
:10BAF000231F2B4346D0354B23402BB124F0011399
:10BB000023F4A0432B434DD004F17F432B433CD07F
:10BB1000610129D5FB69996FCA0525D521F480718A
:10BB200093F87C20996707E0002018F038FEFFF7B3
:10BB300035FFFB6993F87C20082A04BF022283F8B2
:10BB40007C202046294618F003FEF8BDFFF726FFAB
:10BB5000FB6993F87C20022AEED140F60201986F2F
:10BB6000814318BF012229E022F0CFFC642206465F
:10BB7000FB69082083F87E20FFF776FF304622F02D
:10BB8000BFFCD6E718F00CFED3E7FA695120B2F8F3
:10BB90006E300133A2F86E3003F02CFE012018F055
:10BBA000FEFDC6E7FB6993F87C20012AC9D040F668
:10BBB0000202996F8A4314BF01220222552083F8A2
:10BBC0007C2003F017FEB4E7684D0020015001000F
:10BBD00030B50C460021054685B009480091006942
:10BBE00003AB0DF10E02F8F767FD15B1BDF80E308D
:10BBF0002B8014B1BDF80C30238005B030BD00BFE0
:10BC0000684D002013B504460DF106010020FFF732
:10BC1000DFFFBDF90600074BC828A8BFC820A04217
:10BC2000A8BF2046B3F904209042B8BF1046588000
:10BC300002B010BD5656012070B586B0ADF80C208C
:10BC4000ADF80E304FF0C8124FF08213ADF8080077
:10BC5000ADF80A1000200DF10601CDE90423FFF72D
:10BC6000B7FF02A804220346BDF9066004ACB0F990
:10BC7000001034F9025BB142A8BF3146A942A8BF07
:10BC80002946013A12F0FF0220F8021BEFD103CB44
:10BC9000034AC2F80600C2F80A1006B070BD00BF21
:10BCA0005656012013B5044600210DF10600FFF79A
:10BCB0008FFFBDF90600084A084B9042B8BF1046F6
:10BCC000A042B8BF2046B3F902209042A8BF104658
:10BCD000988002B010BD00BFD4FEFFFF5656012071
:10BCE0000F4B10B50021186915F04EFD002447F6E2
:10BCF000FF730C49881C0C604C608C6021F8023C7E
:10BD0000FFF766FFC820FFF77DFF0748FFF7CAFF70
:10BD1000642318461A461946FFF78EFF204610BDC9
:10BD2000684D002058560120D4FEFFFF084B10B587
:10BD3000B3F9024030B903EB4103B3F904309C423C
:10BD4000A8BF1C46A242A8BF2246104610BD00BF95
:10BD5000565601200346044AB2F904001BB1034BB6
:10BD60001B8BC01A00B2704756560120684D002048
:10BD7000C82838B50EDC084B084D1A8B801AB5F967
:10BD8000002004B2A24205D0214618690CF074FFCD
:10BD900000B92C8038BD00BF684D002056560120E8
:10BDA0008BB200294FF00A01B4BF053B05331BB22B
:10BDB00093FBF1F3014A108353837047684D0020D1
:10BDC000024B5B8BC01A40B2704700BF684D002029
:10BDD0000022044BDB691A605A629A64A3F86C2053
:10BDE000704700BF684D002007B50A490A4AD1E9EB
:10BDF0000203024343F02003C1E90223CDE90023FB
:10BE00004FF0FF324FF0FF33086920F087FB03B09B
:10BE10005DF804FB684D00200DD50155014B1870ED
:10BE2000704700BFC9600120064A08B59268824287
:10BE300007D0427922F0030242F0030242710CF073
:10BE4000B1FA08BD204A012010B5064C204617F073
:10BE5000F5FE201D17F0F2FE04F10800BDE81040C9
:10BE600017F0ECBE204A012010B5022018F0B1F8FE
:10BE7000034C6060022018F0ACF8A06010BD00BF59
:10BE8000204A012008B5FFF7DFFF0022024BDA60ED
:10BE9000BDE80840FFF7E8BF204A0120014B586881
:10BEA000704700BF204A0120014B9868704700BFCF
:10BEB000204A012038B5104DEB681BB1EB6898475C
:10BEC0000023EB602B688BB10B4817F0D5FE0446BE
:10BED00060B12B681BB14FF000400CF009FA20460E
:10BEE00018F0DFFC18B1204618F0DDFC38BD204604
:10BEF0001BF00BF9FAE700BF204A012010B5084CEF
:10BF0000E0604FF000400CF0F3F900BF00BF00BF4D
:10BF100000BFE3681BB1E36898470023E36010BDEE
:10BF2000204A012038B58379044603445B7B13F033
:10BF3000300F437923F0030308BF43F0010343713B
:10BF400022F0ECFA05462146054817F065FF4FF050
:10BF500000400CF0CDF92846BDE8384022F0D9BAAF
:10BF6000204A01202DE9F041244E00217468FE2072
:10BF7000A57901F03FFA074600F054FA50B141F2BA
:10BF80000C00C2B20023B06842F20501BDE8F041E6
:10BF900018F0BCBC00F086FA0028F0D10C352C4417
:10BFA000237AE51C9B09022BE9D0012B18D9237AAF
:10BFB000A11C03F03F02073443F0C00311F8010F46
:10BFC0008C4242EA000203EA0003F7D1002AD6D0ED
:10BFD000FF2BD4D057B928461AF0F6F90020D0E745
:10BFE00029461AF004FA0028E1D0C8E72946384665
:10BFF00019F042FA0028EED0C3E700BF204A012022
:10C00000F0B5184E85B07568AB790C331D4403F05C
:10C010004DFDB5F80920B5F807108A421FD8032A4C
:10C020001DD903291BD96F79CFB1C04360F005003A
:10C0300010EA070413D1EB78A879CDE901742C79C3
:10C04000009400F0A7F900280CBF0C22002242F255
:10C050004101B06805B0BDE8F04018F0A8BC11225D
:10C06000F5E700BF204A012010B50D4C62689379B6
:10C070000C331A441179D078003918BF01210038E7
:10C08000B2F8073018BF0120B2F8052000F0B0FC6C
:10C0900042F242010246A068BDE8104018F087BC99
:10C0A000204A012010B5084C6068837918440F308D
:10C0B0001AF06EF90023A0681A46BDE810404FF64A
:10C0C000284118F023BC00BF204A0120F8B50746DC
:10C0D0000D4616461C4623B9012017F07AFF044688
:10C0E000C8B106220C21204618F032FC691EC9B2E4
:10C0F000032988BF0022A37998BF074A03F10C03E4
:10C1000098BF525C234420469F80DE70DA719A719A
:10C11000FFF78AFE0120F8BDDD030308F8B5FFF73D
:10C12000BDFE83791844B0F80F60B0B201F0D4FDC1
:10C130000446C0B119F0FFFD0138C0B2032814D87D
:10C1400000270B4B1C5CFFF7AFFE054604233A4665
:10C1500042F2300118F0DAFBAB790C33E818C680F4
:10C1600004724472F8BD0227EDE700242746EAE78F
:10C17000DD0303082DE9F0411D46134307460C4635
:10C180001646BDF8188006D12046BDE8F0411A4693
:10C19000194618F083BD414620461BF0BDF878B122
:10C1A0002146384619F041FB40238674C574214668
:10C1B000069338464346BDE8F041024A1BF0D2B828
:10C1C000BDE8F0817B4D0208F7B50E46054619F033
:10C1D000AFFDB3790C3333445F789B781F4003780D
:10C1E000C3F3030000EA1310384018F020FD0446A2
:10C1F00068B9284618F024FD384018F018FD0446A8
:10C2000028B9284619F097FD02F074FE0446284626
:10C21000002119F01EFC172130461BF057F830465C
:10C2200004F062FA31464470847028461BF04CF8E2
:10C230000321284619F044FB402203460092294678
:10C240000020024A1BF08EF803B0F0BD2F4D02080B
:10C2500008B581B207481AF0C5FB012000F096FD31
:10C2600030B9054A137D59075CBF43F002031375CB
:10C2700008BD00BF384A0120304A01200123834015
:10C28000DB43064901F1240252E8002F1A4001F174
:10C29000240C4CE800200028F4D17047304A0120DB
:10C2A0000123074A03FA00F002F1240353E8003F98
:10C2B000034302F1240C4CE800310029F4D170470B
:10C2C000304A0120044A4FF08040536A43F400236F
:10C2D00053620CF00DB800BF304A012008B5FFF7DB
:10C2E000D1F9054A516C50640B1A002BBFBFD36BB8
:10C2F0005B1A1B18D36308BD304A01204FF010139E
:10C3000070B51F4C0025A3644FF4E063204601265E
:10C31000A4F84C301B4B43F6FF71E3651A4B656282
:10C3200040F8583F84F8606018F096FA03F0BEFBBE
:10C330004FF48073A4F85230144B84F85600A36174
:10C34000134BA4F84E601A6884F85150A4F8B860F2
:10C3500084F8B55025751378527829461344334133
:10C3600004F108006375A4F8C050A4F8B6501AF0A0
:10C3700039FB294604F19400BDE870401AF032BB45
:10C38000304A012055555500D6BE898E3F4F0208D0
:10C390004C4C01202DE9F843214C9946636A0F4625
:10C3A000DB0715469DF824609DF8288035D468B3D6
:10C3B0000120FFF775FF626A9DF8203022F4C072F9
:10C3C00042EAC312052E626284F8546007D1FFF777
:10C3D00077F948B96D00ADB2BD4228BF3D4694F82B
:10C3E000540018F0A2FD0646636A84F86060A4F861
:10C3F0004870A4F84A5084F84C90B8F1000F09D066
:10C4000043F4801301206362BDE8F8830120FFF745
:10C4100035FFD0E723F48013F4E70020F4E700BFF2
:10C42000304A0120024B586AC0F38000704700BFB9
:10C43000304A012010B51A4CFFF7F4FF636A13F07D
:10C44000010313D1A8B994F8613094F84D10253B3D
:10C45000DBB20133DBB2032B28BF002341FA03F226
:10C46000D207F6D5253384F8613014E094F85430BF
:10C4700010B194F85520134303F00503052BE2D1C6
:10C48000FFF71EF90028DED194F86030012B03D1AC
:10C49000032384F8603010BD012384F86030D2E7B4
:10C4A000304A0120024B586A00F00100704700BF7B
:10C4B000304A012040F271232DE9F0413D4C0E46F7
:10C4C000E36018B1237D43F00803237540F2712522
:10C4D000FFF7D8F8B4F84870216C7D436A18121A37
:10C4E000A2F59673A7B1AB4212DD8D4210D86FF45E
:10C4F00096731A44B2FBF5F2B1FBF5F39A4228BFEA
:10C500001A4605FB1211A5F596731B1A21640B44FC
:10C5100040F27120D4E9021CB4F84A20E76BA2F182
:10C5200004084243974200FB08F814D21CFA81F138
:10C530007EB199420FDA217DD21B41F008012175AD
:10C540009A42D4BF226123611A48BDE8F04118F035
:10C550008CBD4745EDD3237DA2F5E17223F008039E
:10C5600023752261FFF766FF236C47451D444FF09A
:10C570000003114A65602564E3630BD2FFF752FFA5
:10C580001368A8B1DA79197B637D5B1A93420BDAE1
:10C590006275D9E7FFF746FF136838B19A791B7BBC
:10C5A000617D0B449342F3DC6375CDE71A78F6E7BF
:10C5B0005A78E8E7304A01204C4C012038B505464E
:10C5C0000D4C80B10320FFF759FE002384F8513051
:10C5D0000123A4F84E300420FFF750FEBDE8384098
:10C5E0001020FFF74BBE0520FFF748FE012384F81B
:10C5F000B550A4F8B830EEE7304A0120284A70B5AB
:10C60000536A0D4629B31C0749D502F1510602F1C0
:10C610004E0448B3DA0623D52388012B20D95B08C2
:10C6200004202380FFF72AFE1020FFF727FE23882F
:10C630000BB90123238018F067F82388B0FBF3F2CD
:10C6400002FB1300307045B30320BDE87040FFF7D4
:10C6500015BE990623D502F1B50602F1B804D8E754
:10C660000420FFF71DFEDFE7DB0312D52388B2F8B5
:10C67000521099420DD95B009BB22380B2F8522030
:10C680001020934228BF13462380FFF7F7FD0420B4
:10C69000CBE71020FFF704FEF9E70520D5E770BDD2
:10C6A000304A012070B58AB005466B46484AAC79DD
:10C6B00010685168127A03C30C3408201A702C4495
:10C6C00003F066F920B101222846A11D17F092FA65
:10C6D0000021A379CDF821108DF80F30A37AADF8A1
:10C6E000251003F00F0303F128026A4412F8282CE6
:10C6F0008DF82010ADF81020062B08D8DFE803F0E5
:10C70000044F07075F074B000D20FFF7C9FDA37A11
:10C710000DF11301C3F380138DF81230E3680DF1AE
:10C720001200CDF81330238A09AEADF8173000237C
:10C730001A4617F00CFEE3791C218DF819304FF4DE
:10C740007F43ADF81A307F238DF81C30637928467B
:10C750008DF81D300023ADF81E30AB7903AC1233D9
:10C76000AB7117F0B2FAAB792B440C33224603CAF3
:10C77000B24218605960144603F10803F6D11068FC
:10C7800029461860134817F047FB4FF080400BF024
:10C79000AFFD0AB070BD0D20FFF770FDB7E7D4F80C
:10C7A0001230CDF82130E38AADF82530EB79063B25
:10C7B000EB71A37AC3F3C0138DF82030A7E7064BC3
:10C7C0005B6A9B0444BF42F00102ADF810209EE773
:10C7D000E1030308504A0120304A012070B58379F3
:10C7E0000C33C4182379DA0702D44FF0FF3070BD40
:10C7F000A37AE27A03F00F05082DF6D8062D01D9A9
:10C800002846F4E7911F1F29EFD8012D1FD10C2ACC
:10C81000EBD1244E736A13F0060F01D1DB05EFD480
:10C8200017F0A2FD20B917F096FD0028E8D1DCE74B
:10C83000A37A96F84C20C3F3C010B2EBD31FD4D127
:10C8400004F1120100F0010019F0D1FDEDE7042D13
:10C85000D6D11449144A486A0240002AC5D0096B4F
:10C860000029CDD08A79C3F380130C3288188A5CF2
:10C87000B3EBD21F08D017F077FD0028C0D117F016
:10C8800061FD0028BCDBB0E704F10C010622083092
:10C8900016F0D4FE044617F067FD0028B0D1002C36
:10C8A000AED0ECE7304A012008000400F0B5214C7E
:10C8B00087B0A06A00B3E76ABE7901F021FA0223CB
:10C8C000FF210C36BA5DCDE90431BD1995F823304E
:10C8D00000215B090393AB8BD20902936B8B80B26F
:10C8E00001932B8B009305F108031AF0B3FAA06AA9
:10C8F00001F0B4FC0023A362E06AFDF725FF0023EA
:10C90000E362636A23F00402DB07626208D594F8ED
:10C910005450052D06D1FEF7D3FE18B184F86050AF
:10C9200007B0F0BD94F8540018F0FFFA84F86000E6
:10C93000F6E700BF304A012013B5154C21F0EEFD9B
:10C94000236A01930023236221F0E3FD019BA3B935
:10C95000636A1A0406D518F059F8A0B1636A23F483
:10C9600000436362636A1B0305D5FFF79FFF636A99
:10C9700023F40023636202B010BD01A817F07CF914
:10C9800018F0B8F8E2E74FF080400BF0B1FCE9E7AF
:10C99000304A012038B50E4D044602F02FFB286BBB
:10C9A00018B1FDF7D1FE00232B6317F0A6FF09484D
:10C9B00003F066FCEB6A0BB1FFF784FC044884F0DB
:10C9C000010118F05EFBBDE83840034817F036B9A6
:10C9D000304A0120384A0120504A0120034B586A4E
:10C9E00010F0050001D1FFF7D5BF7047304A012094
:10C9F00070B53B4C1646636A03F0010270B95AB138
:10CA000021F08CFD636A054623F001036362FFF7A2
:10CA1000E5FF284621F07DFD002070BD002AFBD1F6
:10CA20009B0704D5236BBBB10120FFF7C7FD94F82A
:10CA30004C3003F0FD03012B16D021F06FFD0546AD
:10CA4000C6B10E20FFF72CFCFEF71CFE42F210735D
:10CA500003FB0600606310E0022017F0BAFA2063BF
:10CA60000028E1D10720D8E719F0DAFC0028E4D14A
:10CA70001220D2E70E20FFF701FC0020FFF710FC88
:10CA8000636A13F00403C4D140F27122E363B4F883
:10CA90004A30E260023B5343236117F035FE032323
:10CAA000B0FBF3F303EB4303C31A253384F861307F
:10CAB000FFF7C0FCFEF7E6FD60602064B4F8C0003C
:10CAC000002808BFF520FFF7C3FB064B04481A688F
:10CAD0001378527813445B10637518F0C6FA98E720
:10CAE000304A01204C4C012038B51B4C0546237DB3
:10CAF00023F00803237502F081FAB4F8C0302BB993
:10CB0000A36813F4601F08BFA4F8C03000211248C6
:10CB100018F0B7FA114BA361636A5A0406D485F082
:10CB200001000021BDE83840FFF7C4BC626B6168BA
:10CB3000521A002AF3DA23F0010343F4004363623C
:10CB4000FFF74CFF4FF080400BF0D2FBFFF76AFC81
:10CB50000028E4D138BD00BF304A01203F4F020811
:10CB600008B5FFF75FFCB0B10B4B586A20F0040228
:10CB700010F001005A6203D1BDE80840FFF70ABF78
:10CB800002F03CFA17F0B9FEFFF79CFBBDE8084045
:10CB90000020FFF7A9BF08BD304A01202DE9F04F62
:10CBA0004FF0000B2E4C89B0E66AA36AB779C4E94E
:10CBB0000ABB0C37F51901936B6A90468246894689
:10CBC0000393FEF7CDFCF35D05F108073946C3F387
:10CBD000C01306A88DF8183017F0CEFBFF238DF890
:10CBE0001930636A01A8C3F380230E358DF81A301B
:10CBF000CDE904578DF808B08DF81BA08DF81C9076
:10CC00008DF81D8001F098FB3046FDF79DFD636AAD
:10CC100023F02402DB07626205D40120FFF7BAFE8D
:10CC200009B0BDE8F08F0F4B94F854501A68052DE9
:10CC30001378527813444FEA630363750AD094F86B
:10CC4000540018F072F90546012084F86050FFF78F
:10CC50004BFFE5E7FEF734FD0028F0D0F4E700BF16
:10CC6000304A01204C4C012010B5074C2368DA06ED
:10CC700007D523F01003236018B90220A16817F02C
:10CC800068FD0023A36010BDF44A0120F8B500231D
:10CC90000360037D04469D070CD550F8081FC90C9E
:10CCA00001F4FC7141F0050103F098FA237D23F0B3
:10CCB00002032375A06818F0ABF9237D0546180719
:10CCC00003D5FEF7DFFC28446060194F62683E46DA
:10CCD00056F8041FAD1A79B921603460BB68E3B11E
:10CCE000607D597D884219D2217D09070FD5BDE8A5
:10CCF000F8400020FFF7B8BF886818F089F94B6842
:10CD00002B441B1A002BE7DA0E460968E3E7596843
:10CD10001B690B449B1A002BE9DAF8BDD3E901101B
:10CD200018F076F9E3681A44521AC242F5D5DEE7E4
:10CD3000F44A0120014610B50446032017F009FD0E
:10CD4000054B1B68D90305D4237D5A075CBF43F00C
:10CD50000203237510BD00BFF44A0120014BD868BF
:10CD6000DC387047F44A0120034B10B5DC68FEF74D
:10CD700089FCDC3C201A10BDF44A01201822002155
:10CD8000014816F085BC00BFF44A0120034B1B6824
:10CD900013EA004314BF012000207047F44A012029
:10CDA00030B5C0B14268B2B1104C25692B469BB971
:10CDB00045B1AB68CB1A41BF5B42B3FBF2F303FB57
:10CDC000022289180A4A816013684BB90360106017
:10CDD000237D0133237530BD8342FCD01B68E6E719
:10CDE0009D686D1A002DF1DA1A46EDE7F44A01202C
:10CDF000044B012040B1436833B1084B1A7D013A1E
:10CE00001A7553F8102F02B970479042116801D17A
:10CE10001960704713460A46F5E700BFF44A01203F
:10CE200038B50446084D0846AB68A34201D1FFF768
:10CE30001BFF6B68054A1BB1A342196801D1116041
:10CE400038BD1A460B46F6E7F44A0120F84A01209D
:10CE50002DE9F3475E4D2B685A0700F18680AB68D9
:10CE6000002B40F0828055E8003F43F0040345E882
:10CE70000032002AF7D16C689CB1FEF703FC01AACE
:10CE800001462046276918F0CBF808B920461EE075
:10CE9000019B2668FF1AA6B96368DC371F44C5E901
:10CEA000024755E8003F23F0040345E80032002A1A
:10CEB000F7D1AC68002C4CD102B0BDE8F047FEF7CA
:10CEC000E7BB304601AA18F0ABF818B93046FFF7B7
:10CED00031FFD0E7D6E901A018F09AF8337DAAEB2C
:10CEE0000000DB0705D4019A33699B1AF2689B1A8C
:10CEF00018446268D3191B1A002B26DD9F4204D9FF
:10CF0000E368801ADC3383421ED994F8149019F038
:10CF1000010F0FD1A06818F07BF82369D6F80C80B8
:10CF20001A44A2EB0A02E368A2EB0802121ADC33ED
:10CF30009A420CDC727D637D9A4206D219F0080F8A
:10CF4000A4D0F768344600E007463668A3E74746B2
:10CF5000F8E7A36813F4601F0AD121462B6843F059
:10CF600010032B60012017F0F4FB02B0BDE8F0873E
:10CF700004F10806304603F03FF92B68214643F0E0
:10CF800010032B600028EDD1012017F0E2FBA3680D
:10CF900013F4601F4FEAD341C3F3C2440ED0013CE7
:10CFA000E4B201F4FC713046214303F017F9032188
:10CFB000304603F07FF9002CD7D103E0032130463F
:10CFC00003F078F9304602B0BDE8F04703F058B9F5
:10CFD000F44A012008B5034B996809B117F0B9FB71
:10CFE00008BD00BFF44A0120014B9868704700BF9C
:10CFF000F44A01200C4B70B59C68844212D1214642
:10D00000022017F0A6FBD4E9016018F001F80546EC
:10D01000FEF738FB801BE84221464CBF012003206D
:10D0200017F097FB70BD00BFF44A0120114B70B59B
:10D030009D682E692C681CB96A6864B9B01870BD07
:10D04000627D6B7D9A42F7D9204618F036F80028A9
:10D05000F2D12468EFE7A06817F0DAFF6FF0DB0386
:10D0600061689B1A0B4429691B1A8B42D4BFD018E4
:10D070005018E4E7F44A0120542310B504680A4923
:10D080000D20B4FBF3F4FDF739FD0023A2B25121CA
:10D090001846FDF7D9FC044618B9FDF71FFB2046DA
:10D0A00010BD1924FBE700BF95AB0008014B1878B1
:10D0B000704700BF125B0120437E0F4A1B01DBB2A9
:10D0C00082F82E3382F82F3382F8313382F83033EE
:10D0D00082F8323382F8333382F8343382F83533CE
:10D0E00082F8373382F83633037F23B9037E1B017E
:10D0F000DBB282F8223C704700E100E037B505461C
:10D1000002F058FC044698B92846FFF7D5FFAB8AD1
:10D110000DF10601ADF80430EB8A01A8ADF8063038
:10D1200017F0D1FF0122034B1A70204603B030BD27
:10D130000224FAE7125B0120902238B50546164B0F
:10D1400000211C682D0202FB0044204616F0A0FAC4
:10D15000124B45F001051B6804F10800DB78002143
:10D160006375E58219F03EFC4FF00823E364132356
:10D17000A4F850304FF60773A4F85830FF23084A3C
:10D1800084F85A30074B2046C4E91B32C4E91F32E9
:10D19000BDE8384018F029BADC4B01204C4C012086
:10D1A00055555500D6BE898E2DE9F0411E4683693E
:10D1B00004460F4615468BB169B921F0AFF9054613
:10D1C0003946A06C17F09CFB2046394618F09FF9B1
:10D1D000284621F09EF90020BDE8F0810029FAD010
:10D1E000B0F85030DA0640F18380B4F85030DB07F5
:10D1F00000F18A80204618F0A9F90028ECD1B4F893
:10D200005030D90600F18D80D4E90A12204600F092
:10D21000E1FA012E11D040F27123B4F84C205A43A8
:10D2200090420AD9B4F84E205A4390427BD800F578
:10D230001C70B0FBF3F0A4F84C003C4BE268A36117
:10D2400022610023B4F8502084F8573012F0100FF8
:10D250000CBF4FF48C778C27236A84F8566023F434
:10D260008073236207F2631755B140F27121B4F85D
:10D270004E2043F48073C2EB05124A43236262627C
:10D28000236A04F1080843F400632362284B1B68F7
:10D29000DB78637521F042F9237D064643F00803ED
:10D2A00040463946237519F09DFB0120FFF76EFDBE
:10D2B00028B9237D5A075CBF43F002032375A16898
:10D2C0004046C1F3C84141F0900102F087FF25B10B
:10D2D000FEF7D8F9636A03446362204617F0C5FE7F
:10D2E000304621F016F90121A06C17F009FB72E716
:10D2F00098077FF57AAFE06A16F02CFD00287FF4DE
:10D3000074AF41F20C0067E7E36B002B7FF472AF60
:10D3100000F050FFE06300287FF46CAF41F2090099
:10D320005AE7044B8AE741F2450055E7B74802083F
:10D330004C4C012061D8000870B500249026094D9E
:10D340002B79A34200DC70BD286806FB040090F82E
:10D350005930FF2B04D000231A461946FFF724FF4B
:10D360000134EDE7DC4B012038B50446002839D004
:10D37000083002F085FF0025FF2304F1280084F81F
:10D380005930A56116F05AFC04F12C0016F056FC39
:10D3900004F1300016F052FC04F1340016F04EFC9B
:10D3A00004F1400016F04AFC104B1868104B201A8C
:10D3B00000115843C0B217F0DDF90146284617F0B6
:10D3C000D4F9E06B10B100F049FFE563606C18B16F
:10D3D00017F063FA00236364A06C17F096FA00203C
:10D3E000A06438BD41F24200FBE700BFDC4B0120E6
:10D3F000398EE338F0B5104B02461E6893F804C02E
:10D4000035464FF0FF3400239C4508DC91B1631C86
:10D4100010D0902303FB046080F85920F0BD95F8EC
:10D42000597028469742F9D0FF2F08BF1C46903507
:10D430000133E9E70020F1E7DC4B012070B500245F
:10D440009026064D2B79A34201DC002070BD286890
:10D4500006FB0400FFF788FF0134F3E7DC4B0120F3
:10D4600038B50A4DFFF7EAFFAB6813B100221A6026
:10D47000DA8019F0BDFA00242B79A34200DC38BD14
:10D480002046FFF759FE0134F6E700BFDC4B0120D0
:10D49000F8B5054600249027074E3279E3B29A4248
:10D4A00001D80020F8BD3068297807FB030017F089
:10D4B000FCFF0134F1E700BFDC4B012070B5344CB8
:10D4C0000546A06818B1FDF73FF90023A360E068A6
:10D4D00018B1FDF739F90023E360FFF7C1FF002021
:10D4E00017F04CF955B90320257125606583FDF7C8
:10D4F000EFFA207917F042F928B970BD022016F032
:10D5000068FDA06088B90025A06825712560002805
:10D5100039D1E06818B1FDF717F90023E360002066
:10D5200017F02CF941F20700E7E7022016F051FD51
:10D53000E0600028E7D0002603202571266066837E
:10D54000FDF7C6FAB542D4DD05EBC5010901334646
:10D550000122032089B2FDF777FA06460028D2D1CE
:10D560000320FDF7D7FA20600028CCD09022314666
:10D570006A4316F08DF82379B342BADD3046FFF7DF
:10D58000DBFD0136F7E7FDF7DFF8A560C1E700BF77
:10D59000DC4B01202DE9F0410025354E8AB033796E
:10D5A000AB4203DC01200AB0BDE8F081902334686F
:10D5B00003FB054494F85930FF2B0DD0236A9803E0
:10D5C00006D504F14008404616F0BCFB074628B9D2
:10D5D000226A12F4A02F1ED10135E0E7BB7908A919
:10D5E0000C333B44D8689A7A1B8AC2F38012ADF898
:10D5F000243000238DF81F2008901A460DF11F00DB
:10D6000016F0A5FE38469DF81F2094F8591008AB77
:10D6100017F009FAD7E7B4F8503003F01D031D2BBB
:10D6200016D13C23FF210020CDE90431CDE90200D1
:10D630000121CDE9000004F16203C2F3800219F078
:10D6400009FC0028AFD0236A23F4A0232362C3E798
:10D6500012F4803F08BF3C214FF0000218BF432165
:10D6600094F8573094F8590019F097FAE9E700BF99
:10D67000DC4B01202DE9F04304468F798BB00C3749
:10D680000DF10409CD1901220E460DF103004946A2
:10D6900016F06EFEE36B804603930023E363B4F859
:10D6A0005030E879C3F300138DF825302989F759F4
:10D6B00019F014F8204B07441B6805975B7905F1B6
:10D6C00018026375012306928DF8103005F10C03E2
:10D6D000B8F1000F24D09DF80330CDF81C908DF8E0
:10D6E00020309DF8252094F859308DF82130012301
:10D6F000DAB98DF8223094F884308DF823306B79C4
:10D7000003A88DF8243000F017FE0121204617F001
:10D71000FEFE3046FDF718F801200BB0BDE8F0839F
:10D720000793AB7AC3F38013D9E7AA7AC2F3401206
:10D730008DF82220E1E700BF4C4C0120F7B50446EC
:10D7400016F0E2FFC0F30F23542B3ED9AA2B34BFAF
:10D7500001230223C0B27E288CBF022201220321B2
:10D760008DF804301344B3FBF1F000EB40001B1ABA
:10D770008DF805301344B3FBF1F202EB42029B1A21
:10D780008DF80630002318461D461A46104901AF91
:10D790004B7617F8016B44FA06FC1CF0010F06D01B
:10D7A00053009E40012330430132C0B2D2B2013552
:10D7B000EDB2032DEDD103B148764B7E43EA8213DF
:10D7C0004B76FF230B7603B0F0BD0023C2E700BF0A
:10D7D000DC4B0120F7B505466B461646174A0C464A
:10D7E0001068516803C395F8583008336B4413F838
:10D7F000087CB5F85030DA0609D43346224639465B
:10D80000284617F056F800F5FA7003B0F0BD204630
:10D8100016F0A0FAB5F8503000F10A049B074FEA61
:10D82000C40405D0304616F095FA04F50C7404448F
:10D83000E823781E584304FB0700E4E7EB030308E2
:10D84000064B1B68D97ADA78437D5B1A9342A8BFEE
:10D85000DAB20021427517F017BF00BF4C4C01200F
:10D860002DE9F04F03280C4687B000F0668107D8F9
:10D87000012820D0022800F04E8107B0BDE8F08FCB
:10D88000312800F04F813228F7D1002305A80593F5
:10D89000FDF710FE0028F0D105998B790B449B7D94
:10D8A00003F00F03032B00F06381052BE5D1204625
:10D8B000FFF7E0FEE1E7B1F85020B24BD0071D685A
:10D8C000C2F340034FEA830348BF43F008032B81B0
:10D8D000510742BF2B8943F010032B81236ADA06DC
:10D8E00042BF2A8942F020022A815F0742BF2A896B
:10D8F00042F040022A819E0642BF2A8942F08002FD
:10D900002A81580642BF2B8943F480732B812B89CF
:10D91000590701D41A0702D543F400732B81D4F8B8
:10D92000623004F16201AB61B4F866302046AB832B
:10D93000039117F077FE18F0E0FD0022DFF84C822B
:10D94000D8F80830DA80A06A16F004FA0622D8F86F
:10D9500008608246B77903990C37F35D06EB070937
:10D9600003F04F03F355B4F850305FFA80FB103BDF
:10D9700089F801200D2B31D8DFE803F0CA30C60743
:10D98000300C303030303030300CF35D6FF3030347
:10D99000F35523E00123F25D206A63F30302F2559D
:10D9A0000C2210F0080F89F8012009F108020CD0B0
:10D9B00001924FF0FF32C0F3800000921A4616F039
:10D9C000CFFCF35D43F08003E2E7D4F86230C9F89E
:10D9D00008308B889380236A5907F2D4B4F850201A
:10D9E000F35D204662F34513F35509F1020118F087
:10D9F000E1FEF35D60F38613F355B37999F80120E6
:10DA000002331344F371B4F8503003F01403142BB1
:10DA100005D0BBF1000F02D0524489F80120002349
:10DA20005A46A16AD8F8080016F0D1FBD8F80800C9
:10DA300018F068FD2B8928615A0738D54FF0000B84
:10DA4000D8F80C30A3F806B0E06A16F083F9D8F8DD
:10DA50000C608146B77920460C37F35D06EB070A68
:10DA600003F0400343F00403F35506230AF10201D7
:10DA70008AF8013018F09EFEF35D5FFA89F260F3D8
:10DA80008613F355B1799AF8013002311944F171D6
:10DA900009F10603E16A8AF80130D8F80C005B4608
:10DAA00016F095FBD8F80C0018F02CFD686140F2D8
:10DAB0007121B4F84C30B4F84E2094F85800D21AC2
:10DAC000E36803F59C53083301FB02332361FFF73E
:10DAD00035FE98F819302B7300236B7394F874306B
:10DAE000EB726368B4F978002B60FEF741F92120EE
:10DAF000237D1B0742BF2B8943F001032B8107B015
:10DB0000BDE8F04F01F02ABEF35D62F303033FE787
:10DB10000222F35DF9E7FFF767FA84427FF4ADAEC6
:10DB20002220ECE70B7D23F008030B75154B1B68D7
:10DB30009B7B43B1012B7FF4A0AE204607B0BDE82C
:10DB4000F04FFFF77DBE104B497D1A68D37A92786B
:10DB50000B449342D8BFDAB2A3696275002B3FF43D
:10DB60008CAE0121204607B0BDE8F04F17F08CBD08
:10DB700004F1400016F050F94FF40031204617F040
:10DB80007CFD7AE6904C01204C4C0120DC4B0120BE
:10DB900038B50446D0F8A400D0B194F8305116F04E
:10DBA00085F881B20631284618F098FD83B240F21C
:10DBB00071200849B4F87C20098C424341438A42D1
:10DBC000B8BF0A4603F548709042B8BF104638BD4A
:10DBD0000346ECE7F84B012030B5174B826A1B680F
:10DBE000D206597926D5828F1C79836B1203B2FB3A
:10DBF000F3F2631AB2FBF3F2B0F8A03003B1013BC9
:10DC0000D0F8A45005B15B101B02B3FBF2F35B1814
:10DC10000CD090F899200F2A08D91209B3EB820F83
:10DC2000B8BF00234FEA8201A8BF5B1A9C42A8BF7D
:10DC30001C46E1B2417530BD4C4C012010B5044684
:10DC4000FFF7D2F9A0420AD1054B1B6893F82030A8
:10DC500080F83430BDE81040222001F07FBD10BDB7
:10DC6000904C01202DE9F0411A4C06462368A3B9D7
:10DC70002EB100254FF4A478EFB2B74211DB00209B
:10DC8000BDE8F0812068013507FB030016F065FD53
:10DC9000A27BEBB29A42F5D8EAE700254FF4A477CD
:10DCA000F6E72068013508FB070016F054FD002850
:10DCB000E2D000254FF4A47605E0206806FB0500BD
:10DCC00016F04BFD0135EBB2BB42F6D341F2070033
:10DCD000D6E700BFF84B0120084B9A7B82420AD955
:10DCE0004FF4A4721B6802FB0030836A13F0040F28
:10DCF00008BF002070470020704700BFF84B01208C
:10DD0000084A09491368C31AD810002B01FB00F018
:10DD100005DB937B8342D8BF4FF0FF3070474FF055
:10DD2000FF307047F84B0120199C8FC170B5044635
:10DD30000E4620F0F3FB054604F1300252E8003FA6
:10DD4000334342E800310029F8D12046FFF7D8FFDD
:10DD500001230B4A03FA00F002F11C0353E8003FD1
:10DD6000034302F11C0444E800310029F4D14FF4CC
:10DD700080700AF0BDFA2846BDE8704020F0C9BBAB
:10DD8000F84B012070B505460C46C2B90126204665
:10DD900017F00AFDB5F84010441C284619F08EFB18
:10DDA00014FB06F40028A4B207DD844205DB012839
:10DDB0000EBF044600F1FF3084B2204670BD836A76
:10DDC000DE07E3D5C28F002AE0D0D906DED5DA051A
:10DDD000DCD4D0F8A430002BD8D10C4B1B6893F8BE
:10DDE000213013F00C0FD1D103F01202122ACDD141
:10DDF0005B06CBD5FFF784FF80B217F0D7FC002875
:10DE0000C4D1EE8F0136B6B2C1E700BF904C0120FD
:10DE10002DE9F04789466A490446CB8A63B982688E
:10DE200012F4601F4FEAD24301BFC3F3C40303EBF4
:10DE3000830302EB8302CA82B9F1000F02D12046AC
:10DE400017F0F1FCB4F8A050002D40F0A880A36AB0
:10DE500013F0100F0CBF3E23082384F87B302046BC
:10DE6000FFF7BAFEFFF74CFF86B20746304617F0C1
:10DE7000A5FC8246304617F09FFC30B1304617F0C3
:10DE800091FC0021304617F096FC236B580409D50D
:10DE90004FF4804104F1300017F047FC0021204688
:10DEA000FFF744FFFFB24A4639462046B4F84080A7
:10DEB000FFF768FFB4F84030A4F880001844A4F8D5
:10DEC00040005DB1204603F0BDFB204616F046FC45
:10DED0002046B4F8401019F0A5F90546304617F071
:10DEE0006DFC504510D0A36AD9070DD44A46394677
:10DEF0002046A4F84080FFF745FFB4F84030A4F86E
:10DF000080001844A4F84000B4F84030434502D2E1
:10DF1000304617F04FFC304617F045FCB4F880301F
:10DF2000B4F8A02094F87410D21AA4F8A02094F8A1
:10DF3000732003FB01222521B2FBF1F001FB10222B
:10DF400084F873206DB3A26AD20712D5A26B204663
:10DF5000534340F2712204F14401534394F84220A8
:10DF600002F0FCFA606C85082046FFF711FE284499
:10DF7000E06040F27125A16B20460139694317F03A
:10DF8000DDFBA36BB4F8802020465A43636801216F
:10DF900005FB02336360BDE8F04717F083B8012545
:10DFA0005DE72046082119F079F920460221FFF7A4
:10DFB000BDFE29462046BDE8F04717F062B800BF15
:10DFC000F84B012008B501F071FDFB22104B10F059
:10DFD000020FDA7344F290221A820CBF012203224C
:10DFE0004107197B48BF42F0040262F30301197331
:10DFF0001A7BC2F3030161F307121A73032204218F
:10E000001A76002219755A82DA61DA8208BD00BFD9
:10E01000F84B01202DE9F843564C0546A06818B18D
:10E02000FCF792FB0023A360EEB2304616F04AFCE8
:10E030008046002839D1304617F0C9FBA8BBFFF74E
:10E0400011FE07460220FCF743FD002D59D005EBD9
:10E05000850105EBC101C90043460122022089B2B6
:10E06000FCF7F2FC0746002846D102204FF4A479C1
:10E07000A673FCF74FFD394609FB05F2206015F049
:10E0800007FB2368681EF9B2814209FB01F207F120
:10E0900001072CDB0021284699506360FFF7E2FD61
:10E0A00050BB304617F079FB88B30025002016F0EE
:10E0B00009FC002017F08BFB0020FFF7D3FD0220A6
:10E0C000FCF706FD2846C4E90055A57317F065FB6B
:10E0D000284603F0E3F9284617F05BFB284616F0C4
:10E0E0004BFB0220FCF7F4FC4FF007083FE002F581
:10E0F000A47119449950C6E70023C4E90033A373FF
:10E10000D3E7C4E90055A573002FCAD0CDE7304648
:10E1100003F0C4F90028C8D1284616F02DFB0028CA
:10E12000C3D1304617F035FB0028BED1304617F07A
:10E1300048FB06460028B8D1002D18DD022015F056
:10E1400048FF0223A060C37183793146C3F1020204
:10E150000C33D2B2184415F09BFA0121A3689A79C6
:10E1600013441A7B61F301021A73FFF72BFF404639
:10E17000BDE8F883F84B0120014B987B704700BF46
:10E18000F84B012030B50A4B4FF4A4751A689C7BFC
:10E19000002318462832D9B28C4200D830BD05FB86
:10E1A00003F151580133890644BF0130C0B2F2E790
:10E1B000F84B01202DE9F04120F0B0F9254D06463D
:10E1C0006C6824B920F0A5F92046BDE8F0814FF431
:10E1D000A47723683A4600212046D4F81C806B605F
:10E1E00015F056FA20233046A362C4F81C8020F0B4
:10E1F00090F90123237584F83031A3F10113E3670B
:10E20000EB7BAA8984F842312B8A0021A4F84031A3
:10E21000072384F88930104BA4F84421C4F88C30CB
:10E2200003F1CE5303F59813C4F8903041F61B3335
:10E23000A4F894301B2304F1080084F89630A4F865
:10E240008A7018F0CFFB2046FFF75AFD80B217F016
:10E25000A6FAB9E7F84B01204801480170B5044619
:10E2600017F054FB04F1080002F00AF820F056F908
:10E270004FF4A472054600212046E66915F008FA1D
:10E28000064BE66153F8042F2AB928461C60BDE806
:10E29000704020F03EB913461268F5E7F84B0120B4
:10E2A0002DE9F04106464FF480400F4601F070FB27
:10E2B000044630B90E4B1D6893F80E807535A045A5
:10E2C00002D80020BDE8F08155F84D3C5A0709D529
:10E2D000C3F34003BB4205D106222946304615F060
:10E2E000ADF918B1013405F5A475E8E70B20E9E7AD
:10E2F000F84B012010B5044610B9084B198410BD25
:10E30000A0F87C10A0F87E20FFF742FC2169E060B5
:10E310002046BDE8104017F011BA00BFF84B0120AD
:10E32000014BD87319827047F84B0120014BD87B01
:10E33000704700BFF84B01202DE9F04FD0E902955E
:10E3400090F9181087B0027D0291417E0192046815
:10E3500007790369427D90F816A090F8178000298C
:10E3600040F0FC80A8F1030101298CBF022603269E
:10E370000393B5F808B084F89F202A4652F8101B82
:10E38000BAF1000018BF0120C4F8281104F14801B7
:10E3900001F062FE204618F07AFF204617F019FAC5
:10E3A00018F043FA41460246204616F092FAC82277
:10E3B0000DF116012046ADF8162017F004FA43F6C9
:10E3C000FF7104F5947016F047FAAA88039BA4F82D
:10E3D0002C21AA7984F82E211A68C4F875209B880C
:10E3E000A4F87930019B1BB1A36A43F00203A36236
:10E3F000BAF1000F03D0A36A43F40073A3624FF491
:10E40000607001F0C5FAC0F3C01AC3054FEA8A1A5A
:10E4100048BF4AF0800A810548BF4AF4807A20F05C
:10E420007DF8A36A43F00403A362E36A43EA0A03A4
:10E43000E36220F06EF894F8343043F0100384F86F
:10E440003430BB1E012B00F28B80A36A43F480435F
:10E45000A36201212046FFF769FC0421204618F041
:10E460001DFF6B7D2046C3F3040384F874306A8972
:10E4700007F0FD075200A263697B2A7B42EA012272
:10E48000E287E97BAA7B42EA0122A2876A7D84F8BF
:10E490007330C2F3421284F8422000220523A4F80C
:10E4A00040200122A4F8A030A4F88020029917F09F
:10E4B00095F901F0F5FA20F40060C4E9080120465E
:10E4C000FFF78AFB414BB3F816A0BAF1000F05D154
:10E4D000002F40F2C71A18BF4FF4D77A2046FFF733
:10E4E0000FFC3B4B000240F00300E082C4F80490B4
:10E4F000A361002F3AD12046FFF74AFBB8F1010F84
:10E50000E06005D04146204684F8308117F0A1FA3A
:10E5100004F108063046514618F064FA0120FEF76F
:10E5200035FC28B9237D5A075CBF43F002032375ED
:10E53000A1683046C1F3C84141F0880101F04EFEA8
:10E5400040F271216B892046013B594317F0F6F8E0
:10E55000204616F08AFD07B0BDE8F08F012607E7D8
:10E56000012F7FF476AF40F2014173E740F271274B
:10E57000760006EB4B067E4309EB06036360A36A55
:10E5800004F1440943F00103A36294F8343049468E
:10E5900043F00103204684F8343018F007FE334678
:10E5A0004946204694F8422001F0D8FFEB79012239
:10E5B0005B00494620467B4318F0FEFD636C204615
:10E5C0009E08FFF7E5FA304498E700BFF84B0120BA
:10E5D000D1EA000810B4C46A14F0080F11D144F055
:10E5E000080423F41053C46223F01003064C1B04E8
:10E5F00014401B0CC0E9084340215DF8044BFFF7B1
:10E6000095BB5DF8044B70472FCF87F700232DE9AA
:10E61000F3474E790546B20758BF06F00106084693
:10E6200048BF0326ADF8043058BF01360C4616F03B
:10E6300096F8074607F01F03002BEB6A15BF4FF053
:10E6400001084FF000084FF003094FF002099B0545
:10E650000CD59DF80430214666F3010368F3451399
:10E660008DF804302846019A18F08BF9204615F0F1
:10E6700071FB82464946204615F027FB9DF8043081
:10E68000A27966F3010368F345138DF804308DF821
:10E6900005A0BDF804300C32A3529DF80430A11837
:10E6A0009806637948BF8F7043F0010363711FF0D0
:10E6B00035FF2146074605F1A40015F0ADFB95F89E
:10E6C0004631013385F84631AB6ADA070ED5284664
:10E6D000FFF716FB80B217F063F830B34388B5F844
:10E6E00080209A4202D9284617F028FBFEF77CFCCE
:10E6F000854214D10E4B20461E6817F003FF2C36BE
:10E700000146304617F099FDAB6ADB0707D4304667
:10E7100017F08EFD022802D8232001F01FF838469A
:10E7200002B0BDE8F0471FF0F4BE0123D7E700BFF9
:10E73000904C01202DE9F04F85B004460191084628
:10E7400061B34B799A071AD415F004FB019A60B9AA
:10E75000537901A8DB0742BFA36A43F40063A362B5
:10E7600015F06CFA05B0BDE8F08FA36A1F0506D559
:10E7700023F40063A362537943F001035371019EB4
:10E780001FF0CCFE737931469E0705461ED504F175
:10E79000AC0015F050FB28461FF0BBFEDFF890914F
:10E7A0001FF0BCFEA36A07465D0614D5D4F8AC3052
:10E7B00043B19A7913441B7B3A2B03D829FA03F30C
:10E7C000D80711D438461FF0A4FECBE704F1A80007
:10E7D00015F022FBDFE794F94631022BF2DCD4E995
:10E7E0002A2372B9002BEDD004F1AC0015F044FAE5
:10E7F000054638461FF08DFE29462046FFF706FFE6
:10E80000CEE7002BF0D194F89680039304F1A80B87
:10E81000D4F8A86096F807A0B379AAEB030A5FFAC8
:10E820008AFAC24527DC584615F08CFA0546A8EB53
:10E830000A086B7929466FF3C3036B7103A815F0BF
:10E84000EBFAD4F8A8302BB15B79990702D1B8F173
:10E85000000FDDD1039B002BB4D09B79022B40D855
:10E86000002015F0B6FB014670BB039904F1A80027
:10E8700015F0E1FAA6E7002015F0ABFB054630B92C
:10E88000039904F1A80015F0D6FA03959AE7807968
:10E89000B1790C300C3142463144284414F000FF69
:10E8A000EB7953FA88F3EB71B379727953FA88F301
:10E8B000B3716B794FF0000862F300036B717379E9
:10E8C0006FF300037371B4E7039B4A79587960F3DF
:10E8D00000024A715A7903A86FF300025A7115F0C9
:10E8E000A5FAE36A9A0512D5039803460068002842
:10E8F000FBD1DB79C3F14503DBB2032B07D815F05D
:10E9000068FB01460028B0D003A815F085FAD4F8BA
:10E91000A83013B15B79DB0704D5039A537943F030
:10E920000803537138461FF0F4FD039965E700BFF3
:10E930007C2C020000232DE9F041174D05F11C024B
:10E9400052E8006F42E80034002CF7D14FF0010884
:10E950006EB9F4B105F11C0353E8003F234305F100
:10E960001C0242E800300028F4D1BDE8F08196FA9C
:10E97000A6F0B0FA80F008FA00F726EA0706FFF7DB
:10E98000ABF90028E4D017F014FA0028E0D13C439A
:10E99000DEE70120E9E700BFF84B01202DE9F74F42
:10E9A00004460190002860D0C5794FF000080C356E
:10E9B00005441FF0B3FD464600904FF4A47A40464C
:10E9C0002B4FBA7B5FFA88F94A4517D90AFB09FB36
:10E9D0003A685A44916A4B0744D5B2F89820C2F37A
:10E9E0000B02002A3ED0E279C2F14502D2B2032ADC
:10E9F00015D8022015F0EDFA044640B9002300981E
:10EA00007B821FF086FD304603B0BDE8F08F0146E3
:10EA100001A815F001FA0020E5790C3525440422FF
:10EA20000123002112FB003305F82090E9543B68D4
:10EA300002FB005C5B44B3F8983001368CF802307E
:10EA4000032312FB0032A9543B6801305B44B3F846
:10EA50009820C0B261F30B02A3F89820E379F6B2D4
:10EA60000433E37108F10108ABE70646CBE700BFCA
:10EA7000F84B0120F7B5684601F0E2FA00254FF4A3
:10EA8000A477124EB37BAB4201DC03B0F0BD346817
:10EA900007FB0544A36A03F00503042B13D10522E9
:10EAA000694604F1490014F0C9FD60B10121204616
:10EAB00018F0ACFD38B9012015F08BFA014610B101
:10EAC000204602F03BF90135DCE700BFF84B01209E
:10EAD0002DE9F04F31280C4685B000F093810AD81B
:10EAE000022800F0E380032800F0E680012847D0E8
:10EAF00005B0BDE8F08F322800F0EE803328F7D162
:10EB000001F1A40015F0B8F894F846310390013BE8
:10EB100084F84631437903F00A03082B20D1B4F876
:10EB2000983004205A1C62F30B03A4F8983000F0CC
:10EB30002FFFA8B12046FFF7E3F880B216F030FEB1
:10EB4000002800F057814188AB4A937C0B44DBB22C
:10EB50009374127D9A4203D84FF0806009F0C8FB8D
:10EB600003A815F06BF8D4F8A8301BB9D4F8AC3072
:10EB7000002BBDD04FF480512046FFF7D7F8B7E700
:10EB800091F8993008466FF3071381F8993016F021
:10EB9000F1FD84F83101204615F08EFEB4F9340100
:10EBA000FDF7E6F8954B20461D68FFF7A9F885F8B4
:10EBB000250094F8343085F82030002385F8213082
:10EBC00085F82330E26A94F8933002F4C062B2F51B
:10EBD000C06F03D10433FF2B28BFFF2385F82430F7
:10EBE00063684FF400306B60A36ADB0742BF636C5D
:10EBF0009B08AB6000F0CCFE00284CD0FEF716FA64
:10EC0000D4F82831E8602B6194F831317A4E6B7674
:10EC1000D4F82C3105F12C076B6194F830312B7648
:10EC2000637D85F8223017F068FC384617F0FDFA4E
:10EC3000B06817F067FC0023A8620393D4F8A4001F
:10EC400003A917F055FD48BB212000F087FDD4F83B
:10EC5000A83013B9D4F8AC3023B14FF4805120461A
:10EC6000FFF764F8042000F093FE00283FF440AF63
:10EC7000B37C002B3FF43CAFF37C327E0133DBB23C
:10EC80009A42F3743FF634AF4FF0806005B0BDE8B0
:10EC9000F04F09F02DBBFEF761F8B1E7039817F0CC
:10ECA00031FC0146384617F0C8FAC7E7084605B0F8
:10ECB000BDE8F04FFEF7C2BF91F89930C3F30312DD
:10ECC000013262F3071381F899300021204605B024
:10ECD000BDE8F04FFFF79CB8002603A80396FCF7A9
:10ECE000E9FB2046FFF70CF8C0B215F03FFD0546E2
:10ECF0002046FFF705F8039B29460193B4F84030FE
:10ED000082B200930220334615F02CFD03998B79D3
:10ED100003F10C050D44AA7A0A3312F0200F14BF38
:10ED20000322022213448B71E36A5F050FD5AB7A8D
:10ED3000EA7A204643EA022217F03CFE38B903A8DB
:10ED400014F07CFF3D21204617F011FAD0E6A36AAB
:10ED500095F80AB01E0603990BF00302C3F3C01026
:10ED600012D5032A8B79EAD10B441A7B3A2AE6D8CA
:10ED7000234BD340D807E2D54B79204643F002031A
:10ED80004B7101F0FBFCB3E6032AF5D04B790BF095
:10ED9000030B60F341034B71084695F8069095F913
:10EDA00005A014F0D7FF039E0746B5792046063D1F
:10EDB000EDB2B571FEF7A4FF0C35C0F3032306EBEB
:10EDC000050843EA0B1388F803303346FFB288F88E
:10EDD0000200A8F8047006F805A088F801905A7996
:10EDE0006FF341025A711B68002BF8D1304615F0C1
:10EDF00053FE7DE60121A7E6F84B0120904C01204F
:10EE00007C2C0200344B8E8F1D68360195F8203023
:10EE100081F834308B6BE08FB6FBF3F6B1F8A010BD
:10EE2000B3B21B1A994295F821204CDCD1064CBF95
:10EE30000021022194F8310117F0F1FC95F82130FE
:10EE4000DB071BD5A36ADF0706D52B682046636066
:10EE500004F1440118F0AAF995F82130D80602D43B
:10EE6000A36AD90606D4A4F8A060204695F9271015
:10EE700016F0B4FCA36A43F01003A36295F82020B7
:10EE8000E36A92064CBF43F0010323F00103E362FF
:10EE900095F821309B0606D52046FEF731FF01216B
:10EEA00080B216F088FC95F82130204603F012035A
:10EEB000122B0ED116F0B8FC95F82610204616F04D
:10EEC000B1FC012102E79207B8D5032194F8310182
:10EED000B2E716F0A8FCEFE7904C0120012838BFFC
:10EEE0000120012938BF0121014B1875197670479F
:10EEF000F84B01200138C0B203289ABF014B185CBF
:10EF000000207047F6030308431E012B05D9022990
:10EF100002D8024B585C704700207047F303030887
:10EF2000431E042B054A07D8052808BF03200621E5
:10EF3000431E01FB0320704710467047200403085E
:10EF4000014B53F820007047FC03030810B560B173
:10EF50000022074CD3B2013354F8231013468142E8
:10EF600002F10102F6D2D8B210BD0120FCE700BFC9
:10EF7000FC030308024BDB6993F87F00704700BF76
:10EF8000684D0020024BDB6983F87F00704700BFAB
:10EF9000684D002070B51646028B04468A420D4625
:10EFA0001DD2438B23B90EB1D5B23570206970BD27
:10EFB0000C4B0169184614F073FB0346208B616902
:10EFC0002D1A1844638B9D42A8BF1D46EAB214F067
:10EFD00067FB16B1238B1D443570024870BD002EAF
:10EFE000E3D1E3E7135B0120034B5B6A13F0060FE9
:10EFF0000CBFE220F1207047304A012008B5FDF730
:10F00000F3FF054B834206D1FCF7AAFABDE808409E
:10F01000002000F019BB08BD304A012070B51E4C1D
:10F020001E4800F011FB94F8603094F86120002134
:10F03000C82017F0F5FB014604F1580015F00CFC50
:10F0400004F1580017F0F6FA00221146104615F0A8
:10F050009AFB66686664FCF715FB0246FFF7C4FF7F
:10F06000B61AB6F5FA6F05460BDCFDF777FE627D42
:10F07000A0F5E171284617F012FBBDE87040FCF7DF
:10F080004DBA6668FDF76AFE3146A0F5E172637D10
:10F09000284617F0E6FAF0E7304A01200DF40008A0
:10F0A00010B5FCF75DFAFDF75FFE40F2EE239842E3
:10F0B0000FDDFFF799FF0446FDF750FE084BA0F562
:10F0C000E1715A7D204617F0EAFABDE81040FCF7DE
:10F0D00025BAFDF703F9BDE81040002015F03DBF4B
:10F0E000304A0120F7B5104C064694F851500F46AF
:10F0F0002DB10020013D84F8515003B0F0BD0B4B01
:10F1000002201B685978FCF731F894F84C303A46E5
:10F11000CDE9005331460323206B15F04FFF206BE0
:10F1200000F0DEFD0120E8E7304A01204C4C0120D0
:10F13000094A02F1240353E8003F43F0080302F1B7
:10F14000240040E800310029F3D1044B01201B6862
:10F150005978FCF721B800BF304A01204C4C0120FF
:10F1600070B50A4C636A5B070DD58B790C33CD18EB
:10F1700050B9E879CE58298917F0B0FA0644A66349
:10F180006B7984F8503070BD0120F3E7304A0120DC
:10F190002DE9F04F16468DB0021E069108BF0021E2
:10F1A0001F46964B0592DD6A5B6AAC7938460C3493
:10F1B0002A5DC3F3801B61F345122A55314603F0E3
:10F1C0004002039215F0D2F805EB04080790285D81
:10F1D00008F108094946C00915F0C8F8039B8246A2
:10F1E000002B44D1002844D115F0BEF880F0010373
:10F1F000DBB25A463146384603F0010317F096FA5F
:10F200000490002800F08A80039B002B33D1BAF1D0
:10F21000000F75D1079B002B72D015F096F80028CF
:10F220006ED001220AA90DF1270015F0A1F80028DF
:10F2300074D09DF827302A5D591E4B424B41B3EBE9
:10F24000D21F6BD1062248460AA914F0F7F900280C
:10F2500064D13368C8F80830B388A9F804302B5D4E
:10F2600067F3C7132B554FF0000AD34619E001236B
:10F27000BFE7039BBDE7614B5B6A13F4007A1CD1C7
:10F2800015F804B0CBF3801B504615F076F83368C0
:10F29000C8F80830B388A9F804302B5D67F3C713AA
:10F2A0002B55059B554E002B3ED196F8B530002BC3
:10F2B0003AD0013B86F8B53030E015F043F800282D
:10F2C00006DA15F804B04FF0000ACBF3801BDBE739
:10F2D00000221146104615F045F815F804B0824694
:10F2E000CBF3801B0028CFD0002302211A4608EB65
:10F2F000010015F03BFE2B5D60F386132B55C3E731
:10F300007A1E57422B5D5741B7EBD31F06D1062219
:10F310003146484614F092F90028A4D00023049303
:10F3200004980DB0BDE8F08FFCF7ACF9F36A00F17A
:10F3300096019A7908F10E0013441A6B059B00930D
:10F340009DF8583016F0B2FF2D4B059A07461B6802
:10F35000A2B959780220FBF709FFF06A00F0C0FC5F
:10F36000F36A9A7913441F63FDF73EFE254B8361D0
:10F37000069BBBB9736A23F4806316E0D979002039
:10F38000FBF7F4FEF06A00F0ABFCF36A1E489A79D2
:10F3900013441F6300F058F9069BC3B9736A23F442
:10F3A000806317E0736A43F480637362039B9BB1CD
:10F3B000BAF1000FB4D0002359461A4608F10200F2
:10F3C00015F0D4FD2B5D60F386132B55A8E7736A07
:10F3D00043F480637362EBE72B5D0022C3F3C01339
:10F3E00049460AA88DF8283014F0C2FF2B5D9DF81D
:10F3F000282062F3C7132B55DAE700BF304A0120FB
:10F400004C4C0120F9480208E1F500082DE9F04FC5
:10F41000532885B018D005D8512800F0D28005B007
:10F42000BDE8F08FA0F15503012BF8D8553818BF6F
:10F4300001200121FDF7E2F8FCF750FF002005B0A4
:10F44000BDE8F04F15F089BD002503A84FF0FF314E
:10F450000395FCF753FA03985F4E58B1FDF7BEF9D8
:10F460000828804603D85D4B1F5C380709D403A8E1
:10F4700014F0E4FB736A13F0060F20D0FFF710FEC0
:10F480001DE0B8F1070F21D1726A12F48012EED19B
:10F490003046039915F027FA0028EBD015F02EFA24
:10F4A00068B1FCF71BFF40F27122B6F84A305343B3
:10F4B000F26B9A4203D201210846FCF7FBFF0121BF
:10F4C000084605B0BDE8F04FFDF798B8039CFDF77E
:10F4D0004BFC736A814613F0040343D017F0020318
:10F4E00040D0A0F56E73002B0DDD0120A2790C3207
:10F4F0002244917A0090C1F380130C32C1F3401181
:10F50000FFF746FE05462046FCF728FA2146012073
:10F51000FFF726FE736AD9072ED503F0800A94F808
:10F5200006B014F021FF0BF10C0BA34480F0010393
:10F530009BF80A00BAF1000218BF0122DBB20BF1FE
:10F540000C01C0F3801017F0F1F868B155BB736A75
:10F5500020469A073AD5FB0712D47B0739D5FDF729
:10F56000A1F887E71D46CEE7BAF1000F04D1514656
:10F5700014F000FF0028E9D02046FBF7E5F81CE076
:10F5800018F035FB70B1A9F21659B9F1000F09DD79
:10F59000A0790C302044817A0C30C1F38011FFF740
:10F5A000A1FD0546B8F1040F02D1736A9907E3D5AE
:10F5B0007A07E1D52046FDF775F8002D7FF47FAF7F
:10F5C00058E705B0BDE8F04FFFF7B2BDB8F1040F42
:10F5D000C3D1FBF7B9F84DE7304A012073040308A3
:10F5E000512808B50BD1084800F02EF80122074B2E
:10F5F000104693F95010BDE80840FDF7CFBABDE8BA
:10F600000840FFF703BF00BF0DF40008304A012097
:10F610000022024BC3E90022704700BF404C01208A
:10F6200010B5074C24220021204614F031F806239F
:10F630002384044BE36100F029FB9430206010BD6B
:10F640001C4C0120CF64020810B504461EF05DFF7B
:10F650000022044B5C60044BBDE81040DA611EF0F0
:10F660004FBF00BF404C01201C4C0120024B03EB5C
:10F6700080035960704700BF1C4C0120034B03EB13
:10F6800080035868003818BF012070471C4C0120C7
:10F6900010B504461EF039FF0022044BDC61044B18
:10F6A000BDE810405A601EF02BBF00BF1C4C01206B
:10F6B000404C012070B5C6B2212E0446144D10D125
:10F6C000FBF782FD230CC4F3074405EB84042B8471
:10F6D0006368EB61EB69CBB130462968BDE87040E7
:10F6E0001847222EF6D11EF019FFEB69044633B1FC
:10F6F0000020FFF7CDFFFF232B84FBF7B5FF00F0C1
:10F700000FFA2046BDE870401EF003BF70BD00BF79
:10F710001C4C012038B5104B04461A7812B1002257
:10F720001A7038BDC5B2FDF75FFC68B1C38AB3EB90
:10F73000144F0BD1312D02D1012015F0AAF8284623
:10F74000BDE83840FDF746BCFF23F0E72846BDE89A
:10F75000384016F09FBE00BF404C012038B5A0F1E4
:10F7600021030E2B04461AD8FDF73EFCA8B3C08A2D
:10F77000FF2832D0212C4FEA004508D1002015F097
:10F7800088F845F02100BDE8384000F045BA222C49
:10F7900044EA0500F7D1BDE8384016F08EBEA0F16E
:10F7A00031031E2B0ED8114B188C44EA004000F098
:10F7B00047FA312C11D10020FFF76AFFBDE838402D
:10F7C00014F0F7BFA0F111030E2B06D8132C40F450
:10F7D000C02003D006D9142CD5D038BD0122044B4B
:10F7E0001A70D0E7BDE8384000F02ABA1C4C01205E
:10F7F000404C01200B4A10B5D36904461BB1116877
:10F80000BDE810401847084B5B6813B1BDE81040D5
:10F810001847FDF7E9FB014618B183690BB1204693
:10F82000EEE710BD1C4C0120404C0120024B186932
:10F8300008B108F05DBD7047884D00200C4B73B5D2
:10F840001C6804B10C3400250A4B68461E683560FC
:10F8500000F020FA009B20467360FBF765FC284609
:10F8600016F096FD024802B0BDE8704014F0E6B90B
:10F87000484C0120904C0120002310B5424A02F16F
:10F88000100151E8001F02F1100C4CE80034002C6C
:10F89000F5D140EA0104A00201D5FDF7D9FA210112
:10F8A00001D5FBF7A3FEE20301D500F06FF9002CB0
:10F8B00001DAFCF7FFFA630001D5FDF73DF8E0003F
:10F8C00007D5FDF767FE20B94FF080512F4816F09D
:10F8D000B7FD610107D516F0F5FB20B94FF0806147
:10F8E0002A4816F0ADFDA20105D516F097FFFFF7E7
:10F8F000C1F815F006F8E30108D514F0F2FF072867
:10F9000004D14FF08071214816F09AFD600201D5B4
:10F9100014F0CCFF210201D514F026FFE20207D536
:10F9200015F039FF20B94FF48011184816F088FD02
:10F93000A30507D500F0B8FE20B94FF400711348B5
:10F9400016F07EFDE00507D5FEF7F4FF20B94FF471
:10F9500080710E4816F074FD610503D514F09FFF09
:10F9600014F09EFF220501D515F0EAF8A30309D58E
:10F9700014F09AFF30B9BDE810404FF4003103484D
:10F9800016F05EBD10BD00BF884D0020984D0020D0
:10F99000014B1B6818407047884D002010B5044B80
:10F9A000D3E9064204430A43C3E9064210BD00BF3F
:10F9B000884D002038B50546354CFDF7DFF90021AC
:10F9C0002022204613F064FE4CF20C000021FFF7C9
:10F9D000E5FFC5B1AB684FF6FF720020698B23606D
:10F9E000FEF788FC022014F0F4FA2A4B1860002875
:10F9F0004BD02B460C3005F1200253F8041B9342E8
:10FA000040F8041BF9D1244B2448A360002323733E
:10FA1000FAF7D0FE00F0BEFB2846FBF7C9FE04460D
:10FA200070BBFBF74FFB20B14FF480700021FFF754
:10FA3000B5FFFBF74DFB20B14FF400600021FFF74D
:10FA4000ADFF2DB1B5F91210B5F91000FCF7A8F90A
:10FA500016F0EFFE00F0B8FA01F0CEFC044678B9DB
:10FA6000FCF710FA00F040F800F000F9FFF7D0FDC5
:10FA700000F074F830B900F077F8044616F03DFD58
:10FA8000204638BDFFF7DAFEF8E70124F8E700BFAB
:10FA9000884D0020484C01202DF800088C4D002096
:10FAA000014BD3E906017047884D0020054B9B6947
:10FAB000DA054CBF032001201B0548BF40F00400BD
:10FAC000704700BF884D0020014B1860704700BF91
:10FAD0004C4C01202022034BC3E900229A600022F3
:10FAE0001A767047744C012038B50025094C0A4B32
:10FAF0001C2229462046C3E9005513F0C9FDFFF733
:10FB0000E9FF30230122C4E903336361034B6576C7
:10FB10001A7038BD744C0120504C0120CA6001207D
:10FB200008B51EF0FBFCFFF7D5FF3023084A094952
:10FB3000D36013615361CB600B614B61002353763B
:10FB400001224B76044B1A70BDE808401EF0E1BC60
:10FB5000584C0120744C0120CA600120014B1878D8
:10FB6000704700BF565B012010B5044C23781BB9C9
:10FB700016F0A5FC01232370002010BD565B012068
:10FB8000014B1868704700BF504C01202DE9F0412F
:10FB90001EF0C4FC1C4F80463B7843B94FF48030C4
:10FBA00008F0A6FB4046BDE8F0411EF0B2BC174E7F
:10FBB000174C35460FCD0FC495E80700002584E8A3
:10FBC0000700FFF787FF30234046C6E90333736120
:10FBD00075763D701EF09DFC0E4E103CE06830289E
:10FBE00004D07368C6E90030FFF794FD54F8040BA5
:10FBF000202801D0FFF75EFD0135EDB2032DEDD1D8
:10FC000001233B70BDE8F081CA600120744C0120E3
:10FC1000584C0120504C012010B504461EF07EFCCB
:10FC2000064A137E42F82340013313761EF071FC1E
:10FC3000BDE810404FF4803008F05ABB744C0120EE
:10FC400010B504461EF06AFC074A537E02EB83019E
:10FC50000133CC6053761EF05CFCBDE810404FF4DD
:10FC6000803008F045BB00BF744C0120F422002115
:10FC7000014813F00DBD00BF944C0120014B024A16
:10FC80001A607047904C0120284D012000487047B1
:10FC9000944C0120024A02604FF4007242607047A7
:10FCA000884D0120014B186E80B2704700C001B82A
:10FCB0000A4BD86800F07060B0F1106F0CD008D813
:10FCC000B0F1E06F08D0B0F1006F14BF0020012048
:10FCD0007047B0F1406FF8E701207047000002B8AC
:10FCE00038B5044680790C4D0C30204414F04DFD9D
:10FCF0000123A179E279521A0C3121442869D2B248
:10FD00001CF066FC246804B938BDA179E2790023AF
:10FD1000521A0C31F1E700BF684D00202DE9F04F79
:10FD200087B0074692469B46ADF80C1014F012F8C7
:10FD3000B0F1000945DD1EF0F1FB0290002F43D029
:10FD40003C464FF00008294EA279E57902F10C01FA
:10FD5000AD1AEDB2214406EB08002A4613F0A0FCD0
:10FD60002468A844002CEFD19DF80C1020484A4686
:10FD700001F023010DF1140900915B46C0F808A0C1
:10FD80001A49CDF804901EF098FDBA469AF806304C
:10FD90009AF8075003F10C00ED1AEDB231195044F6
:10FDA0002A4613F07DFCDAF800A02C44BAF1000FCB
:10FDB000ECD102981EF0ADFB04224946384614F0FF
:10FDC0006AFA07B0BDE8F08F9DF80C1008484A4663
:10FDD00001F023010DF1140900915B46C0F808A061
:10FDE0000249CDF804901EF068FDE2E7884F01203B
:10FDF000345F01202DE9F04784B090469946039086
:10FE0000ADF8081013F0A6FF071F002F25DD039D96
:10FE1000002D40D04FF0000A204EAB79EC7903F171
:10FE20000C01E41AE4B2294406EB0A00224613F05E
:10FE300037FC2D68A244002DEFD11948F119C0F804
:10FE4000088001919DF808104B4601F023010091B4
:10FE50003A4612491EF025FD18B1002004B0BDE855
:10FE6000F087039D7DB10746AB79EC7903F10C0077
:10FE7000E41AE4B2F1192844224613F011FC2D686B
:10FE80002744002DF0D103A8042114F005F8012027
:10FE900004B0BDE8F087014ECFE700BF884F0120D6
:10FEA000345F012030B514460D460246064883B043
:10FEB000019580218360234600941EF00AFDB0FA6C
:10FEC00080F0400903B030BD345F01200023F0B55D
:10FED0000E46D1688BB009BA0291C17890F800C083
:10FEE00061F3070381781A4D61F30F23417802AF64
:10FEF00061F317436CF31F630993936851681BBA4E
:10FF00000393836809BA1BBA0793136842681BBA44
:10FF10000593C36812BA1BBA06AC0491AF6008928D
:10FF20000693234680222946012000941EF0D4FC2B
:10FF30000028F6D1DDE90810DDE9063200BA09BA79
:10FF400012BA1BBA30607160B260F3600BB0F0BDE2
:10FF5000345F01202DE9F84FDFF868908246D9F828
:10FF600000B088461746BBF1000F28D0002699F84C
:10FF70000450B54207D13D7099F80400A84214BF5F
:10FF80000120022017E074196110C1EBC10159442E
:10FF90008879C4F3470400F00100B8EB000003D1F6
:10FFA0000622504613F04AFB002806DB02D0661CEE
:10FFB000F6B2DEE73C70BDE8F88F2546D9E70320AE
:10FFC000F9E700BF985001200022014B1A717047D9
:10FFD00098500120F8B505461EF0A0FA104C85F3A4
:10FFE000070563790646AB4205D1002430461EF072
:10FFF00090FA2046F8BD002720686571277110B17E
:020000040801F1
:1000000014F090F927606379002BEED0C5EBC500A2
:10001000FAF7C0FD20600028E7D160710724E5E70A
:10002000985001204840704700EB0010084480B20F
:10003000704700BF90FAA0F000BA80B2704700BFCE
:10004000044BD3F8012002605B7903F01F030371B6
:10005000704700BF575B0120234B2DE9F041002979
:1000600014BF0C461C4600250646174613688AB086
:10007000C4F801301379257063715FFA85F8414641
:10008000384616F0C0FB38B1237803F128026A44E1
:10009000013302F8288C23700135252DEDD194F819
:1000A00000803EB142466946A01D13F0F9FA0AB03D
:1000B000BDE8F081B8F1000FF9D00534F5B229465A
:1000C000384616F0A0FB40B9B5FBF8F308FB135512
:1000D0000AAB53FA85F515F8285C0136252E04F88D
:1000E000015FEBD1E3E700BF575B0120034B002822
:1000F00018BF03460B449879704700BF575B012037
:10010000F8B50D4682EA124296B2314603462846B9
:10011000FFF788FFFFF78EFFFFF786FFFFF78AFFE5
:10012000FFF782FFFFF786FFFFF77EFF0546FFF729
:1001300079FF164C002B14BF1F4627460446144B6C
:10014000781CA3FB0423E21A03EB52035B0903EBC5
:10015000C30203EB8203E41AE4B2214616F053FB18
:1001600040B93B786E40B6B206FB03F307EB13478A
:10017000B879F8BD7B1D2A3701E09F4204D013F8FF
:10018000010F8442F9D1F4E72046F8BD575B012006
:100190004D91CFBA104B1A7842F0F0021A701A7CC7
:1001A00042F0F0021A7493F8202042F0F00283F833
:1001B000202093F8302042F0F00283F8302093F8AA
:1001C000402042F0F00283F8402093F8502042F0A3
:1001D000F00283F850207047A05001200368054AC0
:1001E00023F07F6323F4002302EAC1421343036038
:1001F000704700BF0000F80FF8B54488054604F0CA
:100200000704072C1C4E28D11EF088F9002211018A
:10021000735C06EB02171B090F2B0AD00132062A6A
:10022000F5D1164A1388013313801EF072F9192094
:10023000F8BD2B6894B27B80112373541EF069F9CA
:10024000FBF720FA06EB0413D8602B68002023F498
:10025000E02343EA04432B60EAE72301F15CC1F3A6
:100260000312013202F00F02052A28BF002262F3B6
:100270000711F154E4E700BFA050012064560120AB
:1002800038B54488054604F00704072C0FD01EF04B
:1002900045F9074A2401135D43F0F00313552B6819
:1002A00043F4E0232B60BDE838401EF032B938BD7E
:1002B000A05001202DE9F0474588074605F00705C5
:1002C000072D894637D01D4C4FEA051814F80860F1
:1002D000FBF7D8F904EB051ADAF80C30360906EB0F
:1002E000C506C01A04EB4606708014F8083003F007
:1002F0000F02042A9EBF013262F3030304F80830A0
:10030000B9F1030F14D114F8081004EB0514A01C64
:1003100001F00F0117F002FC04461EF0FFF83A68E6
:10032000074B134023433B60BDE8F0471EF0F1B894
:100330004FF6FF74F1E7BDE8F08700BFA050012041
:100340000000FF7F242816D80F2805D802280CD8D3
:10035000B0FA80F040097047084B103880B2C340B3
:1003600003F0010383F0010070470538012894BFB2
:100370000020012070470120704700BF2D20110090
:100380002DE9F04F95B0FBF789FD42F236038679EF
:1003900005460C3630F80680841998450ED1FBF7D7
:1003A0007DFD022113F01AFC7F22A3780233A37093
:1003B000AA55002320222377627063770121E07819
:1003C000FDF718F800230546ADF84630002800F088
:1003D000C080CDE91233E288237AADF848208DF849
:1003E0004A30B4F80920E37AADF84C208DF84E304D
:1003F000A288E37802F01C01FE2B4FF6FF7308BFC2
:100400004FF480431C2922D0DDE91201884203D831
:100410001F2801D999421AD941F21105FBF744FD71
:100420000446EAB20123414614F070FAA3791C4451
:10043000BDF94630002BB4BF6FF00402052213440F
:100440000A2293FBF2F3A37415B0BDE8F08FD30634
:10045000E67D677E19D5012E14D1237B013B062B47
:10046000DAD8E07814F023FA18B1A088FFF76AFF11
:1004700040B1394B277F1B7823B3042F02D8637F09
:10048000042B24D941F21205C8E706F0FD03012B25
:10049000C2D17B1EDBB2022BBED8237B013B062BD5
:1004A000BAD8FFF703FB032E08BF04260640F6B2B6
:1004B000002EB1D0032F08BF04273840C0B2002857
:1004C000CFD1A9E7002FA7D1637F002BA4D1E07D76
:1004D00094F91630032808BF04207F2B08BFC823D7
:1004E000667B94F81DB018BF03EB83030E96A67BC2
:1004F00018BF5B00E188B4F8092094F80CE094F888
:10050000159094F818A00F96ADF84630667EA38833
:10051000CDE90B7BE77E032E08BF0426003F18BF02
:1005200001270A9704F10F0CA47ECDE9060A0DF10C
:100530004600CDE904900F98DBB201900E98CDE90A
:10054000086400902846CDE902CE14F0CBFD0546A4
:1005500064E741F2070561E7825B01202DE9F04184
:100560001D4690460E460746FEF704FDFEF7E8FCE2
:1005700004464046FEF7E4FC194B04449D4225D94D
:10058000184B9D4215D9184B013D93FBF4F3002BFA
:10059000B8BF03339A1005EBA305B5FBF2F37968F6
:1005A0003268A1EB930102EB430279603260BDE84F
:1005B000F0810E4B0E4AA3FB05535B0904FB03F3CA
:1005C00003F6C313A2FB0323DB0AE8E704FB05F3EE
:1005D000084A03F574338F33A2FB03231B0CDEE7B9
:1005E0004C6210001366660640420F001F85EB51F7
:1005F0005917B7D183DE1B43024B1A68026018609B
:10060000704700BF045101200022024B1A6000F025
:100610000DBA00BF045101202DE9F843064615F03C
:100620001EF90446002835D045784DB91DF076FFF7
:10063000237863701B4B1B68257063601DF069FF96
:100640004FF00108677837B923781BB34FF4007077
:1006500007F04EFE1EE097FAA7F5B5FA85F508FA01
:1006600005F55FFA85F9636833B90E4B27EA05058E
:1006700065701B686360E5E79B681BB963681B686E
:100680006360F0E7494630469847012805D1636822
:100690001B6863600120BDE8F8830228EED10020CA
:1006A000F9E700BF0451012070B500250D4EFDF79C
:1006B00063FDA84201D8012012E03068FDF70CFB71
:1006C00050B93468FDF758FD0134B4FBF0F303FB77
:1006D000104401353460EAE7FFF79EFF0028F0D1AF
:1006E00070BD00BF0051012010B50446837903445A
:1006F0001B7B3A2B96BF044AFF21D15C13F06EFAA4
:10070000A0790C30204410BD38040308F8B5174612
:1007100006460C461D4615F097F8020713D5022130
:10072000304615F0DFFC70B11121204616F0CEFDE9
:100730002046FFF7D9FF4570877021463046BDE857
:10074000F840FDF7F7BF29200B49C5F12002A5F1BC
:100750002003E94000FA02F220FA03F3114319439F
:10076000CB07E1D40D21204616F0B0FD2046FFF75F
:10077000BBFF4770E1E700BF000040842DE9F34173
:1007800005460C46019115F059F8030705D501A857
:1007900013F054FA02B0BDE8F081019FBE790C3627
:1007A000BB5D3A2B18D8164A12F80380B8F1FF0F38
:1007B00012D0384613F0CEFA013840450CD1114B17
:1007C0001E6896B921462846A37923441A7B02B0B5
:1007D000BDE8F04116F08EBD019813F02FFA2846BF
:1007E000BA5D019916F086FDD4E773680BB93668D7
:1007F000E7E72146284698470028F8D0CAE700BF17
:10080000380403080451012037B504460D46082179
:1008100015F016F82946204615F04FF8214601201C
:1008200016F00FFE2146002016F00BFE01200023DB
:100830002146034A009016F095FD03B030BD00BF7D
:100840002172020837B5044616F077FF03212046CF
:1008500015F036F80025034621460120034A00958D
:1008600016F080FD284603B030BD00BF2176020897
:100870002DE9F74F80460F4614F0E6FF10F480167E
:1008800051D1022013F0A5FB054600284DD0BB79BD
:1008900031460C333B44B3F80490B3F806B0B3F8D8
:1008A00008A016F013FD2846FFF71EFF022104469C
:1008B000404615F005F8A4F804906081A4F806B04D
:1008C000A4F808A013F020FF09F10109B0FBF9F327
:1008D00003FB1900022360806370AB79BB71EA7976
:1008E00003F10C00FA71D21AD2B22918384412F06E
:1008F000D7FE4146012014F098FF1022C76063899B
:100900004146012000920A4A16F02CFD4FF4803136
:10091000404614F09BFF4046294616F0D5FC304671
:1009200003B0BDE8F08F2320FAE70720F8E700BF07
:10093000777702082DE9F34104460D460146012070
:1009400014F073FF01210746284616F0BFFC284625
:10095000FFF7CAFE064600F101084046FFF770FBAC
:10096000D6F801300221C7F8123073792046BB75E2
:1009700014F0A6FF29460746F080204616F0A4FC96
:1009800020232146009301203B46034A16F0EAFC4F
:10099000002002B0BDE8F081077702087FB5044669
:1009A0000D4614F04BFFC2073BD5204614F04CFF18
:1009B000430715D5002320461A460DF10F0115F007
:1009C000A1F99DF80F30062B0AD82846F9F7BCFE8E
:1009D000012200232046FDF7FDFD002004B070BD7C
:1009E0000E21284616F072FC2846FFF77DFE0646CB
:1009F000FFF756F8C6F80510FFF752F82946C6F873
:100A00000100204616F060FC0321204614F058FF38
:100A100000220346009221460120034A16F0A2FC60
:100A2000DBE70821DDE700BF2576020810B5054C9D
:100A3000054A2046054916F0E4FD2046BDE8104071
:100A4000FFF7DABD08510120F5770208AD0B010868
:100A50002DE9F04191F806800F4686B008F10C08A8
:100A60000391044601EB08060146012014F0DDFE67
:100A700017F808300546023B0F2B00F28E80DFE8A6
:100A800003F0088C8C8C8C638C6D8C8C2D5C8C8C26
:100A90008C4D1DF043FD71780546204614F00DFF86
:100AA0000821204614F0CCFE2146012016F0C9FC96
:100AB0002146002016F0C5FC0123009300232146A7
:100AC0001846374A16F04EFC03A813F0B7F828462C
:100AD0001DF01FFD012006B0BDE8F081B38820465F
:100AE0007288717815F0F9F8204614F0ADFE83078E
:100AF00008D42046039916F020FE0121204616F066
:100B0000CDFBE7E7AA68274B9A4203D12146012093
:100B100016F067FC03A813F091F8EEE7836843B181
:100B200003AA0492B27803218DF8142004AA204667
:100B3000984703A813F082F8CCE78368002BF8D01D
:100B400003AA04927278EEE78368002BF1D00022AA
:100B5000059203AA0492042104AAE8E7039D214612
:100B60000120AE7914F061FE0F4B82689A4203D0E7
:100B70002846F9F7E9FDADE7AB19D3F80D2020467B
:100B8000D3F81130FDF726FD2846F9F7DDFD2146A3
:100B9000012016F026FC0221B0E700209BE700BFF1
:100BA0002F77020821760208257602082DE9F34105
:100BB0000D46044614F042FE10F0010FAB7974D0DC
:100BC0000C3315F80380EE18B8F1010F4AD0B8F1D4
:100BD000080F42D0B8F1000F5AD12046718916F0A3
:100BE000AFFBB38872889A4294BF07460027092B4F
:100BF00038BF09237278013B9BB29A4219D8002A68
:100C000008BF00272046FDF77BF880B214F0C8FD2E
:100C100088B14388B18800930846F388328916F07A
:100C2000D5FA50B92846F9F78FFD012002B0BDE88A
:100C3000F0814746E6E70123ECE7002FF2D021469A
:100C4000002014F0F2FD1023C560009373891B4A45
:100C50002146002016F086FBE7E72946204616F0DD
:100C600004FDE2E72046F18816F06AFB0746701C97
:100C700015F0EDFD0028D5D0002FD3D0214600205F
:100C800014F0D3FD2023C5600093F3880C4ADFE7FE
:100C90002946204614F037F90028C6D129462046B7
:100CA00002B0BDE8F041FFF7D3BE2B441B7B0E2BF7
:100CB000D3D02946204614F015F9EDE777770208DE
:100CC000BF76020838B504460D4614F0BDFD420754
:100CD0000FD4204614F0B8FD83070AD42046022121
:100CE00014F0B4FD29462046BDE83840034A16F00A
:100CF0001DBC2846F9F728FD002038BD450801082D
:100D000038B504460D4614F099FD00F0050004289E
:100D10000CD1204614F098FD10F4C02F06D12946BE
:100D20002046BDE83840044A16F000BC2846F9F7D2
:100D30000BFD0C2038BD00BF71080108014A16F0F8
:100D4000F5BB00BF3509010870B505460C460146E4
:100D5000012014F06AFD0646284614F075FD0107CF
:100D600004D52046F9F7F0FC002070BD33685A0521
:100D7000F7D4284614F062FDC30708D5214628465B
:100D8000FFF7A0FF18B913F024F9044670B156E834
:100D9000003F43F4806346E80032002AF7D1214641
:100DA0002846BDE87040024A16F0C0BB0720DCE7C9
:100DB0009D09010873B504460E4614F03FFD00F08E
:100DC0000C0004284FF0020031D113F002F905465F
:100DD00078B34379022143F00203437116F076FAA7
:100DE0002846FFF781FC29464670204616F06CFA2B
:100DF0001621204614F061FD0821204614F020FD44
:100E00002146012016F01DFB2146002016F019FB9B
:100E1000204616F0C0FB0121204614F051FD034688
:100E2000012021460090044A16F09CFA002002B0EE
:100E300070BD0720FBE700BF4F7602082DE9F043A5
:100E400087B004460E4614F0FFFC00F4C060B0F515
:100E5000C06F06D1022013F0BCF8054610B9072078
:100E600053E000252146012014F0DFFC814696F86E
:100E7000068000F1120208F10C08B04408F10F03DB
:100E800008F11F0153F8040B8B4242F8040BF9D10F
:100E90000321304616F01AFA3046FFF725FC0A22E5
:100EA000074608F10501013012F0D8FB0C210DEBCB
:100EB000010000F0B5FA03AB03CBC7F80B00C7F88D
:100EC0000F10059B07F10B02C7F8133005B30A2179
:100ED000284616F0FBF92846FFF706FC294620466F
:100EE00016F0F2F940212046C9F80C6014F0A8FC75
:100EF0000321204614F0E4FC00250346214601208E
:100F00000B4A009516F02EFA284607B0BDE8F0838C
:100F1000204607F11303012115F0ACFC20463146B1
:100F200016F0D2F92046C9F80C5015F0BFFCDFE7E7
:100F30002F780208F0B589B00D46044614F07EFC07
:100F400010F00100AB7900F0A1800C33EA18EB5CE3
:100F5000033B082B00F23381DFE813F00900310175
:100F6000310182003101310131015C007C00D2F895
:100F70000100D2F8051003ABB2F8097003C302F107
:100F8000130301210B32204615F074FC042128467E
:100F900016F09CF92846FFF7A7FB06460C2105A88A
:100FA00000F03EFA05AB03CB3346C6F80100C6F8A5
:100FB0000510079A002143F8092F2046721C15F0EE
:100FC00059FC2146002014F030FC034603AA478355
:100FD00003CAC3F81200C3F8161020460821FCF714
:100FE000A5FE8021204614F02BFC204615F05EFC67
:100FF0002946204616F068F90321204614F060FCCB
:101000000346002021466F4A009016F0ABF90120FC
:1010100009B0F0BD0B21284616F058F92846FFF715
:1010200063FB2946204616F04FF91DF077FA054676
:10103000C021204614F004FC4FF48051204614F0E7
:1010400005FC28461DF065FA4FF48061204614F037
:1010500001FCDCE72846F9F777FB4FF40071F5E770
:101060000621284616F032F92846FFF73DFB2046B8
:1010700014F059FE2946204616F026F9204615F0B0
:101080003AFC2146002016F0ACF9C0E72B441B7B4C
:10109000043B072BBCD801A252F823F0BD10010875
:1010A000E110010843110108111001081110010895
:1010B0001110010811100108591101082046802162
:1010C00014F0BEFBAA7920460C322A4402F109032F
:1010D0000021013215F0CEFB2846F9F735FB96E7E3
:1010E0004FF48060FEF754FCB0B100274FF400616C
:1010F000204614F0ABFB2046CDE90577FCF700FE57
:101100000646204614F098FB39460346009505AA8A
:10111000B0B215F089FF7AE72146012014F085FB73
:1011200000F11201204615F0FBFB0621284616F0BF
:10113000CDF82846FFF7D8FA2946204616F0C4F81D
:1011400065E72846F9F700FB2146012016F079F9FA
:10115000204615F0D0FB5AE71DF0E0F90646802145
:10116000204614F06DFB4FF48051204614F06EFBC6
:1011700030461DF0CEF94FF4C061204614F06AFBF2
:101180002946204616F0A0F82146012014F04DFB18
:10119000C268054682B1937901210C331A4402F1E9
:1011A000130320460B3215F065FB204615F07EFB3D
:1011B0002046E96816F088F80023EB6027E7002056
:1011C00026E700BF2F78020810B5074C07492046D4
:1011D000002216F016FA2046FFF70EFABDE810407E
:1011E00001200021FEF7DABB14510120350F010860
:1011F00038B505460C4614F021FB00F00500042824
:1012000006D121462846BDE83840044A16F08EB97A
:101210002046F9F799FA0C2038BD00BF3D0E0108B1
:1012200038B50C468B7905460C331944E35C142B16
:1012300003D0152B0FD0002038BD013116F0CDFBA7
:1012400015212846224616F010FC2146284616F0A5
:101250003BF80120F0E70146012014F0E6FA0B4BC1
:1012600082689A4203D02046F9F76EFAF1E7A17935
:10127000284621440D3116F0B0FB2046F9F764FAF8
:101280002946012016F0ADF8E3E700BFBF7A020857
:1012900037B504460D460A46142116F0E6FB2946EA
:1012A000204616F011F80321204614F009FB3022E5
:1012B0000346009221460120024A16F053F800200E
:1012C00003B030BDBF7A020810B5074C074920466D
:1012D000074A16F096F92046FFF78EF9BDE8104050
:1012E00020200021FEF75ABB2051012021120108C5
:1012F000C37A020873B51E46ADF800208DF802309F
:10130000009B044601A801930D46114616F04FFBC1
:101310009DF80630B34203D1BDF804308B4205D0AE
:101320002846F9F711FA122002B070BD204614F0D9
:101330008EFB9DF80230827A9A4209D18288BDF8EC
:1013400000309A4204D12846F9F7FEF90020EBE775
:101350006946204614F034FF29462046014A16F01B
:10136000E5F8E1E7911201082DE9FF4107460E4635
:101370001446DFF838804346694638460A4AFEF785
:1013800091FD0028F7D0102C254628BF10253046A7
:101390002A46694612F084F9641B2F442E44EAD190
:1013A00004B0BDE8F08100BF935B0120835B0120A6
:1013B00030B589B020226946FFF7D6FF6A460C4D4A
:1013C00004AB144603CC9C4228606960224605F1B8
:1013D0000805F6D1074C08AD1A4603CAAA42206098
:1013E0006160134604F10804F6D109B030BD00BFB6
:1013F000835B0120935B012010B588B069462020F3
:101400000EF0DAFC044630B96846FFF7D1FF01223E
:10141000024B83F82020204608B010BD835B0120DA
:1014200070B5134B054693F820300C468CB00BB9C1
:10143000FFF7E2FF0023CDE90033CDE9023354B9D1
:101440001C22214605A8049412F022F904A8FFF7F3
:10145000AFFF0CB070BD102C264628BF10262946C1
:1014600032466846FFF780FF3544A41BE7E700BF1C
:10147000835B012010B5FCF77FFE06220121064B9D
:101480000138DB6840B20333040600D510BD02FB0F
:1014900000F401381955F7E72C51012038B5094DF2
:1014A0000446E86818B112F03DFF0023EB602CB150
:1014B0000621204612F033FFE86008B1002038BD55
:1014C0001920FCE72C510120820800F0030030B500
:1014D000430003290FD8DFE801F0020F1A2601208C
:1014E000591C144C00FA01F1984041EA0003A15C38
:1014F00021EA0303A35430BD01200E4C00FA03F58A
:10150000A15C03442943984021EA0003F2E701204B
:10151000084C00FA03F5A15C21EA05010344984058
:1015200041EA0003E6E70120024C00FA03F5A15C62
:101530002943F3E72C510120F0B5164C054694E8F9
:101540000700267C0127002485B001AB03C31A8065
:10155000C4F3C403EA5C04F0070307FA03F31A4276
:10156000E0B210D103210134FFF7AEFF252CEFD1FB
:101570000A22084901A812F061F848B105B0BDE897
:10158000F040FFF777BF012E14BF00213146EAE794
:1015900005B0F0BD2C51012008B5FCF7B1FB054B9F
:1015A00000B2DB6800EB400013F81000431E584205
:1015B000584108BD2C510120F8B50546FCF7A0FBA9
:1015C000144E03B2F26803EB43035F0002EB4303E4
:1015D000DA78F2B19A88B5F8801028460A449A80E1
:1015E0005B7803EB830303EB8303DC0014F0D7F990
:1015F00040F271234FF47A714343B3FBF1F3F26885
:101600009BB23A449188A4B24B439C42BCBF022394
:10161000D370F8BD2C51012070B50546FCF770FB66
:10162000074E04463146284600F050F838B9F268B3
:1016300023B203EB430302EB4303D870988070BDE1
:101640002C51012037B50446FFF7A6FF18B32046FA
:1016500014F0F4F8C3071ED5104D2B7C012B05D1D7
:101660006846FEF7EDFC6846FFF766FF2046FFF789
:10167000A3FF2046FCF744FBEB6800B200EB400000
:1016800003EB4003DB78022B05D1204603B0BDE815
:101690003040FFF7C1BF03B030BD00BF2C51012067
:1016A00013B5044615F010FE0321204614F008F986
:1016B00002220346009221460120034A15F052FE01
:1016C000002002B010BD00BFF37B020870B50646D3
:1016D00000200D4612F07DFC0446A8B1292115F02A
:1016E000F5FD2046FFF700F82B682146C0F80130D1
:1016F0006B68064AC0F805302B89A0F809303046DF
:10170000BDE8704015F012BF072070BDA11601089A
:101710000022034B1A609A80FF229A71704700BF23
:10172000C65B0120064A1379834207D90123126858
:101730008340134214BF01200020704700207047EF
:1017400040510120054A03461068002208B91A607A
:101750007047C10748BF01324008F7E740510120F8
:10176000F0B541EA002087B040F4902706200E46ED
:101770001546F3F74BF812F0D0FD044640B9014688
:101780001A2003F0BDF86FF08C05284607B0F0BDB5
:1017900043684761DAB222B923F0FF0343F0010343
:1017A000436010F005F80002062E1C4B40F00100CB
:1017B00060600CBF40F201114FF48071204616F0BA
:1017C0002CFAE360164B2A46236002AB1E4605F155
:1017D00010071D4610685168083203C5BA422B46EF
:1017E000F7D1102130461BF0AEFC102231462046C6
:1017F00001ABF4F7E9FA054620B1014640F2074093
:1018000003F07EF8102130461BF0ABFC204611F0AF
:1018100080F8204612F086FDB7E700BF0044400480
:1018200000248000102A2DE9FF4706460F46154682
:1018300023D800244FF00109DFF84480DFF844A0EA
:10184000D8F8002009FA04F3134213D046EA042022
:1018500040EA0A006A46E9B280B206F0DBFD48B908
:101860002A463946684611F0E9FE18B960B204B05C
:10187000BDE8F0870134202CE2D14FF0FF30F6E7CD
:10188000405101200080FFFF2DE9F3411D4E054628
:1018900001460622304611F0D1FE20B996F9060025
:1018A00002B0BDE8F0810024A046EF1C2046FFF7FF
:1018B00039FFD8B13B88CDF80080ADF80330BB7854
:1018C0006946E0B28DF8053019F054F821280DD0A2
:1018D000A8B903222946684611F0B0FE30B92B683A
:1018E00060B23360AB88B071B380D9E70134202C8B
:1018F000DCD12B683360AB88B380FF23B3714FF02A
:10190000FF30CDE7C65B0120034B93F9063001336E
:1019100001D1FFF7FDBE7047C65B0120F7B5044655
:101920001AF00BFD631C58D1FFF7F2FE0024624E43
:101930003379A3422CD84FF400410024084606F026
:10194000C9FD20224FF0FF315C48346011F0A0FE49
:10195000204600F055FCFF260446594D5CBB594813
:1019600010F0ECFC014630B110F1880F03D040F2CA
:10197000074002F0C5FF0C214F4A43F6FF7006F006
:101980002DFD202138204D4A06F028FD00202AE0B8
:101990002046FFF7C7FE60B165B20521284616F064
:1019A0003EF90321284616F03AF90621284616F09A
:1019B00036F90134BCE794F97530013305D02B7842
:1019C00043B91321204616F0FFFD204600F018FC15
:1019D0000446C3E784F87560F7E72046FFF7A2FEE8
:1019E00018B940F2064003B0F0BD6B460622002154
:1019F000204616F06AF9002845D049238DF80630B4
:101A00004FF47F41304840EA0420084006F062FD70
:101A10000521204616F003F90321204616F0FFF8B1
:101A20000621204616F0FBF801222349E3B29A4032
:101A30000B6823EA02030B60244B93F90630A342A0
:101A400001D1FFF765FE002005460B791B4A013BDB
:101A5000C1B2994221DBFF260020D65400F0D0FB12
:101A60000546174F002D86D095F97530A34205D154
:101A70003B78EBB91321284616F0A6FD284600F066
:101A8000BFFB0546EEE76B4606220121204616F015
:101A90001CF90028B4D07223B0E75656A64200D0F5
:101AA00025B1551895F90150555401250130CFE75E
:101AB00085F87560E2E700BF40510120A65B012078
:101AC000A45B0120370004000080FFFFC65B0120FB
:101AD0002DE9FF41354C064601A8FFF733FE237977
:101AE000019A93421ED86279012A40D100274FF013
:101AF000FF383D4610E02368EB40D9070BD508229C
:101B000002AB114668B216F0E0F820B1039B4345E2
:101B10003CBF2F469846013523799D42EBD378B2DE
:101B2000FFF7FCFE236813F0010529D000250122F0
:101B30000135202D18D002FA05F71F42F8D13B439A
:101B40002360A3680C21013343F6FF70174A7361C9
:101B5000A36006F043FCA8B1236823EA07032360CF
:101B6000A368013BA36073614FF0FF3519E0022ABF
:101B7000FAD10F4A134413F9010D421CFBD0CFE7F1
:101B80000127DCE722790A4C013A2146D2B2601CD7
:101B900011F064FD6DB2224620213820257006F038
:101BA0001DFC284604B0BDE8F08100BF4051012073
:101BB000A65B01202DE9F043002489B0AF4D04213C
:101BC0003F2001AA2C7006F025FC00B10194019F72
:101BD000002F4FD00026781E4742474100242C702A
:101BE000A74D0C212A4643F6FF7006F013FCC0B146
:101BF0000D23AB80019B2C60032BAC6011D803AC90
:101C00002246142143F6FF7006F004FC48B994E81C
:101C1000070085E807002A460C2143F6FF7006F00E
:101C2000DDFB019B042B06D004213F200DEB0102BC
:101C3000019106F0D3FB20213820924A06F0EAFBFE
:101C400028B120224FF0FF318E4811F021FD0322F0
:101C50002B795B00B3FBF2F38B4A1370FFF758FD4F
:101C6000F4F79CFA014618B140F2074002F048FE32
:101C7000002413E001263746B0E72B68E340D9077C
:101C80000BD508224FFA84F81146404603AB16F0F4
:101C90001CF810B94046FFF741FE01342B799C42F5
:101CA000EBD38EB11021372003AA06F0B3FB002836
:101CB00052D10620F2F7AAFD12F02FFB044680B99C
:101CC00001461A2002F01CFE3FB13D2006F0BEFB8B
:101CD00000242B799C42C0F0AB80002009B0BDE805
:101CE000F0836A4A43684261DAB222B923F0FF0303
:101CF00043F0010343600FF05BFD0002644B40F0D2
:101D0000010040F201116060204615F086FFE3609B
:101D1000604B1021236003A81BF015FA102202ABC0
:101D200003A92046F4F750F80646102103A81BF03B
:101D300018FA204610F0EDFD204612F0F3FA372095
:101D400006F084FB46B140F20740314602F0D8FD70
:101D50004FF0FF30FFF7E2FD002623E03046FFF7AB
:101D6000E1FCF0B174B210220321204603AB15F060
:101D7000ACFF1028814620D10321204603AAFFF79B
:101D8000EFFC8046494603A81BF0EBF9B8F1000FC1
:101D90000CD040F20740414602F0B2FD2046FFF76A
:101DA000BDFD01362B799E42D8D38DE748F2030062
:101DB00040EA062080B206F049FB102205212046A9
:101DC00003AB15F082FF1028814613D10521204670
:101DD00003AAFFF7C5FC8046494603A81BF0C1F9DA
:101DE000B8F1000FD5D148F2050040EA062080B2D4
:101DF00006F02CFB10220621204603AB15F065FFF0
:101E000010288146CDD10621204603AAFFF7A8FC61
:101E10008046494603A81BF0A4F9B8F1000FB8D1D9
:101E200048F2060040EA062080B206F00FFBB8E751
:101E30002046FFF777FCF0B166B204220C21304651
:101E400002AB15F042FF04280AD1029B0122C3F322
:101E500000238DF80C300C21304603AB15F0F4FE56
:101E600000231022CDE90333CDE905330D2130469F
:101E700003AB15F0E9FE01342BE700BFA45B0120A2
:101E800040510120A65B0120A55B01203700040022
:101E90000044400400248000F8B5104B0446187933
:101EA0000F4B00221D46D1B2884204D913F9017BA1
:101EB000561CA74204D10B4B1B788B4202D9F8BDAC
:101EC0003246F0E70649481C11F0C8FB2C7020216F
:101ED000BDE8F8403820024A06F080BA405101209F
:101EE000A65B0120A55B012020F00040A0F2054088
:101EF000F8B5032817D8DFE800F0021728330C796B
:101F00000F78A4F11B02534253414E88CD8801F152
:101F100008021948990011F064FD20B10771A0F87A
:101F20000560C4710581F8BD0E784D888C8801F17B
:101F300008021248002111F054FD0028F3D0067168
:101F4000A0F80550A0F80740EDE70D480D784C6863
:101F500011F00FFD0028E6D00571A0F80540E2E77A
:101F600007480C7811F005FD0028DCD007234371E9
:101F7000002304718371D6E79404030890040308D6
:101F80008C040308002110B5821D8388044608468E
:101F900012F0AEF9024648B16188208817F0CAFBFA
:101FA000044603481BF007F8848010BD1A24F8E7A4
:101FB00020020A17002313B5CDE90033421DB0F803
:101FC0000330B0F80110007815F09CFE0446034879
:101FD0001AF0F1FF848002B010BD00BF20020A1980
:101FE00040F2055320F0004098422DE9F0410BD813
:101FF00040F20153984209D840F2014398420DD073
:1020000040F20A43984214D0BDE8F081A0F2035098
:10201000022816D8DFE800F024495C000D784C88CF
:102020002D4811F0A6FC0028EED00571A0F805405F
:10203000EAE72A480C7811F09CFC0028E4D00471EF
:10204000E2E727480F784E880D79CC8811F091FC93
:102050000028D9D00771A0F80560C5710481D3E7C5
:102060008C684E880D790F7884B1B1F8068001F143
:1020700008021C48002111F0B4FC0028C4D00771EC
:10208000A0F80560C571A0F80880BDE72346224688
:102090002146144811F07EFC0028B5D00771A0F845
:1020A0000560C57104724472AEE70F4891F8008074
:1020B0004F880E79CD880C8911F05BFC0028A3D0E5
:1020C00080F80480A0F80570C671058144819BE703
:1020D0000D784C680548A4E7BC040308A80403086D
:1020E000B8040308B4040308B0040308AC040308EC
:1020F00030B587B005460C4600930749134603A840
:1021000002220DF0E9FA28B9049B03A89D80DC8027
:102110001AF0C7FE07B030BDC804030830B587B059
:1021200005460C4600930849134603A802220DF009
:10213000D3FA30B9049B03A81D71A3F805401AF027
:10214000B0FE07B030BD00BFC004030870B5044640
:102150000D461B4A13686BB393F87D10586811F055
:10216000040129D110608C22184693F8706011F098
:102170008FFA034680F870602268C0F85A20A2885F
:10218000A0F85E20A27980F860202868D864AA7937
:10219000A98883F85220FF2283F8752083F87620DF
:1021A00040F6FF72A3F86E20064AA3F8501011689B
:1021B00013605960184670BD1A1D0346CBE700BF77
:1021C000505101204C510120054A0346106800B9C6
:1021D0007047B0F86E209A42FAD04068F7E700BF27
:1021E0004C510120054A0346106800B9704790F829
:1021F00070209A42FAD04068F7E700BF4C510120A6
:1022000010B9024B18687047406870474C51012064
:102210000023114A2DE9F0418C21136080460246CB
:102220000120F8F711FC044620B905460B4E30603A
:10223000454502D32046BDE8F0810120F8F76AFC4D
:1022400007468C220021013511F022FA87F87050E0
:1022500037603E1DECE700BF4C510120505101207A
:10226000012310B58B4090F87110044621EA030158
:1022700049B280F87110002949D11AF05AF8204665
:1022800018F0A3FB102104F118001AF06AFF204691
:1022900002F02EF804F1380011F0D0FC204618F0BE
:1022A000F6FA214A13681BB19C42596830D111607B
:1022B000A36859050BD51A0509D443F40063A18915
:1022C00094F87000A36004F1780205F009FD002382
:1022D000204663601AF00AFF15F03CFD4FF480724F
:1022E000B2FBF0F2424394F870300344B3FBF2F1D6
:1022F00002FB1133DBB2591EC9B2FD29F5D884F8AF
:10230000703000236360094B1A6852B91C6010BD1D
:102310001A465B68002BCBD09C42F9D163685360AE
:10232000C6E7131D5268F0E74C51012050510120BF
:1023300090F8743003F00B03013BDBB20A2B9ABF19
:10234000014AD05C00207047D00403081FB5014645
:1023500090F870308DF80430FFF7EAFFB1F8623082
:102360008DF80C00ADF80630B1F8643001AAADF874
:102370000A30B1F86630054840F20311ADF8083074
:102380001AF0C8FE05B05DF804FB00BF98510120AB
:1023900007B590F870308DF8051001AA40F20721BA
:1023A00003488DF804301AF0B5FE03B05DF804FB65
:1023B0009851012038B50A4B04461B680D462BB1D5
:1023C00043699B0702D516F0D3F930B12A4620683D
:1023D0000421BDE8384018F008BAA3699D6138BDF2
:1023E00054510120014B1860704700BF5451012027
:1023F000024B1868003818BF012070475451012063
:1024000013B50446019120B901A811F017FC212051
:1024100012E008460029FAD011F09CFC80B2002896
:10242000F2D0094B20461B6801994BB1984728B957
:102430002046019901F0D0F802B010BD0020FBE762
:1024400001F00CFDF3E700BF54510120436A70B561
:102450005904044616D4154A03F4004392F8242084
:10246000012A10D1826A92040DD4002B00F10101DF
:102470000CBF5320142016F025F918B9636A43F0F5
:102480000803636270BD002BFCD1094D661C294610
:10249000304600F0A3FC0028F4D12B68C4F80130CA
:1024A000AB88A4F80530AB79E371E7E79C510120D4
:1024B000A75101202DE9F0411E4E3071C0B33346C3
:1024C00000224821F1F7C0FD38B905464FF0480811
:1024D00007463379AB4202DC0020BDE8F081346866
:1024E000002108FB05441422A76104F1340011F017
:1024F000CFF8A0224FF4A073C4E90723072304F107
:10250000100084F83130E773E77111F097FB04F1A4
:10251000140011F093FB204615F08AFD40F20113E0
:10252000E3857F23A76284F8323067620135D0E704
:102530003060D1E758510120084A034611798142A1
:1025400009D9106840B103EBC30300EBC300406A34
:1025500000F0010070470020704700BF5851012073
:1025600038B504460D46FFF7E7FF034640B10020AB
:10257000044B04EBC4041B6803EBC4032B6038BD9D
:102580002120FBE7585101202DE9F04F0446344A41
:1025900093B0106851680FAB03C3906812AA18601B
:1025A000E37B94F82E7002EB430333F80C1C636A50
:1025B00094F82F60DA0444D40126374641F0100124
:1025C00094F80E80C3F340495B0348BF49F0020909
:1025D0008BB288F00808012F94F800A094F83150CD
:1025E0000B9304F1080BD4E90723C8F3C00894F94E
:1025F000324005D0022F03D0042F14BF0027032739
:10260000012E05D0022E03D0042E14BF002603266F
:102610005046CDE90C2315F0AFFDDDE90C23012177
:10262000CDE90760CDE900515046CDE90547CDE938
:1026300003B90B99CDF8088001F094FE13B0BDE802
:10264000F08FA26A950648BF41F02001500648BFAE
:1026500041F04001DA0348BF41F00401B0E700BF98
:10266000DC04030837B5044648B104782046FFF778
:1026700063FF10B9002003B030BD0134E4B2074D50
:102680002B79A342F6D9204601A9FFF769FF08B9C3
:102690000198F0E70134E4B2F2E700BF585101209D
:1026A0002DE9F04F054600F1100887B0404605F1CE
:1026B00014090C46164611F0C1FA484611F0BEFA4C
:1026C000002011F086FC0390002800F00B81012E01
:1026D00040F2726618BF1F26012C63D0022C0CBF7B
:1026E00006240424022115F0ADFC0121039815F005
:1026F000A9FC2146039815F0A5FC039811F02AFBCC
:10270000012384B2311B0A22009389B242F60723C7
:10271000039815F0E7FC04230444A4B2311B009392
:10272000122242F60423039889B215F0DBFC00EB79
:10273000040A1FFA8AFA039BA6EB0A07012F0493E7
:1027400032DC0024DFF8A0A1DDF80CB09AF82430C8
:10275000002B00F0A780404611F070FA6B6AC5F8B4
:1027600010B043F080026A62DB0400F1AD809AF899
:102770002400002840F0A88011F02BFC03900028D2
:1027800000F0A280314615F068FC002840F3A680D6
:102790004846039C11F052FA6B6A6C6143F48073F3
:1027A0006B6291E005249DE7002011F012FC05907A
:1027B0000028C6D0022100F0AFFEB41EA4EB0A042C
:1027C000A4B28442824613D224F001011FFA81FB95
:1027D000411A05A8DA4611F05FFB4FF0020BBAF17F
:1027E000000F08D10598E8B905A811F027FAA8E765
:1027F0004FF0030BF3E70AF101010498C9B215F099
:1028000021FC5946049815F01DFC059904A811F007
:10281000BCFB002011F0DDFB0590002836D0A4EBB6
:102820000A04A4B2022C38BF0224A4F1020B1FFA3E
:102830008BFBBBF10F0F30D9102100F06DFE8345EB
:1028400004461FD22BF00F011FFA81FB411A05A885
:102850005C4611F021FB4FF0060B611C0498C9B2D5
:1028600015F0F0FB5946049815F0ECFB059904A807
:1028700011F08BFB0AF102031C44A4B2BAF1000F61
:1028800008D15FE748B14FF0070BE6E705A811F064
:10289000D5F954460234A4B254E705A811F0CEF994
:1028A0005446EBE7391B89B2584615F0D6FB04466F
:1028B0004046039F11F0C2F96B6A2F6143F080021A
:1028C0006A62002C3FF450AF686A10F0100002D02A
:1028D000284615F08CFC07B0BDE8F08F03A811F076
:1028E000ADF9F1E71A20F6E79C51012070B5144BC1
:1028F0000546197918680023994201DC1A201AE06C
:10290000426AD60718D490F83940640714D4DCB270
:1029100003460C4903F8014BD1F80B6042F0090261
:10292000C0F80160B1F80F60497C9E8099714262E5
:10293000FFF72AFE2C7070BD01334830DCE700BF82
:10294000585101209C51012073B50579C67801A921
:102950002846FFF705FEE8B9019C636A23F01003DF
:10296000636276B92946A069621C0F4B00F09CF89F
:10297000222231460C48A66102B0BDE8704010F03A
:1029800087BE204615F054FB636A5A0604D523F02F
:102990004003636202B070BD284604F1340102B006
:1029A000BDE8704004F076BEC251012037B5044640
:1029B0000D4615F08DFD6988204615F0C0F96A7E38
:1029C0002B7E204643EA0223A4F862306A7F2B7FE5
:1029D00043EA0223A4F86430EA7EAB7E43EA022392
:1029E000A4F866301B23A4F86C302D4B5A8B9B8BBC
:1029F000A4F86820A4F86A30022384F8723019F031
:102A000097FC204617F0BCFF94F87330022B15D1C9
:102A100001F0D2FE70B194F9753001330AD105216D
:102A20002046A36843F48053A36003B0BDE8304060
:102A300015F0CABD0021204615F084F9002120467A
:102A400000F044FA4FF6FF73288C984225D000F02E
:102A5000EFF9009400F0DAF96A46ADF8040040F2AC
:102A6000062110481AF056FB002240F202212046AF
:102A70001AF00CFB2046FFF769FC204617F08CFF8C
:102A8000204601F0B7FBA368012123F480432046D0
:102A9000A36015F09DFD03B030BD0020D9E700BF55
:102AA0009C51012098510120F7B504460F46164667
:102AB00068465A79991D1D4600F06EF92CB9694691
:102AC0003046FFF743FB0446A0B140F2032384F8ED
:102AD0007670A4F8723033682946C4F85A30B38847
:102AE0002046A4F85E30B37984F86030FFF75EFFCB
:102AF00003B0F0BD032140F2064017F00BFE6B88D7
:102B0000A0F803300D2343710148F9F7F7F9EFE717
:102B1000CB6C0208A0F11B03E02B10B5044618D8BB
:102B2000042142F2240017F0F5FD6FF06F034371AA
:102B30004223A0F8034083710748F9F7DFF917F043
:102B400017FE407920B117F013FE407940F4805011
:102B500010BD2120FCE700BFE76D020807B590F823
:102B600070304FF4887101AA03488DF804301AF0D0
:102B7000D1FA03B05DF804FB98510120F7B5C6788F
:102B800005463C2E00F1020404D103B0BDE8F0403C
:102B900015F06BBC87792FBB214A156A1762D6B135
:102BA0002146284646F4805615F092FC40F2012159
:102BB0006A462846EE6085F87270CDE900561AF034
:102BC000A9FAAB68394643F480632846AB60FFF747
:102BD00047FB03B0F0BD2146284603B0BDE8F040F6
:102BE000FFF7E4BE4FF6FF73408C98420DD000F023
:102BF0001FF950B100F08CF823460246FF21002057
:102C000003B0BDE8F040FFF74FBF064B223554F844
:102C1000042BAC4243F8042BF9D122881A80D8E760
:102C20009C510120C25101201FB50446B0F8030099
:102C3000FFF7CAFA08B3B4F8053090F87020A0F88E
:102C40006C308DF80420ADF80630227AE37940F23A
:102C5000091143EA0223ADF80830A27A637A0848E2
:102C600043EA0223ADF80A30227BE37A43EA0223E7
:102C700001AAADF80C301AF04DFA04B010BD00BF37
:102C8000985101201FB504468088FFF79DFA80B156
:102C900090F870300E218DF80430D4F806300648D4
:102CA000CDF80530D4F80A3001AACDF809301AF071
:102CB00031FA04B010BD00BF9851012013B504468D
:102CC0008088FFF781FAD8B190F870306A468DF8A5
:102CD0000030E3784FF403718DF80130A37909488F
:102CE0008DF80230E3798DF80330237A8DF80430C3
:102CF000637A8DF80530A37A8DF806301AF00AFA57
:102D000002B010BD9851012000487047A751012022
:102D1000044890F8241000F10B020430012918BF78
:102D2000104670479C51012038B58379044613F052
:102D3000280F25D00368134DC5F80B308388A5F8FC
:102D40000F30837900206B74FFF78CFC40B92B683F
:102D5000032043F002032B60BDE838400DF0DAB8E1
:102D6000436A13F4404FEFD1226843F00803C0F8E0
:102D70000120A288A0F80520A2794362C271E3E78E
:102D8000212038BD9C5101204379024A9B09D05C27
:102D9000704700BFF80403080B6810B503608B8808
:102DA000FF2A0446838002D10723A37109E0032A86
:102DB00008D8054B9B5C072B837102D1FFF7E4FF1A
:102DC000A07110BD0023F0E7FC0403088379024AD8
:102DD00003F00703D05C7047F004030810B5827954
:102DE0008B79094C02F0070203F00703A25CE35C55
:102DF0009A4206D1062210F021FCB0FA80F0400978
:102E000010BD0020FCE700BFE804030850B1142205
:102E1000064B1B68C31AB3FBF2F3007C40EA0320A5
:102E200080B270474FF6FF70704700BF485F0120C7
:102E3000024609490B7A0968FF2B01D1002070472F
:102E400003EB830301EB830031F82330C3F30B035F
:102E50009342F4D0437CEFE7485F0120F722014B17
:102E60001A807047A460012010B5044658B300686A
:102E7000836CA3421FD163688364224612491AF00F
:102E800015F904F10C001AF031F904F1440010F0C6
:102E9000D5FEA06948B1143010F0D0FEA0691830FA
:102EA00010F0CCFEA06911F03DFA2046BDE81040BC
:102EB00011F038BA1346002BDFD05A68A242F9D17C
:102EC00062685A60D9E710BD0188020870B50546EE
:102ED00048200E4611F021FA044650B1FFF788FA57
:102EE00060B11C2011F019FAA06128B9204611F038
:102EF00019FA0024204670BD0023037003212846E0
:102F000014F020FFAB6C22466360AC64172326816B
:102F100000266381144928462560267766640CF0F4
:102F200093FE04F04BFD3246014604F10C000CF018
:102F30008BFE02232374FFF75BFA18B90B4B1B7847
:102F4000002BD7D00A4B19881729D3D9204614F063
:102F500087FF0028CED11321204615F016FC6369A7
:102F600043F002036361C5E701880208CD5B0120DD
:102F7000A4600120F8B5054610B3002920DB114CF0
:102F80002468247E8C421BDD3F2919DC032701F0D5
:102F9000030600EBA10191F831407600B74002F042
:102FA000030224EA0704B240224381F8312013B11E
:102FB000002115F0A4FC2846BDE8F84015F0FCBC43
:102FC000F8BD00BF6851012070B5164600221A7086
:102FD00032800A7A0D46072A4DD8DFE802F004094C
:102FE0000D111A1E304AE86830F8023B338043E086
:102FF000EB68981D5B88F9E7EB68981D9B88F5E7FF
:10300000697B15F0C9FC02221C4B188018463280DF
:1030100032E002231A4833802EE01A4C2B7BE889D9
:1030200023702B88E11C013363702B8801331B1242
:10303000A37000F0D9F90330308020461CE0124C18
:10304000A889EB89020AA3701B0A20706270E370E2
:1030500000F03CFA58B1C3681A88022A07D19A785E
:103060002271DB78637106230748338004E0042370
:10307000FAE780221A70002070BD00BFE75B0120D4
:1030800000050308D45B0120CE5B0120054A064BF6
:103090001860136843F001031360828B034B1A809E
:1030A000704700BF60510120685101206656012021
:1030B00000232DE9F04FDFF8B89191B0D9F80070F6
:1030C000054617F00807CDE90633CDE908330AD0E5
:1030D000644B03F1100253F8041B934245F8041BA0
:1030E000F9D1002015E01022394610F0D1FA032062
:1030F000F1F78CFB11F011F9804648B10620F1F789
:1031000085FB11F00AF9064630B9404611F00AF97C
:103110001A2011B0BDE8F08FCDE90477F3F73EF83F
:10312000044668B1404611F0FDF8304611F0FAF857
:1031300040F20740214601F0E3FB40F20740E8E798
:103140000EF036FB4FF4A053DFF828A10002C6E9C9
:10315000023A454B7060336010223046776104AB11
:1031600006A9F2F731FE0446A0B95246404604993A
:103170000FF0F6F9044668B9BB463C4BBAB21B687F
:10318000D988914227D810222946404605AB0FF036
:103190000CFA044640460FF0C6F9404611F0C2F85A
:1031A00030460FF0B6FB304611F0BCF804980FF033
:1031B000C5F8002CBCD12B4B05F1100255F8041BAF
:1031C000954243F8041BF9D1D9F8003043F00803C5
:1031D000C9F8003085E71A68BCB2210102EB04147B
:1031E0002046ADF80EB00191009215F0E8FF82463E
:1031F000204600F03FF930B3DDE90021AAF5205068
:1032000080B2032802D9BAF5245F1ED1525A002099
:103210002146ADF828200DF10D030DF10E02ADF899
:103220002AA0FFF7D1FEBDF80E2001460BA810F032
:1032300037FABDF80E20404604320AA90FF093F980
:1032400004460028A6D1013797E70AF55640FF301B
:1032500080B20428F7D8525AADF82AA0ADF8282039
:10326000E7E700BFE95B01200024800068510120EE
:10327000605101200002C003134B01461B6870B56A
:1032800013F0040306D00022104B1C68E38990B2AF
:10329000834209D80E4A14680022E58990B285421B
:1032A00009D84FF6FF7005E0A56835F812500132D5
:1032B0008D42ECD170BDA66836F8126001328E42A4
:1032C000ECD1034498B2F5E760510120645101202C
:1032D00068510120094B1B685B070AD5084B1A6827
:1032E000D389834203D9936833F810007047C01A1A
:1032F00080B2044B1B689B68F6E700BF6051012059
:10330000645101206851012038B5046805460C223B
:103310002046084910F092F950B90222064904F1FA
:103320000E0010F08BF918B902200C342C6038BD57
:103330001020FCE703050308110503082DE9F743F6
:10334000102801910BD0022804D04FF6FF7003B073
:10335000BDE8F083019B1888FFF78EFFF7E701A80F
:10336000FFF7D2FF0228F5D01028EED11B4B019FAA
:103370001E6816F0040608D00024194BD3F800800C
:10338000B8F81660A5B2AE421AD80025154BD3F88E
:103390000080B8F81690ACB24C45D6D2D8F81000E0
:1033A000102200EB0510394610F048F901350028CD
:1033B000F1D1A0196FEA40406FEA504080B2C6E7F1
:1033C000D8F81000102200EB0410394610F036F93E
:1033D00001340028D6D145F40040B8E760510120FF
:1033E0006451012068510120020408B51DD5124B1B
:1033F000C0F30E001B685B0713D5104B1A68D38A05
:1034000098420CD2136903EB001000F1100350F83E
:10341000042B984241F8042BF9D1102008BDC01AA2
:1034200080B2074B1B681B69EDE7FFF753FF08707D
:10343000000A48700220F1E7605101206451012028
:103440006851012038B50446094B1B681D68A54228
:1034500009D2204621B915F0BCFE30B1103402E08B
:1034600015F0C0FE08B1204638BD103CEFE700BFA4
:1034700068510120437ADA0702D5C3F38000704710
:10348000034BC2881B881A4214BF012000207047DA
:10349000665601200A4B1B68DB0708D570B1094B43
:1034A0001B68DB88834234BF00200120704728B1AD
:1034B000054B1B88834294BF00200120704700BF4A
:1034C00060510120685101206856012070B5024604
:1034D000FFF7E0FFE8B10F4B1968CD88954209D39B
:1034E00002F180500B680138040103EB00101B5BF4
:1034F00093420ED0002398B2854201D8002008E004
:103500000E681C01345B06EB0310944203F10103C7
:10351000F1D170BD685101202DE9F34100250E461F
:10352000A846174F01903A68ABB2D18899421DD98D
:103530001468ABB204EB0314B4F90430002B1CDAAA
:103540002046FFF797FFC0B1E1680B889E4214D177
:1035500032460198023110F09EFEE36882B21B8869
:10356000934207D0114601A810F096FC404602B0E5
:10357000BDE8F08143441FFA83F80135D3E700BF6B
:10358000685101207FB5134B0E4605460446039350
:10359000A0B115F09DF978B900223146204615F00A
:1035A000C7FA022807D1802331460093204604231E
:1035B00003AA15F0EEFE0DB104B070BD204615F063
:1035C00056F904460028F7D015F082F90028F5D105
:1035D000E2E700BF0100FFFF2DE9F04F97B08346FF
:1035E000099115F0BBF8099883790C33C45CC518B0
:1035F00010F0B0FB202C0646099F26D8012C28D9B4
:10360000C74BA21ED2B2D340DA0722D5384697F86C
:10361000068010F09FFBBBF80A2083B29A4228D2A2
:1036200014F0010240F0A78004F07F03522B00F059
:10363000A2801E2C00F09F80099B214600935846D3
:10364000042314F01EFC21240CE004F07F03522B11
:10365000DCD02146062300225846009714F011FCC6
:1036600041F20614584615F07EF8204617B0BDE822
:10367000F08F47443A7B013B202A9BB246D8012A6F
:10368000CED9023A1E2ACBD801A151F822F000BFB0
:103690002D3701082136010831370108213601088C
:1036A000253701082136010819370108213601089C
:1036B0002D3701082136010831370108213601086C
:1036C000353701082136010819370108213601086C
:1036D0006337010821360108213601082136010827
:1036E00067370108213601086B37010821360108C8
:1036F000213601082136010821360108213601084A
:103700006F3701082136010835370108522A28D0C1
:10371000D22A85D10D2B06E0062B11D0142B7FF475
:103720007FAF0DE0052B7FF67BAF09E0022BF6E7BC
:10373000042BF4E7032B7FF673AFDB073FF570AF85
:10374000022C00F00281DBF800309B689F0516D444
:103750000BF1440010F072FA099BCBF844300024BE
:1037600080E7012BDFE7032BDDE7012BD7E7002BF9
:103770007FF456AFE4E709A810F060FA63E71E2C67
:1037800000F03683584615F0A3F80746002840F0AD
:103790008280584615F097F800287CD004F07F030B
:1037A000522B00F0CE80082C68D1B6B2152E14BF73
:1037B00002201020691D15F071F800285ED0DBF89A
:1037C0001430D8074BBF23F0010343F001033946FF
:1037D000012158464CBFCBF81430CBF8143015F00B
:1037E0008EF809980D9014F0BBFA0446B0F80180E9
:1037F000B0F803900D9810F0ADFA152814BF02250B
:103800001025053421462846FFF798FD21460390F0
:10381000284615F043F80490B8F1000F00F05281EB
:10382000C84500F24F81022109200D9A14F0B9FA1F
:10383000BBF80A708246023FBFB23E4640464FF098
:10384000FF354946039A15F03EFB0446002800F078
:103850007B8115F0F5F8002800F0938101222146C4
:10386000584615F094F903468DF82E00002800F014
:103870002E810D9A009222460821B2E0DBF8143026
:1038800013F001064ED023F0010300215846CBF877
:10389000143015F034F8202C72D8032C75D9231F5E
:1038A0001C2B72D801A252F823F000BF993B0108EB
:1038B0008B3901088B3C01088B390108E33701087B
:1038C0008B390108753D01088B390108933D0108CA
:1038D0008B390108A93D01088B3901089739010886
:1038E0008B390108C13D01088B3901088B3901086A
:1038F0008B390108DD3D01088B390108E73D0108DE
:103900008B3901088B3901088B3901088B39010883
:103910008B390108F13D01088B390108B73D0108D9
:103920005555515043F0010301215846CBF814304E
:1039300014F0E5FF1223324621465846009614F053
:10394000A0FA09A810F07AF909E7099DBA4C2846AF
:1039500014F006FA2188B0F801602A46584614F09F
:10396000A5FA2388BBF80A10B34228BF3346172BA9
:10397000B8BF17235846ABF80A3014F0DBFEEEE66A
:10398000522C00F02482D22CDBD0099B0022009321
:103990002146062325E0099F384614F0E1F9054643
:1039A000B0F80180B0F803A0384610F0D3F915281C
:1039B0000CBF20460220691DFFF7C0FCB5F805309A
:1039C00004900793B8F1000F07D0D04505D815F043
:1039D000D8FB50B91023009701E00123009742461D
:1039E0001021584614F04DFAB9E63A46022111204A
:1039F00014F0D7F944464FF0FF35BBF80A30059074
:103A00009E1E0393063B9BB2B6B2089351462046D6
:103A1000049A15F058FA814668B35146079A15F092
:103A20009FFA0446484615F00BF840B94FF6FF736D
:103A30009C4201D00134A4B25445E7D91BE04FF0B9
:103A400000030DAAADF8343049460CAB584615F0CA
:103A50003BF9039ABDF83430053A9A42089A069029
:103A6000D8BF1346002DADF8343009DB9D4202D19A
:103A7000EB1CB34208DB691C1CD10A230097AEE79C
:103A8000351F9D42A8BF1D46042211A93846ADF836
:103A90004490ADF8464010F0FEFB2A4638460699A1
:103AA00010F0F9FB4FF6FF73043E761B9C42B6B252
:103AB000C0D1E0E73946059B04355D705846FEF7F6
:103AC00079FC4CE60D9B009301234246D4E6049B0F
:103AD00013B1204614F098FF204614F0C9FFD8B166
:103AE000002D54DC0DA810F0A9F8082358468BF8D7
:103AF0001C3050F80C2B40F2025192F870208DF8D7
:103B0000483000238DF8442011AAADF84640ADF8A6
:103B10004A3019F0FFFA22E6ADF844000DF12E0309
:103B20002146584611AA15F0CFF8BDF8443005904B
:103B3000BB4228BF3B46002DADF844300ADBAB4208
:103B400002D16B1CB34209DB6A1C0D9B1FD1009391
:103B50000A23BAE7B51E9D42A8BF1D4602220CA942
:103B60000D98ADF8304010F096FB2A4605990D9857
:103B700010F091FB4FF6FF73023E761B9C42B6B2EB
:103B8000E2D0601C80B28145BFF45BAEDCE7023559
:103B90000D998AF8015091E7DDF82490484614F019
:103BA000DFF8B0F80330B0F801800493B8F1000FEB
:103BB00044D0984542D84FF6FF774A460221052067
:103BC00014F0EFF84546BA46BBF80A400590023CAF
:103BD000A4B22946584615F058FA504506464CD02E
:103BE0004FF400622946584614F0D1FF00283FD117
:103BF000304615F0E2FA00280CBF02231023574587
:103C0000039321D0304615F0D8FA0690384615F0C7
:103C1000D4FA069B834203D1039B0133A34214DBF6
:103C2000384615F0CAFA059B0130194658705846B7
:103C300014F010F993E500BFA46001200123CDF832
:103C4000009042460421CCE637460DF1460130464D
:103C5000ADF84450FFF7C8FB039B48469A1C11A9D6
:103C600010F019FB039B023CE41A5545A4B2D7D0CF
:103C7000049B0135ADB2AB42ABD24FF6FF739F420E
:103C8000CED10A23CDF80090DBE7DDF824900024A4
:103C9000484614F065F8B0F80530B0F803A0B0F865
:103CA000016007464846039310F054F8C51FADB2B3
:103CB000102D0C945AD82A46F91D0DA80FF0F0FCCF
:103CC000002E55D0564553D84A460121072014F0FE
:103CD00068F8A046074633460A249A45049307D954
:103CE0003946BBF80A0014F03FF80328049B04D8B7
:103CF000B8F1000F1CD0394699E7ADF84430039B6A
:103D00005846ADF848300DAB139300230BAA00932F
:103D100011A90DF12E03ADF846A0ADF8505015F0E5
:103D20004BF90A280446E3D0BDF82C3030B11E46CA
:103D3000234632460621CDF8009052E6ADF83030E9
:103D4000BDF82E300CAAADF8323039460423BBF84A
:103D50000A0014F014F84FF6FF72BDF82E309342AB
:103D6000C9D001334FF001089BB2B6E70424DFE766
:103D70000124DDE70A23099C8BF81C30204613F050
:103D8000EFFF23460022B0F80110584615F0D1FB92
:103D9000E5E4099C204613F0E3FF0C238BF81C306C
:103DA000B0F803202346EEE75A460F210E20099B68
:103DB00015F018FCD3E45A4621212020099BF7E78F
:103DC0005846099AB5F8011015F0F9FCC7E45846B1
:103DD000099AB5F8011015F04DFDC0E4584609994F
:103DE00015F087FDBBE45846697815F0EDFDA8E5B0
:103DF000584615F009FEA4E57FB5174A0646136834
:103E000042F6052023F00803136015F097F80546E5
:103E100050B16846FFF74CF9002014F028FD044625
:103E200020B92946FFF7AEFB04B070BD10226846EA
:103E300004F121010FF002FC38B10121204614F0F9
:103E40005EFD636923F0010363611EB131462046C4
:103E500015F04CF92046E0E76051012037B58B7929
:103E60000A460C33CD180191C95C044611F00103D8
:103E700029D01D290AD101211E2013F092FF0146ED
:103E8000204613F0E7FF012003B030BD032916D10F
:103E90000E4BB5F801201B884189934228BF134679
:103EA000172BB8BF1723438114F044FC636940F219
:103EB000094123F002032046636114F063FC01A86A
:103EC0000FF0BCFEDFE71846DEE700BFA46001206C
:103ED00038B5124B04461B8842898B4228BF0B46DB
:103EE000172BB8BF17231146438114F023FC6369D5
:103EF00023F002036361A3699D693DB10022294655
:103F000020469A61BDE83840FEF754BA40F20941B4
:103F1000204614F037FCA3691D7038BDA460012051
:103F20000148FEF75FBA00BFA97301080022024BE7
:103F3000C3E900229A60704770510120014B18605C
:103F4000704700BF6C51012013B500F0E9F978B15A
:103F5000019083790C33C418204604F02FFB0346EC
:103F600010B1204601A9984701A80FF067FE08E0AC
:103F700000F0E2F9019020B1034B1B68002BF3D055
:103F8000984702B010BD00BF6C51012010B5044627
:103F9000062142F2050016F0BDFB2368C0F803308D
:103FA000A388A0F807300648F7F7A8FF16F0E0FB53
:103FB000407918B1BDE8104016F089BB10BD00BFB4
:103FC00065BF000810B5044606214FF6284016F0DC
:103FD000A1FB2368C0F80330A388A0F80730064887
:103FE000F7F78CFF16F0C4FB407918B1BDE810401C
:103FF00016F06DBB10BD00BFA5C0000838B5054662
:104000000C4669B9022142F21B0016F083FBB5F899
:104010006E30A0F803300D48BDE83840F7F76EBFAA
:10402000122142F21A0016F075FB2146B5F86E30E7
:10403000053020F8023C04F1100351F8042B99429A
:1040400040F8042BF9D10248E6E700BF496C0208AA
:10405000856C020808B5002142F20E0016F05AFBEA
:10406000BDE808400148F7F749BF00BFB76D020837
:1040700038B590F872300446032B154606D1FFF789
:10408000E9FF0123002084F8723019E0C9B9012B3F
:104090002DD9032140F2064016F03CFBB4F86E30F7
:1040A0004571A0F803301348F7F728FF16F060FBBE
:1040B0008378002BE5D016F05BFB807840F48050CD
:1040C00038BDA3B102214FF6044016F023FBB4F82B
:1040D0006E30A0F803300848F7F710FF16F048FBE1
:1040E0004379002BCDD016F043FB4079E6E7022060
:1040F000E6E700BFCB6C0208016D0208F8B5074681
:104100000E4642F213000E2115461C4616F002FB25
:10411000B7F86E30A0F80560A0F80330BDF818308D
:10412000A0F80750A0F80B30BDF81C30A0F80940EB
:10413000A0F80D30BDF82030A0F80F300648F7F792
:10414000DDFE16F015FB807820B116F011FB8078AB
:1041500040F48050F8BD00BF436D0208F8B5074633
:104160000D4642F219001C211C46164616F0D2FAE2
:10417000B7F86E300F3020F80C3C2B6804F11002B9
:1041800040F80A3C6B6820F8026C40F8063C234675
:1041900053F8041B934240F8041BF9D10648F7F783
:1041A000ADFE16F0E5FA807820B116F0E1FA8078DD
:1041B00040F48050F8BD00BFF36B020870B50646AE
:1041C0000D4642F27A000421144616F0A3FAA0F834
:1041D0000360457184710648F7F790FE16F0C8FA3F
:1041E000407918B1BDE8704016F078BA70BD00BFD4
:1041F0004971020810B50446022142F2300016F05F
:1042000089FAB4F86E30A0F803300B48F7F776FE61
:1042100016F0AEFA43792BB916F0AAFA017A2046C5
:10422000FEF7B6F816F0A4FA407920B116F0A0FA1D
:10423000407940F4805010BD1DC1000801480FF0C6
:104240001BBD00BF7451012040F6FF732DE9F341FF
:104250000D46B0F86E100192994205D101A80FF0F9
:10426000EDFC02B0BDE8F0811146134601229BBB74
:104270001E480FF0D1FDFFF7E1FF04460028F0D003
:104280000FF068FD6379074603F001086FF3000340
:10429000637104212046A6680FF09FFE437904460F
:1042A00068F300034371DB438179B6F86E200C316B
:1042B000866003F001036254C2F30322084442EA19
:1042C00003124270478022463046294618F032F8E1
:1042D0002046F7F727FECEE75C79986024F00304C8
:1042E00014435C7100221B68C1E700BF74510120B8
:1042F00070B50546064C206800B970BD8368AB42B6
:1043000004D10668F6F720FA2660F4E70446F2E7DF
:1043100074510120014601480FF07EBD7851012003
:1043200001480FF0A9BC00BF7851012001460148A7
:104330000FF072BD70510120034803680BB10FF0FC
:104340009BBC1846704700BF70510120044B1A688F
:1043500022B99868003818BF0120704701207047C3
:10436000705101202DE9F041154606460F4642F2F4
:10437000360019211C46DDF8248016F0CBF92B0AF3
:10438000C371230A83729DF81830857103739DF8F9
:104390001C30447243739DF820302D0C240CC670E1
:1043A00087800572C4728373D8F80030C0F80F306C
:1043B000B8F804308676A0F813309DF8283043759D
:1043C0009DF92C3083759DF83030C375002303763A
:1043D0009DF8343043769DF83830C3760648F7F7B9
:1043E0008DFD16F0C5F9407920B116F0C1F940797C
:1043F00040F48050BDE8F0818103010838B50546DE
:104400000C464FF61940052116F084F9C57044603A
:104410000548F7F773FD16F0ABF9407918B1BDE820
:10442000384016F0ACB938BD3B6B020838B50546CC
:104430000C464FF61A40052116F06CF9C570446021
:104440000548F7F75BFD16F093F9407918B1BDE820
:10445000384016F094B938BD6B6B020870B50D4644
:1044600006460121DAB1FFF7C9FF0446A8B90721C2
:1044700042F2350016F04EF9C6702B684360AB88E7
:1044800003810848F7F73AFD16F072F9437923B132
:1044900016F06EF9447944F48054204670BDFFF75D
:1044A000C5FFE2E7F36902080A4610B50421044695
:1044B00042F2370016F039F9032303710023C47068
:1044C000437183710548F7F719FD16F051F94079EA
:1044D00018B1BDE8104016F052B910BD2B6A0208A1
:1044E0000A4610B50421044642F2380016F01DF9C0
:1044F000032303710023C470437183710548F7F7E8
:10450000FDFC16F035F9407918B1BDE8104016F001
:1045100036B910BD776A0208F8B506460F4642F272
:104520003900062114461D4616F0F4F80123847163
:10453000240A0371C7704671C47105720548F7F704
:10454000DDFC16F015F9407918B1BDE8F84016F019
:1045500016B9F8BDC36A02080148FFF7EFBC00BFF7
:10456000654501082DE9F04F867987B00C36059036
:104570000546805BC0F30B00FDF726FE044618B924
:1045800005A80FF05BFB4EE090F87230022BF7D1DC
:10459000AB5B059AC3F30B0103F44053B3F5805FA3
:1045A0009060A95342D153796FF300035371836B29
:1045B000002BE5D0042105A804F138060FF045FCD6
:1045C000304605990FF028FCA06B002301465A1CC9
:1045D000A9BBDBB2012B01D90FF08FFCA06B0FF050
:1045E000B9FB03281FD9D4F83890484699F80670CB
:1045F0000FF0B0FB0C3709EB070539F80770A0F195
:104600000408474522D9524FD4F838A007F11009C1
:1046100057F804BB5346424629462046D8474F45E3
:1046200010D00028F4D007B0BDE8F08F38300FF07C
:1046300005FB059A537943F001035371BAE713461A
:104640000968C4E70028EED130469AE7A06B0FF066
:1046500081FB04378742F7D36988A1F140033F2BE0
:104660000BD8042130460FF0F0FB2046A26B69887E
:1046700016F005F90023A363D5E705290BD0062919
:1046800061D00429E0D130460FF0DFFBA16BA06CB4
:10469000FDF7B6FEEEE72946204616F0EEF8024694
:1046A0000028D1D12B79122B06D0132B36D02046DF
:1046B000697916F0BAF8C7E794F87330022BF6D090
:1046C00040F67A4029898B1F9BB2834224D86A899D
:1046D000931F9BB283421FD891421DD8AB89B3F57B
:1046E000FA7F19D240F6764CEF89A7F10A0080B222
:1046F000604511D8B4F86A000290B4F86800CDE9BA
:1047000000702046FFF7FAFC021E18BF0122204667
:10471000697916F046F897E70122F8E794F87330C4
:10472000012B03D12046697916F07FF8A3681A049B
:104730008AD523F40043A3602B89012B84D1204622
:10474000FEF70CFA80E72046A16B16F017F991E707
:10475000140503080C4B01461A789AB95B689B074D
:1047600010D490F97520013218BF012291F852300F
:1047700013F0400005D091F8600010F0400018BF21
:10478000D0B270470122F1E77C510120024B5868FA
:1047900000F00200704700BF7C510120024B5868B6
:1047A00000F00800704700BF7C510120014B1B68DE
:1047B000184700BF545F012008B513F043FA0128E1
:1047C00009BF034B0020586800F0100008BD00BF6F
:1047D0007C51012007B502460846042802F0010179
:1047E00013D9B1B903200C4B5A6002F08003019336
:1047F00002F04003009302F0200302F0040200F0F4
:10480000ABFB002003B05DF804FB0029EBD00328CC
:10481000E9D12120F6E700BF7C51012010B50D49F8
:104820000D480BF0B9FA044690B90C4B0C4A1A60CB
:104830000C4A5A600C4A9A600C4ADA6000F0F8FBA5
:10484000032104460020FFF7C5FF0022084B1A7021
:10485000204610BDEFBEADDEBEBAFECA545F0120D9
:104860004D4F01083FAD0208994F0108A9670108A3
:104870007C51012038B504460320F6F78BF9054634
:10488000D0B194F87030037094F8753043702046BE
:10489000FDF74EFD2A46A87040F20261074818F065
:1048A000F5FB074B2046DB680121984794F975001A
:1048B000BDE83840FDF728B838BD00BF9851012049
:1048C000545F012070B5054608200E46F6F762F9E0
:1048D000044680B195F8703000210370064B4660A5
:1048E000DB68284698472246BDE8704040F20161E7
:1048F000024818F0CBBB70BD545F012098510120D5
:1049000038B5054608200C46F6F744F9024638B19A
:10491000C0E90054BDE838400D21024818F0B6BB8C
:1049200038BD00BF9851012038B5054608200C4617
:10493000F6F730F9024650B195F8703040F2056153
:10494000037044600248BDE8384018F09FBB38BD92
:104950009851012013B504460191114612B301A9E3
:1049600004200BF029FA019B104A2046B3FBF2F118
:1049700002FB113345F218020021019301AB16F03E
:1049800049F90820F6F706F9024648B194F8703064
:1049900040F204610370019B4360054818F076FB08
:1049A00002B010BD45F2180201ABE8E740420F002B
:1049B0009851012010B504460120F6F7EBF80246A5
:1049C00048B194F8703040F203610370BDE81040C4
:1049D000014818F05BBB10BD9851012038B5054661
:1049E00008200C46F6F7D6F8024650B195F870301C
:1049F00040F20761037044600248BDE8384018F097
:104A000045BB38BD98510120014B5B68184700BF7A
:104A1000545F012010B50F4C2368D3B10022D3F8A6
:104A2000A0001A7783F83D2083F85E200DF086FC05
:104A300020684421603018F094FB206821211D304B
:104A400018F08FFB20682121BDE810403E3018F09F
:104A500088BB10BD88510120F0B5062087B0EFF764
:104A6000D5FE0FF05AFC054640B901461A20FFF763
:104A700047FF6FF08C04204607B0F0BD2F4E306822
:104A80000DF05CFC044640B110F1880F05D00146E2
:104A900040F20740FFF734FFEDE713F0D3F80328A7
:104AA000074622D1002434600CF082FE00026860C8
:104AB0006C6140F20111284615F0A9FF204B6946B0
:104AC000EB60204B2B6000230093F1F733FB04468F
:104AD000E0B1014640F20740FFF712FF28460DF013
:104AE00018FF28460FF01EFCC5E732686B686A6144
:104AF000DAB222B923F0FF0343F001036B600CF03C
:104B000057FE000240F001006860D2E7032FE5D1B4
:104B100001AB102202A900980DF07BFC1021044685
:104B200002A818F010FB02A9102017F089FA102132
:104B300002A818F016FB009B3360CFE784510120D8
:104B40000044400400248000FF282DE9F84316BFEC
:104B50001C4D1D4B45EA002581464FF00600884656
:104B6000174608BF1D68EFF751FE0FF0D6FB06464B
:104B700018B3014628460DF006FC044630460DF0F9
:104B8000C8FE30460FF0CEFB14F1880F0FD1B9F1FB
:104B9000FF0F0ED1FFF760FF044660B90A4B1D6896
:104BA0000020C8F8005007B13C60BDE8F883002C35
:104BB000F6D02120F7E70025F2E71A206FF08C04E9
:104BC000F1E700BF06800400845101202DE9F04187
:104BD0008AB006AC884615460346264600F1100703
:104BE000224618685968083303C2BB421446F7D1FD
:104BF0001021304618F0A7FA002306200593EFF79E
:104C000005FE0FF08AFB044610B310274FF48071A5
:104C100015F0FDFE194B1A49036005ABC160324621
:104C200028460293CDE900873B46F1F7BDF90546DA
:104C3000F0B93946404618F086FA3946304618F041
:104C400090FA20460DF065FE20460FF06BFB0BE05E
:104C50006FF08C0140F20740FFF752FE1021304602
:104C600018F07FFA6FF08C0528460AB0BDE8F08195
:104C7000014640F20740FFF743FEDEE700248000D4
:104C8000004440042DE9FF410546062088461646AB
:104C9000EFF7BCFD0FF041FB044648B901461A206E
:104CA000FFF72EFE6FF08C05284604B0BDE8F081BA
:104CB0000CF07EFD2A466D4600232F460002606000
:104CC0006361204606F5807115F0A1FE144BE36088
:104CD000144B236002F110032E461068516808320D
:104CE00003C69A423546F7D11021384618F02BFA00
:104CF0004346102239462046F1F766F8054620B1B2
:104D0000014640F20740FFF7FBFD1021384618F03E
:104D100028FA20460DF0FDFD20460FF003FBC3E707
:104D200000444004002480002DE9F0434FF00009C6
:104D300087B0044606200E4617469846CDE90499EA
:104D4000EFF764FD0FF0E9FA054670B30CF030FDA3
:104D500000024FF480516860C5F81490284615F0A1
:104D600056FEDFF874901B4B21462B601022C5F8CD
:104D70000C9004ABF1F728F8044628BB05AB02936E
:104D800010233246CDE9008349463B4604980DF096
:104D900052FC0446C0B904980DF0D0FA28460DF034
:104DA000B8FD28460FF0BEFA0AE06FF08C0140F221
:104DB0000740FFF7A5FD04980DF0C0FA6FF08C04D2
:104DC000204607B0BDE8F083214640F20740FFF7D8
:104DD00097FDE0E7002480000002C003F0B50E4616
:104DE0000446154693B02022304643490EF026FC77
:104DF00068B92022284641490EF020FC38B9404BC2
:104E00001B681B7D002B64D040F203401BE0246C28
:104E10002022304604F151010EF010FC38B9202256
:104E2000284604F171010EF009FC0028ECD00620A0
:104E3000EFF7ECFC0FF071FA044630B901461A2086
:104E4000FFF75EFD1A2013B0F0BD002700970CF0AD
:104E5000AFFC000260604FF480412046676115F0AE
:104E6000D6FD284B3046E360274B06F12002236035
:104E700004238DF804300DF1050350F8041B904213
:104E800043F8041BF9D10DF10500202118F05BF95E
:104E900028460DF1250305F1200250F8041B90422D
:104EA00043F8041BF9D120210DF1250018F04BF92E
:104EB00001A96B4641222046F0F786FF014650B912
:104EC00020460DF026FD20460FF02CFA00980DF03C
:104ED00035FA0020B7E710F1870F03D040F2074002
:104EE000FFF70EFD20460DF014FD20460FF01AFAD4
:104EF00000980DF023FA87E7380603081806030820
:104F000088510120000002091241000100F0C00395
:104F1000402B07D1094B1B6873B100F03F0053F8D9
:104F200020007047802B01D1054BF4E7054A064865
:104F3000C02B08BF104670470348704790510120AE
:104F40008C51012041AE02083D540108014B1B6801
:104F5000187A704788510120003918BF0121003BA1
:104F600018BF012310B50B4C003A246818BF01226A
:104F7000A3749DF808302070003B18BF0123E37430
:104F80009DF80C302174003B18BF01236274237517
:104F900010BD00BF8851012001280AD002280ED080
:104FA00098B90B4B1A68936943F001030020936191
:104FB0007047074B1A68936943F00203F6E7044B06
:104FC0001A68936943F00403F0E72120704700BF9B
:104FD0008851012038B5094D2C685CB9A4200FF028
:104FE0009CF9286040B12246BDE838400449054894
:104FF0000AF02ABE002038BD1A20FCE788510120A3
:105000005DAA020894510120024B034A00201A6055
:10501000704700BF90510120D4050308024B034A9A
:1050200000201A60704700BF8C510120AC050308B6
:1050300010B5144CFFF7EEFC2068A42118F091F88D
:1050400003224FF0FF3123681A70D960002210212B
:105050001A7783F83D2083F85E201A829A741972B9
:105060009A61F1F79BF8044648B912F0EBFD03286A
:10507000054B08BF00232046044A136010BD40F2D0
:105080000740FBE7885101203700040084510120CC
:105090002DE9F04383680446590687B040F1B1809A
:1050A00023F04003836015F07AFD802802D0402869
:1050B00040F0AA8094F9758004F13409B8F1FF3FFB
:1050C0001DD112F0BFFD012871D1636B04201A8835
:1050D0008DF808201A4632F8021B090A8DF80910CB
:1050E000D3F8023002A9CDF80A3053680A22CDF86D
:1050F0000E30FCF797FBB0F1FF3F804657D0A56814
:1051000015F4807553D10620EFF780FB0FF005F9F9
:10511000074698B901461A20FFF7F2FB204641F2F4
:105120000601FFF7CFFB20460021FEF767FF04F1E1
:10513000340007B0BDE8F04315F081BD204615F0FE
:105140002EFD802828D1494D394645EA08252846B4
:105150000DF019F9064638460DF0DBFB16F1880F05
:105160001BD1434D394645EA082528460DF00BF979
:10517000064638460DF0CDFB38460FF0D3F896B909
:10518000606B2A4602A90A30FFF720FD70B3102198
:1051900002A817F0E6FFC1E72E46204615F0FFFCF7
:1051A0004028E9D1DDE7314640F20740B4E794F802
:1051B0007430DA0702D4A368DB05AFD5002201A959
:1051C00004F118000192FFF75DFD18B101980DF090
:1051D000B5F8A3E7606B019A02A90A30FFF7F6FC65
:1051E000054601980DF0AAF8002DD0D1204602A95D
:1051F000FEF704FF02A8102117F0B3FF484615F090
:105200001EFD07B0BDE8F083636B1A88002A85D1C4
:10521000882801D04B2881D10021013313F8012FB8
:10522000002A7FF47BAF01310829F7D1206C01A956
:1052300000F598700192FFF725FD0028C6D1606B3C
:10524000019A02A90A30FFF7C1FC054601980DF04A
:1052500075F8002D9BD1204602A9FEF7CFFE02A8CB
:10526000102117F07EFF04F13400C8E70580040028
:10527000038004002DE9F043804693B006200F46DA
:1052800016469946EFF7C2FA0FF047F8044648B9B8
:1052900001461A20FFF734FB6FF08C05284613B047
:1052A000BDE8F0830CF084FA0023000260606361C3
:1052B0004FF48041204615F0AAFB5A4BE3605A4B4D
:1052C00023605A4B1A68137F022B21D102F160032D
:1052D00002F1800153F8040B8B4247F8040BF9D11B
:1052E00002F1A00153F8040B8B4246F8040BF9D1EC
:1052F000D2F8A0302046C9F800300DF00AFB204655
:105300000FF010F8B8F1000F40F085800025C5E7D8
:105310009369DB072DD5464B03F1200253F8041B9C
:10532000934247F8041BF9D1424B03F1200253F892
:10533000041B934246F8041BF9D14B4620223E49F8
:105340002046F0F741FD054620460DF0E2FA2046E2
:105350000EF0E8FF002DD5D0294640F20740FFF7B8
:10536000CFFAB8F1000F99D00821404615F046FD5C
:1053700094E74946F0F7DEFE054690B1014640F25B
:105380000740FFF7BDFAB8F1000F03D008214046EF
:1053900015F034FD20460DF0BCFA20460EF0C2FF99
:1053A0007CE76B46412201A9D9F800000DF090F886
:1053B000054620460DF0ADFA20460EF0B3FF4DB184
:1053C000294640F20740FFF79BFAD9F800000CF09D
:1053D000B5FFC6E73A460DF105030DF1250153F877
:1053E000040B8B4242F8040BF9D132460DF1450112
:1053F00053F8040B8B4242F8040BF9D101A8412168
:1054000017F0AFFE3846202117F09DFE20213046D0
:1054100017F099FE76E7002245F21601404615F096
:10542000E9FB73E7000002091271000188510120B5
:1054300024050308450503085806030845F206033A
:10544000994210B5044637D01FD840F20323994241
:1054500007D045F2020399423FD040F2012399421E
:105460001FD1244894F8701017F0E7FD94F87330BA
:105470004FF4A041012B14BF80204020FFF746FDD0
:1054800000220346204698470BE045F21703994255
:105490002ED045F21A03994205D045F20C039942E9
:1054A0001FD0482007E0C02115F089FB07212046C6
:1054B000FFF708FA002010BD93791A44517C41F49B
:1054C0009051FFF7FFF994F873302046012B14BF79
:1054D0008021402115F073FBECE7052115F08EFCCF
:1054E000E8E715F05CFB4128E4D005212046F5E70C
:1054F0000220E0E794510120B1F5A04F2DE9F041E1
:105500000446164600F01481A1F5A043DD1F042DCA
:1055100000F215819279083B0C321644026C92F825
:105520005021032B05D8DFE813F043009B00B9009E
:105530000001D10719D5771D1022394682480EF097
:105540007DF8002862D012F07DFB0128206C0ED17E
:1055500003213A4690F95E01FCF702F91021054655
:10556000384617F0FEFD002D4CD100276BE03B467E
:105570001022032190F95E0112F066FB94F873305B
:105580000546012B0DD13B4604F11802153653F8A0
:10559000041BB34242F8041BF9D1A36843F480739F
:1055A000A3601021384617F0DCFD002DDDD011E09E
:1055B00012F00107D9D012F045FB01282DD1236C40
:1055C000062093F95E81EFF721F90EF0A6FE05465D
:1055D00018B91A250021284612E001465B4840EA26
:1055E00008200CF0D0FE804628460DF092F928469F
:1055F0000EF098FEB8F1000F0FD0414640F2074080
:10560000FFF77EF90821204615F0F8FB2046082117
:1056100015F0F4FB40F2034020E0206C06F1050891
:1056200043460A22022190F95E0112F00DFBD6F8E2
:1056300005300546A362D6F80930E362B6F80D30AE
:1056400023860028C6D1226C92F8503123EA070342
:1056500082F85031204615F08FFC0020BDE8F08123
:10566000920782D512F0EEFA012806F10506206CA9
:1056700009D10621324690F95E01FCF771F810213C
:10568000054630466DE706213346102290F95E014B
:1056900012F0DAFA10210546304684E793077FF5C9
:1056A00064AF12F0CFFA01281AD1236C062093F9C7
:1056B0005E71EFF7ABF80EF030FE0546002888D09B
:1056C0000146234840EA07200CF05DFE07462846C5
:1056D0000DF01FF928460EF025FE0FB139468DE773
:1056E000717989B90A46731D13F8010F60B9013247
:1056F000062AF9D194F85210206C81F0080104F1C7
:105700004C03C1F3C00106E000394FF0060218BF98
:105710000121206CB31D90F95E0112F095FA054647
:1057200000287FF457AF02278DE702F004078AE7CD
:1057300015F0A1F90022236C83F85C218AE7BDE80B
:10574000F041FFF77BBE00BF08060308038004009A
:1057500006800400F0B5B1F5A04F05468DB008D025
:1057600045F21304A14244D00DB0BDE8F040FFF76C
:1057700065BE0023046CCDE90833CDE90A3394F803
:105780005D310DF1200C042B2CD11F4B1B6893F8BD
:105790005E205AB1674603F13E024E333E46106822
:1057A0005168083203C69A423746F7D104F584732C
:1057B000069305F15303059305F15A0304932379E6
:1057C00028460393637904F1C8020293A37904F194
:1057D000F801CDE900C304F1B80315F044FE002040
:1057E0000DB0F0BD013B022B9CBFD4F82C310893C7
:1057F000DCE7016C01F5847115F059F94A2128465E
:1058000015F0DDF9EBE700BF88510120F0B545F256
:105810000E06B142044613468DB00BD045F2130379
:10582000994260D0B1F5A04F77D115F024F900204E
:105830000DB0F0BD9979026C0C310B44591D02F585
:105840008C72153351F8040B994242F8040BF9D1CC
:10585000256C102205F58C7105F584700DF0EEFEB7
:1058600020B90B21204615F0C9FAE0E70023CDE965
:105870000833CDE90A3395F85D310DF1200C042B86
:105880002AD1284B1B6893F83D205AB1674603F193
:105890001D022D333E4610685168083203C69A42F5
:1058A0003746F7D105F5A073069304F15A03059323
:1058B00004F153030493EB7A204603932B7B05F109
:1058C000B80202936B7B05F1F801CDE900C305F145
:1058D000C80315F0C8FDAAE7013B022B9CBFD5F811
:1058E0002C310893DEE7056C102205F5A07105F553
:1058F0008C700DF0A3FE0028B3D1D5F858314B21A0
:105900009B0748BF94F87430204644BF43F002031D
:1059100084F8743015F053F989E70DB0BDE8F04014
:10592000FFF78CBD8851012073B545F21406B142D2
:1059300004461AD045F21906B14221D0B1F5A04F64
:1059400028D115F098F8216C204601F59473019345
:1059500001F1B803009301F1110201F1C8035131C3
:1059600015F022FE002002B070BD036CD3F8282190
:105970000B4BB2FBF3F103FB1121FEF7D5FFF1E76F
:1059800013781BB90C2115F039FAEBE7492115F012
:1059900016F9E7E702B0BDE87040FFF74FBD00BF62
:1059A00040420F002DE9F04F97B01546DDE92098F1
:1059B00004AA06468C4692461C46524B229F03F18F
:1059C000100B9646186859680833AEE803005B452B
:1059D0007246F6D16B46202261465046FFF7A4F985
:1059E0008346002871D1484B05F1100208936523C6
:1059F0008DF824300DF12503184655F8041B954207
:105A000043F8041BF9D1102117F09DFB0DF135036C
:105A1000184604F1100254F8041B944243F8041B86
:105A2000F9D1102117F08FFB99F80630062183F089
:105A30000803C3F3C0038DF84530D9F800300DF1E9
:105A40004600CDF84630B9F804300124ADF84A30AC
:105A500017F079FB98F80630062183F00803C3F3AA
:105A6000C0038DF84C30D8F800300DF14D00CDF862
:105A70004D30B8F80430ADF8513017F064FB002316
:105A800035228DF854306846239B08A98DF8534081
:105A9000FFF74AF98346C0B91021239817F053FB4A
:105AA0003B463522684608A98DF82040FFF73CF9AF
:105AB000834650B9B27C0146C2F1100238460DF05F
:105AC000E7FD1021384617F03EFB1021684617F01D
:105AD00048FB352108A817F044FB1021504617F069
:105AE00040FBBBF1000F06D00821304615F086F9C7
:105AF00017B0BDE8F08F5A4645F21201304615F056
:105B000079F8F5E7660503080062746C70B51E4607
:105B10000423054696B014468DF8143001F1200296
:105B20000DF1150351F8040B914243F8040BF9D120
:105B300020210DF1150017F006FB22460DF135036B
:105B400004F1200152F8040B8A4243F8040BF9D106
:105B500020210DF1350017F0F6FA04AB0293202353
:105B600001931A9B314600930E48412305AA0CF07D
:105B700075FD0446412105A817F0F3FA54B12146FA
:105B800040F20740FEF7BCFE0821284615F036F922
:105B900016B070BD224645F21501284615F02AF8C8
:105BA000F6E700BF0000020945F20D039942F7B580
:105BB000044627D00DD8B1F5A04F1DD045F20403FF
:105BC000994200F08F80204603B0BDE8F040FFF717
:105BD00035BC45F21103994200F0A68045F2150349
:105BE0009942F0D1006C90F85D31052B06D8DFE8C2
:105BF00003F0503A423A555014F03DFF0027384622
:105C000003B0F0BD93790C331A44561D02F12505FB
:105C10002A463146FFF7E2F8074620B10B2120461D
:105C200015F0ECF8EBE73146236C113351F8042BF7
:105C3000A94243F8042BF9D1236C01F1200231333E
:105C400051F8040B914243F8040BF9D1216C204622
:105C500001F1D8030093D1F8943001F131021131F0
:105C6000FFF754FFCAE72046452114F0A8FF20465D
:105C7000FEF7A0FEC2E72046452114F0A0FF364BF8
:105C800020461B68D9684B1C5A425A41FEF762FEF7
:105C9000B4E74621204614F092FFAFE72E4B1B6875
:105CA00093F85E5065B1002100F1110200F5A0707B
:105CB00001900091204611463E3315F0EDF89DE726
:105CC0001021C83014F0B1FF00283DD00821204633
:105CD00015F094F8294640F20740FEF711FE40F215
:105CE00007478CE79179036C0C310A44511DA833A6
:105CF000153251F8040B914243F8040BF9D1256C8D
:105D0000102205F1A80105F198000DF097FC20B9CB
:105D10000421204615F072F870E7D5F8583143F0A9
:105D20000103C5F8583169E70B4B056C196810225F
:105D30004E3105F5A0700DF081FC0028E8D110214E
:105D400005F1C80014F071FF216C2046C83114F031
:105D5000CAFE47219EE700BF8851012045F2160385
:105D60009942F7B5044600F0B0810CD8B1F5A04FC8
:105D70000FD045F20303994210D0204603B0BDE88E
:105D8000F040FFF75BBB45F217039942F5D10220C3
:105D900002E014F070FE002003B0F0BD9379056CB2
:105DA0000C33D618F379DF070CD4FEF7EFFC18B9E3
:105DB00094F97530013305D00521204615F01EF801
:105DC0002120E9E7A24F337A3A68127A9A4202D840
:105DD000A27C9A4201D90621EFE7D6F80530C5F832
:105DE0000B30B6F80930A5F80F300223AB7294F9E6
:105DF000523094F85210002BB2BF012381F00803F7
:105E0000C3F3C003AB7094F8603083F00803C3F3AE
:105E1000C0036B70337A102B28BF1023A374F3795F
:105E2000D8072BD5AB79DA0728D5737A2A7A1340AD
:105E300085F85131B37A6A7A134085F8503195F973
:105E40005E3101331ED0206C90F850319B0719D47D
:105E500081F00801062290F95E0104F14C03C1F3C0
:105E6000C00111F0F1FE68B140F21B412046FEF77F
:105E700029FDA3685907A3D508219EE7002385F8CB
:105E80005131DAE73B68F079597C00F0080229B11A
:105E900012B1AA79120703D403218EE7002A73D026
:105EA000AA79110770D5D5F8581141F00401C5F849
:105EB0005811B5F8501121F4807121F00101A5F8B5
:105EC000501193F81CC0B179BCF1020F03D0002926
:105ED00037D0022171E729B3012283F83D20DA7C13
:105EE00052BB042385F85D3194F91330022B03D1A2
:105EF000D5F858315B07CFD511F0A4FE01285CD14D
:105F000094F97500461C58D0002201A9C0B2FEF7D2
:105F10001BFE002851D1236C93F85021900748D4E0
:105F20000A214AE793F85E20002AD2D083F83D1078
:105F3000DB7C002BCDD1D4E793F85E30002BD0D1A1
:105F4000C7E7024312F0040209D185F85D211B7CEA
:105F5000002BA1D194F8743098079DD4C4E77279CE
:105F60001878052A28BF03223A4902EB82020A4424
:105F7000125C85F85D211B7C1BB994F8743099077D
:105F8000B2D5002AB0D187E71A7F012A02D1B279AF
:105F9000002AA6D1420703D4AA7912F00402D4D071
:105FA00072791878052A28BF03222B4902EB820256
:105FB000DDE793F851319907B2D594F97500421C89
:105FC00018D0226C0821D2F8583143F04003C2F8AF
:105FD000583111F050FE052194F9750011F01FFEA3
:105FE000032194F9750011F01AFE062194F9750049
:105FF00011F015FE95F85D31206C042B00F59870BA
:1060000021D13B6803F11D022D3352F8041B9A4243
:1060100040F8041BF9D1D5F8583195F85D2103F00B
:106020000401DAB923F00203C5F85831E2740029FB
:1060300046D0216C204601F1940301F171025131E7
:10604000FFF718F9A7E6102200210DF021FBE2E787
:1060500088510120770503089005030843F00203E7
:10606000C5F8583149B90123013AE374032A3FF6D0
:1060700092AEDFE802F010181025A37C0F2B89BF29
:1060800094F87430012343F0080384F8743088BF17
:106090000223E374CDE72046452114F090FD20460D
:1060A000FEF788FC77E62046452114F088FD3B6822
:1060B0002046D9684B1C5A425A41FEF74BFC6AE60F
:1060C0004321204614F07BFD65E614F044FD422197
:1060D000F7E700BFF8B50446FEF73CFB266C054623
:1060E00028B394F975305F1C0BD086F85E31FEF74B
:1060F0004DFB0721012014F0CEFC024638BB1A21CB
:1061000011E02046FBF7E4FC86F85E01236C93F96E
:106110005E310133EBD1FEF739FB60B1A3685D0757
:106120000FD441F205212046FEF7CCFB0DE0FF2302
:1061300086F85E31EFE794F975300133EED1002532
:10614000D7E70521204614F059FE0020F8BD32495A
:10615000867909680C3691F800C0831983F801C06C
:1061600091F81CE0281E18BF0120BEF1010F0DD1CF
:1061700083F802E0D870487C00B3D87800071DD4BB
:10618000A3685B07DDD441F20321CCE78F69BEF140
:10619000020F07F002070ED191F85EE0BEF1000F8A
:1061A00009D04FF0010E83F802E0D870002FE2D141
:1061B00040F00800DEE74FF0000EF4E7BCF1030FFB
:1061C00007D0096911F0FF1F1EBFD97841F0040103
:1061D000D97094F874108F0708D5D978480705D47A
:1061E000BCF1030FCFD041F00401D970002D18BFCE
:1061F000032510215D7119719D71216C9059C1F8B1
:1062000003009888A1F807009B7920464B7206216D
:1062100014F0EBFA012099E788510120F0B545F21E
:106220000E06B142044615468DB00ED045F2130657
:10623000B1425CD0B1F5A04F40F0BD8014F01BFC22
:10624000236CD3F85831190757D5236CD3F858214C
:1062500012070CD4AA7903F584730C3215446A1D15
:10626000153552F8041BAA4243F8041BF9D1002348
:10627000256CCDE90833CDE90A3385F85C3195F812
:106280005D310DF1200C042B2AD14D4B1B6893F886
:106290003D205AB1674603F11D022D333E4610687A
:1062A0005168083203C69A423746F7D105F5A07304
:1062B000069304F15A03059304F1530304932B79D5
:1062C00005F1C80203936B790293AB79CDE900C362
:1062D00005F1B803204605F1F80115F0C4F80CE00B
:1062E000013B022B9CBFD5F82C310893DEE7056CEF
:1062F00095F85C3123B1012B54D000200DB0F0BDD6
:10630000102205F5A07105F584700DF097F920B104
:106310000B21204614F072FDEFE7D5F858310DF14E
:10632000200C9B0742BF94F8743043F0020384F8BA
:106330007430012385F85C310023CDE90833CDE9C1
:106340000A3395F85D31042B25D11D4B1B6893F85A
:106350005E205AB1674603F13E024E333E46106856
:106360005168083203C69A423746F7D105F58C7357
:10637000069304F15303059304F15A030493EB7A53
:1063800005F1B80203932B7B02936B7BCDE900C32D
:1063900005F1C8039EE7013B022B9CBFD5F82C31C9
:1063A0000893E3E705F58C7114F081FB8821204602
:1063B00014F005FCA1E70DB0BDE8F040FFF73EB8D2
:1063C0008851012045F21403994213B504462BD09D
:1063D0000CD8B1F5A04F13D045F20E03994232D03C
:1063E000204602B0BDE81040FFF728B845F2190377
:1063F0009942F5D1137813BB0C2114F0FFFC10E087
:1064000014F039FB216C204601F59473019301F1DE
:10641000B803009301F1510201F1C803113115F0E5
:10642000C3F8002002B010BD036CD3F82821114B33
:10643000B2FBF3F103FB1121FEF776FAF1E78721B6
:1064400014F0BDFBEDE79179036C0C310A44511D4A
:1064500003F58473153251F8040B914243F8040B91
:10646000F9D1226CD2F8583143F00803C2F8583100
:10647000D7E700BF40420F0045F2100330B5994204
:10648000044685B000F0A6800CD8B1F5A04F27D007
:1064900045F20503994228D0204605B0BDE83040BA
:1064A000FEF7CCBF45F21103994200F0B08045F2EF
:1064B00012039942F0D1016C91F85D3113B1043BA4
:1064C000012B03D82046B83114F00DFB236C93F850
:1064D0005D31042B40F2DF80052B03D1862192E051
:1064E00014F0C9FA002005B030BD9179036C0C316D
:1064F0000A44511DC833153251F8040B914243F838
:10650000040BF9D1206CD0F8583113F0040354D0A7
:1065100090F85D31042B22D1604B1B6893F85E50DC
:1065200065B1002100F111020091114600F5A07043
:1065300001903E33204614F0AFFCD3E71021B83071
:1065400014F073FB58B10821204614F057FC40F2B8
:1065500007402946FEF7D4F940F20740C3E7216C13
:1065600091F85D3101F1C80213B1043B012B12D83F
:1065700001F1F803039301F59873029304F15A03B0
:10658000019304F15303009301F1B8032046D8317D
:10659000FFF708FAA6E701F5A073019391F85C01F3
:1065A000D1F82C31C34003F0010343F08003009382
:1065B000134601F151021131BCE780F85C3100F162
:1065C000C802009300F5987100F5A073204615F0FD
:1065D0005FF887E7056C102205F1980105F5A070BA
:1065E0000DF02CF820B10421204614F007FC79E7C7
:1065F0008821D5F858319B0742BF94F8743043F096
:10660000020384F87430204614F0D9FA6AE7056C66
:1066100095F85D3105F5A070042B1ED11F4B10229B
:1066200019684E310DF00AF80028DCD1102105F16F
:10663000B80014F0FAFA216C01F1F803039301F5A4
:106640009873029304F15A03019304F153030093E6
:1066500001F1C80201F1B80398E70146102205F1E3
:1066600098000CF0EBFF0028BDD105F1B8012046E1
:1066700014F039FA216C91F85C310133DBB2142B40
:1066800081F85C31D8D0D1F8583123F00103C1F83A
:1066900058318421B7E78721B5E700BF8851012031
:1066A00045F215039942F7B5044651D00CD8B1F51F
:1066B000A04F19D045F20D0399421BD0204603B0DC
:1066C000BDE8F040FEF7BABE45F216039942F5D197
:1066D000016C01F1D8030093D1F8943001F131023B
:1066E0001131FFF713FA01E014F0C5F9002738461D
:1066F00003B0F0BD93790C331A44551D02F1250601
:1067000032462946FEF76AFB074620B10B21204698
:1067100014F074FBEBE72946236C113351F8042B7A
:10672000B14243F8042BF9D1236C01F1200231333B
:1067300051F8040B914243F8040BF9D1216C204627
:1067400001F1940301F171025131FEF793FDCDE7A0
:1067500014F001FA236C93F85D31052BC6D8DFE8FD
:1067600003F0190311111E192046822114F027FA93
:106770000C4B20461B68D9684B1C5A425A41FEF705
:10678000E9F8B3E72046822114F019FA2046FEF713
:1067900011F9ABE78321204614F011FAA6E7852111
:1067A000F9E700BF88510120204B10B51B68044653
:1067B0009B6913F0040310D141B180F8773090F851
:1067C0007010BDE810401A4816F037BC90F87330CE
:1067D000012B03D18368580705D410BD022B02D1C9
:1067E00083685907F9D494F9772094F87730002A10
:1067F000F3DBB3B9012384F8773094F877305B0882
:10680000EBD04FF47A7294F870105343084800228A
:1068100009F0F8F994F8773063F07F0384F8773063
:10682000DBE75A06E9D45B00E5E700BF88510120A9
:106830009451012045F21E0330B599420446154695
:1068400089B010D845F21603994213D845F20103D6
:10685000994200F0828145F20C03994222D0B1F5B1
:10686000A04F00F080812A46204609B0BDE83040A4
:10687000FEF7E4BDA1F5A043173B072BF3D801A217
:1068800052F823F069690108676801086768010820
:1068900067680108156B010867680108E16A01086B
:1068A0005569010890F97730002B02DB82685307A5
:1068B00007D52046092114F0A1FA41F2092009B0B8
:1068C00030BDAB792B44914D5B7C2D6803F0080102
:1068D0006D7CD5B121B9032114F090FA2120EEE7A7
:1068E00013F0040F03F0010308D042F008028260A5
:1068F00093B9A36843F02003A36013E0002BF8D002
:10690000836843F010038360F3E7580744BF42F005
:106910000802A260DB0703D5A36843F01003A3605D
:106920000029E6D1A368224643F00403A360784916
:10693000204609F089F90221204611F003FA47F2B6
:106940003053002245F21A01204609F05BF9A36892
:106950009D054AD5A368580747D594F8700009B03B
:10696000BDE8304013F0A1BF90F87430D90745D589
:1069700090F9753001333AD094F9131001291DDCD8
:10698000A26893060DD5614B15071B6801D4187CCE
:1069900038B1187F10B91878032802D09B6998077E
:1069A0002CD501290AD0594B11071B6801D41A7C38
:1069B00022B11A7F12BB1B78032B1FD10023CDE914
:1069C0000433CDE9063311F03DF9012801AB2DD098
:1069D000A06AE16A228E03C31A802046BDF8042013
:1069E00004AB0DF10601FDF7B9FB002067E78368F2
:1069F000DA0616D4FDF7CAFE0028BDD0434B1B684B
:106A0000197F022929D1DA7C3AB393F85E3023BB8F
:106A1000A3685A0717D5204614F0F0F941F2022076
:106A20004DE7FDF797FE0028E4D0E7E70A220221B0
:106A300094F9750011F049F90028CED1CDE9010093
:106A4000ADF80C00C9E7204641F20221FDF73AFFFC
:106A500001212046FFF7A8FEE0E7204613F0DDFF06
:106A6000A56860B96B0705D50821204614F0C6F962
:106A70001A2024E71A212046FDF724FFF8E715F035
:106A8000040508D0FDF78AFEC8B1204694F97510B8
:106A9000FDF7A4FFA9E722461D49204609F0D4F8D6
:106AA0000221204611F04EF947F230532A4645F2B2
:106AB0001A01204609F0A6F8A3685D07E2D4226C0B
:106AC000D2F8583143F020032046C2F85831FFF77E
:106AD00001FB002889D04121204614F070F884E79A
:106AE000FDF75CFE002868D0226C002A65D0A36800
:106AF000580762D5D2F8583199065ED42978002912
:106B0000E0D10521204614F079F96EE78851012083
:106B100015AC020890F87430D80707D440212046FD
:106B200014F04DF829462046FDF7CCFEA36859071E
:106B30007FF55BAF204645F21A0116F07EFA20463B
:106B400022461F4916F0B2FAA368022123F03C0343
:106B50002046A360FBF784FB47E702461849194823
:106B600009F072F841E745F21A0116F066FAA368D7
:106B700023F03E03A360236C6BB193F95E01421CCA
:106B800009D094F97520013203D0D3F858315B064F
:106B900001D5FAF7C3FE22462046094916F086FAC7
:106BA00022460749074816F081FA20460221FBF7E2
:106BB00057FB204614F082F817E702207FE600BF5B
:106BC00015AC02089851012045F21E0399422DE9A7
:106BD000F3410446154611D845F21603994214D8DC
:106BE00045F20103994200F0438345F202039942C2
:106BF00000F09C80B1F5A04F00F040832A4620466B
:106C000002B0BDE8F041FEF719BCA1F5A043173B67
:106C1000072BF3D801A252F823F000BF3D6C010806
:106C2000FD6B0108FD6B0108FD6B01082B7201086B
:106C3000FD6B0108FD6D0108C36D0108874E3368C7
:106C40001A7F022A11D1DA7C7AB193F85E3063B9E7
:106C500041F20221FDF736FE20460121FFF7A4FD97
:106C600041F2022002B0BDE8F081A368590701D5C6
:106C70000220F7E72046FDF76DFD3368051E1A7800
:106C800018BF0125032A07D019696AB211F0FF1F46
:106C900028D042F0040503E094F87420920729D428
:106CA0009A69960723D41A7F012A20D045F0080557
:106CB00002210B2013F0EFFE024600B38379034458
:106CC0005D7394F97530013303D094F87430DD07A7
:106CD00003D5A36843F00203A3600621204613F006
:106CE00084FD0CE094F874108F07D2D4D8E75B7C55
:106CF000002BDDD041F203212046FDF7E3FDA36820
:106D0000224643F00403A3605549204608F09CFF47
:106D10000221204611F016F847F23053002245F2C6
:106D20001A01204608F06EFF00209BE78368580791
:106D300003D494F97730002B05DB236C53B1D3F8DF
:106D40005831D90606D52046092114F057F841F2EA
:106D5000092087E7204613F060FE28B90821204665
:106D600014F04CF821207DE7206CD0F8583143F026
:106D70001003C0F85831AB790C332B445A68C0F873
:106D800003201A89A0F8072001229B7A4372236C02
:106D9000DA70A26812F0040610D12246304920466B
:106DA00008F052FF0221204610F0CCFF47F230538A
:106DB000324645F21A01204608F024FFA3689A05DE
:106DC000B2D5236C002BAFD0D3F85831DB06ABD54E
:106DD000FDF7E4FC94F9751030B1A3689F0703D464
:106DE0002046FDF7FBFD9FE70846FAF79BFC28B11C
:106DF00094F87430DE0701D40521B0E7236C002B32
:106E00003FF436AFD3F85831D8067FF531AF990645
:106E10003FF52EAFFDF7C2FC48B1A3689A0706D430
:106E20002B7823B90521204613F0E8FF7CE7A368FF
:106E3000256C23F00203A360D5F85831074F43F0C7
:106E40002003C5F858313B68EA791B7A934202D88F
:106E5000A37C934206D9062181E700BF8851012017
:106E600015AC020894F9521094F852300029B2BFC0
:106E7000012383F00803C3F3C003102A28BF1022A4
:106E80006B7094F86030204683F00803C3F3C003AE
:106E9000AB70A274AE79FDF75DFC90B3F30730D50B
:106EA00094F97530D4F84080581C20D088F85E31B1
:106EB00006F00D063B689A69910704D41A7F012AEF
:106EC00001D0320701D406F0F7061A78032A1BD046
:106ED0001B6913F0FF1F01D046F0040607210220B2
:106EE00013F0D9FD0190A8B940F20340BAE620465C
:106EF000FAF7EEFD88F85E01236C93F95E310133F9
:106F0000D6D106F00C06D5E71B7F002BE6D106F0A4
:106F1000FB06E3E790F806C03A680CF10C0C137816
:106F200000EB0C014B70137F012B06D0022B45D1D7
:106F300092F85E30003B18BF01238B701023CE7097
:106F400016F0010608BF32460B711FBF2B7A6A7A12
:106F500003F003034B71236C14BF02F003024E7164
:106F60008A7183F851214A7983F8502150F80C2016
:106F7000C3F80A208A88DA818A791A7406B3206CE9
:106F800090F8501111F002061AD194F8521006220E
:106F900081F0080190F95E0104F14C03C1F3C001D6
:106FA00010F052FE60B13146FDF7AAFC20460821E0
:106FB00013F024FF01A80CF041FE95E70023BCE785
:106FC000019E002E90D0FDF7E1FB95F806C018B9A0
:106FD00094F9753001330FD01CF0010F04D0236CED
:106FE00093F95E31013307D10521204613F006FFE6
:106FF0003046F3F7A9FBB5E63B680CF00802597C74
:1070000029B112B16A7B100703D40321EDE7002AEE
:1070100070D06A7B11076DD5D5F8581141F0040185
:10702000C5F85811B5F8501121F4807121F0010113
:10703000A5F85011187F697902280FD091B942EA5A
:107040000C0212F0040240D185F85D211B7C002B5C
:10705000DBD194F874309807D7D40DE021B993F8B8
:107060005E203ABB0221C0E7012283F83D20DA7C92
:1070700032BB042385F85D3194F91330022B03D120
:10708000D5F858315A07C0D510F0DCFD01284DD194
:1070900094F97500431C49D0002201A9C0B2FDF744
:1070A00053FD002842D1236C93F85021910737D427
:1070B0000A219AE783F83D10DB7C002BD2D1D8E778
:1070C00093F85E30002BD4D1CCE72A791978052AC1
:1070D00028BF03227C4801EB810101448A5C85F8CA
:1070E0005D211B7C1BB994F874309907C4D5002A24
:1070F000C2D18AE71A7F012A02D16A79002AB8D15F
:107100001CF0040F03D16A7B12F004029CD02A7990
:107110001978052A28BF03226C4801EB8101DCE7BE
:1071200093F851319A0701D40A2118E694F97500B1
:10713000431C18D0226C0821D2F8583143F0400388
:10714000C2F8583110F097FD052194F9750010F040
:1071500066FD032194F9750010F061FD062194F994
:10716000750010F05CFD32460621204613F03DFB11
:1071700095F85D31206C042B1DD13B6800F59870AB
:1071800003F11D022D3352F8041B9A4240F8041BF0
:10719000F9D1D5F8583195F85D2103F004018AB989
:1071A00023F00203C5F85831E274B9B181212046B9
:1071B00013F005FDB8E51022002100F598700CF0E1
:1071C00067FAE6E743F00203C5F8583141B90123F5
:1071D000032AE37412D9042A7FF4A6AD8421E6E7DA
:1071E000A37C0F2B89BF94F87430012343F008036C
:1071F00084F8743088BF0223E374D7E7012A07D0EC
:107200002046822113F0DBFC2046FDF7D3FB8BE503
:107210002046822113F0D3FC3B682046D9684D1CE0
:107220006A426A41FDF796FB7EE590F87430D80714
:1072300007D48021204613F0C2FC29462046FDF7E2
:1072400041FBA36859077FF56FAD45F21A0120464F
:1072500015F0F3FE224620461D4915F027FFA368CE
:1072600023F00403A36002212046FAF7F9FF5BE54F
:1072700002461749174808F0E7FC55E545F21A01A0
:1072800015F0DBFEA36823F03E03A360236C6BB113
:1072900093F95E01421C09D094F97520013203D0A4
:1072A000D3F858315B0601D5FAF738FB2246204661
:1072B000074915F0FBFE22460549064815F0F6FE83
:1072C000204613F0FBFCCEE7770503089005030882
:1072D00015AC0208985101200138C0B20A289ABFA3
:1072E000014B185C002070477806030801490248EA
:1072F00015F0D8BE645F0120985101201022074B81
:1073000028215A826422C3E905124FF6FF729A833C
:1073100000221A604FF470629A8470479C510120D9
:1073200038B5114C94F82430EBB1226812F0010505
:1073300019D1201DFDF768FB236843F00203236089
:1073400014F081FE78B14EF6602294F825304FF4A7
:107350008271534305482A4608F054FC18B9236843
:1073600043F00103236038BD9C5101209851012056
:1073700022F00042B2F5827F10B511D1094B1A6894
:1073800093F8244022F00102012C1A6006D110F07B
:10739000AAFFFFF7C5FF204608F0BCFD012010BD85
:1073A0000020FCE79C51012030B5044685B008461A
:1073B000039114F042FF830708D410F0010003D0BA
:1073C00003A80CF03BFC012005B030BD03998B797C
:1073D00003F10C0288188A5C013A202A00F2178116
:1073E000DFE812F021001501B1001501B40015010C
:1073F000BD001501C4001501CC001501D400150114
:10740000DB001501E9001501F10015011501150159
:10741000F300150101011501030115010C0115010E
:1074200015011501E20003790BB103F58853427889
:10743000023A1E2AC4D801A151F822F0B9740108F9
:10744000C1730108C3740108C1730108CF74010836
:10745000C1730108DB740108C1730108E7740108F6
:10746000C17301080B750108C1730108F3740108A9
:10747000C173010817750108C1730108237501085C
:10748000C1730108C1730108C17301082D7501089A
:10749000C17301083D750108C1730108C17301087A
:1074A000C1730108C1730108C1730108C1730108E8
:1074B000C1730108FF74010817212046FCF708FD7D
:1074C0007EE700222046114612F0B9FC78E71A4602
:1074D0000021204612F060FD72E70022204611468E
:1074E00012F00AFF6CE700222046114612F0B3FDAD
:1074F00066E71A460021204612F0A0FE60E71A4611
:107500000021204612F0B9FE5AE71A460021204613
:1075100012F077FE54E700222046114612F0DFFFFA
:107520004EE71946204613F043F849E7009300233D
:1075300020461A46194613F045F841E719462046F9
:1075400013F092F83CE7B0F80110B6E702338B7104
:107550000A4600234178204612F071FC33E70133DC
:10756000002220468B7112F017FD2CE702338B713D
:1075700042780023204612F0BFFE24E701338B71CE
:10758000002320461A4612F066FD1CE70133002254
:1075900020468B7112F035FE15E70133002220469C
:1075A0008B7112F04BFE0EE70133002220468B71E7
:1075B00012F063FE07E702338B7142780023204606
:1075C00012F08DFFFFE60021ACE705338B7100233D
:1075D000B0F80320B0F8010000930B4601462046A6
:1075E00012F0F0FFEFE60021A9E703338B710A46A2
:1075F000B0F80110204613F056F8E4E603338B711F
:107600000A46B0F80110204613F056F8DBE60020D9
:10761000DAE600BF38B5FBF777FB0446FBF7D6FB8D
:107620000546064815F0C7FC002303714371236823
:10763000C0F80630A3880573438138BD20090205D0
:1076400013B5C37A0093B0F80930D0F80520D0F80C
:107650000110007810F072FE0446034815F0ABFCF0
:10766000848002B010BD00BF20020403FF2337B5A1
:107670000DF107008DF80730FBF738F90446044890
:107680009DF8075015F097FC8480857103B030BDDC
:10769000200304014B7937B55B0705460C460CD433
:1076A00020461421064A0CF031F901A801940CF08F
:1076B00059F910B9A3791C44257403B030BD00BF3B
:1076C000A4060308024B1B6803B11847704700BFAC
:1076D000E451012010B500210446007814F005FEA5
:1076E00048B16178207810F016FE0446034815F082
:1076F00062FC848010BD0224F8E700BF200256011E
:1077000010B54178007810F08AFE0446024815F062
:1077100052FC848010BD00BF200256020020024BA4
:107720001870024B18707047FA5B0120F95B01205A
:10773000F0B50D4691B0831C09AC00F11A02264643
:1077400018685968083303C693423446F7D11B883A
:107750001C21338028460CF078FBBDF826402E68AB
:1077600014F00C0439D130460CF0F4FA871EA7420D
:107770000DDA4FF0FF3400239C428DF81C301EDBE5
:1077800001223146A31C07A80CF047FA17E0631C3E
:107790000122314605A80CF040FA9DF81430012B67
:1077A000E9D023460122314607A80CF036FA9DF8AD
:1077B0001C3013B101331C44D9E78DF81C3008F09C
:1077C00057FB012804D0022831D030B911B0F0BDE8
:1077D0009DF81C3013F0010FF8D09DF82F0000F039
:1077E0009DFB04469DF8300000F098FB07AF9DF824
:1077F00028200DF12901064605A8FBF7CDFA3846E9
:107800009DF836200DF13701FBF7C6FA0C4B1B78BB
:10781000DB0711D405A810F051FACDE90105324675
:107820002146009705AB09A800F00CF8CEE79DF8BB
:107830001C3013F0030FCFE74FF0FF30EDE700BF30
:10784000F95B01202DE9F74FB0F802C006461CF0A5
:10785000100F1C460C9F9DF934A0DDF838B033D0D2
:107860005FFA8CF51CF0080F184614BF05F00805E8
:1078700005F00F0515F07DFC8146384615F079FCC2
:1078800096F90F3080465A460421134801937678C2
:107890000CF0A7F8019BA0B105712268C0F8052083
:1078A000A28880F80B90A0F8092080F80CA0437300
:1078B00086733B68C0F80F30BB8880F81580A0F84D
:1078C000133003B0BDE8F08FCDE90DAB0C9703B0DA
:1078D000BDE8F04F14F01DBDC80603081046194658
:1078E000F8B522F0004340F20A4293420ED8B3F5B5
:1078F000806F59D96FF480621344092B54D8DFE8A4
:1079000003F00D101F3050505050530D40F20152F3
:10791000934234D0A3F20253032B45D8FAF760FB0D
:107920000CE00D784C688A6901F108031F480021BA
:107930000CF030F810B10571C0F805400120F8BD19
:107940000E784D880C798A6901F1080318480021E6
:107950000CF020F80028F1D00671A0F80550C47191
:10796000ECE70D784C884A690B1D124800210CF099
:1079700011F80028E2D00571A0F80540DEE70F7885
:107980004E880D79CC8801F108020B4800210CF0DB
:1079900028F80028D2D00771A0F80560C5710481CD
:1079A000CCE7FAF7A1FAC9E70020C8E7D806030830
:1079B000D4060308D0060308CC0603080048704725
:1079C000DD78010830B5124B0D469942144689B056
:1079D0001BD1930011D505A906A808F0C3F9062309
:1079E00000220393059BE1B20293069B2846CDE952
:1079F000003241F0005115F02AFB06480BF0B9FFA8
:107A000000B10471012009B030BD0020FBE700BFC8
:107A1000E8510120FC06030822F00042B2F1A04F19
:107A200008B504D103480BF0A4FF012008BD0020D5
:107A3000FCE700BF0007030810B5047FD4B1102C89
:107A400028BF102415F07DFB621C81B200230620A4
:107A5000D2B2F2F7F9FF044650B90749074815F0CA
:107A600021FB0748074915F01DFB0748F2F7C6FF41
:107A7000204610BD0424E5E77C5F0120EC51012085
:107A8000E85101208C5F0120745F012022F0004248
:107A9000B2F5887F2DE9F0471C4600F0E2800ED851
:107AA00040F203139A423CD040F209139A4200F08C
:107AB000C2800E2A00F0B3800020BDE8F08740F2BB
:107AC00007239A4247D0B2F5037F56D040F20623EF
:107AD0009A42F1D120684C30FBF778F925680746C7
:107AE000644895F8736095F870A095F9759095F8CD
:107AF0007680A4880BF03DFF0028DDD0EB6C43605E
:107B0000B5F8503087720381731E5E425E41C672C3
:107B100080F80CA080F80D9080F80E80A0F80F403F
:107B2000CAE72078FAF75EFB0028C5D0524894F8DF
:107B300000806788A688E588247A0BF01AFF002861
:107B4000BAD080F80480A0F80570A0F80760A0F80B
:107B50000950C472B0E72078FAF744FB0028ABD094
:107B600060782578FFF7B8FB044644480BF001FF26
:107B70000028A1D0057144719EE7A578012D1ED083
:107B8000022D2DD0CDB9E37894F80080023BDBB212
:107B9000022B8CBF01253A4A94F90470667998BF8C
:107BA000D55C94F9064037480BF0E3FE28B180F825
:107BB000048045718771C671047201207DE7E37806
:107BC00094F80080023BDBB2022B98BF2C4A94F958
:107BD0000470667998BFD55C94F906402A48E3E7BB
:107BE000E3782A48023BDBB2022B94BF244A0125EA
:107BF00094F80180277898BFD55C94F90490667951
:107C000094F906400BF0B5FE0028D6D0A0F8048009
:107C10008771C57180F8089046728472CDE723465B
:107C20000822002113F8014B19480BF0B3FE00287D
:107C3000C3D00471C1E7174894F800806788A6880C
:107C4000E58824890BF095FE0028B6D080F80480E2
:107C5000A0F80570A0F80760A0F80950A0F80B4044
:107C6000ABE70D481C780BF084FE00283FF424AFEE
:107C7000047121E73C0703083807030830070308AD
:107C80000407030828070308240703082C07030830
:107C9000200703081C070308340703080022084BC9
:107CA00010B51A609A8002681A60187810F08AFC81
:107CB000044618B90349044815F0F4F9204610BDEC
:107CC0006A5601209C5F01209851012008B5034BA2
:107CD0005888FAF71FFF002008BD00BF6A56012030
:107CE00073B5144606460D4620461421094A0BF08A
:107CF0000DFE01A801940BF035FE48B9A3790C33B1
:107D00001C44054BA6711B79A5800BB114F00CFB2C
:107D100002B070BD180703086A56012022F0004225
:107D20000D2A73B51C460ED06FF4C0631A440B2A9B
:107D300012D80B2A10D8DFE802F03B12242C370FA0
:107D400046505F84878E0422002153F8044B444838
:107D50000BF020FE00B18480002002B070BD2078BE
:107D6000FAF740FA0028F7D03E48267894F90150F7
:107D7000A4780BF0FEFD0028EED0067145718471E9
:107D8000EAE7247838480BF0F4FD0028E4D00471C9
:107D9000E2E72578354864680BF0EBFD0028DBD07E
:107DA0000571C0F80540D7E7257831486468F3E7E6
:107DB0003048257864680BF0DCFD0028CCD00571D4
:107DC000A0F80540C8E72C48257864680BF0D1FD81
:107DD0000028C1D005714471BEE7637827480D2B98
:107DE00096BF274A0125D55C24780BF0C2FD0028F8
:107DF000B2D004714571AFE7637800210D2B98BFB5
:107E00001F4A204898BFD55C6368A27888BF0125C7
:107E100026780BF0BFFD08B1067145716378012B20
:107E20009AD88DF807300122002116480DF107037A
:107E300024780BF0AFFD00288ED00123047143712C
:107E40008AE7247810489EE70021636822780F486B
:107E50000BF0A0FD80E70E480BF08BFD7CE700BF28
:107E6000800703086C0703087407030878070308F2
:107E7000700703086807030864070308600703081E
:107E8000400703085C070308580703085007030866
:107E90005407030873B5054616F040FB1D4C064613
:107EA00063795B070ED4204614211B4A0BF02EFD8C
:107EB00001A801940BF056FD20B1304616F029FBC5
:107EC00002B070BDA3790C33234455B91A79FF2A47
:107ED00001D001321A71304602B0BDE8704016F090
:107EE00018BB012D05D15A79FF2AF4D001325A71FD
:107EF000F1E7022D05D19A79FF2AECD001329A716F
:107F0000E9E7032DE7D1DA79FF2A1CBF0132DA71E4
:107F1000E1E700BFF05101207C070308042828BFD7
:107F20000020014B185C70478407030830B585B00A
:107F300005460A4901A807F0AFFB044650B901A85D
:107F400007F018FC044615B1029B9B792B7001A821
:107F500014F0A3FF204605B030BD00BF9007030812
:107F60002DE9FF4180460F4601A80C4916461D46E3
:107F700007F092FB70B9029C9DF8283084F80480C9
:107F8000C4F80570C4F80960A4F80D50E37301A8A3
:107F900014F087FF04B0BDE8F08100BF8807030834
:107FA00030B585B005460C4601A8064907F074FBBC
:107FB00028B9029B01A81D715C7114F072FF05B015
:107FC00030BD00BFA007030830B585B005460C469C
:107FD00001A8064907F060FB28B9029B01A81D71A2
:107FE0005C7114F05EFF05B030BD00BF9807030858
:107FF0007FB505460E4601A80C4907F04DFB044627
:1080000080B901A807F0B6FB029B044625B1D3F85E
:1080100006202A605A89AA800EB11B7B337001A802
:1080200014F03BFF204604B070BD00BFA807030852
:1080300010B50F4C88B02060F2F7DAFC2168684672
:1080400014F098F96846F5F717F8044660B90A2065
:10805000084A094907F0B8FD044628B907F0E2FBD1
:1080600007F0FEFFFFF74AF9204608B010BD00BF39
:108070002C5201203DC30208BDDD020870B58EB050
:1080800008F01AF8002302AD29460DF107008DF81B
:108090000E308DF80730E8F721FB00286BD1284619
:1080A00013F0C0FF002866D0302864D09DF8073058
:1080B000012B17D172238DF80E30EBF78DFCCDE933
:1080C0000601030C8DF81230BDF81D30ADF810001C
:1080D000ADF813309DF81F308DF8153049238DF819
:1080E00016300AE049238DF80E3095E80300ADF80C
:1080F0001410090C04908DF816109DF80E3013F032
:10810000280F07D1DDE90401ADF80C10090C02902D
:108110008DF80E10274E33681869002830D1336867
:108120005A690AB9244A126824490A609A690AB944
:10813000234A126823490A6093F82220D20727D4E1
:1081400004A814F052F90446F8B9316806A814F0EE
:1081500011F906A8E8F75EFA0446B0B9BDF92E0099
:1081600013F02DFF14F046F92846FAF7DDFD164806
:1081700007F024FD09E09DF80E3019079DD5B4E7FE
:1081800011F0E7FC04460028C9D020460EB070BDAF
:1081900093F8232000234FF0FF3006A9CDE90633E2
:1081A0008DF81A2014F0BCF90028C9D040F20C4414
:1081B000EBE700BF2C520120A4EB0208085201207B
:1081C000A0EB0208045201202182010870B50F487B
:1081D00014F0EAFEC8B907F053FD0C4D05F10C068A
:1081E00013F0DCFE07F05AFB0446284614F0D8FED4
:1081F00010B930460BF022FD0BF022FC08B9002C20
:10820000EED1BDE8704014F090B870BD3C52012032
:10821000024B1B6803B11847704700BF045201208E
:1082200050EA010337B504460D4604D103B0BDE85A
:108230003040FFF7EDBFB1F1FF3F08BFB0F1FF3FA6
:1082400013D015F0BBFD221845EB0103084909487E
:10825000C1E9002300239D420CBF21464FF0FF31AE
:10826000CDE90033044A16F0D1F903B030BD00BFA8
:10827000A84D00200C5201207D820108D3B516F0D4
:108280004DF9044615F09AFD0B46104AD2E90067F5
:10829000B04273EB070107D3FFF7BAFF204602B0E5
:1082A000BDE8D04016F035B9D2E900670022311A96
:1082B00067EB03039342CDE90022134618BF4FF04A
:1082C000FF31034A034816F0A1F9E7E7A84D002063
:1082D0007D8201080C5201200023044A52E8000F5D
:1082E00042E800310029F9D1F7F7C6BA305201202F
:1082F000054A52E8003F034342E800310029F8D123
:10830000024B1B68184700BF305201200852012061
:1083100037B51C68E10705D513F035FE1649174837
:1083200014F0C0FEA20723D5FCF710F8D0B9144D05
:10833000019016F0F3F8044628460BF09DFC0190DE
:10834000204616F0E6F8019890B143799B070CD4CB
:1083500001A802210BF079FD0198FBF7E7FFFBF77D
:10836000F3FDE6E7FBF7F0FDDEE7FBF7D3FFF6E70B
:10837000002003B030BD00BFAC5F01209851012048
:108380003452012008B5054807F058FA044B012182
:108390001870BDE8084007F061BA00BFBC5F01205B
:1083A000FB5B012038B5044648B116F0B7F8054626
:1083B000214608480BF030FD284616F0AAF8064B77
:1083C000022193F9000007F049FABDE83840FFF7B1
:1083D0001FBF00BF34520120FB5B01202DE9F0419B
:1083E0000A4B0B4F04460E46386819681546E9F7E4
:1083F00077FA40B933462A46386844F48021BDE80C
:10840000F041E9F791BCBDE8F08100BF105E0120AA
:10841000305E01202DE9F0410A4B0B4F04460E4619
:10842000386819681546E9F75BFA40B933462A46B9
:10843000386844F48021BDE8F041E9F71FBBBDE88E
:10844000F08100BF105E0120305E012038B5084D7C
:10845000084B044619682868E9F742FA30B92868D9
:1084600044F48021BDE83840E9F7A2BC38BD00BF24
:10847000305E0120105E01202DE9F043134B0E46C3
:108480001968134B05468DB018681746E9F728FAA6
:1084900080B933460A222846009702A908F0A8F9B5
:1084A0004FF0000804460DF10809444505D1002CA1
:1084B000EFD120460DB0BDE8F083284659F8041BE3
:1084C000E9F776FC08F10108EFE700BF105E012034
:1084D000305E0120F8B50B4B0B4F06460C46386852
:1084E0001968E9F7FDF9054648B9E24316FA82F240
:1084F000386842F4802246F48021FFF7BDFF284609
:10850000F8BD00BF105E0120305E0120F8B50E46B8
:10851000074630B329B300F03FF80446F8B9124DCE
:108520000146182228460BF0B3F820232B7033693C
:108530002E616B607369AB60F2F726FB07F02AF9D6
:10854000BE6A002E08BF4FF48076304607F08CF8E4
:10855000044620B9054B28461E6007F027F920463F
:10856000F8BD2124FBE700BF3C5201203852012016
:10857000014814F0DBBC00BF3C52012010B5054897
:1085800014F0E6FC044618B900F03CF813F05AFD6C
:10859000204610BD3C520120074BDA69D20407D5B2
:1085A0001B6A40F2044013F0010F18BF002070470F
:1085B00040F20440704700BF0080E00F10B5027821
:1085C0003E2A4FEA022302D18278134301E0FF2AB8
:1085D000FAD0094A094910780022904201D80020B7
:1085E00006E031F8024BA34203D1054B53F82200B9
:1085F00010BDF4D30132F0E742EB020880EB020831
:1086000044EB020830B5002485B002A8EBF7CAF9A4
:1086100001A8BDF80850019407F04AFD00B101948B
:108620000E48019C0BF0A5F9A8B10023437183719A
:10863000C37143728372C372042383746FF0270380
:108640000B22C3745F23027103750222142302728A
:10865000C4600582437505B030BD00BFB007030894
:108660001046044A1368591E033102D800211160D4
:1086700018477047CC5F0120034B1868034B002854
:1086800008BF1846704700BF54520120DC0703089A
:10869000014813F0F0BF00BF5C52012013B50B4C32
:1086A0000229226005D10A4813F0E5FF002002B03C
:1086B00010BD0A4600930146064B054813F0BCFF67
:1086C000003818BF01204000F1E700BFCC5F012057
:1086D0005C52012061860108014813F0DDBF00BF34
:1086E0005C5201200021014813F0F8BF5C520120C8
:1086F00008B5064B1B68013305D0FFF7EDFF80F08E
:108700000100C0B208BD0020FCE700BFCC5F012023
:108710002DE9F843DFF860900646D9F80080084656
:108720001746B8F1000F03D00E242046BDE8F883A9
:1087300006B3336801331DD1E1B100F075F8054689
:108740000028F1D0C9F8000000F0DAF8284613F04C
:108750007AFE044640B14046C9F8008000F0D0F8E7
:10876000284613F06BFEE0E73560002FDDD0284689
:10877000B847DAE72124D8E758520120024B18689D
:10878000003818BF012070475852012038B50C46F8
:1087900001F0DCFAA3780B4A13705A1E554255417A
:1087A000A8420CD0012B04D02846BDE8384001F087
:1087B000AFBA204601F07EFA0028F5D038BD00207F
:1087C000FCE700BFFC5B0120002108B5024B084616
:1087D0005B689847002008BDE85F012010B5FFF7EF
:1087E0004BFF0D4B0C461A1A534253418B4201D199
:1087F000002010BD094B1B683BB9094A064B002CF1
:1088000008BF1346074A1360F2E714F048F800283F
:10881000F3D00220EDE700BFB4070308585201204F
:10882000DC07030854520120F8B5044615F06DFE2C
:10883000002607460E4B1B6893B19E68AEB196F8B2
:108840002420D20711D435460FCC0FC50FCC0FC54D
:1088500023682B6096F8243043F0010386F8243017
:10886000384615F04DFE3046F8BD1B68E4E700BF02
:10887000DC5F0120431E033306D8044B984228BF17
:108880001846642838BF6420704700BF40420F007C
:1088900038B5184B05461B680C4603B1984744B1E0
:1088A000236833B11B68013303D0E3680BB1A368BD
:1088B00043B914F0E4F900209122412100F022FA9A
:1088C000212038BD204602F07BFD00230A4A85F8AE
:1088D0004831C5E93A4313605360636943B1074ABD
:1088E00042211068B322C31A5842584100F00AFAD4
:1088F0000020E6E7AC540120D05F0120E8540120BD
:1089000010B5044618B9054B054A136010BD00F0B8
:108910003FFCD4F8F430002BF6D1F4E727C5020869
:10892000E05F012008B502460868FFF7A3FF086072
:108930004868FFF79FFF48608868FFF79BFF8860E3
:10894000C868FFF797FF0B69C860581C03D00B4835
:10895000834228BF03460B614B69581C03D007486C
:10896000834228BF034688694B61FFF783FFBDE858
:1089700008408861104601F02DB900BF40420F0049
:10898000D0F8EC302DE9F04105460C4613B1038ECA
:108990008B424CD0D5F8E830002B4BD09E68002E8F
:1089A00048D0D868002845D0013800B200281ADB2A
:1089B000002106E0128A591CA24217D209B288424D
:1089C00011DB0B1803EBD3735B1003EBC30206EB55
:1089D0008202B2F80EC003F1FF3EA445EAD90FFAB5
:1089E0008EF08842EDDA2120BDE8F0814FF6FF726B
:1089F00099B29142F7D09BB203EBC30306EB830617
:108A00002846B6F9122095F83C11D5F8FC8008F0FC
:108A1000C7FE0746B8F1000F04D0002332462846AF
:108A20001946C0472C86C5F8EC6085F845710020D2
:108A3000BDE8F0810E20BDE8F08100BF2DE9F047D0
:108A400082B004460F46164601F086F9002840F031
:108A50009C80654D2B68D4F8E890D4F8EC8013B175
:108A60004B4500F09F804FF0000AAF6001F0B2FE6E
:108A70000128074604D001210022084613F01EFDFC
:108A8000204614F085F8002858D12B68D9F800103A
:108A9000D8F800201BB11868884200F0908020466A
:108AA00014F06AF8BAF1000F11D086B9204601F02F
:108AB00031FC0546D4F89830002B38D1012F02D074
:108AC000002D66D10025284602B0BDE8F087474B4F
:108AD000C5F800901A78C5F804808DF80760002A60
:108AE0003BD1D4F8FC50002D71D0114620460DF139
:108AF0000703A847204601F00DFC0546BAF1000F18
:108B000040D1B5FA85F040F205423321400900F02A
:108B1000F9F83146204601F075FD354B05461B68D6
:108B2000414620469847D4F89830002BC6D0002202
:108B30004FF40073204600F03BFBBFE794F825306C
:108B40009A07A2D5D4F8A0305B059ED5294B012207
:108B5000002120461B68984797E7D4F8EC30B4F919
:108B6000481023B1B3F912309942A8BF19463246D2
:108B7000204601F023FB204601F0CCFB0546BAF16C
:108B8000000FBED0002EBCD194E70023164D6B60C1
:108B900060E7194B00215B6803209847284602B024
:108BA000BDE8F0876B68002B3FF45DAF43457FF471
:108BB0005AAFAB689F4285D04FF0010A55E769680C
:108BC00019B1096891423FF46DAF596867E794F8AD
:108BD0002A1094F845313246994228BF194620465A
:108BE00001F0BAFA86E700BFD05F0120D8FD020885
:108BF000E05F0120B0540120E85F0120F8B50F4686
:108C0000054615F082FC394606462846FFF7B8FEB1
:108C1000044620B1304615F073FC2046F8BD01F043
:108C2000B9FD224639462846FFF708FF04460028CA
:108C3000F0D1284613F0ACFF0028EBD095F8253092
:108C400013F002030DD0D5F8A0305B050DD5B5F8B3
:108C50003631BB420BD0B5F83831DB1BB3FA83F3A6
:108C60005B09044A82F8D830D4E72346F9E70123A8
:108C7000F7E700BF003E00B070B5044600200D4687
:108C800014F001F8094B1B784BB9D4F8FC6036B1ED
:108C900029462046B446BDE870401A46604729463A
:108CA0002046BDE8704013F056BF00BFD8FD020853
:108CB00030B4064DBDF908402D781DB1029430BC8A
:108CC00013F04CBF0E2030BC704700BF055C012084
:108CD000024B1860024B1960FEE700BF745401207C
:108CE000E45F012038B5044D044C054B2860216039
:108CF0001A60FFF7EDFF38BD74540120E45F0120D6
:108D00007854012010B550B90548064B016006485B
:108D100002601868054B18601868FFF7E3FF10BD84
:108D2000E45F01205852012078540120745401203E
:108D3000054B1B680BB918467047834201D01B696D
:108D4000F8E70120704700BF80540120094A1368EA
:108D50000BB918467047834207D11B690120136085
:108D6000054A1368013B1360704703F110021B6949
:108D7000EEE700BF805401207C5401202DE9F74F1D
:108D8000064615F0CBFBDFF82881012398F800B0E8
:108D9000DFF820910190BBF1000F06D089F8003078
:108DA00003B0BDE8F04F15F0B4BB3F4F88F800307A
:108DB00089F800B013F0CCFC08B113F0C7FC3D6893
:108DC0003A495DB9DFF8F0A0DAF800200024AA42A1
:108DD0003B682ED84FF0FF3134483AE06B7D8BB1C1
:108DE0002B68B34202D09A1B8A420BD96A6813449B
:108DF0002B60AB68003A18BF0122003B18BF01236B
:108E00006A75AB752D69DCE7907D20B1107D8842D5
:108E10009CBF014614461269002AF5D1002CD9D016
:108E200094E80B00A275411AE26820469847013584
:108E3000CAE71A46FF21EFE75A7D4AB11A68B242E3
:108E400024D0921B824221D8914201D311461C4664
:108E50001B69002BF0D15CB12046FFF777FF38B1DA
:108E60003B683C602361DAF800300133CAF8003017
:108E70003B685A7D6AB913F067FC064699F80030E2
:108E8000002B95D1019888F8003089E71C46002115
:108E9000DEE7186800F0D2F8044613F055FC0646E9
:108EA000002C85D1EAE700BF80540120FCFFFFBF02
:108EB000FE5B0120FD5B01207C54012038B5054696
:108EC00008B3182200210AF0E3FB15F027FB024645
:108ED0002846FFF72DFF20B1104615F01AFB02209F
:108EE00038BD0A4B1C6854B909491D600B6810460F
:108EF00001332C610B6015F00CFB2046F0E704F108
:108F000010032469EFE72120EAE700BF8054012025
:108F10007C54012038B50446FFF70AFF15F0FEFA2D
:108F200005462046FFF704FF637D23B9284615F068
:108F3000F0FA0E2038BD00236375064B1B68A34270
:108F400003D113F001FCFFF719FF284615F0E1FAF1
:108F50000020EFE7805401202DE9F84FDDF828903C
:108F6000984604460D469246FFF7E2FEDDF830B023
:108F700015F0D4FA074613F0E7FB06462046FFF744
:108F8000D7FE637D23B12046FFF7C4FF0023A375FE
:108F9000BAF1010F21D175B9B8F1000F1FD1B9F1A4
:108FA000000F03D05A4631462046C847384615F0D0
:108FB000B0FA002017E035440C4BAA1B9A420ED899
:108FC000012363759DF82C30304684E82003237517
:108FD000C4F80CB0FFF7D2FEE8E7AE42ECD1384659
:108FE00015F097FA2120BDE8F88F00BFFCFFFFBF06
:108FF0002DE9F04107468846FFF79AFE15F08EFAF4
:109000003D68064613F0A0FB7B7D7BB185420DD009
:10901000094B2C1A9C4209D8304615F07AFAB8F15F
:10902000010F08BF25462846BDE8F081304615F0FF
:1090300070FA0025F7E700BFFCFFFFBF0023024ADC
:10904000194600F08BB900BF13C70208024B00227B
:10905000196813F0AABD00BFD4FD0208024B01221B
:10906000196813F0A2BD00BFC054012090F827304A
:10907000FF2B0FD0012904D90239012906D921205B
:1090800070470222044B196813F08FBD034B032273
:109090001968F9E702207047CCFD0208C8FD0208F4
:1090A000024B0422196813F080BD00BFC4FD020802
:1090B00038B5094B5A68094B9A420AD115F025FA7E
:1090C000054606F029FA0446284615F019FA204606
:1090D00038BD0024FBE700BFE85F0120D1C70208CC
:1090E000024BD868C0F30360704700BF000002B8AD
:1090F00010B5054C237823B103F0A6FD00202070A5
:1091000010BD0E20FCE700BF005C012008B503F095
:1091100069FD0122014B00201A7008BD005C01208E
:10912000F8B504460F46164615F0EFF90546A04778
:10913000044620B1284615F0E3F92046F8BD05F0B5
:10914000BDFE04220549D1F8EC3E23EA0703334370
:10915000C1F8EC3E024B5A64ECE700BF003000B0AF
:10916000002002B800F01803182B0AD003070AD415
:1091700040F2011310F0100018BF1846034B986717
:1091800070470020FAE70120F8E700BF003F00B079
:1091900038B10368044A002B08BF1346034A136022
:1091A0007047014BFAE700BFD9C70208F85F0120FA
:1091B00010B4D0E9584122400B4052EA030104D0D8
:1091C00003495DF8044B096808475DF8044B704794
:1091D000F85F01200F2938B505460C460ED801F07E
:1091E000F9FA01280CD1074A2846536E23F00F03E1
:1091F0002343536613F0CFFC002038BD2120FCE749
:109200000220FAE7003F00B008B50E4B5A6C12F08E
:10921000A00F01D0002008BD9B6C5B070FD40A4B48
:10922000D3F8EC3E23F07F4323F0FF033BB1FFF77D
:1092300057FF0928EED00C3818BF0120EBE70120BA
:10924000E9E700BF000002B8003000B0074A084B51
:1092500030B10221C2F864120422C3F864227047BC
:109260000421C2F864120222F7E700BF006001B8CF
:10927000005001B870B50D46064620B91A4B1B6860
:10928000CBB10E2016E001F0A5FA01282AD1174B28
:10929000D6F8F00093F9004013F029FCC4F11C0447
:1092A000241A641BC4F12B03002BB8BF5B42232B91
:1092B0000CDD212070BD01F10F03002BB8BF5B4214
:1092C000232BF6DC094B19700020F3E786F82850B1
:1092D00015F01BF9054660B200F070FE284615F047
:1092E0000FF9F1E70220E5E758520120FF5B01206A
:1092F00008B513F072FA8022024B5867024B1A61CC
:1093000008BD00BF003F00B0000002B8014B186864
:10931000704700BF9854012037B515F0F6F80123C7
:1093200000220024009300230546194610460194AC
:1093300005F09CFB052002F00DFD064B21461C604C
:10934000054B02205B689847284615F0D9F820465F
:1093500003B030BDA0540120E85F01202DE9FF419A
:1093600002290D4616469846039004D1FFF7D4FF14
:1093700004B0BDE8F08115F0C8F81E4F04463B6804
:109380003BB1B34205D015F0BBF8002321203B6070
:10939000EEE7194B0022C3F800803E60002301264F
:1093A0004FF00008104619460196009605F05EFB46
:1093B000124B052083F8008002F0CCFC43462A467D
:1093C000052003A902F0E4FC0D4B039A1A6008B9CA
:1093D0002046D8E70B4D2B689847212804D020461B
:1093E00015F08EF80020C3E731466B6802209847DD
:1093F000F5E700BFA05401209C540120035C01202C
:1094000098540120E85F0120044B5B6E9B044EBF23
:109410000120034B187800F00100704700C001B82C
:10942000035C012090F82730023B022B05D84B7CCF
:10943000DBB1012B1BD0022B15D0D0F868311B06F5
:1094400006D5D0F8A4300D2B04D18B8A1A2B10D856
:1094500013F028BA0F2B03D0102BF6D0112BF7D115
:109460008B8A1A2BF4D90448704704487047044883
:1094700070470448704700BF40420F0020A107001A
:1094800048E8010080841E000A78022A11D0101FCB
:109490004242424152004B781201022B0BD0191F5D
:1094A0004B424B415B000549054842EA8312FFF7F6
:1094B00037BE0122EFE70123F5E700BFF0FFFF0011
:1094C0001DA801080B78022B10D0181F43424341FE
:1094D0005B004A78022A0BD0111F4A424A415200CF
:1094E0000F21044843EA8202FFF71ABE0123F0E786
:1094F0000122F5E749A80108D0F8B03010B599422B
:1095000004460ED0C0F8B01002F074F80649A4F872
:1095100040010123054AD1F8FC1004F5827004F0E3
:109520001DF9002010BD00BF004F00B0A43F00B0E7
:109530002DE9F74F04460F4615461E46FFF764FE19
:1095400038B3A38A2BB3204613F056F878B9774B7B
:10955000D3F8EC2E1EB10E2003B0BDE8F08F02F060
:109560003003102BF7D002F0C002402AF3D0DFF80E
:10957000E48104F035F8D8F81430DA07EBD514F0AC
:10958000C4FF0646032002F0F1FC20B1304614F07F
:10959000B7FF0220E0E7D8F8142012F0060BF5D14F
:1095A000304614F0ADFF614B4FF400612046D3F814
:1095B000ECAED3F8C49E05F0F1FD58B14FF400783D
:1095C00001215B4E5A460846C6F8448012F076FFE9
:1095D000C6F8448094F825309B0707D5D4F8A0300E
:1095E0005E0542BF4FF40022524B5A643946204672
:1095F000FFF704FB4D4BC3F8ECAEC3F8C49E002844
:10960000AAD194F82430980601D4002D4ED0C5F389
:10961000400004F0D7FB022315F4807F1FBF454AAA
:10962000002153644FF03A420BBF414A91615364A9
:10963000536305F043FC4FF4806315F0040F14BF2F
:109640003D4A3E4A3A4E1365042328467364FFF7A9
:1096500089FD204613F04EF938B14FF4807315F0B0
:10966000010F16BF334A73645364A90647D54FF6FA
:10967000FF72B4F8423093420FD0314A3149526FF1
:10968000100CC2F301120132B3FBF2F308802A4A34
:109690002A492D481B0448675367003D18BF012520
:1096A00094F8243065F3451384F82430204613F0F1
:1096B0006FFAF0B1204613F01DF9D0B14FF400312C
:1096C000204605F06BFD431C03229BB21F4801A9F5
:1096D00013F0CCFA9DF8042002F00703052B9DF847
:1096E000053015D112070DD443F48073184AC2F81F
:1096F000CC30002003B0BDE8F04F13F0C4BA01F045
:1097000029F8CAE713F0040F09D19DF80630EBE7FA
:1097100003F03002202A05D113F0010FF4E74FF4D3
:109720008073E3E79DF80630E0E700BF003000B04B
:10973000002002B8001002B8005001B8006001B863
:10974000004001B8A66001200000FFFF0C0000BA35
:10975000003E00B000C001B82DE9F0410B460646BE
:10976000154611B92120BDE8F081002AFAD003295D
:1097700005D8002201F072FD03460028F2D01C88B3
:109780009A78B4F5804F02F0070180F08480A1F14F
:10979000070C1879DF88DCF1000343EB0C03052983
:1097A0002B7394BF0023C2F30013C2F3801C6B73AE
:1097B000930985F810C003F00203C2F3C00C43EA1A
:1097C0000C03C2F34012E8746B74AA74D6F8A0308C
:1097D000AF82D8064BD40639012948D8B6F8128092
:1097E000F76908F1FF38083C04EA0804395D0020F5
:1097F00080290CBF6FF07F013239284B18BF49B266
:109800005B6DA973A86096F827300134FF2B04EA3A
:1098100008040BD13B5D5B0103F47E63FF2B9CBF0F
:10982000DB43D8B2D6F8F83003B19847631CE8732D
:1098300003EA0803F95C013303EA0803FA5C013325
:1098400003EA080341EA0221FA5C013303EA080350
:10985000F85C41EA0241002341EA00616A7C30463B
:1098600004F02AF806232860AB7100207BE7002370
:109870000020EB730A4BDA69C2F30723120448BFD6
:1098800063F0FF035AB212F1800F1CBF323B5AB291
:10989000AA730346E7E7022065E700BF004000B86F
:1098A00000C000B8F8B507460E468C88FFF7BAFD31
:1098B00097F827700546042F737C0CD1012B0AD82A
:1098C0000146012004F022F8421C01D10220F8BD1B
:1098D000E30003330EE0023FFFB2012F8CBF0020F4
:1098E0000120294604F012F8431CEFD0012F4FEA63
:1098F000C403EED90E4A0344D2F8A810326801F02E
:109900001F01A2EBC10203213260B171002DDDD035
:10991000B3F5803FDAD84FF22440690900FB031306
:109920002D09B3FBF5F3D21A00203260CFE700BF58
:10993000003E00B0F8B507460D4614468BB113F053
:1099400019F929463846BE8A01F0F2F8B44228BF18
:109950003446A4B222462946044801F03FFA204684
:10996000F8BD12F0F0FF0646F0E700BF0C0000BAA9
:10997000082310B1024A53647047024AFBE700BF54
:10998000001002B8002002B8054A12681AB190F817
:109990002A1119B91047084602F0E2BE0148704783
:1099A0008854012000FEFFFF394B2DE9F3471C6866
:1099B00001F4007900F00103174653EA0902064654
:1099C0000D463FD04FF000088BB30023002201204A
:1099D0000021CDF80480CDF8008005F047F841461D
:1099E0002046FFF7D1FF01224FF0FF3A4146608643
:1099F000DFF8B080104612F061FDD4F8A01094F8A2
:109A0000270002F02BFFD8F8000000F011FAC8F888
:109A100000A0DFF89480D8F8000000F017FA94F85E
:109A20002430C8F800A043F0040384F82430B9F1CE
:109A3000000F07D00121204613F0F3F925F400753B
:109A400006430D432B4632462046FFF7B1FBFB078A
:109A50000FD51049104A08680021136811600121D0
:109A60000E4A117003B198470D4B002102205B682C
:109A7000984717F00E0F08D040F2C7123B21002084
:109A800002B0BDE8F047FFF73DB902B0BDE8F0878E
:109A9000585201209C540120A0540120035C012055
:109AA000E85F0120F45F0120F05F012008B5582233
:109AB0000021064809F0ECFD1022FF21044809F0BE
:109AC000E7FD05F075FB002008BD00BFF03E00B0CB
:109AD000343F00B073B5314A3149137809784FF0FB
:109AE000FF350B4386211370A0F820116F228221CD
:109AF000C0F80C21C0E944126422C0E9462240F2B9
:109B0000FF320C2382854FF40042002680F83C315E
:109B10004FF6FF730446A0F84820224A03860264E9
:109B200000F154020265204AC3844263C0F8B05079
:109B30004585856380F8286003F0B0FF2046FFF775
:109B4000B5FF0122194B2046C3F8382294F928109A
:109B5000FFF790FB6023164A41F6FF71D3644FF084
:109B60003A4211631167134A2946D3644022124BCB
:109B700020465A64D4F8A02012F085FE0E2300225D
:109B80000193009340F202231046194604F06EFF41
:109B900001F0CCFC304602B070BD00BF055C012076
:109BA000D8FD02080700FFFFFFFF4000005001B88A
:109BB000004000B8005000B8002002B8044BD3F8B1
:109BC000EC3E13F0806F14BF23200020704700BFCD
:109BD000003000B00246F8B5B0F8404100F582759B
:109BE000FFF7ECFF0B688E68013304BFD2F80C312D
:109BF0000B604B68013304BFD2F818314B60771CFF
:109C00003FD1D2F81431CF688B607E1C40D1D2F89E
:109C100010610F69CE60013704BFD2F804710F6183
:109C20004F69013704BFD2F808714F618F6901375E
:109C300004BFD2F81C718F618F6987BBC0F16404C7
:109C400008688C6110B16F2838BF6F20C2F81431DA
:109C50004B68C2F80C01C2F818310B692846C2F8EB
:109C600004314B691149C2F81061C2F81C41C2F8B5
:109C70000831D1F8FC1007230D4A03F06FFD0020D6
:109C8000F8BD04F16F031B1AB34238BF3346BAE77D
:109C900004F18606361ABE4238BF3E46B9E76F3435
:109CA000241ABC4238BF3C46CAE700BF004F00B090
:109CB000A43F00B038B5054C054B417800782568C5
:109CC000236002F0E5FE00B1256038BDA4540120F8
:109CD0002408030838B514F018FC054600F07AFD96
:109CE000012805D0284614F00BFC0224204638BD7C
:109CF000FFF7F6F90028F1D1044BDC6814F080542A
:109D0000ECD1284614F0FCFBF0E700BF000002B8DD
:109D10000A4B10B51B68044673B1094B48B10121C9
:109D2000084A1A60022003F071FC0020064B1C70E8
:109D300010BD01461860F5E70220F9E7A4540120A0
:109D4000A85401201C080308045C0120014B18786A
:109D5000704700BF045C01204FF40022034B586C95
:109D600003F500535A64C0F3C0407047000002B8C6
:109D7000024B586900F00100704700BF00C001B8F5
:109D800008B50D4B5A69D10710D518B9BDE8084080
:109D900001F0BABF5B69DA070DD401F0A7FF032316
:109DA000064A1364A2F58052536404E05B69DB0742
:109DB00001D40028F1D108BD00C001B800E009506D
:109DC00090F92430002B0CDA4FF08053064A29B169
:109DD0009360A2F58052D36000207047D3609360F7
:109DE000FAE70E20704700BF006001B84FF08063B3
:109DF00010B1024A53617047014AFBE7001002B8F4
:109E0000002002B8202350B1064AC2F8F433064BB2
:109E1000196C11F0010104D1032003F0F7BB034AD0
:109E2000F3E77047001002B800C002B8002002B883
:109E3000431C07D06FF0FF02034B10405A62A3F59A
:109E400080535862704700BF00E000B8431C06D042
:109E50006FF07E42024BDA63A3F58053D8637047FC
:109E600000E000B8014B986E704700BF003F00B0A3
:109E7000014B002099667047003F00B003282DE990
:109E8000F74F0C4691467ED8404B13F800A0404B4C
:109E90001E5C404B13F800B014F037FB804604F012
:109EA000D7FF074640B10023002201930093012011
:109EB0000023002104F0DAFD04F0D2FF48B10023B2
:109EC000002201930093002000234FF4004104F08E
:109ED000CDFD002E4AD0304BDD6C05F008050AEBB5
:109EE00006002E4B23305844DD64C0B201F066FEFC
:109EF0003146504604F0FAFF5A463146504605F0C6
:109F000063F8274BDD649FB14FF0FF35254B1B688D
:109F1000D3F8A01093F8270002F0A0FC22490868AB
:109F2000FFF786FF0D6021490868FFF78FFF0D607E
:109F3000B9F1000F04D01E4B002103205B68984745
:109F4000B4B14FF400521B4B1D6F03F50053C5F322
:109F500040351A67404614F0D3FA00F03BFC012864
:109F600008D15DB9002003B0BDE8F08F3546B6E7F3
:109F70002546EFE7002CF0D10520F4E74FF400521E
:109F80000D4B1A67EEE72120EDE700BF3C08030800
:109F90003808030834080308004000B8006000B81F
:109FA000005000B858520120F45F0120F05F0120FA
:109FB000E85F012000C001B800D001B8054AC00226
:109FC000136A00F4FF2023F4FF23184310620020DB
:109FD000704700BF00C000B8094B08461A6D9102D7
:109FE0000BD4D3F84021D20708D4D3F8803013F42F
:109FF000706F14BF0120002070470120704700BF20
:10A00000004001B8F8B50D46144601F00B0323EAF1
:10A010000201494A2340D1646F07A2F580520646E7
:10A02000D36410D50121FFF7D7FF60B104F046FFDC
:10A030004FF4007314F0040F14BF404A404A1365F4
:10A040000422404B5A64E90606D514F0100F14BFE1
:10A0500000221B223C4B5A652A0618D5230611D52F
:10A060004FF40012354BDA6414F04FFA0E21074614
:10A07000032002F063FB40F20122334B3846DA62E0
:10A0800014F03EFA214696F8270002F0E7FBEF05B0
:10A0900003D5E00538D502F0BBFBA90503D5A20521
:10A0A00035D502F0C1FB15F48C6F18D014F4806222
:10A0B00032D096F825309B070CD5328EB6F8363163
:10A0C000934227D0B6F838319F1A7B427B411F4A12
:10A0D00082F8D8303046D6F8F010FFF709F92B0592
:10A0E00010D504F0EBFE1A4A14F4006FD2F8EC3EDF
:10A0F00014BF43F0006323F00063C2F8EC3E042277
:10A10000104B5A640020F8BD02F07CFBC5E702F05A
:10A1100085FBC8E70123DAE76805DBD596F825302B
:10A120009907D7D5094B114683F8D820094B3046FB
:10A130001B689847CEE700BF006000B8005001B828
:10A14000006001B8002002B8004000B8003E00B036
:10A15000003000B0B054012070B5054690F83C01C5
:10A160000C460C2822D0FF2901D1212070BD1AB144
:10A170004FF0FF320F4B1A6012F088FD064695F83B
:10A180003C0101F029FA844228BF0446E4B2B442FB
:10A1900038BF3446E0B285F82B0001F049FB064A8F
:10A1A0000346107820B9FF2BE0D1DEE70220DDE77F
:10A1B0000020DBE7FC5F0120D8FD02087FB51C4BC7
:10A1C00004461B780E4615460BB3D0F8EC306BB343
:10A1D00002AAB3F9123000920022EAF795FA029926
:10A1E0002046C1F3813112F092FC70B9BDF90C30F8
:10A1F000029902460093C1F30D0103462046FEF783
:10A2000057FD2946204612F049FD04B070BD02A951
:10A2100012F0DCF932469DF80810204607F0C0FA2B
:10A220002A4601462046FFF797FFEEE71846ECE77F
:10A23000D8FD0208F8B50D4690F83C1104460C29EB
:10A24000174603D12E4B1B78002B51D02A462046AF
:10A25000A4F8485007F0A4FAD4F8EC3084F82A00A7
:10A26000002B41D0274A1678D4F8FC204EB1002AA2
:10A2700040D1B4F94800B3F91210884206DC002638
:10A2800007E0BABB94F84521824202D20126B3F915
:10A29000125000222946204684F82D70FFF78EFFC9
:10A2A00008BB76B1C4F8EC00204612F062F94FF614
:10A2B000FF739842014615D02046BDE8F840FEF7EE
:10A2C0009DBC114B1B7813F0FD0F0BD1204601F004
:10A2D00091F90E4901230E4AD1F8FC1004F5827061
:10A2E00003F03CFA0020F8BDFF2384F82B30F9E797
:10A2F0000220F8E7B4F94410B3F912209142BDE707
:10A30000D8FD0208055C0120A8600120004F00B0C4
:10A31000A43F00B0F0B504468FB000F075FCD4F84F
:10A32000A8300546012B00D010B128460FB0F0BD73
:10A330007549204612F009FDD4F8EC600146258EDF
:10A34000C4F8F0003EB133682BB15B681BB11A68EA
:10A35000032A00F2B58014F0D8F8D4F8F030002BBE
:10A360007BD01A68032A78D99F6A7F0E14F0C8F848
:10A37000D4F8F010B3898DF80E70B0687268EB1ADB
:10A380009BB200FB03226148ADF80C3003680292D7
:10A39000994202D02046FEF7ABFF5D4D5D4E00F0C6
:10A3A00019FA0128FBD12B6CDB07F8D4736CDF01A1
:10A3B000F5D4D4F8F01020460D919DF80E200299A6
:10A3C00008AB02F03DFF00285AD100F003FA012843
:10A3D000FBD1504A4E49536CD801FCD40B6CDB07BF
:10A3E000F9D408A901A803F0A3F80546002847D12D
:10A3F000228E494B5A6494F8243060F3410384F868
:10A40000243000F081FCD4F8EC305969431E0E680A
:10A41000DBB2FD2B049637D84B680128059343D156
:10A420000126DF1C06D901333C4B5B6859D0DA1C8E
:10A4300054D80593024604A9204600F027FC002EBC
:10A440007FF473AFD4F8643199053CD494F8243088
:10A4500043F0020384F8243067E72F4BDB6BC3F330
:10A46000C20213F0380F03F0070718BF574313F465
:10A47000E07FC3F382123FF479AF02FB07F775E781
:10A48000022528460FB0F0BDF71C13D9234B013627
:10A490001B6818BF0126DA1C1BD804934B68FF28E1
:10A4A0000593BED00020C5E70246204604A900F06F
:10A4B000EDFB3AE74B68FF280593B1D02A46F4E755
:10A4C0009F6A7F0E56E720464FF4803112F0A9FCB8
:10A4D0002BE7FF284B6813D00593B0E7FF28AED1D8
:10A4E000E0E7DE1C06D80246204604A9059300F0EA
:10A4F000CDFBA7E7FF28A5D10022204604A9F6E757
:10A50000012005938DE700BFFC4F00B08C54012063
:10A5100000C002B8000002B8008001B80460012049
:10A52000F8B590F84861044666B313F0EEFF1F23B8
:10A53000154F013E3B651E40144B05461E65D4F881
:10A540004C21A3F580539A67D4F85021DA67D3F8E9
:10A550004031DB0711D5204612F0E8F94FF0FF3308
:10A5600018B1C0F120029340DB43C7F84431D4F85E
:10A57000AC201340054AC2F844312846BDE8F840F3
:10A5800013F0BEBFF8BD00BF006001B8005001B8B5
:10A5900010B504234FF03A4101240A4AD1F81801BA
:10A5A000C2F81831C2F814314C634FF400511163F2
:10A5B000410742BFC2F81431A2F58052C2F81831E7
:10A5C00010BD00BF002000BA70B54FF03A434FF401
:10A5D00080640A4DD3F818610020C5F81841C5F809
:10A5E000144104F0C9FC4FF400532B67730542BFBC
:10A5F000034BC5F81441C3F8184170BD002000BAE0
:10A60000001000BA2DE9F04104460E4619B990F841
:10A61000243059065CD4434B434A5B6AA18EC3F392
:10A62000032313704FF6FF739942D4F8F07004D0EF
:10A630003E4B1B680BB1204698473D4D2B68BB42F3
:10A6400069D03C4B1B6833B1002F67D0396801B12A
:10A65000B968204698474FF00708204600F0CAFF27
:10A66000002E4DD0344B93F90030C3F11C0317B1C9
:10A6700097F926209B1A06202A4994F928600A6A2D
:10A680009B1BDB0222F4FF2203F4FF2313430B6224
:10A69000D4F8F020294B2A60986701F065F901256C
:10A6A0000022274B274920460D7083F8802012F0A6
:10A6B00072FA254B5B6C5A0203D4D4F8A0301B0607
:10A6C00003D54FF40012214BDA640020BDE8F0817D
:10A6D0004FF6FF7C66F38613124A80F82430536AE3
:10A6E000134D1149C3F30323D0F8F0700B702B689E
:10A6F000A0F834C0BB42A4D100F07CFF4FF00108A9
:10A70000134A4346D2F8FC1004F58270A2F65C723C
:10A7100003F024F8A6E74FF001089EE739462046EB
:10A72000984798E700C000B8025C012094540120CB
:10A730008C54012090540120FF5B0120006000B880
:10A74000003F00B0015C0120000002B8005001B8D9
:10A75000004F00B038B513F0D8FE4FF6FF710A4A2B
:10A7600013888B4203D113F0CBFE0E2038BD074C6B
:10A77000074D1B046567A4F580546367118013F0CF
:10A78000BFFE0020F2E700BFA6600120006001B814
:10A790000000FFFF08B50C4BD3F84C21531C11D01F
:10A7A00012F080420ED1094B1B681BB111460320E9
:10A7B000FFF764FB4FF08062054B1A6501225A6176
:10A7C00002229A6208BD00BF0080E00F58520120AB
:10A7D000001002B80F4BDB68C3F30363013B0B2B84
:10A7E0000FD8DFE803F006060C06060606080A087E
:10A7F0000808022070470420704705207047032096
:10A800007047054B5B6913F0060F0CBF0120042055
:10A81000704700BF000002B800C001B8094AD36801
:10A82000C3F303630B2B08D06FF49050184100F072
:10A83000010080F0010040007047506C10F480303F
:10A84000EDD17047000002B80C4AD368C3F303632C
:10A85000062B07D8042BD8B20BD8C31E5842584138
:10A8600040007047072B06D1D2F868010028ECD1D0
:10A870007047022070470020704700BF000002B8F8
:10A88000094BDB68C3F303639A1E012A8CBF0022C5
:10A890000122012B02701EBF4FF4026222FA03F361
:10A8A00003F001030B707047000002B8024B1B68F5
:10A8B00003B11847704700BFBC540120024B1B680E
:10A8C00003B11847704700BFB854012011F00103CD
:10A8D00011D09AB9552391FAA1F193FAA3F34A083A
:10A8E0001B0F490042EAC37201F00203C0F8AC201A
:10A8F00080F82930704722B9AA23ECE70023024AE6
:10A90000F4E7014AF2E700BFB75635120F2337B517
:10A9100001911E494B67019B13F0010F1C4B15D091
:10A92000A2B901225A674FF0FF32C1F84421D0F892
:10A93000AC20C3F844214FF07042C1F8482190F890
:10A9400029201207C3F8482103B030BD4FF0FF356E
:10A9500002245C67C1F84451D0F8AC50C3F84451AC
:10A960004FF07045C1F8485190F829100907C3F815
:10A970004811002AE8D00422006D0DEB020108F016
:10A980008FFE4FF03A43C3F8F440DDE7006001B8B2
:10A99000005001B813B590F827100446FFF768FA85
:10A9A000012001F017F94FF4F0620B4BDA644FF419
:10A9B0000072A3F58053DA6494F82730023B012B30
:10A9C00008D80421054B01229B6F0DEB0100019378
:10A9D00000F0D2FA02B010BD006000B8004001B82B
:10A9E00038B5184B05461C6844B1E36833B120689C
:10A9F00001F0E8FDA368186801F0E4FD124B134A6A
:10AA00001B6813602BB1DA681AB19B68186801F0F3
:10AA1000D9FD0F4B1B682BB1DA681AB19B68186817
:10AA200001F0D0FD0B4B1B682BB1DA681AB19B68A3
:10AA3000186801F0C7FD21462846BDE838400022CD
:10AA400012F0B3B8D4FD0208D0FD0208C0540120B2
:10AA5000CCFD0208C8FD0208F8B5D0F84C31044618
:10AA60008B420D46164603D190F84831202B0ED06C
:10AA7000324629462046FFF729FF202384F8483133
:10AA80000023C4F84C51C4F85031FFF749FD4FF092
:10AA90000077074B32465F6429462046FFF736FFB2
:10AAA0008022044B1A6103F500535F64F8BD00BFB8
:10AAB000001002B8000002B8072330B5144CE3635D
:10AAC000144B61B94FF480424FF48041C3F8081130
:10AAD000C3F80C21C3F81021C3F8142130BD44255C
:10AAE0000D4940F040004D6388630121D9634FF464
:10AAF00080414AB1C3F80811054BC3F80C11C3F8E3
:10AB00001011C3F81411E9E7C4F80811F4E700BF05
:10AB1000006000B8005000B8004000B8034BD3F804
:10AB2000F80780F00070C0F340607047000002B882
:10AB300010B590F82700FF2814D0304BD3F8A02090
:10AB400012F0060F01D001280DD94FF470622C4B82
:10AB5000DA604FF48072A3F58053DA600022274B4D
:10AB6000C3F89C2010BD02F0020412F0040202D0CF
:10AB70000B789B0637D4002C39D00B7803F00F03E9
:10AB8000072B34D14B78022B31D98B7813F03E0F41
:10AB90002DD0CC7814F0040F29D014F0010F0CBF85
:10ABA00004230A23A40748BF0633CB5CFBB1002A69
:10ABB00014BF02220122012840F6FF7003F01F019A
:10ABC00008BF4900013940EA01310E4801654FF4E0
:10ABD00070600B491202C860A1F58051CA60074A33
:10ABE000C2F89C30BEE7002CC7D18B7823B9002374
:10ABF000044A13650122EAE70222DCE7003E00B0C6
:10AC0000006000B8004000B810B590F82710012986
:10AC100003D8174BD3F898300BB1002010BD028E2B
:10AC2000272A22D8134B14481B68834219D0312499
:10AC30001248181A434243415B000D48A0F8B24045
:10AC400050246343282404FB01330D491944895CD3
:10AC5000FA31A0F8B8100B490B449A5C0A4B1A70F1
:10AC6000DBE76FF003040123E7E70E20D6E700BF20
:10AC7000003E00B0E854012000F04902005A620290
:10AC80007445030884440308285C012010B5124B66
:10AC90000C68C3F87842C3F87C42C8B1D0F8EC30F5
:10ACA000B3B15B69A3B1501EC0B2FD2812D9013403
:10ACB00004BF6FF0010008600868FF2A186007D120
:10ACC0004A68013202D16FF001024A604A685A6054
:10ACD000002010BD012AF2E7004001B8FF2818BF8C
:10ACE000C3434FF0180108BF1023064A18BFDB000A
:10ACF000C2F8FC1318BF03F00803A2F58052C2F893
:10AD0000FC337047002002B8024BD3F8F807C0F3B9
:10AD1000C0407047000002B84FF03A43D3F8142106
:10AD2000D2031ED54FF480320E49C1F81421A1F58B
:10AD30008051C1F818215A6DD1B2C2F30722C3F86D
:10AD4000A410C3F8A4200422C3F8A4200022C3F84E
:10AD5000A420C3F8A420C3F8A420C3F8A420C3F8F7
:10AD6000A4207047002000BAF0220B4B01219A6406
:10AD7000A022A3F580539A644FF03A43026DC3F8C2
:10AD8000F410FC21C3F8CC10C3F8D0204FF40052CB
:10AD9000C3F8F020704700BF006000B8F8B54FF06E
:10ADA0003A440D461746064613F0AFFB0123042232
:10ADB0006363084BE76026616561C3F814214FF4B3
:10ADC0000042054BC3F8842113F09AFB0DB1022316
:10ADD0006363F8BD002000BA00E100E02DE9F04116
:10ADE00005460124006800F00700063004FA00F36D
:10ADF000A868EC685E1EA04200F0928000EA060798
:10AE00006C6810441E430640D81B07EB040C8242BA
:10AE1000644638D9D31AFA18A0B3431E062B74D946
:10AE200041EA0C039B0770D14B1CACEB0303022BD4
:10AE30006BD90B4620F0030E8E44ACEB01071C6867
:10AE4000DC5104339E45FAD120F0030310F0030FC8
:10AE500001EB030EA0EB03040CEB030700F088806A
:10AE600011F80380012C0CF8038000F081809EF81B
:10AE70000130022C7B7018BF9EF80230084418BFC6
:10AE8000BB7001466C685AB3531E062B01F10103D7
:10AE90002FD9E01A02282CD941EA0400800728D1D2
:10AEA000234622F0030CA444081F50F8047F43F803
:10AEB000047B6345F9D122F00303D01A920701EB1A
:10AEC000030C04EB03070BD0CA5C0128E25407D043
:10AED0009CF8013002287B7002D09CF80230BB70D5
:10AEE00013F013FB0223AE60AB62BDE8F04113F038
:10AEF00007BB0A4404F1FF3C00E0013313F8011CD6
:10AF000093420CF8011FF8D1EAE70B460844ACEB7A
:10AF10000107D91913F8014B83420C70F9D1B0E73E
:10AF2000042A0DD90878043AA86148780431A86148
:10AF300011F8020CA86111F8010CA861A8685DE77E
:10AF4000013A032A12D8DFE802F00F1507020B4678
:10AF500013F8012B1946AA610A4612F8013BAB61AE
:10AF6000114611F8013BAB610B78AB61BDE8F08194
:10AF7000084486E70A46F3E738B50B46154601460E
:10AF80004FF03A4468B101221048C4F8F4201A4640
:10AF9000FFF724FF25B14FF03A430422C3F8F42011
:10AFA00038BD73B1D4F8D8209A4284BF0122C4F8C6
:10AFB000F4204FF03A42C2F8D4300223C2F8F43001
:10AFC000E8E70123C4F8F430E4E700BFCC0000BA9E
:10AFD00038B5044613F099FA4FF03A420121A38F95
:10AFE000054651674BB3B3FA83F3C3F11903DBB2E0
:10AFF000A069C2F8B410C2F88C300723C2F89000E0
:10B00000C2F8B0304FF4A02302F50052C2F8143158
:10B01000A2F58052C2F8183100220D4B1A600D4B78
:10B020005B6C5B0209D54FF480020B4B5A64D4F879
:10B03000A01094F8270001F011FC0023E3870723F8
:10B040002846A4F84030BDE8384013F059BA00BF94
:10B05000C4540120000002B8002002B82DE9F843D2
:10B0600005460C46B1B1D0F81880878F13F04DFA21
:10B07000B5F83EC0791E01EA0C0323F00702032C49
:10B080000646DFF800E1424461D1DEF8004024B911
:10B0900013F036FA0E20BDE8F88324F00104DEF840
:10B0A000000020F00100A04256D10023CEF800306D
:10B0B000238894426FEA43436FEA5343238041D18C
:10B0C000B5F8403008EB07091846083880B202F19D
:10B0D00008044C4528BF4446082804D9B4F800E0C9
:10B0E000BEF5804F43D263440F431B1A3B409BB2D3
:10B0F000EB87A5F84000947811884FF03A42C1F3ED
:10B100000C019165C2F89830C2F8B0004FF480226B
:10B11000184B04F00704C3F814214FF40042164BF7
:10B12000C3F88421FFF7F8FD042C0BD14FF4800203
:10B13000124B5B6C124B5A64D5F8A01095F827009F
:10B1400001F08CFB304613F0DBF90020A3E7601E12
:10B15000012898BF1446A2E7B5F840004344E31A1B
:10B1600048BFDB1908389842A2DC304690E72246F7
:10B17000ABE700BF002000BA00E100E0000002B829
:10B18000002002B8C4540120164B10B51968B1F85C
:10B190004020CB8F888F13440138073B8C690340D4
:10B1A00023F007031C4402F108034FF03A429BB21C
:10B1B000A1F84030C2F8B0304FF480220A4BC3F8F7
:10B1C00014214FF40042094BC3F88421A07800F009
:10B1D0000700042803D1064AD3681B03FCD4054B9F
:10B1E0001C6010BD58520120002000BA00E100E0B0
:10B1F000000002B8C454012010B5064C216839B1D2
:10B20000CB0703D4044B1868FFF728FF0023236003
:10B2100010BD00BFC4540120585201204FF48032A9
:10B220000C4B0D49C3F818214FF03A43C1F81421D3
:10B23000D3F8AC10D3F88C20012302F007020632B9
:10B240009340C1F30C01083B994201D8FFF764BD5C
:10B25000704700BF002000BA001000BA2DE9F04787
:10B2600080460C4616468769858F13F04EF9B8F86C
:10B270003E2005F1FF3C02EA0C0323F00701032CFA
:10B2800082463944B8F8400019D14A4C24689CB928
:10B290000244073A02EA0C0222F00702BC183B44BF
:10B2A000E31A48BF5B19834210DB504613F028F9BC
:10B2B00000242046BDE8F08724F00104EFE7012CCC
:10B2C00002D0022CEBD108380C46E8E7002E3FD024
:10B2D0008C4241D14FF03A42D2F858904FF03A4167
:10B2E000D1F8AC20B8F81270C2F30C02934247DADE
:10B2F0002588B5F5804FD8D2A378C5F30C0503F0A7
:10B3000007037A1EA5EB09053A43052B337005EABE
:10B3100002052DD82DB2E84340F24F420421C00F60
:10B32000FDF7F0FC7580E3783374D8F81C207B1EA1
:10B3300003EA0903D118B160A9B213FA85F5AF4247
:10B340002FBF0023FF1AB780F26024BFB180F360E3
:10B35000504613F0D5F8ACE7A4F10802974284BF39
:10B36000ED0802EBC502B2F80090C9F30C09B5E78D
:10B37000114B5B6D003B18BF0123A5EBC305C9E76B
:10B380004B6D7A1EA3EB09033A431A400B4915B2E1
:10B39000002DCB680BDCC3F30363D81E434243414B
:10B3A000DB003370CB6C72801B0A3374BDE708235B
:10B3B000F7E700BFC4540120004000B8000002B805
:10B3C000054BA822D3F84C013121431C0CBF0120AE
:10B3D000C0F38070FDF796BC0080E00F10B50F4BF6
:10B3E0001C78ACB90E4BD3F8F8375B0309D490B195
:10B3F0000F23441EB4FBF3F410300444E4B220469F
:10B4000010BD40F648023F212046FDF77BFCF6E7E1
:10B410000001C4B2F3E71024F1E700BFA8600120E7
:10B42000000002B8014B588000207047A86001203E
:10B4300038B5284D0446297819B92022264808F045
:10B4400027F92378254A264913704FF2F002C1F8F4
:10B45000C821244A4BBBA1F50051D1F8F81711F4CB
:10B46000002F4FF0FF011CBF1F48C0F8DC301170E7
:10B470004FF040731A4AC2F834311C4BD3F8F837F6
:10B4800013F480230BD14FF47F01C2F83011184917
:10B49000C1F8303148F2C801164BC3F8F410072345
:10B4A000C2F8FC330122124B0DE000240E48022B9F
:10B4B000C0F8DC404FF0FF001070D9D10723042200
:10B4C000C1F8FC330A4BC3F8FC23012300202B7086
:10B4D00038BD00BF065C0120E03F00B0A86001203D
:10B4E000002002B8CE600120004001B8000002B880
:10B4F000001002B8003F00B010B5044600F074FF21
:10B50000094BD3F8F80734B900F44020B0F54020D7
:10B5100018BF012010BD022C0ABF80F400300020AB
:10B52000C0F34040F6E700BF000002B82049D1F860
:10B53000FC37FF2B31D01F48C3F303120270D1F840
:10B54000F81703F00F0309035BBFC2EB02120F3BB6
:10B5500002F1FF32D2184ABF03EB0213D3B2DBB2BF
:10B56000154A164913700978154B1A68E9B1B2F1FA
:10B57000A06F1AD3D3F85012124A134BB1F1FF3F08
:10B5800018BF1346114A136041F66A02104B1B683C
:10B59000B3FBF2F30F4A13607047D1F8F83713F496
:10B5A000002F0CBFB4235A23DAE7074BEAE700BFAA
:10B5B000000002B8CF600120085C0120CD600120AE
:10B5C0000080E00F5082E00F40080308C8540120BB
:10B5D000E8540120CC54012020B1022804D1034BAF
:10B5E00018787047024BFBE700207047CF600120BE
:10B5F000085C01202DE9F74FD0F8B0404C22022C16
:10B6000038BF02247B49013CCB6CD1F8DC507A492D
:10B61000C3F38213DA400B680646A34290F83C71EC
:10B62000764BDFF800A2DFF80092DFF8008202F02C
:10B63000010216D11878904213D19AF80000B8424E
:10B640000FD1D6F8B40060B1A8420AD196F82B50B9
:10B6500099F80000854204D1B8F8040003B0BDE8B1
:10B66000F08F98F800001A700C60FFF7B5FF0346E2
:10B67000002A00F0918004234FF07F41604AC2F815
:10B68000BC30604BC3F8BC1096F82B301B06C2F8D8
:10B69000BC30002040F271225B4B19211B68B3FBC8
:10B6A000F2F36343182BB3FBF1F14FEA004400F2CD
:10B6B0009380002C00F09B80B4FA84F2C2F1200247
:10B6C000C2F10F03012B38BF0123D440A14201D2A4
:10B6D000013B6408421C03F01F0152008A40121B08
:10B6E000DFF838B19208CBF8B0201A0242EA031210
:10B6F0001343019300EB002300EB0325434B40F67B
:10B70000C20218682B21003818BF0120FDF7FAFA91
:10B71000FA223E4B02FB04F01B6840F6FF72B0FBBE
:10B72000F3F00A2358433A4B00F57A74C3F8D82053
:10B73000019AA3F58053C3F8D820364AA3F5805365
:10B74000C3F8DC50D2F8F827520308D4D3F8DC3021
:10B7500003F47F02C3F303531343CBF8FC30C6F862
:10B76000B4502D4D00F6B8302C6001F081FF4FF43D
:10B770007A722A4BC3F8A400C3F8F8002B68B4FB14
:10B78000F2F0B3FBF2F3A8F8043096F82B308AF805
:10B79000007089F8003061E796F82B00984228BFC6
:10B7A0001846C0B22FB1022F7FF473AFFFF716FE19
:10B7B00070E7184BD3F8F8371903F7D450B10F23BB
:10B7C0000138B0FBF3F00130154B1B68034413F84C
:10B7D000010C5FE70120F7E7B1FA81F23CB1B4FA5E
:10B7E00084F3D21A002A3FF76BAF0F236EE70F23C3
:10B7F00070E700BF004001B8FC5F0120075C01203A
:10B80000001002B8002002B8E8540120CC540120F6
:10B81000006001B8000002B8D0540120003F00B021
:10B82000C8540120CC600120CB600120A860012019
:10B8300038B5254B05461A78244C0C2A02D1FF2036
:10B84000207038BD104611F021FA01461046FFF76E
:10B85000C3FEA84228BF2846C0B2884238BF084667
:10B860002378C0B28342ECD020703ABB184BD3F897
:10B87000F83713F4002321D14FF2F001154AC2F832
:10B88000C811C8B10F230138C0B2B0FBF3F3591C83
:10B89000C3EB0313C01A431C0D4A1B01D2F8C801A5
:10B8A00043EA01330343C2F8C831D2F8C8210A4B36
:10B8B000C3F8FC202078C4E70121EDE7074B1868A6
:10B8C000FFF798FEF6E700BFA8600120CE600120D8
:10B8D000000002B8002002B8003F00B0585201201A
:10B8E000014B1870704700BFCD60012010B50446B1
:10B8F000FCF744FF78B1154B1B786BB964B1144B5E
:10B900001B784BB1134B1B78013B012B04D84FF430
:10B910000042114B1A6510BD104B1B6D1B04FAD46D
:10B9200012F0F3FD044603F0C9FA4FF400420C4B49
:10B930002046BDE810401A6502220A4BC3F81425C0
:10B940000422054B5A6412F0DBBD00BF095C0120E4
:10B950000A5C0120D4540120002002B8000002B883
:10B96000001002B800D00350054BD3F8843013F018
:10B97000030F4FF4802314BF024A034A93647047B5
:10B98000004000B8005000B8006000B8F7B50646A7
:10B99000534C00F029FD01213A20E6F7D3FE514B2C
:10B9A0002578514F1E7085BB2846FFF79FFF2378EF
:10B9B000013B012B19D8E37B01A88DF80430237CCF
:10B9C0008DF80530E4F7A8FFC7F814554FF6FF725D
:10B9D000464BC3F88420F822A3F58053C3F8842093
:10B9E0000022414BC3F814250DE04FF6FF723F4B88
:10B9F000C7F81455C3F88420F822A3F58053C3F880
:10BA00008420C7F814553A4B5BE00020FFF76EFF27
:10BA10002378013B012B08D8E37B01A88DF8043083
:10BA2000237C8DF80530E4F777FF0023C7F8143541
:10BA3000002ECBD062685AB32E4B1B6803EB520327
:10BA4000B3FBF2F3013B1B0243F0F80326782749CE
:10BA5000022E294A1ED0032E4FF6FF75224826D00B
:10BA6000012E36D143F00203C1F88450C2F884306D
:10BA70000723C0F81435E37B01A88DF80430237C3C
:10BA80008DF80530E4F738FF0120FFF72FFF17E0AE
:10BA9000F823DBE74FF6FF7043F00103C1F88400A1
:10BAA000C2F884300622104BC3F81425E3E743F0B4
:10BAB0000503C1F88450C2F884300423C0F814355B
:10BAC0000E4B4FF080421A650020FFF74DFF03B088
:10BAD000F0BDC1F88450C2F884300023EEE700BF07
:10BAE000D45401200A5C012000C00350006000B85B
:10BAF000002002B8E8540120005000B8001002B83D
:10BB0000F0B52B4F06463D4604460FCE0FC53368B1
:10BB100085B02B6000F068FC01213A20E6F712FEA8
:10BB20000022244BC3F81425A17A627A42EA01422A
:10BB3000C3F82025217CE27B42EA0142C3F81C25A0
:10BB4000217B627B41EA0240C3F818053B78032B56
:10BB50002AD8DFE803F022020C178DF80410042124
:10BB60008DF805200DEB0100002204F0BEFAE37B06
:10BB700000228DF80830237C042102A88DF80930BA
:10BB800004F0B3FA637A01228DF80C30A37A042111
:10BB900003A88DF80D3004F0A8FA074B187805B00B
:10BBA000BDE8F040FFF7F2BE212005B0F0BD00BFB8
:10BBB000D454012000C003500A5C0120034B1B6DCC
:10BBC000002BBCBF024BC3F888007047000002B8CE
:10BBD000004000B84FF0006338B1064A1365064BC9
:10BBE0004FF40032C3F884207047044A1365044BB5
:10BBF000F6E700BF001002B8005000B8002002B8FD
:10BC0000006000B82DE9F04700F048FC4FF47A7668
:10BC10002D4BB0FBF6F618604FF4FA7373430746EA
:10BC20002A48190E1B021818294A4FF0000341F147
:10BC30000001EDF729FF274BA0F5807205461A6336
:10BC400020B94A222B21FDF75DF801254FF47A72C5
:10BC50004FF0000A6A43534650083102EDF714FFD3
:10BC60001C4B1D4AB7F57A7F9A601C4B4FEA05685A
:10BC700019601B4B8946044618604FEA152505D20A
:10BC80009D222B215046FDF73DF801264FF47A7393
:10BC9000A8FB030103FB05117308C01841F1000163
:10BCA00000233246EDF7F0FE0E4B023419600E4BC6
:10BCB00049F10009A408186044EA8974054B013C65
:10BCC0009C63BDE8F08700BFE854012020A1070075
:10BCD00040420F0000C001B802110100F8540120D9
:10BCE000F4540120F0540120EC5401204FF40022C0
:10BCF000034BC3F884215A600122024BDA6070477B
:10BD000000E100E000C001B84FF40022064BC3F888
:10BD10008421C3F88420BFF34F8FBFF36F8F0422B9
:10BD2000024BDA60704700BF00E100E000C001B8DC
:10BD300010B50446A242A2EB0000A3EB010104D21D
:10BD4000034B01399B6B0133184401F0030110BD13
:10BD500000C001B838B501250A4B02019D504FF4CF
:10BD600080730446084A8340536612F0CEFB074AAC
:10BD7000A540137823EA05031370BDE8384012F09C
:10BD8000BFBB00BF00E101B800E001B8145C0120B6
:10BD90002DE9F84F164605468A461F4612F0B5FBB8
:10BDA000022E00F09180804612F0B8FB604B614A91
:10BDB000D3F8209092F879405A6EE4B2520744BF0B
:10BDC000D3F82090013404F0030412F0A2FB48469B
:10BDD000214600F03DF98446DAF80000012E04BF48
:10BDE00001306044ACEB000C08BFCAF80000BCF1A5
:10BDF000804F7DD300F03EF98145A1EB040188BF5F
:10BE00004B4BDFF854C188BF01F1FF3101F0030152
:10BE100088BF9B6BA0EB090E0CF80510A1B1F907C8
:10BE200042BF41F61F72444B5A67BA0742BF424BAA
:10BE3000424A5A677B0742BF00223D4B9A673C0744
:10BE400042BF00223A4B9A6511244FF0010A384B49
:10BE500005F11002120103EB051BCBF80C01384968
:10BE60009C501A6A0AFA05F4586E0B78A2EB090284
:10BE7000E4B2234372450B7025D34FF48073AB407B
:10BE8000034220D11CF80520002A4CD10EB32D4AC4
:10BE9000F807536607D541F61F7140F20110264B93
:10BEA000596750675967B90706D5234B234A254977
:10BEB00025485A6748675A677A0742BF0122234BD1
:10BEC0001A613B071AD4404612F01AFB0120BDE864
:10BED000F88F1F4A2D0142F805A042F89C3C12F051
:10BEE00014FB17490B7823EA04030B7012F008FBCC
:10BEF000404612F005FB0020BDE8F88F2120FFF737
:10BF00005DFE4FF480310A4A124BD1601A78002A44
:10BF1000D9D000222D201A70FFF750FE1022094BB5
:10BF200040465A66D0E7074A40465366CCE700BF12
:10BF300000C001B8003E00B000E001B800001F1FC3
:10BF4000145C012000D001B800000101000002B81B
:10BF500000E101B80B5C01200C5C0120024B187859
:10BF6000003818BF01207047145C0120034B1030CB
:10BF70000001185800F00100704700BF00C001B870
:10BF800070B50646FDF7F4FE044608B1FFF7BCFEA7
:10BF900000230A4D3046AB61EB612B6200F06AF87A
:10BFA000074BC9B283F8791028622CB1FFF79EFEC7
:10BFB0004FF08062034B5A64002070BD00C001B88E
:10BFC000003E00B0002002B810B504462120FFF763
:10BFD000F5FD1CB14FF48032064BDA60064B1A783F
:10BFE0003AB100222D201A70FFF7E8FD1022034B12
:10BFF0005A6610BD00C001B80B5C012000D001B82A
:10C0000038B512F08BFA084B084A1D6A92F879404D
:10C010005A6EE4B2520744BF1D6A013412F079FA35
:10C02000284604F0030138BD00C001B8003E00B04E
:10C030000346064A103302EB00111B01D1F80C0134
:10C04000D158C1F3400110F044BE00BF00C001B898
:10C05000064B1B68434303EB8171054B1B68A3FB35
:10C06000003013F1004341EB00007047F054012011
:10C07000EC5401200C4A20F04043014610B500204A
:10C0800014684FF00042E4FB0320084A890F12684D
:10C0900002FB0300064B9B6B984204D9013301312C
:10C0A000C01A01F0030110BDF4540120F85401201E
:10C0B00000C001B8044B01F0F071103041F00301F1
:10C0C00000011950704700BF00C001B808B5222018
:10C0D000FFF774FD4FF48022014BDA6008BD00BF0A
:10C0E00000C001B840B1836833B10649C26809682D
:10C0F00003F13043032A00D8704743F8041B043A85
:10C10000F8E700BF2C55012070B51646054600B370
:10C11000F9B1F2B14268104B006803321B68920813
:10C1200000F130409847044688B9EA68A8680332AD
:10C130003146920800F1304010F0EBFD044630B972
:10C14000286921466A6900F1304007F0A1FA2046CB
:10C1500070BD2124FBE700BF0060012070B50C68B2
:10C16000651C15D0C4F302669E42C4F3074530D166
:10C17000A4B294422DD804EB8506B24229D2141BF6
:10C18000A50824F003040E59340F04D0012C08D064
:10C190000022212402E06B1C51F82320C0E9002476
:10C1A00070BD0E4C34F8133042EA03431A686B1C1E
:10C1B00051F8234001EB83014B6822405E4036F08A
:10C1C000704404D11B0F032B04BF8B681A43002457
:10C1D000E4E7013501EB8501C1E700BF540803081E
:10C1E00007B501A8E7F7AAFA264B2749D3F860223A
:10C1F000D2B2FF2A1DBFD1F87801130243EA02131D
:10C20000D1F878311CBF20F47F621343C1F8F833B2
:10C210000C20E7F7CFF901213F20E6F793FA4FF022
:10C2200000421A4B42F201015A60C822184B5A656B
:10C230004FF4C02203F51043C3F868214FF4803255
:10C24000C3F86C21134AC2F8701202F52042D2F8EA
:10C25000F827120308D44FF470610F4AC2F8A010F7
:10C260004FF42062C3F8A02001220C4BC3F8002435
:10C2700003F53043D3F86821094B1A6003B05DF829
:10C2800004FB00BF0080E00F000002B800900950DE
:10C29000008001B8006001B8002002B8005001B869
:10C2A000B4540120134B1B78002B20D0124B134A9F
:10C2B00000201A60124B134A1A60134B134A1A607B
:10C2C000134B1A68134B1A60134B144A1A60144B21
:10C2D000144A1A60144B154A1A60154B154A1A6015
:10C2E000154B164A1A60164B164A1A607047022000
:10C2F000704700BF155C0120385501205C11030810
:10C3000030550120C008030834550120E008030817
:10C31000146001202C55012050550120A808030865
:10C3200048550120640C03084C550120DC08030823
:10C3300044550120900803083C550120E4080308F7
:10C3400040550120D80803080022012138B51E4BB2
:10C350005A649A64DA641D4A516102219162DA6872
:10C36000C2F303620D2A01D0002AF8D11122012460
:10C37000174DDA634FF0FF302C7005F015FA0023EB
:10C380002B70144D40F2D15228685421C01A18BFA6
:10C390000120FCF7B7FC104B28681A680F4B19688E
:10C3A000FFF7B2FE01F0DAFA0D4B1868FFF79AFEBC
:10C3B0000C4B1868FFF796FE4FF08062034B5A61F2
:10C3C00003F580535C6138BD000002B8001002B86C
:10C3D000155C0120305501203455012038550120CD
:10C3E000505501204455012001230D4A0D49C2F842
:10C3F000803291660C4A53600C4A53600C4A536079
:10C40000A2F580425360A2F54042536002F5C0326B
:10C41000536002F580425360A2F5004253607047BA
:10C4200000900050FF0B001600D000B8001000BABA
:10C43000005001B810B50324FFF7D6FF114A124B84
:10C440001A65FFF7CDFE114BC3F8104100F0DAF981
:10C4500001F0C6F84FF460720D4B5A614FF4007250
:10C460001A65FEF751FC0021FEF738FC4FF48002FC
:10C47000084B1C64A3F580535C64074BC3F884210C
:10C480005A6010BD0048F000000002B8005001B82A
:10C49000001002B800E0095000E100E008B510F01B
:10C4A00079FE044B1B6FC3F300430133B0FBF3F081
:10C4B00008BD00BF008000502DE9F04F044687B052
:10C4C0000290894659F8043B5A1C06D12360029B0E
:10C4D000E01A801007B0BDE8F08F3748C3F3016160
:10C4E0005FEA137B30F8110008BFC3F307429BB229
:10C4F00018BF012243EA004010F014FC4FEAC20AC0
:10C5000005460AF104032D48234483421BD8072320
:10C510000127C846CB4003F0010301939300049325
:10C5200007FA0BF705EB8203039307F0940304F17A
:10C5300008060593039B08F10408AB4208D104994F
:10C5400054444944BDE71E4B9C42E0D80020C1E75B
:10C55000059B53B917F0420F19D117F0280F0BD1D3
:10C5600046F8085C58F8042C21E040F6B702322166
:10C570000020FCF7C7FBF3E740F6BB02322101982D
:10C58000FCF7C0FB05F5805246F8082CEAE74FF4AB
:10C590000C6232210198FCF7B5FB05F50052BBF1A6
:10C5A000010F46F8082CDDD158F8042CD24346F888
:10C5B000042C04350836BDE74C080308DF4F00B0F3
:10C5C000E04F00B0F8B50646E0B10024144B254614
:10C5D0001F46144953F8042BAAB91348314600EBFF
:10C5E0008500FFF769FF30B940F66C223621BDE8BF
:10C5F000F840FCF787BB0D4B0135281847F824603D
:10C6000023F81400F8BDB242FCD001340C2C02D047
:10C6100031F81450DEE740F6862236210020E6E7A6
:10C62000FC5401206E560120404000B0705601209D
:10C6300070B5044698B1B1B13A4A52F8043B83420E
:10C6400013D10023384A116CC907FCD4374800EBDA
:10C65000830010F067FB364B106001221A6470BD36
:10C6600001330C2B02D1334D2CE0012352F8041B73
:10C67000A142F5D1304A32F81330E3E7C2F3016347
:10C6800035F81300110C93B211F0FE0F43EA00438A
:10C69000606820D00434CAB2022A216808D96668CA
:10C6A000A068033AC3E9001698600C340C33F3E732
:10C6B00004D16268C3E90012083403E0012A01D101
:10C6C000043419602268531CD8D10022164B1A601A
:10C6D00003F58053C1E7120F072AEDD8DFE802F017
:10C6E0000704090D1013181DC04303F5005318600B
:10C6F000E2E71A6842401A60DEE703F58053F6E786
:10C7000010F0DCFAD8E7012203F580538240F2E70B
:10C71000012203F500538240EDE71A6830EA020275
:10C72000FBD1C9E7FC54012000C002B8404000B072
:10C7300000D002B8540803086E560120064BDB688F
:10C74000C3F30363984206D1044A536E23F0F00307
:10C7500043EA011151667047000002B8003F00B083
:10C760002DE9F743064610F0A2FA00248046DFF8D0
:10C77000909011F0CAFE0DF1070105460DF106007B
:10C78000FEF77EF89DF806308BB9721C29D010F0A8
:10C790008EFAA0EB0804284611F0B2FE9DF8063090
:10C7A00013B99DF807303BB3A642E2D824E0D9F88C
:10C7B0000C3013F4603FE8D0D9F8180010F005FBF6
:10C7C000731C074603D010F072FAA0EB0804284649
:10C7D00011F096FE17F5007FE0D0384603B0BDE8B3
:10C7E000F083284611F08CFE9DF80630002BC0D156
:10C7F0009DF80730002BBCD1004FEEE700FEFFFF95
:10C8000000C000B80122014B1A657047001002B841
:10C810000122014B1A657047002002B84022014BEB
:10C820001A657047002002B84022014B1A65704714
:10C83000001002B80122024B98611A61704700BFD4
:10C84000000001B8044BD3F8B03010B1C3F3033289
:10C85000027003F00F007047000002B8064B01F0B1
:10C8600080015B6C03F480030B4302BF4FF40012A2
:10C87000024BDA64704700BF000002B8006001B8E4
:10C880000F4B1B788BB1012B11D10E4A012102F500
:10C8900080528B4291600FD80A4A0B49002B08BF87
:10C8A0000A4693689B07FCD47047074AEEE70022CC
:10C8B0004FF480539A60FFDE00239B68FBE700BFC4
:10C8C000165C0120004003B8000003B838B50B4BDC
:10C8D0000B4C002818BF1C46A569E3691D4007D012
:10C8E000084B1B682BB12846984704F50054A561F6
:10C8F00038BD6B05F9D5FFF7C3FFF6E7004003B875
:10C90000000003B8545501204FF604014FF605020C
:10C91000044B01201B6C9BB28B4208BF1346024A9A
:10C92000136670470080E00F00C001B82DE9F74F93
:10C9300081460F464FF0FF35FFF762FB002601905E
:10C940008A462C463046DFF8D8B006F110031B01AA
:10C950005BF8033003F00308B8F1010F15D130463E
:10C96000FFF766FB02460B4601985146FFF7E0F9D8
:10C97000DBF8643006F10802D340DB0739D5002F1D
:10C9800040D000252C463E6040460136082EDCD1C2
:10C9900060B3234A0027D2F808C0916B0CF44033EF
:10C9A0000131A4FB0141641941F10001B3F5003FDD
:10C9B00030D1536B0CF4405C013347F10006BCF5F9
:10C9C000805F22D1156B15F5807505FB06F647F1E2
:10C9D000000203FB0266A5FB03323244594304FB09
:10C9E0000212A3FB04341444C9E9003403B0BDE8C7
:10C9F000F08FA84271EB0403C6D207B13E60054632
:10CA00000C46C1E73D463C46BEE7320242EA1362AD
:10CA10001B02E3E7136B13F5807347F10002DDE7B8
:10CA200000C001B8F8B5062010F064F9044610F013
:10CA30003EF942F21073041B9C42054618D94FF090
:10CA400080624F240B4B5A6441F26F770A4E0BE021
:10CA500010F02DF9401BB8424FF4837221468CBF71
:10CA600000200120FCF74EF9736C5B01F0D5F8BD96
:10CA70001A24E9E7002002B8000002B8034B1A6E3E
:10CA8000596E03F500530A401A66704700C00A50F9
:10CA9000FF28F8B506D1FF294FF0070006D000297E
:10CAA00068D103E0FF2963D10F2863D80026324CF8
:10CAB000324D84F8740084F87560686940F25D1244
:10CAC0004B2100F00100FCF71DF911234FF48012F7
:10CAD000AB662B4B6E66C3F888219A6001213B2020
:10CAE000E5F730FE94F87510264A94F874300A433E
:10CAF0002549063341F82320244B3E201D68E5F7E5
:10CB000037FE6F08ED070246334628463946ECF7F4
:10CB1000BBFF090241EA1061C0F3C05040EA410086
:10CB20001B4B6066186B10F5807005D14FF4D67200
:10CB30002B21FCF7E7F80220024600230020012108
:10CB4000ECF7A2FFA0663E20E5F712FE40F649434F
:10CB50005843000DFF2828BFFF20022838BF0220BD
:10CB6000002184F87800012000F050FD0020F8BD7D
:10CB70000F2894D92120FAE7003E00B000C00A50E7
:10CB800000E100E0020D0C0000800350E854012099
:10CB900000C001B82DE9F34105460F46684611462D
:10CBA000FFF7C4FE0646B0B1AFB1DDE900321B0AA3
:10CBB00043EA0263A5FB0384094B120A05FB024406
:10CBC0001A6812B9FFF76AFC024600234046214664
:10CBD000ECF75AFF3860304602B0BDE8F08100BF84
:10CBE000E854012070B5FFF71DFF0021022000F07E
:10CBF0000DFD10F05CF804460F4D104ED5F8F433DF
:10CC00001B070BD511F081FCBDE8704002220C4BD4
:10CC1000DA6001220B4B1A7011F072BC10F047F869
:10CC2000001BB0424FF405724FF045018CBF00204D
:10CC30000120FCF767F8E1E7000002B83F420F006F
:10CC400000C001B8175C0120224910B50B78002BF9
:10CC50003ED00122204C94F875300133DBB202FA49
:10CC600003F31E4A536613664FF400221C4BC3F8AD
:10CC7000882100230B7003231A4A39211364A2F57B
:10CC800080525364184B40F2C322586CC0F380604A
:10CC9000FCF738F84FF48041144A154BC2F8941051
:10CCA000144AE16ED26E914202BFD3F86C21226722
:10CCB000D3F86431206F08BFA4F87A30B4F87A1042
:10CCC00000F0DEF8BDE810400121022000F09EBC1B
:10CCD00010BD00BF175C0120003E00B000E00A500C
:10CCE00000E100E000E00950000002B800E001B8F7
:10CCF00000C001B800C00A5010B504463E20E5F758
:10CD000037FD6043034B00F5F42000F59070B0FB55
:10CD1000F3F010BD40420F002DE9F74FFFF7ECFF95
:10CD20000446FFF77FFE11F0F0FB00214B4F054654
:10CD300068463970FFF7FAFD494B80469E69494BBA
:10CD4000DB6813F0706F1CD1474B5B6913F0060A68
:10CD500017D1E0B1454B611D1868A1FB00B93E2019
:10CD6000E5F706FD5346024649465846ECF78CFE69
:10CD7000009B090241EA106100029842019B99411F
:10CD800005D3284603B0BDE8F04F11F0B9BB002130
:10CD9000022000F03BFC0FF08AFF8146DFF8C4B0B0
:10CDA000DFF8D4A0DBF8F4331B0741D5B8F1000F4E
:10CDB0004DD0DDE900893E20E5F7DAFC4FEA182185
:10CDC00041EA09614FEA1923A0FB019800FB03889F
:10CDD000264B1A6812B9FFF761FB0246002348464A
:10CDE0004146ECF751FE0121214B013493F8753097
:10CDF000DFF86CC001331F4A361BDFF880E0DBB27E
:10CE000001FA03F30644CEF86030CCF86C60536648
:10CE1000DCF81820DCF86C60241A921BA24216D2AF
:10CE2000CEF864300220CEF8603000F0EFFBA8E7C7
:10CE30000FF03DFFA0EB0900504540F26A224FF091
:10CE400045018CBF00200120FBF75CFFAAE702220E
:10CE5000054BDA6001233B7093E700BF175C0120AC
:10CE600000C00A50000002B800C001B8E854012018
:10CE7000003E00B000D00A503F420F0000E00A50D0
:10CE800001232DE9F74F9A4F044697F875208A46FB
:10CE90009340984A0E46936697F87420964B054641
:10CEA000C3F8F0204FF40032944B4FF0000B1A619E
:10CEB0000223DFF85482C8F80C30914B9B6903F1D0
:10CEC000FF39A3EB0903002B40F3D5800BF1010BD5
:10CED000BBF1020F58D9EC220D210020FBF712FF05
:10CEE0004FF08053874A884F53664FF40031804B90
:10CEF000C7F86C511D670025C3F86C90C7F86461D2
:10CF0000A3F87A6011617C4AC2F8F05093F875205A
:10CF100001239340774A936611F0F7FA2A462B468D
:10CF20004FF4807E3E6AD7F864C002F11001090117
:10CF3000795801F00301012910D10EFA02F111EA2A
:10CF40000C0F0BD107EB0215B442D5F80C5100F2CF
:10CF5000A580AC4202D2AE4280F0A3800132082A02
:10CF6000E3D16A4D2968012940F29E803BB16049B6
:10CF7000B1F876201A43A1F87620604A536603B0D0
:10CF8000BDE8F04F11F0BCBA012397F875205C4D55
:10CF90009340584A936611F0B8FA4FF08052594BBB
:10CFA00001905A66AB6903F10109C5F86C90D8F895
:10CFB0003010D8F80830DD036DD5FA6E7E6EA9EB1F
:10CFC0000202A2FB0626BB6E01F58071A6FB03E5FB
:10CFD000A2FB03C313EB0E03A1FB03EC45F1000519
:10CFE00001FB05CCB2EB0E0266EB0C06120A42EA1C
:10CFF00006625244B2EB112F4FEA112603D30133DC
:10D0000045F10005921B043E964228BF1646C8F81B
:10D01000186097F87920D8F82010E318D2B245F1BB
:10D0200000058C42D8F8381084BF02F1FF32D2B22A
:10D03000481C0ED04FF0000E01F1010C99427EEB1E
:10D04000050008D20132B3EB0C03D2B265F1000542
:10D05000F4E72A44D2B21D4602F0030287F8792091
:10D06000C8F82030012397F8752001989340284A8A
:10D07000936611F045FA224B9B6900BF00BF00BFC9
:10D0800000BF00BF00BF00BF00BFD8F86420D200BF
:10D090007FF517AF24E756462546E3E7AC42BFF4D9
:10D0A0005AAF19438BB259E71A4A1478142C01BFAE
:10D0B0000024194E14703470147801341470002B4D
:10D0C0003FF45DAF0A4EB6F876401C43A6F87640B2
:10D0D0000A4C6366104C23780133DBB2022B2370B9
:10D0E0007FF44DAF0023013129601370237046E7B0
:10D0F000003E00B000E00A500080035000D001B8AC
:10D1000000C00A5000E001B800C001B884540120FA
:10D1100000D00A50195C0120185C01204FF4005225
:10D12000014B5A60704700BF00E100E04FF400522D
:10D13000034BC3F88420BFF34F8FBFF36F8F70474B
:10D1400000E100E037B50446FFF74EF901213A202F
:10D15000E5F7F8FAE17822791B4841EA0243C0F882
:10D16000BC35E579A37943EA0543C0F8C035237897
:10D170004BB18DF8041004218DF805200DEB010052
:10D18000002202F0B2FF63785BB10421A379002290
:10D190008DF80430E3790DEB01008DF8053002F0D5
:10D1A000A4FF227801235AB1084AC2F8B835627840
:10D1B00002233AB1054A0020C2F8B83503B030BDA9
:10D1C000034AF2E7024AF6E700C0035000D00350DA
:10D1D00000E00350F8B50B46002213F8044B9442CC
:10D1E00025D91D68854224D106245A791D79124B10
:10D1F00088181E6804FB0503104F33F8063C7B4378
:10D20000B3420ED900238A5A7A43964202D804FBCD
:10D210000300F8BD9D42FAD9013304FB03F2825AA0
:10D22000F2E740F247423D210020FBF76BFD002072
:10D23000EFE708330132D2E75855012040420F0092
:10D2400000202DE9F84FA2FB017BAA4EDFF8DCC2DB
:10D25000BE1998466BF10003B44570EB030307D287
:10D2600040F23E220E21FBF74DFD0220BDE8F88F73
:10D27000D8F814A00C461546BAF1000F04D0DAF81D
:10D280000030032B00F2A9809B4B9C4A9B6BD2F889
:10D29000FCA0C3F314099A4B1B6F58074EBF4FF401
:10D2A00040039B0503F0E07349EA0309954BD3F86B
:10D2B000EC30590048BF49F0807949EA45690FF0E0
:10D2C000A3FF012D0646D0D10028CED08E4B984228
:10D2D00000F0948003F5122303F5F863984200F000
:10D2E000B6808A4B984200F0BE80002502462B464D
:10D2F00000204FF00071ECF7C7FB2B46013007FB15
:10D3000003F3C9F3130100FB0B33A7FB0070A1FB70
:10D310000662034401FB052220339B09C8F8003054
:10D320007B4BF60C1C6046EA42367A4B19F4801FA0
:10D3300008BF76421E60784B34441C60BAF1000F7F
:10D3400048D00023DAF81C5019F0807F18BF640819
:10D35000C8F80830C8F80430002D53D1DAF800605E
:10D360000023062EC8F80C30C8F8103032D9DAF88D
:10D3700030307BB30FF048FFDAF83010FFF72AFFA8
:10D38000044618B18378002B40F099800FF0FCFE22
:10D39000DAF83010FFF71EFF0446D8B18378CBB11E
:10D3A000407940F27352003818BF01203D21FBF74D
:10D3B000A9FC207940F2745200384FF03D0118BFAB
:10D3C0000120FBF79FFC237962791B0243EA0213D9
:10D3D000C8F810300020BDE8F88F042BDAF8289048
:10D3E0007FF46DAF19F0807F14BF4FF4400309F054
:10D3F000E07329F0E07949EA030960E70023474830
:10D400001D467CE73E4FD7F83C21D2022FD4DAF8F4
:10D4100000601CB1B4FA84F107291CDD2B462102FF
:10D42000B1FBF3F14B0067020133E40D01E002337D
:10D430000131A5FB0302874274EB0202F7D2C1F36C
:10D440000E01090341F00061C8F8081088E70023C5
:10D4500033481D4653E7C1F1080325FA03F304FAE4
:10D4600001F10133DCE700232E481D4647E719464A
:10D470002D4AC9F3815912F80920002EB8BF76420F
:10D4800092066008C2FB06012246ECF7FDFADAF8C4
:10D4900000600E2E0ED9184B9A6BBB6CD7F83C115E
:10D4A000DB0607D502F4801201F400110A4308BF1D
:10D4B000C0F58010C0F31300C8F80400A9E7407954
:10D4C0004FF4AB62003818BF01203D21FBF71AFC76
:10D4D000207940F25952003818BF01203D21FBF756
:10D4E00011FC237962791B0243EA0213C8F80C305D
:10D4F0004CE700BF006CCA88008001B8004F00B044
:10D50000004001B8000002B800F04902005A62026F
:10D51000605501205C550120585501200A3BB2DFBF
:10D52000313641DCD694BFD65C080308807C814A42
:10D5300010B5044686B059B9214B4168D3F8FC3088
:10D54000827A2048059300686B46FFF779FE6946AA
:10D550001D4B0A685A631A4BD3F8FC3033B34B683F
:10D5600043B11A4B1A4AC3F83C214A68A3F58053C9
:10D57000C3F83C218B6843B1144B164AC3F81C21F5
:10D580008A68A3F58053C3F81C21134AC868D2F8EF
:10D59000983123F4EE630343C2F89831D2F8903106
:10D5A000096923F4EE630B43C2F89031002022890D
:10D5B0000A4B9A6203F5A033186406B010BD00BF91
:10D5C000004F00B058520120008001B8006001B83F
:10D5D000FFFF0F0000F0FF0F000002B8004000B88E
:10D5E000074BD3F88022D20707D55B6E002B4FF490
:10D5F0008043B4BF034A044A13650020704700BF4C
:10D6000000800050002002B8001002B8064B1A6CCF
:10D610009207FCD4022240EA01205860034B1A64AE
:10D620000122034B1A70704700C002B800D002B844
:10D630001A5C012010B590B10468012C0FD9026961
:10D640006AB11168094B102C1960516859609168D2
:10D6500088BFD268996094BFD960DA6010BD10228B
:10D660000021024806F014F8F8E700BF68550120D1
:10D67000084BC1171A68A2FB000302FB013310F12B
:10D68000807043F10003400E40EAC310803820EA66
:10D69000E0707047785501200722194B70B51A6465
:10D6A000184B194A1D68194BEC08E005C0184FEAE1
:10D6B000153141F100010023ECF7E6F9144B154E4A
:10D6C00018601548FFF7D4FF4042C6F8DC0049F661
:10D6D0005800FFF7CDFFC6F8A8001048FEF7CAFCB7
:10D6E000024660B1E301500818184FEA15714FF077
:10D6F000000341F10001ECF7C7F9C6F8B40070BDB2
:10D70000000002B8E854012065CD1D00B2E60E000D
:10D7100078550120003F00B07011010040420F0019
:10D7200010B5044698B10B4BD3F8FC00FFF782FF0D
:10D730004FF47A7303FB04F0074BA0F6AC50DA68A1
:10D740009B681044C01ABDE81040FFF791BF4AF62D
:10D75000C870F8E7004F00B0685501202DE9F84384
:10D760000546084614461E46FFF764FF9DB106F0C5
:10D77000020716F0040610D16FB1284600F0DEF85B
:10D7800020636B69002B7ED147F23050FFF770FFAA
:10D79000E062002E58D1BDE8F8832869002869D0DE
:10D7A0004FF47A7358433F4BA0F6AC509B68C01AB5
:10D7B000FFF75EFFA062A88B00285ED04FF47A735B
:10D7C0005843384BA0F6AC509B68C01AFFF750FF87
:10D7D000E061354BE968D3F80080002950D04FF460
:10D7E0007A7359432F4BA1F6AC519A685B68891A3A
:10D7F000C91A2E4BC8171A68DFF8B890A2FB01139C
:10D8000002FB003311F1807143F10003490E41EA3C
:10D81000C3118039264B2162D3F8C4306362D9F832
:10D82000003053B140460FF0B3F930B12246D9F879
:10D8300000301C49D8F8E40098470021A869FFF798
:10D840006FFF6063002F98D1A86828BB47F2305063
:10D85000FFF70EFF60614FF47A702B6858432BB1CD
:10D86000104B1B6803F51C5310331844FFF700FFDF
:10D87000A06190E74AF6C8709AE74AF6C870A5E733
:10D880004AF6C871B5E7074AD0684FF47A7202FBCE
:10D890000300A0F5FA5079E74FF47A735843A0F5E6
:10D8A000FA50D5E7685501205852012078550120DB
:10D8B000003F00B06455012070B5064608461C467E
:10D8C0000FF01FFA0546D6F8F00000F011F8436893
:10D8D000054A002BA8BF4FF4FA721A44034B601993
:10D8E00092FBF3F2104470BD0CFEFFFF18FCFFFF2B
:10D8F00040B10368012B05D90069034B002808BF1C
:10D9000018467047004870476408030828B1094862
:10D9100081420CBF2F20BC207047074A536F106D07
:10D92000C3F301111B0C01FB033300F01F00013096
:10D930001844704748E80100004001B843684FF4BC
:10D940007A7058432BB1044B1B6803F51C531033FA
:10D950001844FFF78DBE00BF6855012070B588B030
:10D960006D46184C0FCC0FC594E80F0085E80F00EA
:10D97000EC220021144805F08BFEB0220021134850
:10D9800005F086FE20220021114805F081FE0FF0EF
:10D9900038FA104B1B783BB16D460A4E0FCD0FC6BF
:10D9A00095E80F0084E80F000C220B490B4805F0A6
:10D9B00077FE0B4B0B4AD3F87831C3F382431366DF
:10D9C00008B070BDE03F00B0643E00B0503F00B012
:10D9D000E04F00B0065C012074080308AC3E00B0C4
:10D9E000000002B8003F00B0064BD3F8EC0E064B27
:10D9F0009B6C1A0103D4054B9B6E1B0401D500F5EB
:10DA000080707047003000B0000002B8004000B8DD
:10DA100010B510F07AFD0E2104460320FEF78EFEAD
:10DA200040F20122034B2046BDE81040DA6210F0BC
:10DA300067BD00BF004000B8064B00201B6893F88C
:10DA40002430DB0902BF0322034BC3F85022FBF74B
:10DA5000FDBB00BF58520120006001B8012370B522
:10DA6000074C2370074B1E68074B3240D3E9005325
:10DA700019402840FBF798FF0023237070BD00BFBA
:10DA80001F5C012080550120F04F0020024B586898
:10DA9000C0F3C000704700BFF04F002010B504462F
:10DAA000FEF7C8FC00F066FF2046FDF75DF9FEF7C3
:10DAB0004BFCFEF7A7F8FEF719F9FFF7EDFD134948
:10DAC0000723134AD1F8FC1004F58270FFF746FED5
:10DAD0004FF080710020FEF7EDFA4FF000720D4B11
:10DAE0004FF400110120C3F80021FEF7E3FAFEF71E
:10DAF0000BFF20B940F223121421FBF703F90FF0BA
:10DB00007EF9BDE810400120FDF740BF004F00B096
:10DB1000A43F00B000D001B88023074A5364082313
:10DB200040B15364054AD2F8BC3E23F02003C2F84A
:10DB3000BC3E7047024AF4E7001002B8003000B063
:10DB4000002002B810B510F0E0FC012104460020CE
:10DB5000FFF7E2FF044B1961044B5B6898472046CE
:10DB6000BDE8104010F0CCBC000002B8E85F012016
:10DB7000F0B583B014460646FFF732FDFCF7F8F81F
:10DB8000002800F0A980594B5D6915F0060540F0AA
:10DB9000A38010F0BAFC23790095022B054647D1EB
:10DBA000237B022B33D00320FEF7E0F920B9504B42
:10DBB000DB685B0440F19280A37B277B003B18BFAE
:10DBC0000123A2684B49012F01920B706FD000F026
:10DBD000C3FE0420FEF7BEF80420444E0223716FFA
:10DBE0003A4621F0F85121F4F81141F0506141F426
:10DBF000803171670DEB0001FEF7CAF8044600287A
:10DC000060D0012030223C493C4B08701A653C4EE4
:10DC1000336898472128044604D101210020736805
:10DC200098470024284610F06BFC204603B0F0BD56
:10DC30000320FEF79BF9002850D12279D6F80C3149
:10DC4000012A226830D0D01A00900020274B2D4A9C
:10DC50002D495A679867637B2C4A23F040000028BF
:10DC6000C3F380130B700CBF012300231370284BE8
:10DC7000274AD3F8BC3E4FF003000CBF43F020030B
:10DC800023F02003C2F8BC3EFEF764F8174B214A8C
:10DC900003205A67694601232279FEF779F8F8B123
:10DCA00001221D4B1A707BE79A42CDD3CBE7237933
:10DCB000022B8CD0009BD6F80C1100270B44134488
:10DCC000019384E70320FEF745F828460D4A124BDE
:10DCD00072671C7010F014FC0E24A6E72846F9E7C2
:10DCE000284610F00DFC21249FE700BF00C001B8BA
:10DCF000000002B8245C0120215C0120001002B861
:10DD0000E85F012000000101225C0120235C01206A
:10DD1000003000B0010C01001E5C01202DE9F34130
:10DD20000D460024074610F0F0FB214B0646204626
:10DD3000DFF88C801C70FFF7EFFE1E4BC8F87430C4
:10DD4000C8F878406879431E58425841FBF710FEE6
:10DD500040F60143C8F878302A792968012AD7F8B3
:10DD6000143101D1994200D3CC1A042303200DEBC6
:10DD700003010194FEF70CF850B988220E4B30468F
:10DD80005A6410F0BDFB2124204602B0BDE8F081AA
:10DD90000A4D2B6898472128044604D10121002010
:10DDA0006B6898470024304610F0AAFBECE700BFF0
:10DDB0001E5C012000000101002002B8E85F012084
:10DDC00000C001B8F8B5194C0546207840F27D2214
:10DDD000B0FA80F03E214009FAF794FF55B9607817
:10DDE00040F27D22BDE8F840B0FA80F03E214009C3
:10DDF000FAF788BF4FF440660D4F0E4DD7F8083143
:10DE000040F27D22C3F381232370C5F80861607856
:10DE10003E21B0FA80F04009FAF774FFD7F80C31D0
:10DE2000C3F381236370C5F80C61F8BD1B5C01204E
:10DE3000004000B8006000B810B5104B104AD3F88D
:10DE4000B8001478596A9A6A00F00F0021F47061E2
:10DE500022F0E052844241EA042142EA84624FF017
:10DE60001F04084835BF9A6259625962C0F8B84029
:10DE700034BFC0F8B8409A6210BD00BF00C000B8FF
:10DE8000025C012000E000B8A82238B51C4B5D6C94
:10DE900003F500535A6410229A60A3F5804302F1FF
:10DEA00000521A675A6600F0E3FF164B1B7813B94D
:10DEB0000320FDF74FFF0024134B9C6700F0FEFF8B
:10DEC000124A134BD2F8EC1E0B40C2F8EC3E04226F
:10DED000104B5A64104BC3F8C440FFF7ADFFAB06BC
:10DEE00007D50E4B5B6FB3F5817F22BF8022044BB9
:10DEF0001A61FCF72FFC0022094B1A7038BD00BFD5
:10DF0000000002B81E5C012000C001B8003000B063
:10DF1000DF0000FF002002B8003E00B0003F00B06C
:10DF20001D5C01200D4A10B5D2F8A030D2F8A41023
:10DF30000B40B3F1804F0CD34FF040400849094CDF
:10DF4000C1F8A400D467C1F8A0004FF48021064AAC
:10DF5000D161034AC2F8A03010BD00BF004000509C
:10DF6000006000500000FF01001002B89C4B2DE93A
:10DF7000F04F9A6EDB6E85B002EA0308994BC3F846
:10DF800068804FF03A43D3F81461D3F818311E403B
:10DF9000954BC3F81461954B9A68DB6802EA030A53
:10DFA000934BC3F808A003F52043DA691B6A02EA21
:10DFB0000309904B09F47702DA618F4BD3F80422FE
:10DFC000110306D4D3F804311A03C3F3C04740F158
:10DFD000E58010F09AFA894B5A695F6E1B6F12F058
:10DFE000060F07EA0307864A27F0007323F400634D
:10DFF00014BF4FF0010B4FF0000B53667B0706D5A3
:10E00000804A92F879300133DBB282F8793010F02F
:10E0100077FAB8F1000F00F0DF8018F4004427D041
:10E0200010F073FA0146FFF7DFFC0446764B1D68DB
:10E030002A682B689A42FCD02A689A42FCD0FFF7E3
:10E04000D3FCA04240F0AC80084610F059FA6F4B68
:10E050001C606F4B5D6C15F4E05240F0A38024F01F
:10E060007F4424F0DF040CB9FFF70EFF4FF08074FB
:10E0700018F0020F4FF0000514D0654B5D495B6C42
:10E0800003F460424A64002A00F0A0801D0400F1FD
:10E09000A08013F4005F0CBF4FF000534FF00063FB
:10E0A00000251C43C8F340384FEA4808594B334019
:10E0B000002B4BD016F4206F0AD040F2BC52062140
:10E0C0000020FAF71FFE002000F056FF26F48026FD
:10E0D000F00506D5FF22474B44F4C0649A60FFF771
:10E0E00097FC16F0090F0BD040F2D1520821002006
:10E0F000FAF708FE00F034FF4FF03A4301225A636A
:10E1000016F0106F0CD040F2DA5209210020FAF715
:10E11000F9FD00F025FF002211461046FCF72CFF08
:10E1200016F4202F0AD040F2E25207210020FAF71D
:10E13000E9FD002000F020FF26F48026F10301D540
:10E14000FDF76CF8002EB8BF48F0080872070ED52E
:10E150004FF03A431B6B13F4005F4FF4005317BFAB
:10E16000214A2D4A136344F4000408BF1363730566
:10E1700048BF44F0040416F48023019300F0B580F6
:10E18000FDF702F80138062848D8DFE810F0420110
:10E190004501420148014B014E014E01BB4638E7A3
:10E1A000044645E70192FFF76FFE124B019A5A644D
:10E1B00015F4805307D115F4806F0CBF4FF08054D5
:10E1C0004FF0806454E74FF0804451E74FF0007304
:10E1D00066E74FF0004363E74446454666E700BF05
:10E1E000004000B8006000B8002000BA004001B84C
:10E1F000006001B8002002B800E100E000C001B8F2
:10E2000000E001B8003E00B0300803087C55012052
:10E21000000002B8090B0B89001000BA40F213622B
:10E2200003210020FAF76EFD4FF03A420121D2F8A7
:10E230008C30D2F8AC0003F00703063301FA03F385
:10E24000C0F30C001B1A9BB2072B12D97F4B5B6CDF
:10E2500058020ED47E48D36CD26E406D58B103F094
:10E26000070306339940C2F30C03C91A89B2072980
:10E2700001D844F40074774B1B78002B35D04FF055
:10E280003A43D3F8143113F4A02F2ED1724B734AB2
:10E290001B7893B9FB0410D4137873B1E308704969
:10E2A00043EA457383F00103D1F8EC1E03F0010348
:10E2B0005B0021FA03F3980717D10420FDF74AFD0C
:10E2C000684B6949596700F047FB644A137843B9C2
:10E2D000664B1B782BB1664B664A1B682340134282
:10E2E00001D144F4804427F48057BAF1000F31D0B3
:10E2F0001AF4805F18BF44F480241AF4807F18BF9A
:10E3000044F400241AF4005F18BF44F010041AF417
:10E31000007F18BF44F020041AF4806F06D04FF439
:10E320008062554B44F04004DA609A601AF4006F42
:10E3300006D04FF40062504B44F08004DA609A60DB
:10E340001AF0805F06D04D4B0021186845F48055C7
:10E35000FBF736FDB9F1000F3AD019F4802F18BF42
:10E3600045F4007519F4803F18BF44F4805419F443
:10E37000801F18BF44F4003419F4001F18BF44F084
:10E38000020419F4003F18BF44F4801419F4800FFC
:10E3900018BF45F0100519F4002F19D0304BD3F8F1
:10E3A000BC3E13F0C00F13D0284AD368C3F30363F5
:10E3B000032B01D0072B05D1936CD90602D4D36C63
:10E3C0001A0735D54FF400222D4B29F40029DA61C4
:10E3D000002F00F020813B0540F18A802949214A25
:10E3E00091F803A0284BBAF1000F53D04FF400600E
:10E3F0000AF1FF3A58665FFA8AF3CB7033B9234BC0
:10E400001B78C3B140F60142214B5A67002300221A
:10E410006CE044F4803407E744F4006404E744F417
:10E42000806401E744F48074FEE644F00804FBE6EF
:10E4300044F40014CCE7936F13F4A05F15BF4FF4BE
:10E44000807340F6014393659367DFE7000002B8ED
:10E45000004000B8215C0120205C0120235C0120E9
:10E46000003000B000C001B800000101225C0120B2
:10E47000F04F0020088D0100006001B858520120C3
:10E48000002002B80C5C012000E001B81E5C0120F5
:10E4900000D001B80320FDF75DFCAA4AAA4B5269DF
:10E4A00012F0060F77D05046FDF78EFD4FF4006155
:10E4B000A54BA44A59665369A44813F0060308BF44
:10E4C0009367B0F87630A24913F4006267D023F462
:10E4D0000063A0F876300B7803F0FF0A002B62D1BE
:10E4E000FDF7F4FDFFF7D0FC534620221C431543F3
:10E4F000B80009D52E20FDF761FB4FF00052924B7A
:10E5000045F008051A675A66F90608D52B20FDF76D
:10E5100055FB10228C4B45F400151A675A6617F00C
:10E52000306F05D1FA046AD5BBF1000F00F0CA8044
:10E530003B0115D52920FDF741FB864B8649DB6859
:10E5400003F48042C3F380330B70FFF79FFA28B1C6
:10E55000824B7D4982484B6603673ABB45F0040510
:10E5600017F0007B2FD00420FDF7F4FB2720FDF7E8
:10E5700025FBFFF789FC4FF00072734B5A66794B0D
:10E58000D3F8EC2E510600F184800222764B9A607B
:10E5900045F002052EE041F61F725A6786E70B78B8
:10E5A0004FF40053A2E74FF4004330E70B672020FD
:10E5B0004B66FDF703FB45F400152D2045F00C05D7
:10E5C000FDF7FCFACCE717F0807FDFF878A14BD09D
:10E5D0000420FDF7BFFB2820FDF7F0FADAF87830C9
:10E5E000002B3ED1FFF750FC574B5C4A45F001052C
:10E5F0001A675A66FFF720FA0022524B9A65BA044E
:10E6000009D55A4A5379002B00F0D180013B537150
:10E61000002348EA0308534BD3F8BC3E1B0603D53E
:10E6200020462946FCF74AF9424620462946FFF78C
:10E6300015FA019B0BB1FCF7DFFD4FF400424C4B88
:10E6400006F00436C3F814614A4B19F4002FC3F8DE
:10E6500084211EBF4FF40022434BDA6105B0BDE8B0
:10E66000F08FCAF878B0BFE7F804C5D50420FDF7ED
:10E6700071FB414BCAF87430FDF728FDDAF86430BD
:10E6800013F0407FB8D12A20FDF798FAFFF7FCFB82
:10E6900075E7D3F8BC3E9A063FF57AAF0222374BB6
:10E6A0009A60374B1B6893F825309B077FF570AF56
:10E6B000264B93F8D830002B3FF46AAF8022254BCD
:10E6C0001A6165E7294A13794BB1013BDBB213713B
:10E6D00013B9234B2B4A5A6700231C438FE70420AE
:10E6E000FDF738FB0320FDF735FB164B224A5A672E
:10E6F0000FF00BFF82460DF10F00FEF7A3F8224B3F
:10E7000083461B780BB1FFF783F9BBF1030F0ED1E2
:10E71000DFF840B00020FEF795F8032807D1DBF8BA
:10E720002830D807F6D4DBF84830D903F2D49DF866
:10E730000F30032B2CD10122144B50461A700FF0CE
:10E74000DFFEC9E700C001B800E001B8003E00B03C
:10E750001E5C0120000002B81D5C0120100000209A
:10E7600000D001B8003000B0002002B80C5C0120DD
:10E77000002000BA00E100E000000101001002B832
:10E78000585201200000010D245C0120205C012072
:10E790004FF03A43D3F8143113F4A02FCBD100F04B
:10E7A000DBF850460FF0ACFE4FF4804395E70520B0
:10E7B000FDF7D0FA01232CE70122024B1A62DA613D
:10E7C000704700BF002002B8094A08B5D369116A32
:10E7D0000B40084923F47F00DB07C86106D5D168E8
:10E7E0004FF0FF30C1F303610EF014FB08BD00BF12
:10E7F000000002B8002002B80C4A08B5936CD26C35
:10E8000013400B4A9364DB070FD50A4B40F66D02A9
:10E810001878122100F00100FAF774FABDE80840F8
:10E82000002201200021FFF719B908BD00C000B87F
:10E8300000E000B8F04F002070B5154D2C6C6B6CEB
:10E840001C40144B24F002021A64E20705D540F67E
:10E85000D40200202968FAF755FAA30716D5022238
:10E860000C4B1A640C4A6B6814687CB1DBB2042B45
:10E8700007D100220121094B18682346BDE87040EA
:10E880001847052B02D100221146F4E770BD00BFE6
:10E8900000C0095000E00950B05401205852012036
:10E8A00038B50C4C0C4DD4F88430DB0706D4A36F7C
:10E8B000D4F884201340094A936738BDD5F8043151
:10E8C0005A02F0D5FFF7B8FF4FF48003C5F8843142
:10E8D000E9E700BF008001B800E100E000A001B856
:10E8E00008B50FF012FE0E4B1A78A2B90D4A126845
:10E8F00012F4843F0FD10C4A102111651B7863B9C3
:10E90000084B1B68DB0508D4074B20221A65BDE8BD
:10E9100008400FF0F5BD054AEEE7044BF5E700BFF0
:10E92000215C0120F04F0020002002B8001002B846
:10E9300010B50FF0EAFD0E2104460320FDF7FEFEA0
:10E9400040F20122034B2046BDE81040DA620FF08E
:10E95000D7BD00BF004000B80022044B1A70044B22
:10E96000197811B11A70FFF7BBBF7047205C012006
:10E97000215C012038B50FF0C8FD4FF48043274CCF
:10E980000546C4F88430BFF34F8FBFF36F8F4FF449
:10E990000043C4F88430BFF34F8FBFF36F8F4FF441
:10E9A0008033C4F88430BFF34F8FBFF36F8F4FF4C1
:10E9B0000033C4F88430BFF34F8FBFF36F8F4FF431
:10E9C0008023C4F88430BFF34F8FBFF36F8FFEF7FF
:10E9D000ADFB4FF40023C4F88430BFF34F8FBFF377
:10E9E0006F8F4FF48013C4F88430BFF34F8FBFF3A1
:10E9F0006F8F4FF40013C4F88430BFF34F8FBFF311
:10EA00006F8F4FF40003C4F88430BFF34F8FBFF310
:10EA10006F8F2846BDE838400FF072BD00E100E07E
:10EA200038B50FF072FD05464FF480430E4C63601D
:10EA30004FF4004363604FF4003363604FF480236E
:10EA40006360FEF76BFB4FF4002363604FF48013A9
:10EA500063604FF4001363604FF400036360284663
:10EA6000BDE838400FF04CBD00E100E02DE9F04773
:10EA7000DDF820A003EA0108099B06460D4602EADC
:10EA8000000703EA0A09BAF1000F40F06881031F8A
:10EA90000B4300F02881052871F1000380F0FE800F
:10EAA00050EA010300F0D081431E0B4300F03E8189
:10EAB000FFF760FFBD4AD2E9004323EA050324EAD9
:10EAC00006043C4343EA0807B94BC2E900471E6805
:10EAD00026EA0A0646EA09061E60FFF701FF14F05F
:10EAE0002A4F14BF48F202034FF40043B14AB5075E
:10EAF000D26EB14848BF43F4005383EA020122EAD0
:10EB00000302C266AD4A0B408166D366C4F38042FD
:10EB10001203200348BF42F48072E10648BF42F46A
:10EB20000052A749A30648BF42F4007214F0400FF8
:10EB3000D1F88830A34800F031815D0505D44FF449
:10EB400080652B438560C1F8883014F0800FD1F8C0
:10EB500088309C4800F05C811D0505D44FF40065A9
:10EB60002B438560C1F88830974B9648D96817F4D5
:10EB7000007F82EA010323F0805301EA030102EAE5
:10EB80000302C1608360914BDA608D4B07F4007221
:10EB900000F0468101224FF4802583F88420E304AD
:10EBA00048BF45F48035A00348BF45F48015A10750
:10EBB00048BF45F4001514F4001FDFF84C8206D05E
:10EBC000D8F800000EF042F908B945F40025E20239
:10EBD00048BF45F40035FB067D4B48BF45F4800532
:10EBE0001A6A7C4985EA020323F001031A400A628B
:10EBF0001D40CB61784B16F0010F1D62774B784AB0
:10EC000018BF1A46774B7D071B6F48BF42F0006262
:10EC1000754882EA030123EA02030367734B0A4043
:10EC200041661A67724A04F00103D16CA0F5803086
:10EC300081EA030221EA0301C16482641A406D4B38
:10EC40002002DA64D8F8002048BF6B4B92F802210A
:10EC500058BF6A4B610748BF43F4806322B114F484
:10EC6000C06F18BF43F4807332074FF03A42BDE8DB
:10EC7000F047D2F8181148BF43F0004383EA01027D
:10EC800022F4A0225E481140C0F818111340C0F8C9
:10EC900014215C4AC2F81831FFF7C2BEA0F58063A8
:10ECA0000B4306D020F48063A3F500730B437FF47D
:10ECB000FFAE0FF02AFC3D49D1E9003223EA0603FA
:10ECC00022EA050242EA08023B43C1E900324E4A09
:10ECD000126892F802114A4A09B313F4C06F1ED0A9
:10ECE0004FF4807311E00FF010FC304AD2E900318C
:10ECF00023F004033B4341EA080157EA0807C2E94D
:10ED000000314FF480633E4A0BD0C2F81431A2F5B3
:10ED10008052C2F81831BDE8F0470FF0F1BB4FF454
:10ED20008073C2F81831C2F81431F4E70FF0EDFB2C
:10ED30001E4AD2E9003123F001033B4341EA0801B6
:10ED4000C2E900310123314A57EA08071BBF936427
:10ED5000A2F58052D364D36408BF9364DBE750EA22
:10ED600001037FF4A5AEBAF1010F7FF4A1AE0FF05D
:10ED7000CCFB0F4A136823F0010343EA0903136035
:10ED80004FF40053184AB9F1000F04D05366A2F5AE
:10ED900080521367BFE713675366BCE723F48063B1
:10EDA000C1F888304FF480638360CEE6F04F0020D6
:10EDB00080550120004000B8006000B8005000B845
:10EDC000003F00B0006001B8004001B8005001B839
:10EDD000000002B8002002B8001002B80438000396
:10EDE0000418000300C001B800E001B800D001B869
:10EDF00000C000B800D000B80D0A0A09090A0A09C3
:10EE0000002000BA001000BA5852012000E000B8FB
:10EE100023F40063C1F888304FF400638360A3E6F5
:10EE200093F8841071B183F88420084BD3F8A410B0
:10EE300003F50053C3F8A410C3F8A0104FF05023FB
:10EE4000C3F8A4200025AAE6BDE8F08700400050E2
:10EE5000024B186800F00100704700BFF04F00201F
:10EE6000024B5868C0F3C030704700BFF04F00201D
:10EE70000A4B197801F0FF0229B1002119700849E5
:10EE80009202C1F80821597801F0FF0229B100214E
:10EE900059709302024AC2F80C3170471B5C012082
:10EEA000005000B84FF40062034B5A644FF4004224
:10EEB000A3F5E0339A667047001002B8F8B5084C25
:10EEC000084D636C0423084F6B64636C5B0300D4D0
:10EED000F8BD042602207E640DF0F0FE6E64F4E7B7
:10EEE000000002B8001002B8002002B838B504468D
:10EEF00079B948B1164BDB681B0E13F00E0F04D026
:10EF00004FF4C062134B9A6538BD134B1B6CD90785
:10EF1000F6D4FFF70DFD0E4D0020FDF793FC0328FE
:10EF200001D0092805D1AB6ADA07F5D4AB6CDB0355
:10EF3000F2D4FFF7C3FF0122084B5A6102229A6202
:10EF4000042203F580535A64002CDDD0D8E700BFBB
:10EF5000000002B8006001B800C002B8001002B89A
:10EF600008B503210920FDF7E9FB2022014B1A61B6
:10EF700008BD00BF000002B838B505460FF0C5FA5D
:10EF80000E4B04461868FCF723F835B1FFF7E4FC94
:10EF90002046BDE838400FF0B3BA094B1B78002B70
:10EFA000F6D0084B1D78002DF2D1FFF7D5FC2A468C
:10EFB0004FF480400021FEF751FDE9E7585201204F
:10EFC000205C01201F5C01202DE9F84F5A4B0646BA
:10EFD0000D4614465B6C002A40F0AB8013F0A00F86
:10EFE00014BF4FF001094FF00009FBF7B3FBFEF728
:10EFF00023FFA0234FF0000ADFF854810320C8F854
:10F000004430FCF7A7FE0420FCF7A4FE4B4FFFF7AB
:10F01000A3FC4B4B4FF0040B7B67C7F878A0FFF7BE
:10F020004DFF484B4FF48071D3F8BC2E42F02002C4
:10F03000C3F8BC2EFF22C8F808203F4A1161D3F85C
:10F04000EC2E41491140C3F8EC1EC8F844B0C3F897
:10F05000C4AE7B6913F0060F04D0FDF737F85846AD
:10F06000FCF778FEB9F1000F01D0FFF71BFF66B186
:10F07000364BDB6C180701D4FFF75AFCFFF770FF23
:10F080000420FCF767FEFFF7F3FE2B4B5A69D1070C
:10F090004AD5DA6812F0706FFBD12D4B2D4A5A64B5
:10F0A0002D4A536E23F0F003536615B12046FFF747
:10F0B00063FF2A4BD3F84C315A1C01D05B0002D5B8
:10F0C0000122234B5A61002C2ED0204B2249DA6EAC
:10F0D00003F500539A6603F5D0331B6A1C4A23F0EC
:10F0E0000103D3611E4BD1F88800DB681D4903433F
:10F0F0008B601D4BC860D3F8841003F500539967EB
:10F100004FF03A43D3F8181103F50053C3F8141124
:10F11000164BD96C03F500539964154903F58033F8
:10F1200059664FF6084353640020BDE8F84FFBF7DB
:10F13000BDBB4FF0000958E7000002B800C001B89D
:10F1400000000101003000B0DF0000FF004000B807
:10F15000002002B810003000003F00B00080E00F37
:10F16000004001B8006001B8008001B800C000B8DC
:10F170005000002F38B514460D460FF0C6F9064B67
:10F18000D3F8BC2E54402C405440C3F8BC4EBDE8CC
:10F1900038400FF0B5B900BF003000B0034BD3F8D2
:10F1A000BC3E99430CBF012000207047003000B0E6
:10F1B000174BD3F8BC2E12F0010312D0154B93F865
:10F1C0004830154A43F08073C2F8D0304FF48013B2
:10F1D00002F50052C2F8B430A2F58052C2F8B8303D
:10F1E00070471106EDD40D4B93F8471121B1D206AB
:10F1F00002D593F84431E4E74FF480120020084B25
:10F200000549C3F8B820C1F8D000C3F8B42070474E
:10F21000003000B0003F00B0004000B8003E00B039
:10F22000006000B870B5164E032804460D463378CA
:10F230001ED023FA04F202F00102AA421DD053B1FB
:10F240000122A240A54023EA02032B43DBB2337024
:10F250004BB1012070BD2DB10A4B01201B689847AE
:10F260003378EDE73570074B00201B689847F0E7CF
:10F270009A07DED003F0FC03E9E7002070BD00BF71
:10F28000265C0120BC550120F8B505460C460FF060
:10F290003CF9104F06463B7833B1012D04D01CB920
:10F2A0000D480EF00DFD3C7021462846FFF7BAFFD1
:10F2B0000A4B04461B783BB93B782BB90DF015FC83
:10F2C00010B1074B1B68984730460FF019F92046DC
:10F2D000F8BD00BF275C012094550120265C012069
:10F2E000E85F0120054A0B46117831B10021117009
:10F2F000034A01215268187810477047275C0120A3
:10F30000E85F012038B5074D04462B78834207D0CB
:10F31000FAF778FD20462C70BDE83840E5F702B8D2
:10F3200038BD00BF255C01201B4B022910B51870A9
:10F3300002D0032904D010BD184B1B78002BFAD142
:10F34000F9F71CFA0028F6D04FF40052144BC3F81A
:10F350008420BFF34F8FBFF36F8FFAF709FD0028AA
:10F36000E9D0FAF7B7FC0028E5D10E4B1C6834B1A0
:10F3700023689847BDE810400020FAF737BD0DF02C
:10F3800057F9094B18600FF084F9084B18602046B4
:10F39000FAF7F6FCEEE700BFD1600120255C012002
:10F3A00000E100E0A8540120B8550120B455012027
:10F3B00038B504460D46F9F7E1F980B14FF4005233
:10F3C000124B5A60FAF7D4FC48B9012D07D8012036
:10F3D000FAF70CFD0E4B1B6823B15B6898470D4B89
:10F3E0001C7038BD0FF055F90B4B1A68801A186065
:10F3F0000EF022FD4FF47A72084B1B6802FB0030BE
:10F400000DF018F90120FAF7BBFCE8E700E100E095
:10F41000A8540120D1600120B4550120B855012025
:10F42000F0B585B00FF071F8344D04462B7823B158
:10F4300033480EF045FC002852D10EF0D9FC02AA48
:10F4400003A90DF03CFB0346002838D00DF04BFB20
:10F45000029B98421CD100202A4B03991B682A4E1C
:10F460009942307020D90027C91A012324482B70F3
:10F47000264A3346019700970FF0E7F8002837D166
:10F48000234A1378D90701D53178F9B1204611E024
:10F490000DF027FB029B984228D0002318461949FB
:10F4A000194A0968137003910121FFF7BBFE00237D
:10F4B00020462B700FF024F8002005B0F0BD204648
:10F4C0002B700FF01DF8212005B0F0BD03F0FE03F6
:10F4D0001370002BDAD10F4B1B6898472046E9E7E1
:10F4E00020460FF00DF80E2005B0F0BD0220B3E766
:10F4F000032320462F703370F3E700BF275C012001
:10F500009455012084540120D0600120E5F20108C7
:10F51000265C0120BC550120114B10B55B6F002407
:10F5200003F44073B3F5007F04BF02220D4B0E4974
:10F5300008BF1A600D4B0E4A1C700E4B0E481A6025
:10F540000E4A5A60E4F7A0FE0D490E48E4F79CFE0F
:10F550000D4B0E4A1A60E4F7F7FF204610BD00BFBE
:10F56000004000508454012080080308275C0120DB
:10F5700021F40108E85F01208455012089F2010887
:10F58000880803088C550120BC55012005F30108AB
:10F59000014B1868704700BFE45E01202DE9F84F69
:10F5A0000F46884657F8041B0546144600203A4685
:10F5B0001E460DF04EFCD8F8008040460DF04AFC87
:10F5C00020B19DB941684FEA186359B90F213346FC
:10F5D000224640460DF056FC0D461AE04A799A4202
:10F5E00004D008310D68002DF8D1EFE7DFF8349032
:10F5F000DFF83480D9F800B0D8F800A03846C9F850
:10F600000040C8F80060A8470025C9F800B0C8F855
:10F6100000A02246012052F8041B0DF01AFC2846D7
:10F62000BDE8F88FC4550120C055012070B50C4BC2
:10F6300004020D4604F4E064C0F307211B680C4388
:10F64000084A04349C42126807D91D210DF01AFCA7
:10F650000022134610462B6070BD1060043BF9E792
:10F66000C0550120C4550120094A10B5116851B98F
:10F67000B0F5006F09D2041D2046E4F7DDFC08B99F
:10F68000044B1C6010BD1220FCE72120FAE700BFEC
:10F69000D0550120CC55012038B5044608680D46E8
:10F6A0000DF090FC50B9094B1B6800202A68C4E992
:10F6B00000531A60064B1B68A36038BD2028FCD19C
:10F6C000044B1B68002BF0D10920F6E7D055012030
:10F6D000CC550120C85501202DE9F84F1D460C6876
:10F6E00016464FEA042AC4F307230AF4E06A4AEAFA
:10F6F000030A1F4B0AEB050B1B680BF104029A422D
:10F700000746DDF828802DD80123F20093409D4262
:10F7100028D215B1B8F1000F27D03846FFF7BCFF4B
:10F720008146E0B924F47F4424F0C70444EA1B2452
:10F730004FEA0B2B7B681FFA8BFB44EA0B0443F860
:10F74000044B53442DB118462A46414603F0A8FF06
:10F750000346012E0CBF03F8015C23F8025C484607
:10F76000BDE8F88F4FF01D09F9E74FF02209F6E7E1
:10F77000CC55012038B50446054B00681D6840682B
:10F78000D4E901231146A8476368988838BD00BFB3
:10F790001860012010B5044C23781BB90DF058FBFC
:10F7A0000123237010BD00BF295C0120084A1368A3
:10F7B00033B94178436141F00101417010607047F5
:10F7C000197802789142FAD003F114025B69EFE7ED
:10F7D000D4550120044A0346106810B102789A42B9
:10F7E00000D170474069F8E7D4550120014B1868F3
:10F7F000704700BFD4550120094A5168C84390FAA8
:10F80000A0F048B1B0FA80F0042805DC0123834061
:10F810000B43536040B270474FF0FF30704700BF5A
:10F82000005601200021034B28220348C3E90011A0
:10F8300003F02EBF00560120D855012038B50546EB
:10F84000FFF7DAFF04460448294600EBC4000DF038
:10F8500029FC204638BD00BFD8550120C3B2042B77
:10F8600010B515D804230B4A03EBC003134453E827
:10F87000002F0A4343E80024002CF8D10122064956
:10F88000824051E8003F134341E800300028F8D19E
:10F8900010BD00BFD855012000560120F7B54FF02C
:10F8A000040C01260827184A1849194D106800B39E
:10F8B0000B7806FA03F420421DD0E04352E8004FD3
:10F8C000044042E8004EBEF1000FF7D117FB03C31E
:10F8D0002B4453E8000F43E800E4002CF9D10190D9
:10F8E00048B1087801AA0B4905EBC0000DF012FCE5
:10F8F000012003B0F0BD0B78506883422EBF002377
:10F900000133DBB20B70D1E7005601202A5C0120E5
:10F91000D855012078563412024B1868003818BFA9
:10F9200001207047005601202DE9F041164D064692
:10F930002B680C462BB10EF0F1FD2B6823B90EF0AD
:10F94000E8FD0020BDE8F0812B68D3E904870EF0C4
:10F95000E0FD58EA070315D056EA04030CD10B4D1D
:10F96000D5E9006456EA040306D1094B1B689847A1
:10F9700006460C46C5E900014645BC412CBF0120A6
:10F980000020DFE70120DDE718560120F84F0020B6
:10F9900010560120F7B54FF0FF34274605460E46B6
:10F9A0000EF0BCFD1A4B1B6883B90EF0B2FDB7F127
:10F9B000FF3F08BFB4F1FF3F04D054EA070315D15D
:10F9C000002427462046394603B0F0BD5969DA685D
:10F9D000019119695B685218019941F10001A24235
:10F9E00071EB070C3CBF14460F46DDE755EA0603F2
:10F9F00004D1084B1B68984705460E46AC4277EB8E
:10FA00000603DDD3651B67EB06062C463746D9E7B0
:10FA100018560120105601202DE9F74FDDF840A0BF
:10FA20000E46DDE90C7815469DF83CB008B101683A
:10FA300091B9BAF1000F07D029463046D04740F2BD
:10FA4000034003B0BDE8F08F002DF8D0002EF6DBA8
:10FA5000284604F067FCF2E701900EF05FFD814656
:10FA60005846EBF757F8044648460EF052FD019A07
:10FA70009CB9BAF1000F08D029463046D047032080
:10FA80003146EAF7D1FF1A20DBE7002DF7D0002E30
:10FA9000F5DB284604F046FCF1E70E9BC4E9067846
:10FAA000E3600023636057EA0803A66025622260D2
:10FAB00084F824B0C4F828A001D10E9B33B1184BB0
:10FAC0001B689847C019074648EB01080EF026FD51
:10FAD000002205461349C4E904780B682BB1D3E929
:10FAE00004AB574578EB0B0011D2A2B90B680C6040
:10FAF00063600D4B1C682CB1094B1B689847FFF7DE
:10FB000049FFA04728460EF004FD002099E75868F9
:10FB10001A460346E2E7536863605460E9E700BFB2
:10FB20001056012018560120085601202DE9F74FE4
:10FB30004FF0000881460D4692461E460EF0EEFC40
:10FB40004746DFF874B00190DBF8004084B9B8F1A3
:10FB5000000F07D0174B1C6824B100200021FFF7CD
:10FB600019FFA047019803B0BDE8F04F0EF0D1BCDB
:10FB700022684A4511D12DB1A268296822F00042BD
:10FB80008A420AD126B9626857B9CBF8002008E04A
:10FB90005146206AB0470028F5D027466468D5E76B
:10FBA0007A60D4F8048020460DF028FA44464FF0DD
:10FBB0000108CBE70856012018560120014B1860B8
:10FBC000704700BF0856012070B50E46094904462B
:10FBD0000846154601F0D9F80023074A3021136082
:10FBE000064A05201660064A15602246BDE87040A8
:10FBF000EAF72ABF64460308185601201056012070
:10FC00000C56012070B50446164618460022002303
:10FC100086B0CDE904230B4B0D461B6813B9212098
:10FC200006B070BD04A998470028F8D1DDE9042387
:10FC30000290CDE900232946324620460DF018FAFD
:10FC4000EEE700BF0C560120F8B5054610200F4620
:10FC50001646EAF79FFF044601461022074801F0C6
:10FC600099F844B101230020E3602B68C4E90176D0
:10FC700023602C60F8BD1A20FCE700BF644603082F
:10FC800000200021014BC3E900017047F84F00201C
:10FC90002DE9F04706460D464FF0000850EA0103F3
:10FCA00018BF2C4BDFF8B89018BFC3E900012A4FEA
:10FCB00030462946FFF738FEC0B9B8F1000F47D0EB
:10FCC0000EF02CFC002104460020FFF763FEB1F18A
:10FCD000FF3F08BFB0F1FF3F03D0204B1B6803B1CB
:10FCE00098472046BDE8F0470EF013BC0EF016FC16
:10FCF000D9F800408CB16368C9F800300EF009FCF7
:10FD0000A3683C6033F000430BD138680DF076F9FE
:10FD100000234FF001083B60CAE70EF0FAFB3C609D
:10FD2000C6E72368002BF0D018680028EDD0A26841
:10FD300032F00043E9D0D0E9008A236A2168806864
:10FD4000D0470028E1D1B8F1000FDED04046EEE701
:10FD5000BDE8F087F84F0020145601200856012016
:10FD600018560120F8B504460D460EF0D7FB094B96
:10FD70001B684BB1D3E90667C4E90067DB682B60F9
:10FD8000BDE8F8400EF0C5BB00260027C4E90067B7
:10FD9000F5E700BF1456012010B5064C237823B9AF
:10FDA000E6F7FCF918B901232370002010BD40F2DA
:10FDB0000740FBE72B5C012038B50B4B04461B7852
:10FDC0000D464BB12146284602F0AFFC002840F218
:10FDD000074008BF002038BD04490548FFF7DCFF95
:10FDE0000028EFD0F7E700BF2B5C0120EFBEADDEAF
:10FDF000BEBAFECA73B5144D144C2A68236802F0CB
:10FE0000400103F002030B431BD093064CBF0126B5
:10FE1000A67AF2F77DFF0196837983F00803C3F396
:10FE2000C0030093E388A288217A607A00F08CF8FE
:10FE300040B9236823F0020323602B6823F04003BA
:10FE40002B60002002B070BD9C5101201C56012087
:10FE500001210020054BA3F10802C3E9000043F88B
:10FE6000081C4FF010135172536070472456012044
:10FE7000014B187B704700BF1C560120024BD87AFB
:10FE8000003818BF012070471C56012070B51F4D67
:10FE90002B68590707D50021084600F07BF82B682E
:10FEA00023F004032B601A4E2B68326803F008031A
:10FEB00002F00202134310D0F2F72AFF83791A07E7
:10FEC0001FD5F4F77FF80446C8B92B6823F0080360
:10FED0002B60336823F002033360FFF78BFF044687
:10FEE00068B9EB7A5BB12B685B0708D4012108463F
:10FEF00000F050F840B92B6843F004032B60204613
:10FF000070BDF4F743F8DEE70446F8E71C5601201D
:10FF10009C510120032805D10A4A136843F00803C5
:10FF2000136008E0012808D1064BDA7A42B11A685A
:10FF300042F008021A60FFF7A9BF10F0FD0FEBD0E6
:10FF4000002070471C560120F8B507460E4642F2C5
:10FF50004100082115461C460AF0DCFB9DF81830CC
:10FF60004771C3709DF81C3086710371A0F807506B
:10FF7000A0F809400648EBF7C1FF0AF0F9FB407909
:10FF800020B10AF0F5FB407940F48050F8BD00BF85
:10FF900001C0000838B505460C4642F24200062171
:10FFA0000AF0B8FB0023C57043718371C3710372FB
:10FFB00004710648EBF7A2FF0AF0DAFB407920B1A2
:10FFC0000AF0D6FB407940F4805038BD69C0000883
:10FFD00007B5064803F050FE042101900DEB010027
:10FFE00003F033FF019803B05DF804FB2C560120A9
:10FFF000F7B5186810F0020003D0164E316811B939
:020000040802F0
:10000000012003B0F0BD0024042223460DEB0200C2
:10001000019403F002FEBDF80630DB0702D4FFF7BF
:10002000D7FF044600250C4F57F8043B23B1214667
:10003000BDF80400984748B13368002BE0D0074B67
:10004000022193F90000FFF709FCD9E70135062DDD
:10005000EAD1F1E72C560120305601202C5C01201A
:1000600010B50948FFF7EAFB0024084B084918704F
:1000700020200C60EAF7B0FB064BC3E90044C3E95B
:100080000244C3E9044410BD1C6001202C5C012023
:100090002C56012030560120704708B5EAF7D8FEEB
:1000A000BDE80840EAF71ABFF8F768BAF8F714B9DC
:1000B000002303600E20704770470F207047FEE753
:1000C00000239A4200D1704710B550F8234041F800
:1000D000234001339A42F8D110BD002303607047DA
:1000E00003680B6001607047FEE7F8B50E461746DF
:1000F000044660B10EF012FA05463A4631462046F3
:10010000E3F7A6FB28460EF004FA0020F8BD2220F3
:10011000FCE7416C436910B5DA1CA1F11404B2FB91
:10012000F4F203EBC2000330B0FBF4F0B1F5805FF2
:1001300000F1010002D1012828BF0120013010BDCB
:1001400038B505460C46FFF7E4FF6B6CA3F11402CB
:10015000B3F5805F02FB00F005D140F6E8736969F2
:10016000994288BFCC30E31DB3FBF2F3013304EBBB
:10017000C304204438BD38B5054644692146FFF71D
:10018000DFFF6A6CE31D143AB3FBF2F3013304EBB7
:10019000C304204438BD73B506460D460024F36BF6
:1001A00001225B6901A928199847019B013309D1F4
:1001B000736C043462196A405B421A42EFD02046E5
:1001C00002B070BD0024FAE770B505460C46E1F7B1
:1001D0009DFEEB6B2046BDE87040DB68184770B5AC
:1001E0000025044686B00562E369AB4202D8206A66
:1001F00006B070BD666C2068E36B05225B6901A9DF
:1002000006FB0500984701A800F080FC00F0A3FC65
:1002100010B1236A013323620135E5E738B504469E
:10022000456C006804F1400305FB0101E06B00F040
:100230009FFC05462046FFF7D2FF284638BD2DE932
:10024000F04700254FF0FF384FF6FF730446C146D4
:100250002F46C0E9085386B0E369BB420DD8A5EB31
:100260000805012D06D94FF6FF7300256362E36987
:10027000AB4226D806B0BDE8F0872368E26B606C1D
:10028000566900FB0730052201A9B04701A800F01C
:100290003DFC824601A800F010FC0646504600F0E6
:1002A0005AFC60B1B14588BF6762B04528BFB0460F
:1002B000B54238BF3546B146236A01332362013760
:1002C000CAE7666C2068E36B052206FB05005B69E4
:1002D00001A9984701A800F0F0FB0135C7E7F0B588
:1002E0000546002687B0EC69013CB44203D80C46B1
:1002F000204607B0F0BD01B14C1E6F6C2868EB6B57
:1003000005225B6901A907FB0400984701A800F0DA
:10031000FDFB00F020FC0028EAD121460136E2E78F
:10032000F0B504460D46466CE36B006887B00522C5
:100330005B6901A906FB0500984701A800F0E6FBF0
:1003400000F009FC20B101A800F0B7FB07B0F0BD38
:1003500029462046FFF7C3FF0646676C2068E36B1B
:1003600005225B6901A907FB0600984701A800F078
:10037000A4FB431CEAD0B54238BF0130E6E72DE9C3
:10038000F0434FF6FF79D0F8248004460E46C84566
:1003900014BF45460025002787B0E369BB4202D859
:1003A00007B0BDE8F083E26B2368606CD2F814C03C
:1003B00000FB0530052201A9E04701A800F0A6FBDB
:1003C000022806D0C8450CD1721C29462046FFF7EA
:1003D00025FFE3690135B5FBF3F2013703FB125545
:1003E000DBE729462046FFF79BFFB0F1FF3F14BF34
:1003F000024632460132E8E70368F0B5CC1A436C96
:100400000646B4FBF3F4002587B0F36937685A1E3B
:100410009542706C08D3706C336800FB043007B0F1
:10042000BDE8F04000F0A2BB0134B4FBF3F203FBE3
:100430001244F36B05225B6901A900FB0470984725
:1004400001A800F063FB00F086FB0028E3D1013532
:10045000DBE710B423F0030422449B070A44436CF7
:1004600018BF04325B4282EA0104234203D05DF8E4
:10047000044BFFF7C1BF10465DF8044B70472DE9F0
:10048000F041D0E90A369E42044686B028D11422B3
:10049000C369456802FB1355284606B0BDE8F081E4
:1004A0002068676C331AB3FBF7F3E26B07FB0300BA
:1004B000D2F8148001A90522C04701A800F026FB4C
:1004C000012804D0636C1D44013B3340ED1A3146D2
:1004D0002046FFF791FF0646A36AB342E0D1DBE76F
:1004E0000025F9E708B508301346D1E90012E1F715
:1004F00093FC012008BD13B50C4600212176009322
:10050000616813462246E0F737FA18B1E37D03B17C
:10051000A07EA075A07D02B010BD73B5164600F197
:1005200008050C46284609680DF1070200F0A1F9FC
:10053000032E06D16368834203D12846216800F068
:100540007FF9012002B070BDD01E009B42424241A3
:10055000187E824211D11A688A420ED85A688A429D
:100560000BD35A6901325A61D3E9030282423FBF79
:10057000986840F8221001321A610120704710B5C6
:10058000032A029C07D1A26A5340626C5242134272
:1005900001D100F055F9012010BD08B5C368002055
:1005A0009847BDE80840E1F7B9BC012814BF042012
:1005B000022070B5002442431C70CC7D101D02F057
:1005C00002024CB91AB1012220F003001A7000F1A6
:1005D00008034868184470BD1AB1012220F00300D6
:1005E0001A7000230C7E01F12005DAB2944201D882
:1005F0000020F0E735F833205E1C824206D901EB7B
:10060000C30300F10802D8691044E4E73346801AB6
:10061000EBE773B5054690F842601C4630460DF195
:100620000303FFF7C2FFEB6B012E5B690DD132466E
:1006300001A998479DF8033013B1BDF80630019326
:10064000BDF80430236002B070BD0122214602B023
:10065000BDE870401847F0B5054600244868EB6BCC
:1006600087B00E4601225B69029402A908309847C0
:10067000274695F84230012B40F08480632C02D944
:10068000029807B0F0BD612C08D805AB2246314670
:100690002846FFF7BEFF9DF814301BB305AB22467A
:1006A000314628468DF81070FFF7B3FF95F84230B9
:1006B000012B059B55D14FF6FF72934200F09680B7
:1006C000082205A904A800F06DFA059B9DF81010FA
:1006D000C3F30722914240F08980DBB2029A1A44A8
:1006E000029283E095F84230012B30D12246314608
:1006F000284603ABFFF78DFF3146284604AB621C4A
:10070000FFF787FF3146284605ABA21CFFF781FFA4
:10071000102208230DEB02010DF107008DF80730C0
:1007200000F040FA102205A90DF1070000F03AFA96
:10073000039BDAB2002A52D19DF80720B2EB132FA7
:100740004DD1DDE9043203EB0243029347E0302C44
:100750002BD944E09DF80720B2EB134F3FD1049B07
:10076000F3E7013342D0102205A90DEB020000F09F
:1007700019FA059B9DF81010C3F30742914235D139
:100780009BB2ABE7312C3FF67BAF87D005AB22465F
:1007900031462846FFF73DFFBDF81430002B7FF4AB
:1007A0007DAF95F84230012BA0D022463146284635
:1007B00003ABFFF72EFF3146284604AB621CFFF760
:1007C00028FF102320220DEB03010DF107008DF807
:1007D000073000F0E7F9039B9AB2002ABAD095F8E7
:1007E0004230012B14BF012302231C44013440E793
:1007F00013B500240194049C0094E0F75DFD02B061
:1008000010BD13B501240194049C0094E0F754FD3D
:1008100002B010BD00234FF0FF3230B544689C4257
:1008200002D10023037230BD016801EBC30541F81A
:1008300033206A600133F2E7C0E90012FFF7EABF34
:100840000023F0B545689D4210D00468DF0054F8DD
:10085000332004EBC306B2F1FF3F08D0C2F313020A
:10086000914204D14FF0FF33E3517360F0BD013387
:10087000E9E70023F0B545689D4202D14FF0FF3013
:100880000EE00468DE0054F83340671C09D0C4F35E
:100890001307B94205D1240D147003683344586816
:1008A000F0BD0133E8E7704770B594002246054675
:1008B0000E460EF0C5F8431C0AD058B92246314600
:1008C000284602F0BBFE002814BF3D20002070BD6A
:1008D0006E20FCE77120FAE713B5044601A8E2F7A1
:1008E0002DFFBDF8063023804FF480736380E2F75C
:1008F00041FF6060002002B010BDE2F7D7BE08B52E
:10090000E2F7C4FE002008BD10B5044644EA010326
:1009100013F00303084609D1934201D1002010BD12
:1009200054F8231040F823100133F5E721469200D4
:1009300002F0B6FEF2E710B504460EF07DF8431C57
:1009400010D088B9E2F716FF234620F003002044B8
:10095000984201D1002010BD53F8042B0132F7D08A
:100960003E20F8E76E20F6E77120F4E70A460139E9
:100970000144E3F7FFBB13B50023044601461B22E5
:100980000DF107008DF8073000F00CF922689DF892
:100990000730B3EBD26F0CBF0120002002B010BDB6
:1009A00013B500230446014620220DF107008DF8FF
:1009B000073000F0F7F80DF107001A22211D00F0B2
:1009C000F1F862689DF80730B3EB926F0CBF01201D
:1009D000002002B010BD0068431C584258417047C7
:1009E000006810F07E0F0CBFC0F3C160002070479C
:1009F0000068C0F3D3107047006800F07F00012842
:100A00008CBF002001207047036813F07E0F14BFD5
:100A1000042008207047036813F07E0F03D140685C
:100A200020F07C40704713F078001CBF03F07F0378
:100A3000D81F7047006800F07F007047032809D076
:100A4000022803D1C1F10201C8B2704700290CBFCE
:100A500007200020704737B5054601F10C044369B3
:100A60006946012220469847BDF8003001220193D3
:100A70002046AB6901A9984703B030BD37B501F1F5
:100A80000C044369012269460546204698474FF603
:100A9000FF72009B99B291420DD11B0C1B0443F4D1
:100AA000254343F0A503019301222046AB6901A928
:100AB000984703B030BD0020FBE737B5044600255A
:100AC0001B22011D0DF107008DF8075000F06AF898
:100AD00060689DF80720B2EBD06F03D120F078401A
:100AE00003B030BD0DF107001B2204F108018DF8A1
:100AF000075000F057F8A0689DF80730B3EBD06FAF
:100B000001D1C043EAE74FF0FF30E9E74BF29A2208
:100B1000036810B5B2EB134F044613D19BB2012BFF
:100B200013D1FFF7CAFF01300CD04FF6FF72E06817
:100B3000B2EB104F4FEA104309D180B2C01A18BF70
:100B4000012010BD2368013303D00420F9E70220FF
:100B5000F7E70320F5E701288CBF0020012070474C
:100B6000033801288CBF00200120704714307047E3
:100B70002DE9F04105469846036908460E4617469A
:100B80009847044638B943463A4631462846E1F785
:100B900035FA044618B131462846FFF75CFF204677
:100BA000BDE8F0811F2A0B689EBF4FF0FF319140D6
:100BB0008B43590801F055315B1A03F033319B0820
:100BC00003F033330B44017803EB13130A444FF063
:100BD000013103F00F334B43A2EB136202707047F5
:100BE00070B5054614460E460DF08FFC2B685C4030
:100BF00034405C402C60BDE870400DF081BC08B50D
:100C00000CF0FAFABDE808400021E1F76FBD0029B9
:100C1000CCBF01210021E1F769BD02214FF4207012
:100C2000E2F79CB97047704770477047704770B5DE
:100C3000054614460E460DF068FC2B685C403440B7
:100C40005C402C60BDE870400DF05ABC0346142B8C
:100C500008460AD00ED8012B0CD0122B0AD101293C
:100C600007D0042908BF01207047022901D00529B7
:100C7000F8E7002070473AB122F0030202F1A042E7
:100C800002F5603209B9106070470002FBE738B521
:100C90000546144621B94FF42070E1F769FD01467D
:100CA00001396400B1FBF4F10902E96138BD38B5DE
:100CB0000D46E2F78BFD012200F580535A602B8A26
:100CC000826843F001031343AA7B044643EA82236C
:100CD000836083682A7D43EA42738360AB7C13B1EF
:100CE000E97CE2F751FDD5E901122B7B204643F464
:100CF0008053E360FFF7CBFF6B7B0BB11023636185
:100D00006B7D1BB1A36843F48033A360AB7D1BB143
:100D1000A36843F40043A360EB7D2A7E1B07120502
:100D200003F0E04302F4E0021343A3652B78636110
:100D300038BD83695A06FCD5C16383699B06FCD51F
:100D4000406AC0B2704770B5054614460E460DF0B5
:100D5000DCFB2B685C4034405C402C60BDE870409C
:100D60000DF0CEBB704700F005B809B1E2F73ABE0E
:100D70002220704700207047E2F782BEE3F76EB88A
:100D8000E3F7A8B840B2E3F7D7B80E2070470E20BB
:100D90007047704770477047F8B50C468D18073597
:100DA00052421540A5F108070646384600F0B5FB4B
:100DB000A0883B1B618800EBE30080B2A1EBE3015C
:100DC00025F8040C25F8061CA188DA10D1B1A4EB93
:100DD000C101B1F802C0C88002EB0C004880E18874
:100DE000B9B18A1A92B204EBC10125F8022C8A80AB
:100DF000A2888AB9B2681344F268B360934288BF8C
:100E0000F3600EE015F8081C41F0020105F8081C1B
:100E1000E5E725F8021CEBE7A4EBC2042278D20731
:100E2000E8D43846F8BD2DE9F04F17464FF00008DA
:100E300087B07A1C109A054614BF3C460824CDF8AA
:100E40001480002A00F0CB80C2F80080002900F056
:100E5000C88042688A4240F2C480073103F0010929
:100E600021F007060DF05AFB05AACDE90082824663
:100E70003A464B463146284600F053FB059F8346D1
:100E800007B130B950460DF044FB192007B0BDE85A
:100E9000F08FB7F8028029694FEAC802C0EBC80892
:100EA0000139B8F1270F29617ED9B9F1000F55D169
:100EB000864206F108084CD0224639462846FFF7FC
:100EC0006BFF04460590059B9844404600F025FBC7
:100ED000059906F10F004A88C308A2EBD002A8F8D2
:100EE0000220CA88A8F80430002A34D0D31A9BB252
:100EF00001EBC202A8F8063093808B88F608A38025
:100F0000B8F804303A46E38041460023284666801C
:100F100000F074FBAB68EA6808339342AB6088BFAB
:100F2000EB60237843F0010323702B6901332B61BD
:100F30006288AB68504603EBC203EA68AB60934239
:100F400088BFEB600DF0E5FA109B083400201C60B0
:100F50009CE73C46B7E7A8F80620CEE707EB080475
:100F60002046039200F0D9FA0BF10703DB0805993C
:100F7000638008F10703DB08A380CB8893B1DB0013
:100F8000039AD81D821A5A44C2F3CF020B44E2805E
:100F90009A80A38808F1FF384FEAD808A1F80280A8
:100FA000CB80B7E7E380F4E7B9F1000F1BD007F17E
:100FB0000803B3FBF4F204FB1233B3B12246394603
:100FC0002846FFF7E9FE044623783A4643F001033A
:100FD000237021460123284600F010FBA8E72220B9
:100FE00054E7212052E78642E8D13C46ECE707B5BA
:100FF00000224FF0FF3101AB0192E3F70FF80198A7
:1010000003B05DF804FB07B5009313464FF0FF32C1
:10101000FFF709FF03B05DF804FB2DE9F04F0C4624
:1010200085B0002900F0EA8008460CF0EDF905468D
:10103000D0E905680DF072FA14F808EC34F806CC23
:101040001EF0010F019002D0BCF1000F06D10198F3
:101050000DF05FFA012005B0BDE8F08FA968D5F862
:1010600010B034F8049CA1EBCC010BF10103A4F106
:1010700008070CF10102A9602B61B9F1000F43D000
:101080004FEAC9030293A7EBC903D888B3F802A0BB
:10109000039018780EF0020EC00725D4BEF1000FA1
:1010A00025D10398A0EB0A0EBEF1010F2CD10CF153
:1010B000020208395244C5F810B0A96034F802ECB5
:1010C000BEF1000F22D114F8081C24F806EC6EF3D0
:1010D000000104F8081C013A5A801A786EF30002E5
:1010E0001A700022DA8045E0BEF1000F0CD00298A1
:1010F0004A44091AA96014F8081C6FF3410104F866
:10110000081C00219980D9E73B46D7E707EBCE0AB8
:10111000D5E9001001EB0009CA450ED314F8081CEC
:10112000013A6FF3000104F8081C002124F8061CA2
:101130005A801A7861F30002D2E717F83E705146E0
:1011400017F001072FD014F8087C013A6FF300075D
:1011500004F8087C002792B224F8067C5A801A789A
:1011600067F300021A70C3F107020A44C2F3CF0208
:10117000DA808A80002E3FD0B3423DD37288002AA5
:1011800008BF1E46B8F1000F06D0434504D8B8F892
:101190000220002A18BF43460198C5E905630DF0F7
:1011A000B8F9002057E7AEEB0C0EBEF1010FCAD123
:1011B000BAF802C0AAF802709444BAF80620CAB17C
:1011C0000AEBC20100272A69013A2A61AA68083A93
:1011D000AA6014F8082C24F8067C6FF3000204F8C7
:1011E000082C1A78A3F802C067F300021A700029CD
:1011F000B9D176E71146E5E71E46C3E722202AE784
:1012000001460020FFF709BFFFF7FABF70B5049E43
:1012100015461A4696B1002333608DB181B14D4316
:1012200033462946FFF7EFFE044628B9306818B167
:101230002A46214602F02CFA204670BD2224FBE704
:101240002124F9E707B5002201AB0192E2F7FCFE89
:10125000019803B05DF804FB2DE9F74F06460D46F3
:1012600014469B46002B00F040810023CBF8003051
:101270004368934240F23B8149B9002A00F037812C
:101280005A46204603B0BDE8F04FE2F7D5BE2AB972
:10129000084603B0BDE8F04FFFF7B2BF0DF03EF9CE
:1012A00035F8067C07344FEAC70924F00704A14546
:1012B0008046A5F1080180F0968035F8023C002BAD
:1012C00070D0DA1B012A6DD101EBC30A11F833305B
:1012D000D80767D4BAF80220A9EB040313EBC203C2
:1012E00060D41F2B3CDD2F19C4F3CF0425F8064C26
:1012F0000134384625F8024C009300F00EF935F819
:10130000022C009BBA80BAF80620DB087B802AB347
:10131000BAF80210511A11FA83F39BB20AEBC20217
:10132000FB809380524600233946304600F066F930
:10133000504600F0F2F8002235F8061CB368CBF8EE
:10134000005003EBC103F168A3EB09038B42B360C8
:1013500047D8002A40D0083BB3603DE0FA80E1E77F
:1013600033690137013B3361BAF80630174425F879
:10137000067CA3B1BAF802209A1A12FA87F7BFB214
:101380000AEBC30325F8027C9F80524601233046B6
:1013900000F034F9504600F0C0F80122CCE725F8FF
:1013A000023CF2E720465A460021E2F745FE044699
:1013B00030B140460DF0ADF8204603B0BDE8F08FE7
:1013C0004A462946DBF8000002F06AF92846FFF792
:1013D00017FF04460028ECD140460DF09AF800248F
:1013E000EAE7F360B5E77DD935F8022CA9EB040AEA
:1013F000531EDB1B002A37D001EBC20711F8322045
:10140000D20732D48BBBC4F3CF03291925F8063C8D
:101410000133084625F8023C009100F07EF800995F
:1014200035F8022C7B888A80FA8803EBDA034B803C
:10143000BAB17888101A10FA83F39BB207EBC20294
:10144000CB80938000233A46304600F0D7F83846E8
:1014500000F063F8B368CBF800502344A3EB090312
:101460007AE70023CB80EDE71746BAF1270F39D989
:10147000C4F3CF02291925F8062C0132084625F8B5
:10148000022C009101930AF1FF3A00F046F800990E
:1014900035F8022C4FEADA0AA1F802A08A80FFB1DF
:1014A000019B013313FA8AFA1FFA8AFAA1F806A0FF
:1014B000A7F804A0336930460133336100231A468C
:1014C00000F09CF8B368CBF80050E2180832F368DB
:1014D000A2EB09029A42B2607FF67EAFF2607BE730
:1014E000CF80E7E7CBF8005076E7222464E7212499
:1014F00062E7002307B501AA0193E2F7B3FD019863
:1015000003B05DF804FB0846FFF771BD0846FFF71E
:101510007BBE08461146FFF7ECBF00230360436023
:101520007047F0B5D0E90540551C08BF0822002BD4
:101530004FF0000518BF0446DDF818C0CCF8005085
:10154000002C37D09DF814706588FF0007EBC505A7
:10155000C2F1000E2078C00708D51BBBE088A0B1FF
:1015600004EBC004658807EBC505F3E78D42F4D3AF
:1015700063B904F10806B6FBF2F002FB10667018BE
:101580000EB1A842EAD8CCF80040F0BD082A0FD02E
:101590006088013004EBC000461A06EA0E06801B84
:1015A0008542F0D2A0880028EFD0A4EBC004D9E790
:1015B0000846E8E72046E8E7034610461A69DAB12C
:1015C00008B921B918680378DB0702D47047986915
:1015D000F9E739B9C3887BB100EBC3000378DA07B8
:1015E000F8D47047012907D183882BB1A0EBC30041
:1015F0000378DB07F8D47047002070472DE9F041ED
:10160000D0E90545074688461646F3B194420FD007
:1016100042B1954215D1424601213846FFF7CCFF31
:1016200005460EE00A463146FFF7C6FF0446F2E7DC
:101630000A460021FFF7C0FFB5420446EBD0002E5A
:10164000E9D0C7E90545BDE8F081944208D08C4255
:1016500028BF0C46B54205D0454538BF4546F0E7A2
:101660000C46F7E74546ECE738B51C46C3E90001F0
:101670000023C4E90500C4E90233236122776362D1
:10168000FFF74BFF23690139C9080133418023610A
:10169000A368E268083393424FF00000A36088BF5C
:1016A000E36038BD08B5E2F7DDFD08BD002307B5EE
:1016B000684600938DF80430E1F752FE03B05DF800
:1016C00004FB10B50CF021FF04460BF0D5FE2046BC
:1016D000BDE810400CF014BF4FF4C870E2F74ABEEA
:1016E00070477047704708B501F067FF01F074FF5D
:1016F00001F074FFFFF7F6FF01F083FFBDE808403B
:1017000001F08ABF08B5E2F771FCFFF72BFBFFF78A
:10171000E7FFE2F725FCE2F7E3FAFFF72DFBE2F73C
:1017200019FFE2F7C9FDE2F7C3FCFFF7DAFF00F0AB
:1017300007F801F04FFFBDE80840FFF7D4BF70473E
:1017400008B501F035FF01F034FF01F033FF01F07F
:1017500033FFFFF7F4FF08BD08B501F05EFF01F0AD
:101760005DFF01F05CFFBDE8084001F05ABF00F0EA
:1017700000B807B513200DF10601FFF7F6FABDF822
:10178000060003B05DF804FB10B504460A210AF018
:1017900014FF4FF4E16120460AF011FF002010BD54
:1017A000FF207047F7F784BC0BF00CB801F0B1BA1A
:1017B000012070470020704770B506460D4614465C
:1017C0008CB0CAB11022002108A801F061FF0022EC
:1017D00007AB029305AB019306AB00933046294655
:1017E00008ABCDE90522E3F763F818B9099B6360FC
:1017F000059B23600CB070BD6FF08600FAE708B55A
:1018000001F087FA002814BF6FF09200002008BD95
:10181000FFF7F5BFF0B51C4600238BB023600F46E1
:10182000164601F076FA70B968460DF086F805465E
:1018300048B9324639466846E5F7ACF810B9266033
:101840000BB0F0BD25606FF09200F9E720F00803BF
:10185000102B05D0202814BF6FF0860000207047A1
:101860000020704720F0FF03B3F5824F06D14138C6
:10187000C0B2012894BF00200120704700207047AB
:1018800010B50024436814601B0A04D0012B0AD051
:101890006FF0850010BD0088FFF7E4FF00B1013153
:1018A00000201160F6E72C31FAE7406810B5000A15
:1018B000029C04D0012807D06FF08B0010BD93422A
:1018C00009D96FF08C00F9E703F12C009042F8D8A9
:1018D000103103F11C020020C4E90412EEE7F0B558
:1018E0000B46C168044601298DB002D000200DB01E
:1018F000F0BD2B2A02D86FF08900F8E713F0030738
:101900001A460DD001AD03F1280C2E46106851681F
:10191000083203C662453546F7D1106801AA306027
:10192000012111800021518021685160616891601E
:10193000A168D160002FD9D001AA15460BAE14467C
:1019400003CCB44218605960224603F10803F6D173
:101950002068186000231A46EA5401332C2BFBD16F
:10196000C4E72DE9F0470F4692469946054694B0E4
:1019700078B171B16AB14288D31D072B4FEAD30801
:101980005BD0038803F4E043B3F5805F04D15307D1
:1019900008D06FF0860427E0B3F5005FF7D0B3F509
:1019A000804F4AD002AE20220021304601F070FE66
:1019B000324641462846E3F789FB0446A0B9434630
:1019C0005246394628460096FFF76FFF044658B93D
:1019D000282201460DEB020001F05AFE0AA80CF085
:1019E000ACFF28B16FF09204204614B0BDE8F08738
:1019F00031460AA801F064FB58B1482814BF6FF0C3
:101A000092046FF085040AA801F085F90028EBD054
:101A1000E8E76B681B0A012B06D04A464146284678
:101A2000FFF72EFF0446EEE7524639463046FFF7F1
:101A300056FF04460028F0D0E5E76FF08504D3E7B1
:101A40002DE9F0439DB00D46DDE9248916461F4679
:101A50000446002868D0002966D0002A64D0002BF4
:101A600062D0B8F1000F5FD0B9F1000F5CD0202236
:101A7000002102A801F00CFE20463246294602ABA6
:101A8000E3F7A2FB0446F8B90AAD02AE0FCE0FC5CC
:101A900096E80F0085E80F000C9A7B1C22F08072FC
:101AA0000E9322F4804208F1020323F0030342F470
:101AB000005201A90AA80D940F930C92019401F011
:101AC0005AF928B16FF0920420461DB0BDE8F083AA
:101AD000019B01334345019329D82822214612A8AE
:101AE00001F0D6FD12A80CF028FF0028EAD10AAABE
:101AF00002A912A8E5F782F8012812D058B14828A7
:101B000014BF6FF092046FF0850412A801F003F97E
:101B10000028D9D0D6E704233B70019BC9F80030D8
:101B2000F3E76FF08B04F0E76FF08604CCE76FF01B
:101B30008904C9E7FFF715BFFFF782BF2DE9F04F12
:101B40009FB01546DDE928AB0F46994606462A9A0E
:101B5000002800F09F80002B00F09C80BAF1000F5D
:101B600000F09880002900F09580002D00F0928010
:101B7000BBF1000F00F08E80002A00F08B80002364
:101B8000B0F80080CBF8003008F44F41EB00B1F51D
:101B9000824F13605FD15FFA88F112290ED128F0CD
:101BA000FF01B1F5824F02BF083B5B081360136869
:101BB000B3F5047F04BF40F20923136000232A46D3
:101BC00003933946304603ABE3F7CAF904460028CD
:101BD0003DD1039C40460734E408FFF743FE08B1BB
:101BE000013D01370DF110082022002140460394E9
:101BF00001F04EFD214642463046E3F767FA0446BF
:101C000028BBC6460DF1300CBEE80F00ACE80F0053
:101C10009EE80F008CE80F00EB1C214623F0030325
:101C2000282214A8CDE90F47119301F031FD2B466E
:101C3000524649463046CDF80080FFF736FE04464E
:101C400028B914A80CF079FE38B16FF09204204640
:101C50001FB0BDE8F08F2C46C4E742460CA914A87B
:101C600001F0A3FA98B9524649464046FFF737FEBD
:101C700004460028EBD15A4629463046FFF700FEBD
:101C8000044614A801F047F80028E0D0DDE76FF023
:101C90009204F6E76FF08604D9E72DE9F0479CB08F
:101CA0000C46DDE9249A15461F468046002866D07A
:101CB000002964D0002A62D0002B60D0B9F1000F57
:101CC0005DD0BAF1000F5AD08368DB075AD52022C5
:101CD000002102A801F0DCFC21462A46404602AB66
:101CE000E3F772FA044638BB0AAD02AE0FCE0FC559
:101CF00096E80F0085E80F0001A90AA8B8F800507F
:101D0000019401F038F801462846FFF7ABFD0128A1
:101D100004BF042307F8013B4FF0000308BF09F19B
:101D2000FF39CDE90D3709F1030323F0030305461D
:101D30000F9329B16FF0920420461CB0BDE8F087E4
:101D4000019B4B4521D8282212A801F0A1FC12A822
:101D50000CF0F3FD0028EDD10AAA02A912A801F0A7
:101D60006CFA48B9019B2B44CAF8003012A800F065
:101D7000D2FF0028E0D0DDE76FF09204F6E76FF0C5
:101D80008604D9E76FF08404D6E76FF08904D3E7BF
:101D900010B4048804F4E044B4F5805F06D0B4F5D0
:101DA000005F03D05DF8044BFFF7DBBD6FF08500EB
:101DB0005DF8044B704770B40488DDE9035604F401
:101DC000E044B4F5804F04D0CDE9035670BCFFF772
:101DD00037BE6FF0850070BC7047F8B51E460388AB
:101DE0000F4603F44F43B3F5824F154610D1089BBD
:101DF000E3F7B6F8044648B9069B9D420BD82A463D
:101E00003946304601F04CFC079B1D602046F8BD6A
:101E10006FF08504FAE76FF08904F7E7E2F784BF13
:101E2000F0B5044617461E460D468DB0D1B1C8B177
:101E30002022002104A801F02BFC3A462946204626
:101E400004ABE3F7C1F958B9169B31460293159BD1
:101E500004A80193149B0093DDE91223E3F7C2FA6F
:101E60000DB0F0BD6FF08600FAE7E3F7EBBB10B4FE
:101E700013460C46014640B104B932B9224601F17D
:101E800060005DF8044BE3F735BB6FF086005DF84A
:101E9000044B704713B50C46014650B14CB142B1EA
:101EA0003BB10093603013462246E3F769FB02B072
:101EB00010BD6FF08600FAE708B528B1982200211E
:101EC00001F0E6FB002008BD6FF08600FBE7E2F7BB
:101ED000ABBFE2F729BFF0B5044615461F460E46D4
:101EE0008DB019B96FF086000DB0F0BD0028F9D0A3
:101EF0002022002104A801F0CBFB2388CDE908654E
:101F0000B3F5105FEED16388C02B16D0B3F5807F98
:101F100015D0802B15D110208542CDE90400E1D3E6
:101F2000169B39460293159B04A80193149B0093BA
:101F3000DDE91223E3F756FAD6E71820ECE7202074
:101F4000EAE76FF08500CFE7F8B50E4614461D4668
:101F5000074600283DD0E1B302B9D3BB5C22002183
:101F6000384601F095FB31463846069AE3F79EFA6B
:101F7000A0B97288D208182ABA6510D0202A1BD0BE
:101F8000102A26D10F2D24D907F1380304F11002AD
:101F900054F8041B944243F8041BF9D1F8BD172DE3
:101FA00017D907F1380304F1180254F8041B9442BE
:101FB00043F8041BF9D1F1E71F2D0AD907F13803C3
:101FC00004F1200254F8041B944243F8041BF9D195
:101FD000E4E76FF08600E1E7FFF7B6BF70B50D46A6
:101FE0001646044688B098B101B98AB9002120226A
:101FF000684601F04DFB21466846E3F75FFB28B9D0
:1020000033462A4669462046E3F774FA08B070BDA5
:102010006FF08600FAE7F0B50D4616461F460446F7
:102020008BB0A8B1A1B19AB193B10021202202A82E
:1020300001F02EFB214602A8E3F740FB30B93346FE
:102040002A462046009702A9E3F79AFA0BB0F0BDA2
:102050006FF08600FAE708B528B15C22002101F094
:1020600017FB002008BD6FF08600FBE7E2F7DCBE3F
:1020700008B50CF0D5FB002008BD10B5044608B12A
:10208000E3F73EFB2046BDE81040FFF7BDB800F483
:10209000E040B0F5805F04D0A0F5005358425841AD
:1020A0007047012070472DE9F0411F4600F0FE43C4
:1020B00086B0B3F1106F1646DDE90CCEDDF838803E
:1020C0000BD120F01F6424F4702434B9D1E9082323
:1020D0004C68240A04D0012C0CD06FF0850006E077
:1020E000CDE903E8CDE9017C0096FFF7BFFF06B01C
:1020F000BDE8F081CDE903E8CDE9017C0096FFF76A
:10210000E6FEF4E73AB1002918BF00232121D21AD4
:10211000184401F0BDBA704738B5037904460D463E
:102120004BB9636900202B60237E012B0AD0286005
:102130006FF0960005E0D0E9081200F046FD002897
:10214000EFD038BD02232376FBE700232DE9F341CE
:102150004668D0F8148004460F4630461146136096
:1021600000F004FD054688B9304600F001FD054643
:1021700060B9F6B276B9B8F1000F05D1A06820F4C5
:102180007F4020F0030060B16FF08605284602B062
:10219000BDE8F0810146606900F0C0FC0028EDD187
:1021A000F2E74FF6F87362889A4219D894F80480DF
:1021B000B8F1000F00D101A83946E4F789F80546C7
:1021C0000028E3D10FCC3F683E460FC694E80300D9
:1021D00086E80300B8F1000FD8D1019B7B61D5E7F9
:1021E0006FF08505D2E741F2052398421AD8B0F581
:1021F000905F09D241F2010398420CD0B0F5885F9C
:1022000009D06FF0850070472923A0F5905080B267
:10221000C340DB07F5D511F0070F0CBF00206FF0AE
:1022200086007047B0F5105FEBD121F04003802BA2
:1022300006D0B1F5807F0CBF00206FF0860070479C
:102240000020704770B5046A05460E463CB901206F
:10225000FEF7F8FF286228B120466E6270BD6FF06D
:102260008A00FBE76FF08C00F8E7F8B50F461146DF
:1022700006461546FFF7E6FF044620B92A463946CA
:10228000306A01F00DFA2046F8BD2DE9F041089DB5
:1022900088461F46048802B32046FFF7F8FEE0B1E7
:1022A0002B680BB9D3002B6020462968FFF79BFFF2
:1022B000044678B9CE1DB2EBD60F11D1069B9A42D7
:1022C00011D84146384601F0EBF92B68079A0733DD
:1022D000DB0813602046BDE8F0816FF08504F9E764
:1022E0006FF08604F6E76FF08904F3E710B5044653
:1022F000006A10B1616AFFF7C0FE0020C4E908005F
:1023000010BD38B50546FFF7F1FF2B7E0446012BC3
:102310000ED0023B012B0ED8EB69012B18BF6FF0DA
:10232000960428220021284601F0B2F9204638BD43
:10233000EB69002BF2E76FF09604F2E713B5044661
:10234000C0B101A9E4F704F8044698B9019B1A7ECC
:10235000022A12D103221A761A79FF2A10D01AB152
:10236000586900F017FC0446019800F0E8FB0028CB
:1023700018BF0446204602B010BD6FF09604F3E784
:102380006FF08404F0E773B5054608460C4600F08C
:10239000C0FA002328461A4601A9E3F733FB50B9D7
:1023A000019E35460FCD0FC495E8030084E8030075
:1023B000304600F0D9FB02B070BD70B514460288FB
:1023C0001D461046049EFFF762FE68B944F2010301
:1023D00022F44050984207D002F44F42B2F5824FA7
:1023E00002D0B2F5844F0ED1B4420FD8224628460F
:1023F00001F056F90021321B281901F049F900209B
:10240000059B1C6070BD6FF08500FBE76FF08900D5
:10241000F8E7F0B50F461E46154685B04AB30023CF
:102420000122336003A9E3F7EDFA044658B9039893
:102430004368D0E908121B0A08D0012B13D000F022
:1024400093FB6FF08604204605B0F0BD3B46CDE916
:102450000056FFF7B2FF0446039800F085FB002CFE
:1024600008BF0446EFE73B46CDE90056FFF715FCF1
:10247000F1E76FF08904E6E770B514460288049D21
:1024800002F4E040B0F5804F1CD144F2010022F488
:102490004056864207D002F44F42B2F5824F02D036
:1024A000B2F5844F0ED1AC420FD81846224601F047
:1024B000F7F800212A1B204401F0EAF80020059BD0
:1024C0001C6070BD6FF08500FBE76FF08900F8E7D6
:1024D000F0B50F461E46154685B00AB3002303A982
:1024E0001A463360E3F78EFA044638B90398038836
:1024F0005B0406D400F038FB6FF08604204605B07C
:10250000F0BDCDE900563B46D0E9081200F0CEFA06
:102510000446039800F028FB002C08BF0446EDE7B2
:102520006FF08904EAE710B50446006868B1042832
:102530000CD005280FD06FF0860000232360A388FD
:1025400023F4FF7323F00103A38010BD04F10800FE
:10255000FFF781FDF1E704F10800FFF7ADFCECE7C0
:102560000123E3F7ABBC38B505462B68D3B112B9EC
:102570000024204638BD042B07D0052B0DD06FF06A
:1025800086042846FFF7CFFFF3E705F10800FFF7C1
:1025900025FD04460028EBD0F3E705F10800FFF71E
:1025A00066FCF6E76FF08804E3E72DE9F0410546A5
:1025B00000680E461746984648B36A79D20726D572
:1025C0002A7922B3BA4225D804280ED0052819D07A
:1025D0006FF086040023C8F800702B71EEB928460E
:1025E000FFF7A1FF2046BDE8F08105F10800FFF7E5
:1025F00012FD04460028EDD17EB92846BDE8F04121
:10260000FFF791BF05F10800FFF744FCF1E76FF019
:102610008804DFE76FF08904DCE721463A4630465C
:10262000D8F80030FFF76EFD2846FFF77CFF002C3E
:1026300008BF0446D6E71FB501240394089C029402
:10264000079C0194069C0094E3F70EFB04B010BDB8
:10265000036819430CBF0120002070472DE9F047A3
:1026600007469A46002386B0059307F0FE43B3F170
:10267000106F0846DDE90E589146109E0BD0002DD4
:1026800048D12846356000F06FFA6FF08604204686
:1026900006B0BDE8F0873B464FF4804205A9E3F75A
:1026A000B1F9044628B175BB3560059800F05CFAB5
:1026B000EDE705990B8823F0FF03B3F5E24F02D055
:1026C000B3F5E44F0CD14B880733B8EBD30F07D2E7
:1026D0001DBB0846356000F047FA6FF08904D6E765
:1026E00053464A463846CDE901860095FFF7DBFCA4
:1026F00004463DB90598356000F036FA002C08BF55
:102700000446C4E760B141462846E3F75DF9C6F8E0
:102710000080CAE76FF08604F5E76FF08904F2E7FE
:10272000059800F021FA0446B1E7E3F74DB908B582
:102730000088DDE90221FFF7AAFC20B1BDE80840CE
:102740001046E3F741B96FF0850008BD2DE9F04F61
:102750001E46002389B01746129ACDE9053313604F
:10276000438881460D46002B00F0D080038803F497
:10277000E043B3F5804F00F0C98031462846FFF7AB
:1027800067FF002800F0C280484606AA05A9FFF7A7
:10279000DCFC0446002840F08580059B5B6A9BB109
:1027A000DDF81490CA46D9F80430D9F820B01B0AD5
:1027B0005AF8248F7BD0012B00F0A1806FF08604A3
:1027C0000598FFF793FD6DE0D9F804301A0A62D13D
:1027D000B9F800A0B9F802105046FFF758FC80B1D4
:1027E0005046FFF700FD044600285BD10AF4E043A1
:1027F000B3F5805F02D0B3F5005F0AD10731CA0894
:1028000017E02AF0FF03B3F5E24F37D06FF08504ED
:1028100048E00AF44F43B3F5844FEFD047F2010389
:102820009A450FD149080131C90801EBC10101F1F5
:102830003B02079207990598FFF704FD044600281C
:10284000AED02FE044F201039A4503D1C90801F14B
:102850001002EEE747F202039A4505D1C90801EBE1
:10286000410101F15A02E4E744F202039A4505D11D
:10287000C90801EB410101F14A02DAE72AF0FF0041
:10288000B0F5E24FBAD0B0F5824F01BFCC1DE408DD
:102890006400621CCDE7484607A900F03EF80446F4
:1028A0000028C7D0059830B3FFF72BFD23E0B9F817
:1028B00000305B040BD433463A4629464846CDE9FE
:1028C000018ACDF800B0FFF732FF044609E0534615
:1028D000424659464846FFF75BFA10F1860F044618
:1028E000E9D00598002C7FF46BAF1299FFF714FC28
:1028F00004460028D6D1204609B0BDE8F08F5346E3
:10290000424659464846FFF715F9DEE76FF0860460
:10291000F1E71822002100F0BBBE426870B5120A30
:102920000588438806D0012A56D000236FF0860020
:102930000B6022E005F4E042B2F5805F02D0B2F510
:10294000005F05D10733DB0840D16FF0850014E04C
:1029500005F44F42B2F5844F03D10733DB080AD1A7
:10296000F3E747F20102954208D15B080133DB0827
:1029700003EBC3033B3300200B6070BD44F2010244
:10298000954202D1DB081033F5E747F20202954287
:1029900004D1DB0803EB43035A33ECE744F20202B1
:1029A000954204D1DB0803EB43034A33E3E725F008
:1029B000FF05B5F5E24FD0D0B5F5824FC5D107334D
:1029C000DB085B000133012BD5D1BEE725F0FF0505
:1029D000B5F5824FCFD1F6E705F4E046DC1DB6F53C
:1029E000805F25F0FF024FEAD40002D0B6F5005F09
:1029F00006D100284AD0B2F5824F07D1034640E005
:102A000005F44F46B6F5844F02D190B3C31C32E0B3
:102A100047F20106B5420DD15B080133DB0803EB39
:102A2000C3033B330333800723F0030335D1072C63
:102A300023D132E044F20106B54202D1DB08103363
:102A4000F0E747F20206B54204D1DB0803EB43038B
:102A50005A33E7E744F20206B54204D1DB0803EB40
:102A600043034A33DEE7B2F5E24FCED0B2F5824FF0
:102A700005D00B68033323F003032C337BE74300BB
:102A80000133012B00D10B68013BCBE7B2F5824F3C
:102A90000B6806D0033323F00303B2F5824FECD169
:102AA00002E0023323F003030433E6E72DE9F347A2
:102AB00045680446DDE90A672D0A884691469A462C
:102AC00006D0012D16D06FF0860002B0BDE8F08769
:102AD000CDE90067FFF76FF910F1860FF5D1534686
:102AE0004A4641462046CDE90A6702B0BDE8F047B4
:102AF000FFF7C2BCCDE90A6702B0BDE8F047FFF7B7
:102B00001BB8037E022B06D1C3695A1C03D00133C4
:102B1000C361002070476FF09600704703466FF066
:102B200040420846591E914207D338B103F1404351
:102B300093428CBF0020012070470120704703465C
:102B400068B1017E8A1E012A0BD80329C26903D10C
:102B5000012A01D1FFF7D5BB1AB1013ADA61002091
:102B600070476FF096007047FFF7E9BF002070478D
:102B7000C0B2FF280CBF6FF086000020704707B579
:102B800000216A46FEF718FE8C3018BF012003B002
:102B90005DF804FB13B500216A460446FEF70CFEFF
:102BA0008C3002D1002002B010BD00212046E2F797
:102BB00073F8014610B16FF09800F4E76A462046BA
:102BC000FEF7FAFD8C30EDD0F5E72DE9FF41074621
:102BD0001446884600293FD0002A3DD0B2F5005F58
:102BE0003DD202F1240631460120FEF72BFB0546BB
:102BF000C0B303463A4621464046E3F707FC7F69E7
:102C000000243846FFF7BBFF01281FD021462B4682
:102C1000324638460094E1F779FF0146C8B9384694
:102C200002AAFEF7C9FD044620B9029B9E4205D0C8
:102C30006FF0980438460021E2F72EF83146284616
:102C4000FFF71BFA204604B0BDE8F0816FF08A045C
:102C5000F4E76FF09804F1E76FF08604F2E76FF0A5
:102C60008D04EFE76FF08C04ECE7FFF706BA2DE96F
:102C7000F047D0F814A086B08146884617465046E3
:102C8000002104AAFEF798FD044610BB049E012013
:102C90003146FEF7D7FA0546002837D02146504680
:102CA00004AA0394FEF788FD044670B903AB0246FC
:102CB0002146CDE9005350463346E1F797FF039B89
:102CC00004469E4209D06FF0980431462846FFF72B
:102CD000D4F9204606B0BDE8F0870028F5D13B4680
:102CE000424631462846CDF80090E3F7ADFB044656
:102CF0000028EAD1D8F800302BB13B68002B08BF80
:102D00006FF09104E1E76FF09104DEE76FF08C045F
:102D1000DFE70020704708B10BF00FBE212070479D
:102D200008B9212070470029FBD0036813F07042D6
:102D300009D1C3F30E030B601BB94368002BF0D01D
:102D40000B6000207047B2F1004F07D18268D204B7
:102D50000ED5C369002BE4D01B68ECE7B2F1204F1D
:102D6000F4D0B2F1304FF1D0B2F1404FEED0D8E70D
:102D700003F07F03DFE737B50C46054610B9212085
:102D800003B030BD0029FAD0002301A90193FFF759
:102D9000C7FF0028F4D1296811F0704102D1019BCE
:102DA0002360EDE7AA68B1F1004FC2F38033C2F3AC
:102DB0004035C2F3003207D1062103EB450301FB86
:102DC0000233019A5343EBE7B1F1204F04D12B4476
:102DD00002EB82021344F4E7B1F1304F02D0B1F1BB
:102DE000404FCCD12B44ECE72DE9F3470D469046FC
:102DF0009A460446F0B1E9B106680F6806F07049DA
:102E0000BE422AD0B9F1004F11D186EA0703B3F1CF
:102E1000805F13D3BAF1000F36D1B8F1000F1FD085
:102E2000A368AA68534013F4E04F19D002E0B9F147
:102E3000404FEAD0212002B0BDE8F08700232046B1
:102E400001A90193FFF76CFF0028F3D1019AC2F3A7
:102E50000E0216431743BE42ECD1B9F1000FD9DB85
:102E60000023694620460093FFF75AFF0028E2D16D
:102E7000019001A92846FFF753FF0028DBD1DDE9C7
:102E800000239A42D7D0D5E7AA68B8F1000F03D043
:102E9000A3685340D904CDD49304E1D4CAE7F7B56D
:102EA0000C46054648B141B100230B60036803F0AE
:102EB00070430B60C268032A02D9212003B0F0BD21
:102EC000012A70D812B143F000632360D5E90223D0
:102ED000900102F0407169D5B1F1407F69D0002BBB
:102EE000EBD04FF00072236823F04073134323604C
:102EF000EA68022A07D12A69032ADED823F47F036D
:102F000043EA02432360EB68032B03D12B69F62BC2
:102F1000D3D9A370AB681A0442BF236843F40043BB
:102F20002360EB68032B09D023682A6823F4FF434E
:102F300023F07F03C2F30E02134323602B68AE68B5
:102F4000002B06F4805740DB16F4E84FB5D12B6810
:102F500006F4806603F0704303F10043B3F1804F41
:102F600004D21EB1236843F4806323600023284603
:102F700001A90193FFF7D4FE00289FD12B6813F01D
:102F800070413BD12368019A23F4FF4323F07F0370
:102F9000C2F30E0213432360002F8FD0EB69002B86
:102FA0008BD00F208AE743F080638EE7B1F1407F3A
:102FB00004D1002B81D04FF0407294E702F0807270
:102FC000002B90D1002A8ED077E7730406F40052CC
:102FD0000DD4002A3FF471AF236843F400532360FB
:102FE000002FB4D0236843F480532360AFE72368F5
:102FF00043F480432360002AF2D0EDE703F050430E
:10300000B3F1004F06D0B1F1304F03D0B1F1404FD2
:103010007FF453AF019B2268013B03F07F0322F052
:103020007F0213432360002F3FF448AFEA69002A70
:103030003FF443AFB1F1004FB3D1117F71B1002E16
:103040003FF43CAF43F400732360537F002B3FF405
:1030500035AF236843F4807323602FE7537F002B41
:103060003FF42CAF002E3FF429AFF2E773B50C46C6
:10307000054608B921201AE00029FBD00123C668C3
:103080004B609E4217D8002301A90193FFF773FEFE
:1030900068B9019B06B11C336A699A4209D32A694F
:1030A000002AE7D0226043F000530020A36002B062
:1030B00070BD1D20FBE7023E012EDBD80023F4E7A4
:1030C0002DE9F0410D46044698B0002869D000294A
:1030D00067D000234FF000728360C0E900230362D1
:1030E00015A92846FFF7DBFE002857D12046159981
:1030F0000BF02DFCAB68DB043CD52B68002B52DABF
:103100004FF00108EE696946376873682046CDF8CC
:1031100004800093029700F0D8F8B368204603A912
:10312000CDF810800393059700F0CFF8F3682046A0
:1031300006A9CDF81C800693089700F0C6F83369FD
:10314000204609A9CDF8288009930B9700F0BDF817
:10315000736920460CA9CDF834800C930E9700F0CB
:10316000B4F8B36920460FA9CDF840800F931197AA
:1031700000F0ABF8284612A9E3F726FD70B9204607
:1031800000F0A3F8284615A9FFF770FF30B92046D4
:1031900015A90BF002FC20460BF08AF918B0BDE827
:1031A000F0812120FAE70F20F8E770B50E461546AA
:1031B00004468AB000283ED000293CD0002A3AD0EC
:1031C0000023012229463046FFF70EFE88BBF36834
:1031D0008BBBEB68013B012B2DD84FF08073A060B7
:1031E000C4E90030206207A92846FFF758FE00BB5B
:1031F000204607990BF0ABFB304601A9FFF736FFDD
:10320000B8B9204601A900F060F8284604A9E3F700
:10321000DBFC70B9204600F058F8284607A9FFF7F4
:1032200025FF30B9204607A90BF0B7FB20460BF06D
:103230003FF90AB070BD2120FBE770B50D46164678
:1032400004468AB000283ED000293CD0002A3AD05B
:103250000023012231462846FFF7C6FD88BBF368EC
:103260008BBBEB68013B012B2DD84FF08173A06025
:10327000C4E90030206207A92846FFF710FE00BB12
:10328000204607990BF063FB284601A9E3F79CFC55
:10329000B8B9204600F019F8284604A9FFF7E6FE61
:1032A00078B9204604A900F010F8304607A9FFF7C6
:1032B000DDFE30B9204607A90BF06FFB20460BF06E
:1032C000F7F80AB070BD2120FBE7436813B94160ED
:1032D00070475B685A68012AFBD15960704700BF8C
:1032E00000BF7047012100220346D0ED0A7A10B5D5
:1032F0002C30D0F8FC418C4229DCD3F82C02D3EDE1
:10330000037A104403EB8202D2ED0A6AB7EE007A28
:103310001A6937EE677A0244C3F83022022293ED2D
:10332000066A67EEA67A83F82420D3F8382247EE9F
:10333000067A0132C3F838220022C3ED067AC3EDC3
:10334000936AD861C3F84802C3F8282210BDB0ECD4
:10335000017AB4EEE77AF1EE10FAD4BFB0EE677AF4
:103360000A46F0EE477A0131C5E7012230B5041D67
:103370008A4200DB30BDD4ED007A2546531E35ED80
:10338000017AB4EEE77AF1EE10FA03DD013B85ED48
:10339000017AF4D200EB8303C3ED017A01320434E5
:1033A000E6E740220021503000F072B92DE9F74FD6
:1033B000044610EE100AE6F725F806460F4604F11B
:1033C000100304F15005019354F8040BE6F71AF8C2
:1033D000F5E8028932463B46E6F76CF842464B4632
:1033E000E5F7B2FEB246BB460646E0680F46E6F792
:1033F00009F852465B46E6F75DF88046E06A894682
:10340000E6F700F832463B46E6F754F802460B462C
:1034100040464946E5F796FED5E90623E5F794FED2
:1034200045E90201E069E5F7EDFF52465B46E6F744
:1034300041F88046E06B8946E5F7E4FF32463B46BB
:10344000E6F738F80B46024649464046E5F77AFE6D
:10345000019BC5E90601A342B6D130463946E6F7DD
:10346000C3FA00EE100A03B0BDE8F08F0269002332
:10347000D2430021C2614FF0FF328361C0E98A125A
:10348000026280F82410C0F83022C0F83432C0F84C
:103490003812C0F8443280F83C12C0F84822C0F814
:1034A0004C327047026A70B590F83C5201320346C4
:1034B0000C46026205BBF0EEC07A90ED917AB4EE54
:1034C000E77AF1EE10FAD0F8401248BFC0ED917AD9
:1034D00001398A420DDBD0ED917AF5EEC07AF1EE3A
:1034E00010FAD8BFF7EE007A0122C0ED067A80F814
:1034F0003C2283ED8D0A40E090F82410022907D188
:10350000D0F830128A42F4DB002280F82420F0E761
:1035100001290FD1D0F8282200EB820181ED0A0A9F
:10352000416901328A42C0F82822E2DBFFF7DAFE65
:10353000206023E0D0ED067A90ED017A27EE877ABD
:10354000B4EEC07AF1EE10FA1AD5D0ED8D6AF4EE31
:10355000C76AF1EE10FA13D8C1690669511AB1426F
:103560000EDD0121436980ED0A0A8B4280ED8D0A50
:10357000C0E98A1280F82410D8D00025284670BDF2
:1035800093ED027A67EE877AB4EE670AF1EE10FAED
:1035900070FE277AC3ED067AABE710B50446E5F76F
:1035A00075FD2046E3F79EFD10BD01207047704772
:1035B00070477047DDF77CB8704708B5DDF7C2F893
:1035C000FDF7D1FBFDF7DAFBDDF7B2F8BDE8084007
:1035D000DEF792BCE5F73ABDDDF772B908B5FCF746
:1035E0006CFDE0F793FBFEF7E1F8E2F7D7FDFFF79C
:1035F00090FBFEF7DFF8FEF73BFDBDE808400BF05F
:103600000FB908B5E1F7DAF8FEF7CCF8E1F7E6F81C
:10361000BDE80840FCF748BD704770477047E5F7C4
:103620001BBD704708B5FEF76DF8E3F7A1FEFEF786
:1036300093F8E4F747FF09F0D5FFF8E701390244B2
:1036400010B5904201D1002005E0037811F8014F38
:10365000A34201D0181B10BD0130F2E7884210B51B
:1036600001EB020402D98442234607D8431EA1423B
:1036700008D011F8012B03F8012FF8E702440146A6
:103680008A4200D110BD13F8014D02F8014DF7E751
:1036900002440346934200D1704703F8011BF9E747
:1036A0000A44431E914200D1704710B511F8014BF6
:1036B000914203F8014FF9D110BD034613F8012BD5
:1036C000002AFBD1181A01387047034611F8012B64
:1036D00003F8012B002AF9D170472DE9F0471F4666
:1036E0008E6882460C46BE4290460B682DD8B1F9D2
:1036F0000C2012F4906F26D06569096905EB450529
:10370000A3EB01097B1C05EBD5754B446D109D4265
:1037100038BF1D46530527D52946FDF7F4FE06465A
:1037200060B34A462169FFF7BBFFA38923F4906386
:1037300043F08003A38126614E446561A5EB090532
:1037400026603E46A560BE4200D93E46324641460E
:103750002068FFF783FFA36800209B1BA3602368FA
:1037600033442360BDE8F0872A46FDF7D2FE0646C3
:103770000028E0D121695046FDF7C8FE0C234FF028
:10378000FF30CAF80030A38943F04003A381E9E782
:103790002DE9F047164698468A6807460B690C469D
:1037A000DDF820909342B8BF1346336091F8432070
:1037B0000AB1013333602368990642BF336802338C
:1037C0003360256815F0060506D104F1190AE3688F
:1037D00032689B1AAB422BDC94F843302268003BE2
:1037E00018BF0123920630D404F143024146384603
:1037F000C847013023D023681A3454F80A2C03F048
:103800000603042B0ABF54F80E5C002533684FF002
:10381000000608BFED1A54F8123C08BF25EAE5750A
:103820009342C4BF9B1AED18B5421AD1002008E09C
:103830000123524641463846C847013003D14FF074
:10384000FF30BDE8F0870135C1E7E1185A1C302090
:103850000233224481F8430094F8451082F8431063
:10386000C2E70123224641463846C8470130E6D028
:103870000136D9E7C9B20346024410B5934218464F
:1038800001D1002003E0047801338C42F6D110BD51
:10389000F7B5044614F4004C4FF6FF7608BFFF2638
:1038A00020F40040050205F4E065C0F306209E42C6
:1038B000019145EA000504F0380E0846897904D2E2
:1038C00001A800F0BBF900271AE0240C24044EF0F4
:1038D000800EEE1844EA0E0444EA162436020C3137
:1038E000B6B2471834434450391D2944BCF1000F87
:1038F00009D021F8023C1146E6F77EFE0028E2D10D
:10390000384603B0F0BD01F8013CF4E770B5044659
:103910000E4615680A460021FFF7BAFE25F4004559
:1039200020462122314600F0D0F8290A04312046F1
:10393000C9B200F053F9A3791C44E56070BD026878
:1039400010B501F0040022F40044C2F30622002165
:10395000043240F0290000F0FDFB10B183790344EC
:10396000DC6010BD0346002200681A600179E6F7AA
:1039700043BE10B50021FFF7E2FF044608B900205E
:1039800010BD0179E6F738FE0028F8D1A3790C3391
:10399000E018F5E72DE9F04117461A46036801F0F3
:1039A000040123F400431C0204F4E064C3F306237F
:1039B0001C4341F02905043406463B46214628466F
:1039C00000F096FC804650B1E1B200F07EF93B4633
:1039D0002A4641463068BDE8F041FFF759BFBDE8CF
:1039E000F0812DE9F341002401F004010668074647
:1039F00041F02905106829461460019000F028F96B
:103A0000019800F0A7F926F40046310201F4E061C4
:103A1000C6F30626314380460122043101A800F096
:103A200015FB30B101A800F009F9204602B0BDE84D
:103A3000F08143462A4601993868FFF729FFF5E7E8
:103A400008B5FBF7D3FE08B1C3681BB1003818BF37
:103A5000012008BD4069F6E72DE9F0478846164683
:103A600058B352B3E6F710FE074640B3B1460025FF
:103A7000BA469AF806109AF807403F68641AE4B20A
:103A8000444584BF4446012544B10C314846224692
:103A90005144FFF705FEA144A8EB04085046E6F7A1
:103AA00053FE002FE4D165B93246022052F8041BC0
:103AB00009F0CFF92846BDE8F0872220FBE71B205C
:103AC000F9E71E20F7E77047704738B505461446FA
:103AD0000A460021FFF7DCFD24F01C046B7944F05A
:103AE000100443F004032C716B7138BD2DE9F74FBE
:103AF0001F469DF830308A4680460093002850D0FB
:103B0000002967D00C68002C66D04FF0000BE679D6
:103B1000A179761AF6B2BE4208D30C31394408EBCB
:103B2000020945462144F61BC84537E02068A346F4
:103B3000BF1B002835D00446E9E7AB19994538BFCB
:103B4000A9EB050632462846FFF7AAFD009B002B8D
:103B50003DD0E279A079F3B237BB1844A071E27985
:103B6000A37927689A4232D1DAF80030A34208BF1D
:103B7000CAF80070BBF1000F01D0CBF800702046EE
:103B8000E6F7E2FD3C4635444CB10027A379E679DF
:103B900003F10C01F61A2144F6B24D45CDD3A5EB45
:103BA000080003B0BDE8F08F121AD2B2F9189142A2
:103BB00009DA0C302044D21BD21A01443844019354
:103BC000FFF74CFD019BE279D31AE371C7E7A346E7
:103BD0002468D8E70846E4E72046E2E710B5C47950
:103BE0000246C4F14503D8B2884228BF08460444BF
:103BF000D47110BD38B50546C079C0F14504E4B2B2
:103C0000944288BFD4B20C3022462844FFF748FDC6
:103C1000EB7920462344EB7138BD1FB50391002199
:103C2000009103A9FFF762FF05B05DF804FB13B52F
:103C300001240094FFF75AFF02B010BD38B50446C6
:103C4000206800B938BD0568E6F77EFD2560F7E716
:103C5000034610B501F0EC0103B910BD1A7902F06A
:103C600013020A431A711A1A544254415A7964F3DE
:103C700000025A711B68EFE710B558B1016802687D
:103C80005AB1136823B15C79E40704D500241460A9
:103C90000360084610BD0360F1E71346F8E720B162
:103CA000006810B14379DB07FAD57047034658B175
:103CB0000020DA7999791B68521A50FA82F01BB108
:103CC0005A79D207F5D57047704770B50D4604464E
:103CD000E8B186798E4203D3751A8571012070BDD3
:103CE000C27906F145039B1ADBB299420FD806F15F
:103CF0000C010144921BA81BD2B20844FFF7AEFC92
:103D00000023A371E3791D44AD1BE571E6E70020B4
:103D1000E5E710B50C4698B191B18979E279C3799C
:103D2000521AC3F14503D2B2DBB2934208D30C312D
:103D30002144FFF75FFF2046E6F706FD012010BD96
:103D40000020FCE70346006818B102681A600023EF
:103D5000036070470346002003B97047DA79997908
:103D60001B68521A50FA82F0F6E72DE9F84F89469F
:103D700014468246FFF7EEFF05464846FFF7EAFF86
:103D8000A542074601D3A04208D2BD4208D1002473
:103D9000A346A046264647B9384604E02746F6E73C
:103DA00038D24FF0FF30BDE8F88F5EB99AF8068040
:103DB0009AF80760A6EB080608F10C08D044DAF878
:103DC00000A0F6B2BBF1000F0BD199F8064099F8AC
:103DD00007B0ABEB040B0C344C44D9F800905FFAFD
:103DE0008BFB5E45354628BF5D46BD4228BF3D463C
:103DF00021462A464046FFF721FC0028D3D1A8449B
:103E00002C447F1BEDB2761BABEB0505F6B25FFAD7
:103E100085FBC0E70120C6E703680BB90160704766
:103E20001A461B68002BFBD111607047036803B171
:103E30000B600160704739B10B461A461B68002BB6
:103E4000FBD1036813600160704770B504680646D3
:103E50000D4644B12046FFF77DFFA84211D82368E4
:103E600013B9E379A37170BD20463360E6F76CFCAB
:103E70003468F4E7ED1A236820463360E6F764FC03
:103E80003468002DEFD0A279E3799B1ADBB2AB4204
:103E9000F0D92A44A271E6E7F8B5066805460C4653
:103EA00046B13046FFF756FFA0421DD8336813B91C
:103EB000F379B371F8BD30462B60E6F745FC2E6808
:103EC000F4E7064638460768002FFAD1C2798379AD
:103ED000D31ADBB2A34202D9121BC271EAE7E41A79
:103EE000E6F732FC3EB13760002CE3D028680028AA
:103EF000E0D00026E7E72E60F6E7F8B504460F4667
:103F0000BC4200D1F8BDA179E5796D1AEDB2C5F1D9
:103F10004506B6B20EB92468F2E749B10C312A461B
:103F2000214404F10C00FFF799FB0023E571A37114
:103F30002368BB42EFD05A79D207ECD49979DD7966
:103F4000A0796D1AEDB2B54228BF3546E2790C3042
:103F500010440C312A4619442044FFF7A1FBE379B1
:103F6000206853FA85F3E3718379761B53FA85F55C
:103F7000C379EDB2AB42B6B2857103D10368236059
:103F8000E6F7E2FB002ED3D1C5E738B50C46016851
:103F900009B9046038BD0D4609680029FBD12368C2
:103FA00023B12046FFF7A9FF2C60F3E721462846FE
:103FB000FFF7AFFE0028EDD1F6E748B10023027904
:103FC0004360036083604379027143F004034371EB
:103FD000704700221146E6F737BC38B504460D4657
:103FE000FFF773FE98B984B12079FFF7F2FF58B15B
:103FF00063794279C3F3400363F3410245235D1BB8
:1040000004604271C371857138BD0120EDE720461F
:10401000FAE738B5036804460D469BB11879FFF7F7
:10402000D8FF88B12368427903605B79C3F340030A
:1040300063F3410245235D1B4271C37185712060AA
:10404000002038BD0120EAE71920FAE738B50C4610
:10405000054640B3006830B309B9002038BD4AB9FD
:10406000C9B2FFF732FE0028F7D12B689A79987110
:10407000A41A06E0452918D8C9B2FFF726FE002881
:10408000EBD1442C07D8002CE7D02846E1B2BDE89C
:104090003840FFF7BEBF45212846FFF7BAFF00288A
:1040A000DCD1453CEDE72220D8E72120D6E72DE9F9
:1040B000F84390F8078090F806900446A8EB0907AB
:1040C000FFB2B9420D4602D30020BDE8F883007963
:1040D000FFF77FFF06460028F6D0A17980790C31E2
:1040E0007F1B29440C30BAB221443044FFF7D8FA80
:1040F000F37901203B44F371E37999444D442368FB
:10410000A5EB0805E57133602660DEE7F8B50768C2
:1041100006460D463C46002305B12CB90BB10022E2
:104120001A6034603846F8BDE379A2799B1ADBB295
:10413000AB4207D8E379A2799B1ADBB2ED1A23468A
:104140002468E9E72046E9B2FFF7B1FF0028F1D182
:104150000746E7E75318452B02DCC9B2E6F774BB04
:1041600000207047F7B5002605460F4601960DB9A9
:10417000019C09E0002238461146E6F765FB04463B
:1041800028B901A8FFF75AFD204603B0F0BDAB796E
:104190008371EA79C27168796179D21A60F300019A
:1041A000617169796079C1F3400161F34100607127
:1041B00003F10C002918D2B22044FFF771FA019BD9
:1041C00003B9019406B1346026462D68CFE72DE986
:1041D000F74F0C4690468146002854D0002C55D00D
:1041E000E279A579521BD2B29A4204D90C351D440A
:1041F0004646254440E024689B1AEFE7E77999F8A2
:1042000007000C3727447F1BB7423B4628BF334685
:10421000C0F1450B5FFA8BFB5B459A4628BFDA4637
:104220000C305246294648440193FFF739FA99F871
:10423000072057455244019B89F807205544A6EBB7
:104240000A0605D05B450CD2002ED7D1002618E017
:104250002468ECB1E279A579AA42F9D00C3525445D
:10426000F0E7002EF2D0002299F804001146E6F79C
:10427000EBFAC9F800008146002EE7D0B9F1000F33
:10428000BCD1A8EB060003B0BDE8F08F2046FAE7EA
:10429000002EF6D1DAE72DE9F8430D46144606461E
:1042A00010B319B3DAB1034699461B68002BFBD152
:1042B0002746C8463A4629464046FFF79BFCC1457B
:1042C000A7EB0007054418BFC9F8008037B10022EA
:1042D000B1793079E6F7B8FAC14618B9E41B20463F
:1042E000BDE8F8838046E5E70446F8E70C46F6E7C4
:1042F00037B51546C9B200221C46E6F7A5FA01906B
:1043000040B122462946FFF7C6FF844202D901A8E0
:10431000FFF794FC019803B030BDE6F73BBC48437F
:10432000E6F738BCFCF770BF212802D10846E6F753
:1043300051BCE6F7A1BC512802D10846E6F74ABCB9
:10434000E6F79ABC4FF0FF30704700207047704787
:10435000704700207047002070474FF0FF307047D3
:1043600011207047002070470120704700207047DF
:10437000002070470020704770477047704708B5AD
:10438000E7F7EEF8BDE808403120EBF7E7B938B5BC
:1043900000F12C050446284601F04AFF50B194F87C
:1043A000203013F0180F05D02846BDE83840002112
:1043B00001F04FBFA06A38BD38B504462C3001F07B
:1043C00037FF94F8213001288CBF43F0080303F035
:1043D000F70384F821302046FFF7D9FF054602F0A5
:1043E0008DF894F82030228CC3F38001C3F340038E
:1043F0009B0043EAC10394F8211042F40052C1F338
:10440000C00143EA0113017842F0080201F02301E0
:104410000B430370437803B122842846BDE838403B
:1044200002F071B82DE9F04790F823300646012BD1
:104430000D4602D90020BDE8F08790F8203003F047
:10444000010369B983B996F8213013F00C0F4AD1F2
:1044500096F82030DA0742D56B1E58425841EAE7F9
:10446000012901D1002BEED13046347EFFF78FFFBA
:1044700002F044F80778417817F020070CBF0231AA
:104480000331204618BFA02701F0FAFE96F821302C
:104490008146590754BF022196F8241004F1FF33D6
:1044A00048BF0231012B9CBF013189B2204694BF25
:1044B0004FF0A0084FF0000801F0E2FE8246F468D9
:1044C000E7F7E0F8A4F59673A3EB0903DB1BA3EB76
:1044D0000A03A3EB08031B1A002BABDDB3E7B5FA05
:1044E00085F04009A7E70120A5E75328F8B50C4659
:1044F00015D009D8232800F0EA80512800F0C880A0
:10450000BDE8F840FFF73BBF5628F9D191F82030BD
:10451000DA075CBF23F0100381F82030F0E7E6F7FC
:10452000BDFE054600220221EAF734FDAB680646CF
:10453000D80735D494F82330013384F8233094F825
:104540002630013384F82630002601212046FFF76B
:1045500069FF0746C0B194F82030D80740F1818048
:1045600094F8213059077CD404F12C0001F060FE4E
:10457000012894BF00230123580094F82210E6F785
:10458000F5FD2046FFF718FF2846E6F7C5FE032E87
:1045900069D1284601F0E5FE2B7B84F8273064E0E2
:1045A000002394F8212084F8233042F0100384F88B
:1045B0002130317894F82030C1F38001C3F38000BA
:1045C000814218D083F0040343F0100184F82010D6
:1045D00042F05002090784F821200CD523F008038B
:1045E00043F0100304F12C0084F8203001F038FE71
:1045F0003320EBF7B3F8327894F82030C2F3C001DF
:10460000C3F34003994228D194F82130D2064CBF1D
:1046100043F0040303F0FB0384F821307378B3B94B
:1046200094F8203083F0020384F820303278970722
:104630008AD072789AB143F0200384F8203094F83D
:104640002130032643F0200384F821307DE72846FB
:10465000E6F744FD0028E3D176E7012675E7022658
:1046600073E7022089E7002E96D194F82130DA070B
:104670000AD494F8202043F00103D60748BF6A68A3
:1046800084F8213048BF2260002F3FF439AFF8BDD5
:1046900091F82030084623F0300381F8203091F85B
:1046A000213043F0020381F82130FFF770FE01F062
:1046B00025FF00212046FFF7B5FE00283FF420AF7C
:1046C00094F822100120BDE8F840E6F765BD91F8A6
:1046D0002030DD06DBD518070BD46568E6F7D2FF7E
:1046E0002D1AB5F57A7FD2DB2046BDE8F840FFF7FA
:1046F00063BE91F821301907EFD504F12C0001F0C9
:1047000097FD0128E9D9C2E7EBF7CCBA0A2802D80D
:104710000130C0B27047242801D80230F9E72528BB
:1047200005D0262805D0272818BFFF207047002075
:1047300070470C20704708B5EBF7BAFA20B1BDE816
:1047400008402020E7F790B908BD704770477047D0
:1047500070478B69184700207047704770474FF0CB
:104760000000704700207047704770470020704776
:1047700000207047002070470020704700207047DD
:104780004FF0FF3070477047704700207047704708
:1047900000207047704770477047704770477047F8
:1047A0007047F4F75BBCF4F761BCF4F779BCDEF753
:1047B000DBBF704708B5E6F745FC18B1BDE8084017
:1047C000E7F75EB908BD2DE9F8430E6A05460C46C9
:1047D0001EB106600020BDE8F883088B4B8B18449F
:1047E000E6F794FB286090B32046E6F795FDD5F8F0
:1047F00000800A2198F806704046FFF7EFF90C3761
:10480000A37B08EB070989F80730637B314689F8F9
:104810000630628B238B20461344A9F80830237B93
:104820004FF6FF7289F80530636848F807302B6847
:10483000E6F7A4FD238B628B1344984201D12660D6
:10484000C8E72B681BB12846FFF7F8F92E6019203E
:10485000C1E710461946704737B50C4605460DF1BD
:10486000060101A8E7F7B4F943F6FF739C420DD0A7
:1048700047F6FF739C4209D0BDF904309C42B8BF93
:104880001C46BDF906309C42A8BF1C46AC8103B053
:1048900030BD704770471120704700207047704747
:1048A0007047002070477047002070477047002015
:1048B000704700207047704708B501F047F808BD01
:1048C00000207047002070477047704711207047E4
:1048D0007047704708B501F088F808BD00207047A0
:1048E00070470020704707B501A80191FFF7A6F9AE
:1048F000002003B05DF804FB70477047002070474C
:1049000070470020704700207047704710B5DC1DCD
:10491000043383734379C47123F0030343F0030327
:104920000E244371012344738371C3730182827423
:1049300010BDD31CC371FF2343734379827323F0EB
:10494000030343F0030343710123C1738371704771
:10495000D31CC3713E2343734379827323F0030353
:1049600043F0030343710123C173837170470F2325
:104970004373042383734379A0F8111023F00303D6
:1049800043F00303437140F20173C3800123C273F8
:1049900003747047D31CC3714379417323F003033D
:1049A00043F003034371012382738371704708B599
:1049B0000023FFF7ABFFBDE80840E7F735BA2DE964
:1049C000F84380460220894617461E46FFF701FB42
:1049D000D0B10C2343730823837340F60133457928
:1049E000C38025F003059DF8203045F0030545718F
:1049F000A0F8108080F81290A0F81370A0F815604D
:104A0000C373E7F711FA0120BDE8F88308B5022067
:104A1000FFF7DFFA30B101221121FFF799FFE7F725
:104A200003FA012008BDF8B504460F4616461321C7
:104A30001D460922FFF78CFF83790C331C44A170BB
:104A4000E77026712B68C4F80530AB88A4F80930EC
:104A5000BDE8F840E7F7E8B970B5054602200E4614
:104A6000FFF7B7FA0446B0B12846E9F735F900F088
:104A7000E5FE142100F001000422A0602046FFF7AB
:104A800067FFA3790C3323449970A3F803505E7138
:104A9000E7F7CAF9012070BD08B507F0ADFC08BD05
:104AA0002DE9F041074602200D4690461E46FFF7CD
:104AB00090FA0446E0B109222121FFF749FF0A22BA
:104AC00083790C331C44BDF9183084F8038093FBC0
:104AD000F2F323729DF81C30A7806372BDF9203079
:104AE000A67193FBF2F3E571A372E7F79DF901203C
:104AF000BDE8F08137B50446FFF72CF9FF22A37912
:104B0000C0B20C33E518E254831E6B700D23AB70FA
:104B1000AB791C38012BE8768DF8073009D10023DA
:104B2000E91D1A460DF10700FFF711FC9DF807304B
:104B3000AB712046E7F778F903B030BD00F0F4B967
:104B4000704738B5044601F070FE054658B9C820D4
:104B5000E7F758F8C82202212846E7F7E7F8844229
:104B6000A8BF044624B22046E7F74CF801F05DFEEA
:104B7000BDE83840C8220221E7F7D8B8B0F90020D4
:104B8000B1F900302DE9F3479A4204460D464CDC5A
:104B900009F0C4FC8046E9F7F5FA002842D1E7F7AE
:104BA000D9F8824601F041FEC8220221E7F7BEF89B
:104BB0000DF10601814601A8E7F70AF847F6FF73F1
:104BC000B5F900209A4204BFBDF806202A80B4F946
:104BD00000209A4204BFBDF804302380B5F90000DC
:104BE000FFF7AFFFB4F9003007468342C8BF20800B
:104BF000B4F90000E7F756F8FFF762FE064660B129
:104C00005046E7F74FF84846E6F7FCFF404609F004
:104C100080FC304602B0BDE8F087E7F79BF82080C3
:104C20002F80F3E741F20C06F0E72126F1E730B1DF
:104C300090FAA0F00123B0FA80F08340D8B2704718
:104C400070B5064600F000FE80F0400402060546FE
:104C5000C4F3801406D40821304601F072FA08B17A
:104C600044F00204EB0506D40B21304601F069FA4A
:104C700008B144F00404204670BD4B1E032B10B550
:104C80000C4602D90023184610BD0329FAD0FFF7BD
:104C9000D7FF04EA00038443F4D1F4E72DE9F74396
:104CA000044688461746019300F0CEFDC0F3401538
:104CB000204601F03DF821468146284600F0B5FD2A
:104CC000064607B32046E9F71BF88046204601F068
:104CD00032F83A460146019B1FFA88F0E7F7F6F9E9
:104CE0002146284602F07DFB2021204600F0B2FD3F
:104CF00056E8003F43F4805346E80032002AF7D1DB
:104D000003B0BDE8F08301A8FEF798FF99F8011001
:104D1000404601F00F0101F0A7FA062818BF01462E
:104D20002A4608BF0021204600F0B2FFD8E7032939
:104D300070B506460D4614460CD0042919D0012939
:104D400015D1222100F0B9FD2846314602F079FB49
:104D5000002070BD136812791B680021FFF79EFFC9
:104D600000222368314601201A6002F06AFB01200C
:104D7000EFE713680C221B68EFE7012910B5044622
:104D80000CD100F061FD2146C0F3401000F04DFD54
:104D90000023817C1A462046FFF780FF012010BDCA
:104DA0002DE9F7430F46054600F04EFD00F02009BF
:104DB000C0F34018284600F0BBFFBB790C333B44DE
:104DC0005E789B781E400378C3F3030000EA13105B
:104DD0003040FFF72CFF044648B9B9F1000F06D167
:104DE0002846FFF72DFF3040FFF721FF04462846F5
:104DF00000F0A1FFEAF77EF8A04223D01CB3022105
:104E0000284600F05DFD00210646284600F021FE00
:104E10001821384602F05AFA3846EBF765FCB6B26C
:104E2000394644708470A0F80360284602F04CFABA
:104E300023462246294640460096E7F79BF903B0F1
:104E4000BDE8F08300242646E2E770B504460D462F
:104E500002F027FB28B929462046BDE87040FFF73D
:104E60009FBF402829462046BDE870404FF01603FA
:104E700014BF2A222322EBF749BC38B505460C465D
:104E800000F0E2FC830604D42046BDE83840E5F794
:104E90005BBC21462846BDE83840FFF781BF2DE9BD
:104EA000F3418C7906460C340C440D4600F0CCFCE2
:104EB000A17807463046FFF7E0FE6178804630462D
:104EC000FFF7DBFEB4F8032003460092C7F340105F
:104ED00042463146E7F74EF9284602B0BDE8F041B8
:104EE000E5F732BC08B58B790B441B7B162B03D03E
:104EF000172B05D0002008BDFFF7A7FF0120FAE718
:104F0000FFF7BBFFFAE708B58B790B441B7B162B29
:104F100003D0182B05D0002008BDE7F755F9012074
:104F2000FAE7FFF7BCFFFAE77047830705D410F0F4
:104F3000040F14BF0320012070470220704702288D
:104F400005D0032805D0012806D1EAF767B8EAF7AB
:104F500055B80020E7F7C8BD704710B1012803D04D
:104F600070470120E7F7C0BD0020FBE7F7B51F46FB
:104F70008B1E012B05460C46164613D8FFF7E2F9A7
:104F80000023CDE90005F01A18BF01201A46394662
:104F9000FFF7E6F980B1022C0BD1284601F037FA71
:104FA000002004E00029F8D0012902D0FF2003B03E
:104FB000F0BD284601F03BFA0120F8E770B50D4638
:104FC00000219DF810600446817106F10C014173C7
:104FD000111E18BF012103F00F00237B40EAC1100E
:104FE00003F04003184320732B469DF8141004F17E
:104FF0000E00FFF7BBFF237B0E3660F3861323738F
:105000002B686361AB882383A3793344E37170BD5C
:10501000C0F3845303EB830300EB830080B270473B
:10502000F8B500231360047D05468068FFF7F0FFA4
:1050300014F00807034602D00B446B6004E06E686E
:10504000701AB0EB030C01D40120F8BD14F001007C
:1050500009D1D5E90374E41B14EB0C0FF5D40B4410
:105060009E1B1660E9E73846EFE710B50446E7F700
:105070000DFE6168E069E7F793FEBDE8104001F0BE
:1050800003BA38B50C46C94301F001010546E7F7FC
:10509000C7FEA30702D4E869E7F7ACFEBDE83840D5
:1050A00001F0F2B910B50446E7F7BAFE2046E7F77B
:1050B000EDFDBDE8104001F0E7B9007D00F0010012
:1050C000704701F0C5B9FFF759BD431E032B06D841
:1050D000DFE803F002040204032070470420704755
:1050E00001F086BC2DE9F04F1646002285B01D4622
:1050F0009DF84830044602939DF860308B46039338
:10510000139B9DF83870B3F90030DDF840800193AF
:10511000139B9DF850A01A8082699DF85890002A30
:1051200040F0FA8005F01C021C2A04BF0626B34694
:10513000E80600F1A98005F00302032A08BF05F084
:10514000FD0505F0F70505F01402142A40F0A080D3
:10515000AA0600F1AB809DF86400FFF7B6FF1AF0D5
:10516000020F84F8690040F0A4801AF0040F00F0E8
:10517000A28000F0FD00012814BF032104219DF846
:10518000680084F87410FFF7A0FF19F0020F84F88C
:105190008E0040F0928019F0040F00F0908000F033
:1051A000FD00012814BF0323042384F88430002069
:1051B000019AE6F7BBFDEB068146A4F8540008D43B
:1051C00001F033FB019A94F88410E6F7AFFDA4F8E0
:1051D0005400B4F95430139A4946138004F16C001A
:1051E000FFF73AFB47F6FF7104F17C00FFF734FB51
:1051F00094F88410606CFFF74DFBFF22236A84F85B
:105200005A20039A23F09F03236212B143F0100344
:10521000236205F01803182B02BF236A43F08003B2
:105220002362236A680723F0600323620CD4029A86
:10523000D10744BF43F020032362029A236A9207F6
:1052400044BF43F040032362236AA4F8505023F084
:105250000703236204F16202B8F1000F31D0D8F8DD
:105260000010C4F86210B8F8041091809DF83C203A
:10527000012A02D143F004032362012F26D1236ABD
:1052800043F0010323622EE04FF00109CA465AE7BA
:1052900000222046A16AE8F79DFA40F2712272438B
:1052A00090427FF655AF41F2450032E005F0FC0533
:1052B00051E7022163E7012161E7022375E701233A
:1052C00073E7C4F86280A2F80480D6E7032F07D101
:1052D000236A43F001032362236A43F00203D1E708
:1052E000023F012FF8D9FFF70FFA9DF85C30C0F3A9
:1052F0000B0040EA03309DF84430A4F88C00A4F879
:105300004CB02046A4F84E6084F8583000F06DF997
:10531000002005B0BDE8F08F41F20C00F9E72DE95F
:10532000F341884617460446019338B901A8FEF7B1
:1053300085FC41F2420002B0BDE8F081012922D093
:10534000022911D091B98369D3B900F128054FF42E
:105350000076B4F85030D9061FD55A0728D501A8D1
:10536000FEF76CFC0020E6E7406C28B901A8FEF7C8
:1053700065FC41F20C00DEE71946FFF78CFADAE72C
:1053800000F13005E3E7836923B900F12C054FF400
:105390008066DEE700F13405F9E79B0708D5B8F130
:1053A000000F05D101A8FEF749FC41F21200C2E747
:1053B000236AF80723EA0603236202D52846FEF78C
:1053C0003DFC019921B12846FEF726FD00230193FB
:1053D0002868FEF7BFFCB4F85030D90605D51F2861
:1053E00001DC032F18D02846DDE740F272629042BC
:1053F00005DD2846FEF722FC41F207009BE7B8F1E5
:10540000000F09D1BF2807DD9A0705D02846FEF70F
:1054100015FC41F245008EE72046D4E90C12E8F76E
:10542000D9F9A36983B140F27122B4F84C305343E7
:10543000984209D9B4F84E308342E7D300F51C7086
:10544000B0FBF2F0A4F84C0009F068F8A369054637
:1054500073B1BB070CD5236A334323626368C3F57A
:105460007A76E6F70FF9F04202D52046E7F7C2FD5B
:10547000284609F04EF875E783693BB1B0F8503023
:10548000DB070FD490F85930FE2B0BD0036A43F49E
:10549000005303620B68C0F85B308B88A0F85F3064
:1054A0000020704741F20C007047A0B1CB0742BF0B
:1054B000036A43F4805303628A0742BF036A43F4DA
:1054C000804303624B0701D400207047036A43F412
:1054D00000430362F8E741F242007047A0B1CB07F6
:1054E00042BF036A23F4805303628A0742BF036A00
:1054F00023F4804303624B0701D400207047036A02
:1055000023F400430362F8E741F24200704738B5E4
:10551000044608300D46EAF7B3FEE7F765FD84421E
:1055200002D12220EAF71AF985F001010025204670
:10553000FFF7A7FDE06BA56110B1E8F78FFEE5630B
:1055400004F14000BDE83840FEF778BB70B590F834
:1055500059300446FE2B09D15B3000F068FF00F0A3
:105560005FFF18B1236A43F40053236242F2010340
:10557000256A2B40012B35D0AB072CD5C5F3800510
:1055800004F16206002231462846FEF7E6FE0021BD
:1055900084F85A00FEF7F2FE314600222846FEF754
:1055A000E1FEB4F8501018B194F95A00002814DA4A
:1055B000236A23F002032362B4F8502002F00302AE
:1055C000012A08D131462846FEF7CCFE18B1236ADD
:1055D00043F008032362002070BD01F00101FEF7D3
:1055E000CDFEE9E741F21200F6E738B5044608F0CF
:1055F00095FFD4E90A1205462046E8F7EBF8B4F81F
:105600004C10B4F84E20E060521A40F2712101FBB8
:10561000020303F59C53083328462361BDE8384054
:1056200008F077BF036A10B5044613F4606023D016
:105630009A0507D504F12800FEF700FB236BA3624F
:1056400000232363236A5B0507D504F12C00FEF7D2
:10565000F5FA636BE36200236363236A204623F455
:1056600060632362FFF7C1FF0120B4F88C305A1C3D
:1056700062F30B03A4F88C3010BD036A0B43036282
:105680004FF08050F2F734BE10B5044619B390F8CD
:1056900056208AB190F857300133DBB29A4280F835
:1056A000573009D10121FFF732FF4FF480312046F6
:1056B000BDE81040FFF7E1BF236ADA050BD5636A46
:1056C00062689B1A002B06DA01212046FFF71FFFB4
:1056D0004FF48021EBE7236A1B0624D4FFF714F86C
:1056E0001123B0FBF3F394F9682003EB0313C01A02
:1056F00083B212FA80F0102888BFC3F110035BB2A6
:10570000083A1A4484F8682040F27121B4F84C2019
:1057100020461A44636801FB023301216360BDE83F
:105720001040FFF7BFBC0023EEE7C94350E8003F3D
:105730000B4040E80032002AF8D1704738B50546E2
:105740000C4601F074F820B149F640439C4228BF52
:105750001C46EA68A2420BD240F27121B5F87E30B5
:105760004B43934238BF1346A34228BF23461A46F1
:105770002A6138BD03469A6A4830920505D5D3F8A8
:105780002821B3F84010EAF7BBBC93F87310EAF78E
:10579000ADBC002070470120704700207047704763
:1057A0000020704770477047002070470020704706
:1057B000704770477047704700207047002070475F
:1057C00070470020704701207047C82070470020B4
:1057D00070477047012070477047704790F88920E4
:1057E00010B5531C03F00F03072B28BF00230446FA
:1057F00063F30302034480F8892083F8821090F851
:1058000089306F2B4FEA13129EBF013262F30713E8
:1058100080F88930FFF7E1FF204694F83011FFF758
:1058200054F810BD70477047704710B101F1B000D7
:10583000704701F1D4007047F8307047806A7047B4
:10584000836A0B4383627047C06A7047C36A0B4325
:10585000C3627047C36A23EA0103C362704700F55D
:105860009C70704770B540F2712606FB01F34568E5
:105870005643826A1D44D207044645600ED500F1A6
:105880004405294690F84220EAF768FE3346294647
:105890002046BDE87040012201F08EBC05EB5605A4
:1058A000456070BDD0F8A40000B9704743799B07EC
:1058B00001D40068F8E70120704780F87B1070473A
:1058C00038B504460D46E8F71BFA80B2FFF768FFCB
:1058D00080B14288022DB4F8400011D0032D0BD0C6
:1058E000012D06D1A38FA26B1B01B3FBF2F3184469
:1058F00080B238BD0122EDE74FF47A43A26BF4E7A2
:10590000E38F5B00073313FB0200F1E738B5044671
:1059100001F041FE04F1A400FEF790F904F1A800A3
:10592000FEF78CF904F1AC00FEF788F92046E8F7A1
:10593000E7F9C4B22046FEF719FF05462046FEF7F8
:1059400017FF01462846FEF710FF38BDB0F8343186
:1059500010B5A0F832310446E8F7D2F9C0B2FFF72B
:1059600034FF94F8303194F8312104F1480100F00B
:1059700057FF014604F59470FEF76EFFB4F932212B
:10598000B4F934319A4209D0A36ADB0406D5204623
:10599000BDE810404FF40041E8F7C8B910BD806B76
:1059A0007047836A0A4600F14801C3F34020EAF7D2
:1059B00053BB38B504460D4642B9836A23F44053BD
:1059C00009B143F480530020A36238BDFEF786FF7F
:1059D00048B1A36A23F440530DB143F48053A3624A
:1059E00043F40053EFE71120EFE72DE9FF41836A0D
:1059F0000446DB0428D5B0F93481B0F932710020B7
:105A0000E6F7A8F98045CCBF0025012500F00DFF81
:105A1000C82294F83011E6F789F906462046E8F7DF
:105A20006FF9B045B4BF00260126002345EA4605BC
:105A3000CDE90085A8EB07073FB202971A4694F814
:105A4000301180B2FFF72CF804B0BDE8F0818A3045
:105A50007047F8B504460E4600295AD040F271232B
:105A6000876B30465F43A7F28A277F08394600F0EC
:105A700010FC94F89230851FADB29D4239463046F5
:105A8000A8BF1D4600F005FC94F89320831F9BB22D
:105A90009342A8BF1346F21E012AB4F88A10B4F844
:105AA0008C202BD8B1F5296F44F29020B8BF4FF469
:105AB00029618142A8BF0146B2F5296FB8BF4FF4F2
:105AC00029628242A8BF02461B2DB8BF1B251B2B93
:105AD000B8BF1B23304684F8953084F89450A4F85E
:105AE0008E10A4F8902000F0D4FB831F9BB2AB4231
:105AF000A8BF2B46DBB284F89630F8BDB1F5A47F81
:105B0000B8BF4FF4A471B2F5A47FB8BF4FF4A4722C
:105B1000DAE71B23EFE72DE9F341876B490089B2F0
:105B20008F42044616461D4639D040F27122436822
:105B3000816302FB073302FB11334360E8F7E0F8AF
:105B40004FF0000887B2334642460121384601959E
:105B5000CDF80080FFF72CFE3846FFF731FE4146B6
:105B60003846FFF726FE0123E18FA28FB14218D0FD
:105B70009542E68700D0A587A38FA26B1B01B3FBDC
:105B8000F2F3204694F83011A4F8A030FFF761FF3B
:105B90000421204602B0BDE8F041E8F7C7B8002371
:105BA000E2E79542E7D1A26AD207E5D5002BE3D11F
:105BB00002B0BDE8F081F0B585B004460E466A46F5
:105BC00000F18A0300F192071546186859680833F6
:105BD00003C5BB422A46F7D11868314628609B8826
:105BE0002046AB80FFF735FF9DF80B2094F89530E9
:105BF0009A4211D1BDF80620B4F890309A420BD1E8
:105C00009DF80A2094F894309A4205D1BDF80420FA
:105C1000B4F88E309A4207D04FF48141204605B047
:105C2000BDE8F040E8F782B805B0F0BD37B50446EE
:105C300094F89250BDF818008D420BD1B4F88A50F8
:105C4000954207D194F893509D4203D1B4F88C50FB
:105C500085421BD08DF80610ADF80420019D84F814
:105C6000921084F89330A4F88C0094F830112046F8
:105C7000C4F84051A4F88A20FFF79DFFB4F88E3095
:105C8000A4F88A30B4F89030A4F88C3003B030BD5A
:105C900070B5044616460D4690F83031B1B19942C0
:105CA00014D00122FEF714FE294600222046FEF7FA
:105CB0000DFE2946204684F83051FFF77CFF204630
:105CC000BDE870404FF48441E8F730B819462046EB
:105CD000FFF771FF002EF2D170BD30B4C56A15F028
:105CE000040F0DD145F00405C56280F89E10A0F8A0
:105CF0009A204FF4006130BCA0F89C30E8F716B849
:105D000030BC704710B511B190F89E400C7012B1C4
:105D1000B0F89A10118013B1B0F89C201A80C06AB4
:105D2000C0F3800010BD836A43F4806383627047D0
:105D300000F5A270704790F830017047F8B504463E
:105D400008F0ECFB65680646E5F79CFC2B1AB3F5FA
:105D5000FA7304D53046BDE8F84008F0DABB40F2EB
:105D60007122A16B94F874505143B3FBF1F3B4F872
:105D7000402098B2121AA4F8402094F8732000FB37
:105D80001522252592FBF5F705FB1722002AB8BF3F
:105D9000521984F87320B4F8A020121AA4F8A02095
:105DA000626800FB1122002120466260FFF77AF949
:105DB000D0E7F0B5036B04469B0790F87B6087B093
:105DC00001D5FFF7A3FD236BDF0700F14081236BB3
:105DD0009D0411D52046E7F793FFA16AC0B2C1F335
:105DE0004021FEF739FE002800F056814FF40051A3
:105DF00004F13000FFF799FC236BD90409D5002189
:105E00002046E8F797FC4FF4805104F13000FFF78B
:105E10008CFC236B5A0513D52046E7F771FF00234E
:105E200094F89F50C2B21946284600F0B6FE0028EA
:105E300000F032814FF4806104F13000FFF775FC0F
:105E4000236B5B0712D52046E7F75AFFA16BA38FA0
:105E5000E28FC1F34F0180B200F0DCFF002800F0B8
:105E60001B81042104F13000FFF75FFC236B1F0747
:105E70000AD5204601F070FD002800F00D810821B0
:105E800004F13000FFF751FC236BDD0617D52046E7
:105E9000E7F736FFE16A80B211F4805100F00F811C
:105EA000002101F04CF8002800F0F680E36A102190
:105EB00023F48053E36204F13000FFF736FC236BD8
:105EC000580613D52046E7F71BFF94F87B3080B2C5
:105ED0000093D4E9082301F015F8002800F0DC80D5
:105EE000402104F13000FFF720FC0026236B190548
:105EF00016D52046E7F704FF00230093B4F89C3042
:105F0000B4F89A2094F89E1080B2FEF758FD00284D
:105F100000F0C2804FF4006104F13000FFF705FC8F
:105F2000236B13F480452FD19A0513D52046E7F74C
:105F3000E7FE2B462A4694F8301180B2E6F7C6F801
:105F4000002800F0A9804FF4007104F13000FFF741
:105F5000ECFB2E46236B1B0616D52046E7F7D0FE3A
:105F6000B4F8903080B2009394F89530B4F88E2055
:105F700094F8941001F015F8002800F08D8080212D
:105F800004F13000FFF7D1FB236B9F060FD52046AD
:105F9000E7F7B6FE94F87B1080B200F0E7FF002828
:105FA0007AD0202104F13000FFF7BFFB0026236BDD
:105FB000DD0508D504F130004FF48071FFF7B5FB23
:105FC000204601F002FB236B180408D504F13000D1
:105FD0004FF40041FFF7A9FB2046FEF77BFC236B43
:105FE000D90308D504F130004FF48031FFF79DFB51
:105FF0002046FEF769FC236B9A0308D504F13000B4
:106000004FF40031FFF791FB2046FFF7E5FB236BD0
:106010009B0718D5002220461146FFF7DBFB2046E0
:10602000FFF7DAFB2046E7F76BFE94F87B1080B2AF
:1060300001F052F880B304F130000221FFF775FB44
:106040002046E8F70BF9012084F87B6025E0A76A79
:10605000F807C7F3803522D5002D0CBF0125032595
:106060002046E7F74DFE94F89F302946059300231C
:10607000049394F84230C7F340020393A38F80B295
:106080000293E38F0193A36BC3F34F03009304F1D7
:10609000750300F0DFFE20B9002007B0F0BD6D00F1
:1060A000DEE7012104F13000FFF73FFB50E8003F3D
:1060B00043F4005340E80032002AF7D187E600F0AD
:1060C00055FFF0E608B50220FDF783FF10B100F0A0
:1060D000E9FF012008BD826A002122F0C00282622D
:1060E000E8F728BB012310B5A1F12002C1F120047B
:1060F00023FA04F403FA02F222438B40D0E9084168
:1061000023400A40134314BF0120002010BDC36A7E
:1061100010B5044613F0080012D00123A1F12002AB
:10612000C1F1200023FA00F003FA02F202438B408F
:10613000D4E9080103400A40134314BF01200020A2
:1061400010BD10B50C46C9B2FFF7E1FF70B1E9F719
:10615000A7FCC4F12002A4F12003E04001FA02F2FE
:10616000104321FA03F3184300F0010010BD70B58D
:1061700004460E46EAF748FB08F0D0F9054602212E
:10618000204684F87B60E7F7D1FD20460121FEF729
:1061900078FF2846BDE8704008F0BBB970B50D46E1
:1061A000044608F0BBF906462046E7F747FD3046AF
:1061B00008F0AFF929462046BDE87040FFF7D7BF89
:1061C0000B68C0F84031704738B540F64805D0F844
:1061D00040310C460B609BB2AB4204D90B21FFF758
:1061E000B0FF08B9258038BD44F290232380FAE738
:1061F00008B5E7F7E7FE00F0F2FC00F03AFBEAF73B
:1062000003FAEAF7E1FFBDE80840EBF75DB838B5FF
:106210000546FEF7ABFA04462846FEF7A9FA2146E2
:1062200002460220FEF7AFFA38BD00230382704712
:10623000037C427C981AC0B2704710B5037C427C44
:106240005C1C9A1A047403F0030340F82310D0B2C4
:1062500010BD437C194401F0030150F82100704740
:10626000437C013343747047022808D0042803D0CC
:10627000012818BF0620704701F00101C81C7047B3
:1062800010B50C46E8F74CFE0279408804FB02008A
:1062900010BD10B50C46E8F743FE4388A3429BBFF0
:1062A000E41A03790020B4FBF3F010BD2DE9F041AE
:1062B0000F460446242118461E4615469DF81880B0
:1062C00000F00CFAC319B8F1000F37D1033E012ECC
:1062D00094BF0322022240F27126520006FB0233D1
:1062E00042F21072608941007143A1F2E246964287
:1062F000A8BF16466A1A921BD21A002AC2BFB2FB66
:10630000F1F202FB0112AD1AEA1A09D55242B2FBB0
:10631000F1F707FB011C01FB1722654402B96D1A56
:10632000EB1A8B4240F2E2470AD8B3FBF7F30222A2
:1063300098B2E27120812846BDE8F0810122CAE7C7
:106340005B1ABB42B8BF3B46B342A8BF3346B3FB60
:10635000F7F107FB1133CAB2002BEAD00132D2B2F7
:10636000E7E7002337B5044601A80193E5F7CAF82B
:10637000054640B9A368322043F00403A360019BA3
:106380002362E9F7EBF9284603B030BDE9F758BCC2
:1063900037B50546E9F77AFC04462DB12B68036052
:1063A000AB88A38003B030BDFEF701FA0322CDE92C
:1063B00000010DF105010DEB0200FDF74FF900980A
:1063C000BDF804302060ECE738B50546E9F75EFC1F
:1063D000044608F0A3F82B68A360AB88A381A379D7
:1063E00043F00103A37108F094F8012038BD38B5DB
:1063F0000C460546E9F74AFC014605B1083106227C
:106400002046FDF71BF9B0FA80F0400938BD10B501
:106410000446E9F73BFC036823608388A38010BD32
:1064200008B5E9F733FC807900F0010008BD10B52C
:106430000446E9F72BFC836823608389A38010BDA1
:1064400050E8003F0B4340E80032002AF8D1704783
:1064500070B50E461546E7F7DDFD044648B93046EF
:10646000E7F72CF8044620B92846E9F7B3FD0446BF
:1064700040B10020E7F7CEFD0020E7F71FF800202D
:10648000E9F7A8FD204670BD4FF40010F1F730BFCA
:10649000FFF77EBF112808B502D0122805D008BD2D
:1064A0001320BDE80840E9F759B9E9F769FBE9F7B6
:1064B000E5FBE9F7C3F91420F3E7E9F7FBB808B502
:1064C000E9F7AEF8BDE808401120E9F747B913280D
:1064D00008B502D0142809D008BDE9F7D7FBFFF7AB
:1064E00055FFBDE808401220E9F738B90020E9F768
:1064F000CFF8BDE80840F9F7D0BD704783790C3379
:10650000184470477047002337B5044601250193AE
:10651000204601A900F0FAF808B903B030BD01988F
:106520002A468379C1790025C91A0C33C9B21844A7
:10653000E5F7D2F9ECE70B7810B40478C3F38013D5
:10654000B3EBD41F09D132B9023106225DF8044BF6
:106550000830FDF773B80431F7E74FF0FF305DF80E
:10656000044B704729B143780C2B0CBF0320FF204C
:106570007047FF20704770B586B004469DF82860CC
:106580000B9D11B9FF2006B070BD62B9012204A9AC
:106590000DF10F00FDF7ECFED0B9204610F8021BFC
:1065A000C1F3801117E0002BF0D129463046FDF7EA
:1065B000D0FE0028EAD12378C3F38013B342E1D19F
:1065C00006222946A01CFDF739F80028DAD1DDE7BC
:1065D0009DF80F1004A8E7F763FE0028D2D101232D
:1065E000218B00930846638BA28B00F0EFFD0028FF
:1065F000C8D0627D531E072BC4D8238B9342C1D9C8
:10660000E28A9A42BED8A37F5BB9E37F4BB994F884
:10661000203033B994F821301BB994F822300F2B75
:10662000B0D994F823301B3303F01F030B2BA9D8E8
:106630000520A8E71FB50023CDF80A30ADF80E30CD
:10664000D0E90023CDE900230389B0F90C00ADF8AF
:106650000830E5F78DFB6846E5F768F805B05DF8AA
:1066600004FB1FB5CDE9001200228DF80B308DF828
:10667000082000F00F03C0F340128DF809208DF8B8
:106680000C30C0F3001243068DF80A2001D5E4F760
:1066900063FD6846E4F7A2FD05B05DF804FB1FB595
:1066A0000023CDE9003101238DF80830C0F34013F9
:1066B0008DF80930C0F300138DF80A3000F00F0395
:1066C0008DF80C3043068DF80B2001D5E4F744FD1E
:1066D0006846E4F783FD05B05DF804FB10B50C4691
:1066E00008B9E5F7B9F92146BDE81040FFF7C8BD84
:1066F0000B6803B11868086010B14379DB0703D554
:10670000003818BF012070470068F4E70B6813B920
:106710000860012070471868086020B1407900F0D7
:106720000100C0F1010000F001007047F0B587B032
:106730000D4616468DF8070002B9A3B329469DF809
:106740000700FDF713FE0446B8B929469DF8070077
:10675000FDF710FE40BB16B39DF80710003918BFB7
:10676000012128460DF10F02E9F7F4FBF8B99DF875
:106770000F40013418BF012416E004AF012239464E
:106780000DF10700FDF7F4FD04464EB19DF807300A
:10679000191E18BF0121002818BF3D46E1E701245A
:1067A000FDF7D3FD00B90124204607B0F0BD4FF03E
:1067B000FF34DEE737B50246136A084603F00204E9
:1067C00003F48055DB0705D47CB9FFF720FE204693
:1067D00003B030BD4CB9B5FA85F4D2F85B1064094A
:1067E0000160B2F85F208280F1E7019092F95A309F
:1067F000B5FA85F4009300231A4619461846FDF7AA
:10680000AFFD6409E3E7CB08C25C012301F0070197
:106810008B401A4214BF0120002070477047704718
:10682000024619460020E5F781BA00207047002093
:10683000704707B500214FF0FF336A4608460093C2
:106840008DF80430E9F708FC03B05DF804FB38B5B7
:106850000546006806F0BFFB0446287900F01F00DB
:1068600006F0B9FB2044C0B2012894BF00200120EB
:1068700038BD704770B515460E461C46FEF7DCFF66
:106880002B684EB103606B6843602368C0F8253005
:106890002368C0F8153070BD83606B68C3602368DF
:1068A000C0F829302368C0F81930F4E770B5054600
:1068B000FEF7C2FF044607F031FE06464021284697
:1068C000FEF7BEFF4FF400612846FEF7BFFF3046DB
:1068D00007F01FFE0023284623612375236284F8F6
:1068E0002430FEF7ABFF802310F0010F14BF237597
:1068F00084F8243070BD10B50446FFF7ECFB204649
:10690000BDE810401021E7F711BA10B504464FF466
:106910006061FEF79FFF2046BDE81040FFF7DBBB3C
:106920007FB506460C46FEF787FF4FF4C06105466B
:106930003046FEF78BFF4FF400613046FEF78AFFCA
:106940004FF48060E9F724F8224670B9694628467A
:10695000E9F7BCFA6B4605F1100213F8011B02F8C7
:10696000011DAA42F9D104B070BD6C4602F11006B7
:10697000234610685168083203C3B2421C46F7D15F
:10698000E8E737B50D46ADF80420FEF755FF04469D
:1069900000F12003024601992846E9F7BFF9236A6E
:1069A0000133236223B994F82430013384F824306E
:1069B00003B030BD37B50D46ADF80420FEF73CFFFF
:1069C00001990446024600F110032846E9F712FA3D
:1069D00030B123690133236113B9237D013323755A
:1069E00003B030BD41F0004141F4E0210160704747
:1069F000704710B5E5F752FA837900210C33C418BB
:106A0000E078E6F7F7FC68B1211DFEF735FD044696
:106A1000E5F74AFAE2B20023BDE8104042F2350140
:106A2000FDF774BF41F24204F2E72DE9F041E5F7CA
:106A300035FA837900250C33C418E678E5F72EFA89
:106A40000768E5F72BFAA6F1FE03594259410560A4
:106A50003046E6F7CFFC3B4629462279FEF75FFC3D
:106A60000446E5F721FA2B46E2B242F23701BDE8CF
:106A7000F041FDF74BBF2DE9F041E5F70FFA8379BF
:106A800000250C33C418E678E5F708FA0768E5F73F
:106A900005FAA6F1FE035942594105603046E6F772
:106AA000A9FC3B4622790121FEF739FC0446E5F7B3
:106AB000FBF92B46E2B242F23801BDE8F041FDF7A6
:106AC00025BF2DE9F047E5F7E9F983790C33C418C0
:106AD000277994F8038027B9B8F1010F27D0E6F79A
:106AE0002BFC00260534BE420ADB0025E5F7DCF965
:106AF000EAB20023BDE8F04742F23901FDF706BFD4
:106B00002078B4F80150A0F1FE035942594194F89D
:106B100003900434E6F76EFC60B12A464B464146CA
:106B2000E6F742FB05460028E0D10136DBE741F2FB
:106B30001205DBE741F24205D8E710B5E5F7AEF9FB
:106B4000837900210C33C418E078E6F753FC6168C0
:106B5000FEF7ABFC0446E5F7A7F9E2B20023BDE877
:106B600010404FF61941FDF7D1BE10B5E5F796F983
:106B7000837900210C33C418E078E6F73BFC6168A8
:106B8000FEF7ACFC0446E5F78FF9E2B20023BDE85E
:106B900010404FF61A41FDF7B9BEFE282DE9F84323
:106BA0000646894690461F4616D00220FDF711FA88
:106BB000044690B106221221FDF7CAFE1223A579E0
:106BC00020460C352544AB7085F803902E71A5F84E
:106BD0000580EF71E5F728F90120BDE8F8837047DB
:106BE00010B5E5F71FFC0446FDF78DFE2043C0B24B
:106BF00010BD38B5E5F752F98379C17903F10C027C
:106C00000244CB1A02200021B2F80350FDF770FBBA
:106C1000044640B9E5F748F90722BDE8384042F29A
:106C20001901FDF7A4BE2846E7F756F838B121460A
:106C3000EAF7DEFA0446E5F737F92246EDE72046A3
:106C4000E3F782FD0224F6E770B5E5F727F98379CB
:106C50001844B0F80F60B0B2E7F73EF880B10021F9
:106C600000F01FFE0546E5F71FF9044602232A46F9
:106C700042F21B01FDF74AFEA3791C44668270BDF7
:106C80000225F0E770B5E5F709F983790C33C418EC
:106C9000B4F803502846E7F71FF8A0B1611D00F0D3
:106CA00000FE0646E5F700F904460223324642F2AA
:106CB0001A01FDF72BFEE37923449D72E3792D0A37
:106CC0001C44E57270BD0226ECE710B5E5F7E6F866
:106CD00083790C3318444479B0F80300E6F7FCFFDD
:106CE00060B12146EAF766F80446E5F7DDF8E2B25E
:106CF00040F20641BDE81040FDF739BE0224F4E73A
:106D000070B5E5F7CBF883791844B0F80F5007F069
:106D100005FC04462846E6F7DFFF80B11621FFF7A1
:106D20003DFA0025204607F0F4FBE5F7BDF82A46BA
:106D3000BDE8704000234FF60441FDF7E7BD022592
:106D4000F0E7F8B5E5F7AAF8847905460C34044471
:106D5000B4F80300E6F7C0FF064640B9E5F7A4F82B
:106D60000222BDE8F84042F21301FDF700BEAB7904
:106D7000E97903F10C020220CB1A2A440021FDF725
:106D8000B7FA014618B9E5F78FF80722E9E78379E2
:106D9000033383713046B4F80D50B4F80F70E9F73F
:106DA000AFFF04463A4629463046E7F7A3FAE5F72F
:106DB0007BF82246D5E738B507F0B0FB0446FFF76D
:106DC0000FFF00280CBF0C250025E5F76DF82A46BB
:106DD00042F20E01FDF7EBFDE5F7C2FE2046BDE8ED
:106DE000384007F096BB10B5E5F758F883790C33B7
:106DF0000344B3F80300B3F80510C0B2E7F790FA04
:106E0000E5F752F8BDE81040002342F224011A468B
:106E1000FDF77CBD2DE9F8438146022088461746E0
:106E20001E46FDF7D6F8044690B10A220321FDF76D
:106E30008FFD0023A57920460C352544EB70A5F87D
:106E40000490A5F806802F816E81E4F7EDFF012004
:106E5000BDE8F8832DE9F043814685B002200E4657
:106E60001F469DF844808DF80F20FDF7B2F80546C7
:106E7000002844D022222921FDF76AFD0022AC79A6
:106E800030460C342C4404F10E0304F11401C4F810
:106E90000E209A806261228300913A460DF10F0123
:106EA000FDF756FA9DF84030A4F80490E37006F020
:106EB0000103A3719DF80F3016F0FD0FE3713B68DD
:106EC000A360BB88A3814FF6FF7304D0032E08BFD5
:106ED00043464FF0FF08BDF8302028466283BDF8D6
:106EE000342084F82180A283BDF838206384E283B3
:106EF0009DF83C2084F82020E4F796FF012005B09F
:106F0000BDE8F083F8B50746022016461D46FDF79A
:106F100060F8044690B10C220421FDF719FDA17917
:106F20009DF818300C31214420468F80C1F806604E
:106F3000C1F80A50CB70E4F777FF0120F8BD70B5B7
:106F4000064602200D46FDF744F8044668B10322C8
:106F50003021FDF71FFDA37920460C332344A3F80D
:106F600003609D70E4F760FF012070BD70B50646B8
:106F700002200D46FDF72DF8044688B104220821B1
:106F8000FDF708FDB5FA85F2A37952090C332344C5
:106F90002046A3F803605A719D70E4F745FF012075
:106FA00070BD2DE9F84381460220884617461E46EB
:106FB000FDF70FF80446B0B10B220721FDF7C8FC1E
:106FC000A579BDF820300C3525442046A5F803905E
:106FD000A5F80580A5F80770A5F80960A5F80B309D
:106FE000E4F722FF0120BDE8F883F8B50746022048
:106FF0000E461546FCF7EDFF0446A0B10D22052113
:10700000FDF7A6FCA37920460C332344A3F80370B4
:10701000A3F80D602A68C3F805206A68C3F8092040
:10702000E4F702FF0120F8BD2DE9FF4116466A464C
:1070300080460F4615460A9C03F1100E94461868C8
:1070400059680833ACE8030073456246F6D124B9A9
:107050000220FCF7BEFF044608B31D22ED212046A6
:10706000FDF767FCA3790C332344A3F80380A3F84E
:107070000D702EB13268C3F805207268C3F809207C
:107080000F3304AE2A4603CAB2421860596015464F
:1070900003F10803F6D12046E4F7C6FE012004B050
:1070A000BDE8F08113B51321827901900C32841868
:1070B00081544FF44072C280E7F770FCA07020B991
:1070C00001A8FCF7BBFD02B010BD8000013060706C
:1070D0000198E4F7A9FEF6E770B5064602200D46D2
:1070E000FCF777FF044678B104220521FDF752FC36
:1070F0000022A37920460C332344A3F803605D717A
:107100009A70E4F791FE012070BD13B58379019068
:107110000C33C418C05CE6F7DFFD20B901A8FCF70A
:107120008DFD02B010BD6378019913F0300F0CBFD4
:10713000012200228B7904338B714B7962F30003B7
:107140004B71E7F7F7FAECE72DE9F041E4F7A6FE1B
:1071500083790C33C418B4F803801FFA88F0E6F77B
:10716000BBFD054600B3A2796179FEF722FC064615
:10717000E4F79AFE07460223324642F27A01FDF70F
:10718000C5FBBB7938463B44A3F81280E4F74CFEBC
:1071900046B9A37933B12846FEF7CDFD014628460E
:1071A000FDF79EFBBDE8F0810226E1E74368143B52
:1071B0004360A0230B6070471AB94268A2EB5302E8
:1071C00042600A6802EB83020A607047884210B589
:1071D0001BD8052819D9B1F5486F16D8B3F5FA7F31
:1071E00013D240F67644A2F10A0080B2A0420CD835
:1071F000BDF8080001339BB243434B435B00B3EB44
:10720000C20F94BF0120002010BD0020FCE7C9433D
:1072100050E8003F0B4040E80032002AF8D17047A8
:10722000002070472DE9F04104460E460025012755
:10723000214685F00100FEF7F8FA4FF48051FFF780
:10724000E6FF8368804633B938460DB1BDE8F0816A
:1072500001250746ECE7028AB24206D1002201214D
:10726000204698470028EFD1EFE70268D10502D504
:1072700000221146F4E79307E6D52046FEF712FBFD
:1072800002460028E0D10521D8F80830E8E708B523
:10729000FEF7E5FA00230380436008BD70B506469B
:1072A0000C4607F03BF905463046FEF7D8FA30B1F8
:1072B00003781C4304704FF40070F1F719F8284666
:1072C000BDE8704007F025B9E7F734BA07B5427951
:1072D0008DF8071022F0030242F00302427140F2DF
:1072E00003320DF10701C2800122FCF783FC03B0D9
:1072F0005DF804FB70B50C4605460721204616468E
:10730000FFF7E4FF2046E9F7EFF9214646702846EB
:10731000BDE87040E7F70EBA38B50C4600210546C7
:10732000FEF7CEFA47F6FE73241AA4B29C4205D9A2
:1073300028462821FEF71BFF002038BD0120FCE76E
:1073400038B504460D4601460020FEF76EFA036884
:107350009B0505D429462046BDE83840FFF7DCBF31
:10736000002038BD2DE9F04115461F469DF81880D4
:10737000FEF75BFA044607F0D1F8B8F1010F0646B4
:1073800023D154E8003F43F4807344E80032002ADC
:10739000F7D105B354E8002F42F4007244E800230B
:1073A000002BF7D1FF212046FFF731FF54E8002FD3
:1073B00048EA020244E80023002BF7D13046A560DA
:1073C0002782BDE8F04107F0A4B84FF48071204651
:1073D000FFF71DFFDDE74FF400712046FFF717FFB1
:1073E000E0E773B5064601200C46FEF71EFA0023BF
:1073F00005461A46009321463046FFF7B3FF6B68F7
:1074000063B14FF480712046E6F790FC55E8003FE9
:1074100043F4007345E80032002AF7D107F07EF804
:1074200005462046FEF71BFA28B103881BB14FF42E
:107430000070F0F75DFF284602B0BDE8704007F02D
:1074400068B838B505460C46FEF7EFF983684BB1CE
:10745000022120460022984721462846BDE83840B0
:10746000FFF7BFBF38BD012938B505460C4608D027
:10747000CC1E012C03D801460120FFF7E2FF0120BA
:1074800038BD2221FEF719FA20462946FFF7D9FF19
:107490000020F5E708B5FEF7C8F9006800F0F00035
:1074A00008BD10B5014604460120FFF7F3FF20B9DF
:1074B0002146BDE81040FFF7EDBF10BD70B5064690
:1074C0000D4601460120FEF7B0F931460446002082
:1074D000FEF7ABF92268036842EA0301C90523D429
:1074E000920549BF248A4FF6FF74641BA4B29B0522
:1074F00054BF4FF6FF73038A304644BF5B1B9BB2F9
:107500009C42A8BF1C46FDF73BF9002804DB411B49
:1075100089B28C42A8BF0C464FF6FF739C4208BF4D
:107520004FF0FF34204670BD0124FBE72DE9F34105
:1075300004460191014601201546FEF776F92146E1
:1075400006460020FEF771F980462046FEF776F9E0
:10755000010706D501A8FCF771FB0C2002B0BDE8BD
:10756000F08106F0DBFF336807469A0503D4D8F8AC
:1075700000309B0509D50199301D8D60FCF74CFC4E
:10758000384606F0C6FF0020E8E706F0C2FF2046B6
:107590000199A847E2E738B5014604460120FEF705
:1075A00044F905460C30FCF749FB281DFCF746FB67
:1075B00021460020FEF739F904460C30FCF73EFB6B
:1075C000201DBDE83840FCF739BB70B501460546C3
:1075D0000120FEF72AF906460430FCF7B3FB044607
:1075E00070B14FF400713046FFF711FE2146284676
:1075F000A368984720B12046BDE87040E3F7A4B8DF
:1076000070BD00238260C0E90031704708B50B46A9
:1076100001461846FEF709F90068C0F3402008BD8E
:10762000FFF721BFCB1E012B70B504460D46164651
:1076300006D81A21FEF741F940212046E6F776FBED
:10764000324629462046BDE87040FFF70CBF38B5EA
:1076500004460D46FEF726F928B1012D04D122215A
:107660002046FEF72AF9002038BDF8B50C468B7984
:1076700007460B44D3F80D60D3F811303246E6F7D5
:10768000A9FF09212046FFF721FE2046E9F72CF843
:10769000A579E8F705FA0C3566F0FF0625440640A3
:1076A000C5F80160E8F7FCF93846C5F80510214631
:1076B000FFF70AFE02213846FFF7F0FDF8BD70B56E
:1076C0000E46054601460020FEF7AFF8012E04469F
:1076D00003D0022E11D0012070BDC16828468B79DD
:1076E00019440D31FEF75DF9E068E3F72DF800204D
:1076F0002946E060FFF775FEEDE7C068E3F724F880
:107700000023E360E7E738B50D4604460146012053
:10771000FEF78BF8012D08D100F112012046FEF78B
:1077200040F921462846FFF75CFE012038BD08B528
:10773000FEF78AF800F0010008BD38B50C460221BA
:107740000546FEF783F80C212046FFF7BFFD2046D3
:10775000E8F7CAFF4FF0FF3383700223C3700F2393
:107760004370602303710623214643712846BDE818
:107770003840FFF7A9BDF8B50C460546FEF75EF8A0
:1077800000F0010787F0010729463846FEF74DF85B
:107790000646C068012C837903D0022C20D001203A
:1077A000F8BD0C33C41823892846E288A188FEF767
:1077B000B2F96188627849005200284689B2FEF722
:1077C00051F8F068E2F7C0FF002328464FF48031FB
:1077D000F360FEF73FF829463846FFF702FEDEE782
:1077E000E2F7B2FF00234FF480312846F360FEF742
:1077F00031F8D4E7042910B5044601D0002010BDAB
:10780000FEF71CF800F00100C0F10200E8F7C0F834
:107810000028F3D1FCF7DDFB014608B90220EEE7B2
:107820002046E9F791FA0028F8D10120E7E72DE991
:10783000F0410F4604469046FEF700F800F00105BF
:1078400085F0010521462846FDF7EFFF012F06468A
:1078500003D0032F0FD001200BE02046FFF755F88F
:1078600022212046FEF729F828462146FFF7E9FDA8
:107870000020BDE8F081C068E2F766FF00232046E3
:10788000F360FFF742F8204698F80410FEF715F869
:1078900020462021E6F74AFA21462846FFF7D1FD87
:1078A000D9E737B504460D46FDF7CEFF00054FD5A5
:1078B0000220FCF78EFB019000284BD0204655B3E8
:1078C000FDF7BCFFC1070AD505210198FFF7FEFCB3
:1078D0000198E8F709FF20460199FFF7F5FC2946D2
:1078E0002046FFF71DF82046FDF7A8FFC2070FD47A
:1078F0004FF400612046FDF7ADFF06210198FFF728
:10790000E5FC0198E8F7F0FE20460199FFF7DCFC62
:10791000002003B030BDFDF791FFC3070DD50199DD
:10792000032306222046E8F7F1FE2046FEF7EDFF8E
:1079300021462846FFF785FDEAE701A8FCF77EF916
:1079400020463D21FEF713FC2046FEF7DEFFDFE771
:107950000C20DEE70720DCE7F7B5014604460020EF
:10796000FDF763FF054600F112074FF48060E8F76A
:107970000FF850B92046E6F7C3F93A46698B80B252
:1079800003B0BDE8F040FFF730BB2046E6F7B8F99A
:10799000064620466D8BFDF74FFF002203460092FE
:1079A00029463A46B0B2FFF73FFB03B0F0BD8378FB
:1079B0001A2B09D81B2383700288B2F5A47F07D243
:1079C0004FF4A473038007E0FB2BF5D9FB23F2E708
:1079D00044F290239A42F5D87047F0B50446CA792C
:1079E0008B7987B043EA0223ADF80C308B8803A86B
:1079F0008DF80E30CA788B7840F6480543EA0223AA
:107A0000ADF810300B8805A98DF81230FFF7CFFFC5
:107A100004A8FFF7CCFF2046FEF7D6FB0B2120463B
:107A2000FEF78FFB44F29023002818BF1D46BDF8D7
:107A30000C709DF80E30BDF81460BDF810209DF854
:107A400016009DF81210AF42D4BF00970095FB2B93
:107A5000A8BFFB23B242A8BF32468142A8BF01465D
:107A60002046FEF7E3F807B0F0BD37B514460546EB
:107A70001046FFF72BFC2046E8F736FE01A9044626
:107A80002846FEF7A1FB0B212846FEF75AFB6FF0B4
:107A900004036370002344F29022A37040F648036D
:107AA000002818BF1346A4F803309DF80630A4F848
:107AB0000530BDF80430A4F8073003B030BDFFF73F
:107AC000D2BC022973B505460C4603D000242046DB
:107AD00002B070BD0521FEF705FB0028F6D0E6F7E1
:107AE00025FC1B28F2D94FF40040E7F751FF00288E
:107AF000ECD1FCF76EFA06460028E8D0284601A92A
:107B0000FEF762FB314628469DF80630BDF804209A
:107B1000E9F7F0FB0028D9D10124D8E71FB54A1EA8
:107B2000042A03460C465FD8012902D1008804B01C
:107B300010BD022905D100885B88984238BF1846DD
:107B4000F5E74A00014601A8FBF7AAFD032C07D17F
:107B50000023ADF80A304FF6FF73ADF80C3001E0AA
:107B6000042CF8D0BDF80620BDF80430934284BF41
:107B7000ADF80630ADF80420BDF80A30BDF80C2091
:107B8000934288BFADF80A20BDF80A2088BFADF83F
:107B90000C30BDF80430934288BFADF80A30BDF810
:107BA0000620BDF80C309A4288BFADF80630BDF80B
:107BB0000820BDF80630934284BFADF80830ADF818
:107BC0000620BDF80A30BDF808209A4288BFADF8FB
:107BD0000830BDF80820BDF806309A4238BFADF82D
:107BE0000830BDF80800A2E74FF6FF709FE70120BC
:107BF0007047012938B504460D4608D12221FDF70A
:107C00005CFE28462146FFF71CFC002038BD0146DB
:107C10000120FFF7E6FB0120F8E78160704741EAA9
:107C2000002008B540F49020FAF788FB014640B1E7
:107C300010F1880F05D0BDE8084040F20740ECF78E
:107C40005FBE08BD0120704770B50C460646114660
:107C50001D46E9F767FD58B144EA06206FEA404047
:107C60006FEA50402A46BDE8704080B2F0F7B6BBDC
:107C700040F2064070BD10B50446E9F753FD50B11F
:107C800041EA04206FEA4040BDE810406FEA5040EE
:107C900080B2F0F7DBBB40F2064010BD83790146AD
:107CA0001A0703D506220020E9F7BCBD9B0602D5C2
:107CB00006220120F8E74FF0FF3070478379532BFD
:107CC00001D1E9F7E1BDFFF7E9BF70B506461446FB
:107CD0001D46E9F727FD10B90024204670BD41EA92
:107CE00006206FEA40406FEA50402A46214680B2A3
:107CF000F0F790FB0028F0D0EEE708B5ECF710F9AC
:107D0000002008BD2DE9F0410D46DDE90648164684
:107D10001F4600F0A6FD012C0AD860B144EA080411
:107D20003B46324629460694BDE8F04101F098BE34
:107D30002120BDE8F0812520FBE700207047A0F856
:107D40006E10704701238B4090F87110194380F832
:107D50007110704708B50120E2F70AFFC0B208BDF4
:107D600083790C331844704710B50446A1F1140010
:107D7000FBF7F0FF201A20EAE07080B210BD70B56A
:107D80001C460D461646FFF7EFFFA04207D32246DA
:107D90003146A5F11400FCF77EFA012070BD0020E9
:107DA000FCE770B506460D4614467AB90A462046E9
:107DB0000821FCF7CFF9044690B92A46082129206A
:107DC000FCF7C8F9044658B9204670BD1046FBF7C9
:107DD00035FF2046FCF7F1F808231D44A371E57137
:107DE000A3790C331C442670EEE72DE9F0411646CA
:107DF000069A074688461D46FFF7D3FF0446F8B1AA
:107E000014382A4631460690FCF745FA854218D9BF
:107E1000069B06A81C7904F02004FBF70FFF7CB931
:107E2000424608212920FCF795F9069040B12A46E0
:107E30003146FCF730FA854206D906A8FBF7FEFE6C
:107E400000242046BDE8F081069A93790C33D418BB
:107E5000D754F6E711B11439EAF7ACBA1A207047D3
:107E600038B5002204460D4602200321FFF799FF92
:107E7000014608B1A0F801502046BDE83840FFF7A0
:107E8000E9BFF8B504460F46164605210120069ABB
:107E90001D46FFF786FF014638B1477046800571E1
:107EA0002046BDE8F840FFF7D5BFF8BD38B50D4610
:107EB000032104460846FFF774FFA0F8015001466D
:107EC0002046BDE83840FFF7C5BF73B505460846F4
:107ED00011466C891A46641ABDF81830A4B29C4247
:107EE00028BF1C46079B089E00932346FFF77DFF93
:107EF000014630B12846348002B0BDE87040FFF73B
:107F0000A9BF1A2002B070BD012110B5002204469D
:107F10001320FFF746FF014620B12046BDE8104080
:107F2000FFF798BF10BDF7B54489054618460F46C0
:107F300016460193FBF70EFF053CA4B2844203DA18
:107F4000011B01A8FBF7A8FF05210198FCF745F8E4
:107F5000014628B901A8FBF771FE1A2003B0F0BD55
:107F600083790C33C2181720C8542846A2F8017030
:107F7000A2F80360EAF71EFAF0E7012110B500222B
:107F800004461920FFF70DFF014620B12046BDE849
:107F90001040FFF75FBF10BD73B50E460021448946
:107FA0000546033CA4B2A342009128BF2346032107
:107FB0001B20FFF71AFF014670B1012210F80F3C99
:107FC000A0F8016062F3071300F80F3C284602B0E6
:107FD000BDE87040FFF73EBF1A2002B070BD73B518
:107FE0000E46002144890546033CA4B2A3420091F9
:107FF00028BF234603211D20FFF7F7FE014638B1B5
:10800000A0F80160284602B0BDE87040FFF722BF2B
:108010001A2002B070BD4B88042B07D1836C0888EE
:108020005B8998428CBF0020012070470020704778
:1080300010B50446806920B10021EAF711F9002348
:10804000A36110BD07B501228DF807100DF10701DE
:10805000FCF721F903B05DF804FBF7B505464FF4D2
:1080600028500C4600F06AFF064600F0E9FCB0B369
:10807000022C02D8002003B0F0BD002731460DF1DC
:1080800005030DF106023846ADF8067000F01CFE3F
:10809000BDF80620631E934206461EDC072C1AD943
:1080A000023CADF806400824BDF80630002BE1D0B4
:1080B0000133D9B22846FFF7C5FF21462846FFF70E
:1080C000C1FF31462846BDF80620FCF7E4F8BDF8AC
:1080D00006000230CFE7ADF806700924E4E74FF060
:1080E000FF30C8E702292DE9F34104460D46174643
:1080F000184603D8002002B0BDE8F08100F01EFF52
:10810000064600F09DFC0028F4D04FF000083146F0
:108110000DF105030DF106024046ADF8068000F0B2
:10812000D3FDBDF80630BDF820200646934228BF97
:108130001346AB4228BF2B469DF80500ADF806302C
:10814000C0B9002BD7D001339AB29542D3D9D9B256
:108150002046FFF777FF39462046FFF773FF314689
:108160002046BDF80620FCF796F8BDF80600023060
:10817000C0B2C0E74046BEE707B501A9EAF7F0F98B
:1081800030B9019B586AC0F3C02003B05DF804FB0E
:108190000020FAE7002008B5EAF764FA08B9FF20E2
:1081A00006E0C37B012BF7D1436ADB06F4D50078E8
:1081B00008BD73B50E4601A91546EAF7D1F990B985
:1081C000019A546A14F010030FD0C4F300343470D1
:1081D000D37B5A1E042A02D8D81E18BF012028704B
:1081E000012002B070BD0020FBE71846F9E738B562
:1081F000436A04465B0705D5002300781A461946F2
:10820000ECF78AF9636A9D0706D52046EAF7BCF9C0
:10821000636A23F002036362636A18070DD521467F
:10822000E27911F8010BC2F3C002ECF717F9054629
:10823000E8B9636A23F008036362204600F067FA36
:108240000546A0B9626AD10611D5D30404D52046EB
:1082500000F027F940B11BE01206E37B09D4E37B71
:10826000626A023B012B15D9616A48071FD4284670
:1082700038BD03F0FB03012BF6D021692078ECF721
:1082800013F9636A256123F0800363620028E6D056
:108290000546ECE7D305E7D561692078ECF720F9CE
:1082A00000236361636A23F480736362D2E7E37B34
:1082B000A28D012B03D1A2B1802A28BF802211F008
:1082C000400F94F830304FF0010118BF012320789F
:1082D000ECF722F90028DBD1636A23F00403636220
:1082E000C5E74022EBE7002010B5EAF7BBF90446EA
:1082F00000B910BD636ADA060BD55B0409D42046C9
:10830000EAF7A4F8636A204643F006036362FFF7C6
:108310006EFF2046E9E713B50C4601A9EAF720F9FC
:1083200050B9022C07D802462146019802B0BDE898
:108330001040EAF7B5B9212002B010BDF7B50E46DE
:1083400001A915461F46EAF70BF9F8B9019C626AC4
:1083500093050BD44FF6DF73A6F12001994217D88D
:10836000A5F12001994213D8AE4211D8E369B34276
:1083700002D1236AAB4204D0C4E9076542F002028D
:1083800062629DF82030A78584F8303003B0F0BDDC
:108390002120FBE790F8393037B55B0704460D46DE
:1083A0002AD4EAF753F86B1E042B14D8032D12D0ED
:1083B000E379142B22D0A3696BB9684600F0A2F9C7
:1083C000EAF7A6FC6946E9F7C1FE18B91A2528465E
:1083D00003B030BDA061636AE57343F016036362C6
:1083E000EEF79EFF2046FFF702FF05460028EED07D
:1083F0002046FFF71DFEEAE70225E8E72125E6E72C
:1084000007B501A9EAF7ACF830B90198C17B03B010
:108410005DF804EBFFF7BEBF03B05DF804FB37B5B2
:108420000C4601A9EAF79CF818B9052C019D02D960
:10843000212003B030BD2869FBF78CFC1F28F7D83A
:108440006869FBF787FC1F28F2D8012CF0D0231FA6
:10845000012BEDD9214628466B6A23F482536B62C7
:1084600003B0BDE83040FFF795BF37B5FFF792FE88
:10847000FF28044613D001A9EAF772F878B9019DE4
:108480006B6A284623F010036B62FFF7D1FD20468C
:1084900005F1340103B0BDE83040EFF7FBB803B09D
:1084A00030BD436A10B5044613F080000CD0E37B66
:1084B0002078032B216908D1ECF712F800232361FF
:1084C000636A23F08003636210BDEBF7EDFFF5E70D
:1084D00073B56E4604464A7930460D460631EAF7D2
:1084E0005BFC96E80300A4F85010090C11F0800F13
:1084F000E06484F8521004F1530312D001221846AC
:1085000005F11201EAF748FC0C35284603F08AFD14
:1085100028B10122294604F15A00EAF73DFC02B0D5
:1085200070BDB4F8501094F85220C4F853009980EC
:108530009A71E9E7002337B580F8723040F6FF738F
:10854000A0F86E3083680446DA040D46C16010D48A
:1085500043F480636A46A36040F203212046CDE9DC
:10856000004504F0D7FD00212046E9F779FE03B06D
:1085700030BD90F87600FFF743FFA36823F48053E3
:10858000E8E71FB590F87420044602F0010301905B
:108590008DF808300BB102F002038DF8093094F821
:1085A000753020468DF80A30039102F0D1F94FF46E
:1085B000017101AA204604F0ADFD2046E9F7C6FE90
:1085C00004B010BDE9F724BE0A460021EBF750BD08
:1085D000826838B5C2F380320446B0F86E000D46AA
:1085E000EBF7ECFD20B9A3681DB143F40053A36081
:1085F00038BD23F40053FAE710B50446B0F8030081
:10860000E9F7E2FD38B1617909B141F48051BDE883
:108610001040FFF78FBF10BD10B50446B0F803003F
:10862000E9F7D2FD38B1A17809B141F48051BDE834
:108630001040FFF7A6BF10BD10B50446B0F8030008
:10864000E9F7C2FD90B1627990F874305AB143F005
:10865000010380F87430A17809B141F48051BDE87C
:108660001040FFF78EBF03F0FE03F2E710BD10B518
:1086700004468088E9F7A8FDB8B1E278AAB9E179A3
:10868000A27942EA0122A0F86220E17AA27A42EAC3
:108690000122A0F86420227A617ABDE8104042EA03
:1086A0000122A0F86620E9F751BE10BD10B50446BE
:1086B0008088E9F789FD20B1A179BDE81040E9F78C
:1086C00067BE10BD532838B505460C4604D1BDE839
:1086D00038400846ECF798B90620F7F76DFB60B90B
:1086E0006379142D03F03F03637104D0722D07D119
:1086F00063F03F036371A57138BD40F20740FBE7AB
:108700002120F9E7002303608380837170470020F4
:10871000704710B5044660B1806C50B1EAF7A4FB15
:10872000A06C0028FAD12046BDE810400321E9F7EB
:1087300097BD10BD438907B58B420CD050F80C2B68
:1087400040F2014192F87020ADF806308DF8042017
:1087500001AA04F0DFFC03B05DF804FB436943F0B9
:10876000040343617047436923F004034361704786
:108770004069C0F38000704747F230530022006820
:10878000F7F740BA006804F058BC38B543690446AE
:108790009B070D4603D540F20941FFF7F3FFE9F7C8
:1087A00027FE08B1A3691D702046BDE8384040F29D
:1087B0000941FFF7E1BF07B5027C012A09D0012278
:1087C000027440F20942914206D040F20A429142BC
:1087D0000ED003B05DF804FB4FF4816150F80C3B00
:1087E00001AA93F870308DF8043004F093FCF0E7A0
:1087F00050F80C3B01AA93F870308DF80430F4E780
:1088000038B522F000430D46114640F20322934250
:1088100004461AD0B3F5017F09D240F201229342F7
:1088200013D040F20222934209D0002038BD6FF4E9
:1088300081621344012BF8D8FFF7BDFFF5E700F084
:1088400020F9204601F02FF9EFE763699B0704D573
:1088500040F209412046FFF795FF2846FFF759FFF0
:10886000E3E708B5E9F7BEFC00B1806C08BD08B5C8
:1088700000B10068E9F7C4FC08B9034602E0836C64
:10888000002BF7D0184608BD10B5044642F62A3032
:1088900000F054FB031B5842584110BD022806D17A
:1088A00042F62A330888C31A5842584170470020BC
:1088B000704710B5044642F6293000F03FFB031B19
:1088C0005842584110BD90F8200000F00100704758
:1088D0001FB504466846EAF7EBFB1022694604F12F
:1088E0002100FAF7ABFEB0FA80F0400904B010BDE9
:1088F00008B5FFF7EDFFB0FA80F0400908BD70B58C
:10890000044600F1210591B92846EAF7D1FB236816
:1089100093F97500E8F706FF78B120682B46BDE8AB
:10892000704010220D2190F97500FFF78DB91022CB
:1089300000212846FAF7ACFEE9E770BD38B50446D9
:10894000002390F8202041FA03F0C50703D442FA2F
:1089500003F0C0071ED40133082BF4D101F0010548
:1089600023682A4384F8202093F97500E8F7DAFE9B
:1089700040B1234653F8200B01220C2190F97500D9
:10898000FFF762F90DB9002038BD00212046FFF73E
:10899000B6FFF8E71320F7E768B13F290AD800EBE4
:1089A000A10090F8310001F003014900084100F0F6
:1089B000030070470020704710B50368044693F920
:1089C0007500E8F7AFFE50B12346BDE8104053F8FC
:1089D000310B10220B2190F97500FFF735B910BD4E
:1089E00010B590F87430DB0706D490F97530013378
:1089F00014BF0F20052010BD847CEBF7D7FE844206
:108A000034BF0C200020F6E730B5044685B0684638
:108A1000EAF74EFB1021684604F095FB2046EAF782
:108A200055FD6B46C26804AD06321C4603CCAC4211
:108A300010605160234602F10802F6D105B030BD46
:108A400008B5EAF743FD08B1EAF714FDC0B208BD66
:108A5000013810B580B2EAF739FD044608B90020A4
:108A600010BD408800F09CFB0028F8D0207BF7E781
:108A700008B5EAF72BFD18B1007AC31F58425841D8
:108A800008BD70B5054655F8213B044693F97500BD
:108A9000E8F748FE20B92846BDE87040EAF708BB71
:108AA000234653F8310B10220B2190F97500FFF784
:108AB0000CF9234653F8200B01220C2190F9750084
:108AC000FFF703F920682B46BDE8704010220D2106
:108AD00090F97500FFF7F9B801302DE9F04185B242
:108AE00028460E46EAF7F2FC42F60217044642F622
:108AF00003089CB12046EAF7BDFC78B1204600F09F
:108B00005EFBB84205D10EB123883380607BBDE89F
:108B1000F081204600F053FB404502D14FF0FF307A
:108B2000F5E70135ADB22846EAF7D0FC0446E0E7A8
:108B30002DE9F04707460E4690460D4642F60219CB
:108B400042F6030A0135ADB22846EAF7BFFC0446F7
:108B500078B1EAF78FFC60B1204600F030FB484561
:108B600005D1237A072B04D10320BDE8F0875045B7
:108B7000E8D141463046FFF7AFFF431C014604D021
:108B80003846BDE8F047FFF707BF0020EDE770B5B6
:108B9000054608461646EAF799FC044608B901203E
:108BA00070BDEAF767FC0028F9D0F00713D4B107CD
:108BB00034D4720702D5A3885B0732D516F0060FAE
:108BC00031D116F40060EBD0A38813F4006F14BF0A
:108BD00000200620E4E7A388DA0743D513F0700FDE
:108BE0000AD1980610D45806E1D52B6893F9753050
:108BF0000133DCD10820D3E72868FFF7F1FEA38812
:108C0000990608D50028CBD12A6892F874209207DB
:108C1000E9D40520C4E70028C2D1E4E7A388990776
:108C2000C7D40320BCE7A38813F4E06F09D19805EB
:108C30000FD45B05C5D52B6893F975300133C0D1CE
:108C4000D8E72868FFF7CCFEA388990507D5002848
:108C5000A6D12A6892F874209207EAD4D9E70028AE
:108C60009ED1E6E702209BE738B504460846EAF7BE
:108C70002DFC054608B9012038BDEAF7FBFB0028AA
:108C8000F9D0AB8813F4E04F0CD1980412D413F44C
:108C90008040F1D0236893F97500431C5842584135
:108CA000C000E9E72068FFF79BFEAB88990408D570
:108CB0000028E1D1226892F874209207E7D40520B9
:108CC000DAE70028D8D1E2E72DE9F0474FF00009B4
:108CD000044683F800900846A2F80090884616469D
:108CE0001D46EAF7F3FB074620B9012300202B704D
:108CF000BDE8F08774B1EAF7BDFB0028F5D0404627
:108D0000FFF7D7FD30B1012385F8009004F1200072
:108D10003380EDE72B46324639462046BDE8F04722
:108D2000EAF752B9F8B516461C460F46BDF9185079
:108D300009B90120F8BD50B93B7A072B0DD8DFE8FF
:108D400003F004181E272E0404160320F2E7084639
:108D5000EAF790FB0028EFD1EBE725EAE573B34291
:108D600014DBA0199842CCBF0D200020E2E7802040
:108D7000E0E7FB685B88AB42B8BF2B46EFE7FA68D9
:108D80009388AB42B8BF2B46B34206DA0720D1E73F
:108D9000022D2B46B8BF0223E1E75388E1E7062006
:108DA000C8E72DE9FF4704460846894690460393E5
:108DB000EAF78CFB054638B903A8FAF73FFF01270D
:108DC000384604B0BDE8F087EAF754FB0028F3D03A
:108DD000039888B1FAF7BEFF86B24FF0FF334246E0
:108DE0000093294633462046FFF79CFF074628B1EB
:108DF00003A8FAF723FFE3E70646EEE795F808A095
:108E0000BAF1020F31D0BAF1030F33D0BAF1010F2A
:108E100008D0002C4ED14FF0000A03A8FAF70EFF3D
:108E20005746CDE7E86806303B4632460399404452
:108E3000FAF7F3FE002CEED02B7A032B3AD103A8DD
:108E4000FAF7FCFE00212846EAF7FCFA70B3068820
:108E5000697B2046FFF7A0FD0122034631462046EC
:108E6000CDF8009000F093FCAAE7E86806EB080351
:108E70008380D8E7039B9A79D979891AC9B2481EA9
:108E8000012810D8134402291A7B04BF5B7B42EAF5
:108E900003222B7B32EA0303BFD101232046697BE7
:108EA000EAF768F8C6E74FF00D0AB6E709F1FF36B2
:108EB000B6B2CDE7039B4946009320464346227F46
:108EC00000F04BFC7CE7884270B504460D46164620
:108ED00011D8012838BF01242046EAF7F7FA10B16B
:108EE0004388B34208D00134A4B22046EAF7D2FA4C
:108EF00008B1A542F0D20024204670BD70B50C46E2
:108F000016461D460146B8B1B3B1022C01D0102C53
:108F100012D1E0B2EAF712FA4FF6FF718842024628
:108F200002D141F20A1070BD3046FFF7CCFF002895
:108F3000F7D028800020F6E72120F4E7002307B5CA
:108F40000122ADF80400ADF8063002210DF1060350
:108F500001A8FFF7D3FFBDF8060003B05DF804FBDE
:108F6000F8B50F461646441CA4B22046EAF7AEFAFE
:108F700010B9013CA0B2F8BD00F021F90546304619
:108F800000F0F9F820B1284600F0F5F80028F0D1FB
:108F9000304600F0E9F820B1284600F0E5F8002856
:108FA000E7D10134A4B22046EAF774FA08B1BC4212
:108FB000DBD94FF6FF70DEE72DE9F04F9A4687B018
:108FC0008B880D460C88814604A90220ADF810302C
:108FD0009046EAF7B3F9AB680090A888AF8905938B
:108FE00000F0C2F838B1102F05D105A8EAF78CF9C6
:108FF000022808BF02279DF840B00BF0010B38E0B3
:109000002046009AFFF75FFF0646A8B3AA88698842
:10901000FFF7A6FF04463046FFF712FD40EA0B00BB
:10902000C0B200B30DF10F03314648460DF11202F4
:10903000FFF74AFE9DF80F302BB1A8F800601846E4
:1090400007B0BDE8F08FBDF81220BA420BD13A4606
:1090500005990193FAF7F2FA019B20B9A8F800608C
:10906000AAF80040EBE74FF6FF739C4201D00134B1
:10907000A4B26988A142C3D20A23E0E708B5EAF79F
:1090800025FABDE8084000F09AB838B5054608460C
:10909000EAF71CFA044610B94FF6FF7038BD0DB957
:1090A0006088FBE7EAF7E6F90028F9D1F4E770B544
:1090B000044642F60520FFF741FFB0B10021FFF75B
:1090C0000BFD054601462046FFF766FC06461022CA
:1090D000002104F13100FAF7DBFA32462946204636
:1090E000BDE870400023E9F745BF70BD7FB5044679
:1090F0000D46102200216846FAF7CAFA0026AB573F
:109100005A1C1BD031462046FFF746FC1946002B5F
:10911000B8BFD91C04AA02EBA10100F00302584217
:1091200000F0030003F0030358BF43425B0002FA60
:1091300003F311F8102C134301F8103C0136402EB4
:10914000DDD16B4604F1310504AE1A4603CAB242C2
:1091500028606960134605F10805F6D1204604B081
:10916000BDE87040FFF728BCA0F5205001288CBF57
:1091700000200120704742F60303C31A58425841A9
:10918000704708B5030409D4EAF7A4F8A0F5205005
:1091900080B201288CBF0020012008BD0020FCE720
:1091A000020408B507D4EAF795F842F60303C31A98
:1091B0005842584108BD0020FCE7C00B70470346E9
:1091C000B3F902304088002B01DBEAF783B80020B6
:1091D000704708B5FFF7F3FF42F60303C31A58427E
:1091E000584108BD08B5FFF7EAFFA0F5205080B24E
:1091F00001288CBF0020012008BD1FB550F80C4B82
:10920000ADF80A3094F87040069BADF806108DF862
:10921000082040F2035101AA8DF80440039303F0A3
:1092200079FF10B906A8FAF709FD04B010BD2DE9C1
:10923000F04F4FF0000889B005460E461446CDF8B1
:10924000148000F1440712B305A8FAF7F7FC38467A
:10925000FAF7F4FC85F81C800023324600931821AD
:1092600023462846FEF70DFE04F58854284650F89C
:109270000C3B40F2055193F8703006AA8DF8183077
:10928000079403F047FF002009B0BDE8F08F436961
:109290001A070ED523F00803436105A8FAF7CEFCA0
:1092A0003846FAF7CBFC2C772846FEF766FE0024FA
:1092B000DCE7406C059048B980463846FAF7DCFC9C
:1092C00003460590002846D1044657E083794FF0C5
:1092D000FF3B0C331844B0F80160B0F803A03046EF
:1092E000EAF7F4F803900598FAF7E0FC6C6CA0F14B
:1092F00005081FFA88F8059BA3420ED14346524643
:1093000028460399CDF800B0FFF70CFD0446F0B1F4
:109310004FF00008CDF8148096E7A3790C3304EBE6
:109320000309B9F80120B2420CD12046FAF7BEFC7D
:10933000B9F80320431F12FA83F35B45B8BF5B46BD
:109340000FFA83FB2046FAF7AAFC0446D3E70598F8
:10935000FAF7A5FCAEE79979284601F10C021A4408
:10936000B2F801600531B2F8032099713146FFF778
:1093700018FDCDF81480044600289ED005A8FAF701
:109380005DFC3846FAF75AFC00232B77002C8BD073
:1093900062E72DE9F047089C0E46174698460546B9
:1093A00010B1037C012B61D02846FFF7D7F914F0E8
:1093B0008009304614BF4FF0200A4FF0100AFFF723
:1093C00047FB1AEA000F4DD03046FFF757FE42F632
:1093D000052398420FD114F0010219D031462846D6
:1093E000FFF742FC08B300F588542846FFF7BBF9A5
:1093F0002046BDE8F0872846FFF765FA0028EAD046
:109400002846FFF775FA0028E5D041F21214ECE780
:10941000B9F1000F3146284614BF02240124FFF79A
:1094200087FB2042DAD10224DFE7B9F1000F11D027
:10943000EB8BCBB943463A4631462846FEF7CFFD83
:1094400004460028D1D140F20A412846EE83FFF7B6
:1094500093F9CAE743463A4631462846FEF79CFD53
:109460000446C2E72124C0E70524BEE70724BFE77E
:109470002DE9F047002586B09DF8389090F81CA0A3
:1094800004460F4690460F9E0577B9F1000F09D0AC
:109490000A464B4651460096FEF7F3FC284606B0B6
:1094A000BDE8F087BAF1080FADF8169026D14589CE
:1094B0003246043DADB29D424FF002014FF009002B
:1094C000A8BF1D46FEF76DFC0222814605A9304665
:1094D000ADF81470FAF7DFFE2A4641463046FAF737
:1094E000DAFE0546831C3146204689F80130E8F74C
:1094F00061FFADF81650BDF81600D0E7BAF10A0FBB
:109500000DF116020CBF0B210D21CDE90162009374
:1095100001224346FEF7D9FC1A28ECD111233A4622
:1095200051462046CDF80090ADF81690FEF7A9FC04
:10953000E1E7F0B5002589B01746012204460E4642
:109540000393ADF81650FFF722FB8DF815000028A5
:1095500046D13046FFF798F910B13046FFF754FA7C
:109560003046FFF785FAB8B103A8FAF767FB204643
:1095700050F80C2B237F92F8702040F202518DF8A6
:10958000182006AAADF81A608DF81C30ADF81E70D0
:1095900003F0C0FD09B0F0BD0DF115030DF1160289
:1095A00031462046FFF790FB9DF8153002465BB927
:1095B000BDF81630BB4235BF0723DB1B8DF81530D5
:1095C000D21928BFADF81630039B314601939DF8A0
:1095D000153020460093BDF81630FFF749FFD9E754
:1095E0002A46F1E72DE9F04F89B00290184615465A
:1095F00005930C46FEF7B4FB80460598FAF7AAFBE4
:109600000023B0F1010AB5F80A908DF81D3000F082
:1096100089801AF0010740F085805046E1F7BAFAD8
:109620000646002800F08480524608F10101FAF74E
:1096300037F801212046059AFEF7B3FBB8460AEB3E
:10964000DA7A09F1FF3B03904FEA6A0ABA4544DD32
:1096500036F81740012221462846FFF798FA8DF880
:109660001D0068B92046FFF70FF910B12046FFF73B
:10967000CBF92046FFF7FCF978B180238DF81D3037
:109680003046FAF74FFE059B2246009328469DF888
:109690001D300299FEF7F5FB26E00DF11D03214672
:1096A00028460DF11E02FFF70FFB9DF81D300490B8
:1096B000002BE5D1029B202B1BD1ABEB0803012B28
:1096C0000BDD0DF11E0102220598FAF7E4FD0128D9
:1096D00001460CD805A8FAF7DFFB3046FAF722FE60
:1096E00028460399FEF7B6FB09B0BDE8F08F08F1F4
:1096F0000208BDF81E20ABEB08039A42C2BF09F175
:10970000FF33A3EB0803ADF81E30BDF81E20DDE9E2
:109710000410FAF7C0FDBDF81E309842DDD398441E
:10972000013793E7042300248DF81D302646A7E770
:109730001123F8E770B504460D461646FFF7A4F866
:1097400040B933462A462146FFF72BFB08B100F506
:10975000885070BD41F20310FBE71FB550F80C4B69
:10976000ADF80A3094F87040069BADF806108DF8FD
:10977000082040F2015101AA8DF80440039303F040
:10978000C9FC10B906A8FAF759FA04B010BD1FB504
:1097900050F80C4BADF80A3094F87040BDF8183012
:1097A000ADF806108DF8082040F2045101AA8DF89A
:1097B0000440ADF80C3003F0ADFC04B010BDF0B5C2
:1097C000122785B003920777022205460E46FFF75F
:1097D000DEF9044668B103A8FAF730FA00232B77C4
:1097E000002332460093122123462846FEF749FB08
:1097F0000FE0039A3046937903339371FFF738F9FA
:1098000048B1039B3A460093314623462846FFF76A
:10981000F4FC05B0F0BD42F62930FFF78FFBB042F3
:1098200020D1039830B903A8FAF708FA00230D24D1
:109830002B77D5E7FAF78EFA80B20128F3D1039B94
:1098400028469A791344197BFFF778F8044603A851
:10985000FAF7F4F900232B77002CC1D12846FEF744
:1098600053FBD6E7224631462846039BFFF799FA79
:109870000446EFE72DE9FF410392042204460D461A
:10988000FFF785F9074628B103A8FAF7D7F904B01E
:10989000BDE8F0814FF05208039A284693790333CC
:1098A000937184F81C80FFF7E3F8064640B1039BF0
:1098B0004246009329463B462046FFF79EFCE6E7DA
:1098C00042F62930FFF73AFBA842039B0BD19A7965
:1098D00020461344197BFFF731F803A8FAF7AEF9D5
:1098E00000232377D3E7324629462046FFF759FA6B
:1098F000F6E72DE9FF418B7904460C330B44B3F8AE
:1099000001700E463846B3F80380FFF799F8002837
:1099100058D0022239462046FFF739F90546E8B902
:109920003846FFF7A5F868B116222277B379394691
:109930000533B371204643460096FFF75EFC04B042
:10994000BDE8F081E1F7FCF833461B680135EDB264
:10995000002BFAD10635A8421DDC092504F144008C
:10996000FAF76CF92B463A46162120460096FEF788
:1099700088FA092DE3D1204650F80C3B40F20551FE
:1099800093F8703002AA8DF8083041F2091303935E
:1099900003F0C0FBD3E701213046FAF7E3FB0146B1
:1099A0000028DAD004F14400FAF736FAB3794246D7
:1099B0000533B37139463346204604B0BDE8F04163
:1099C000FEF7B1BA0125C9E713B5044641B94430E1
:1099D000FAF734F9204602B0BDE81040FEF7CDBAE0
:1099E00018224369027713F0080306D000231946B2
:1099F0000093FFF702FC02B010BD1A46194602B0F0
:109A0000BDE81040FFF713BC7FB5C58B04462DB3EE
:109A100042F60520FFF792FAA84207D1002120461E
:109A2000FEF76DFF636923F001036361002640F2D6
:109A30000A412046FEF7A6FE29460DF10E022046F9
:109A4000ADF80E60FFF774F8BDF80E2003460092E3
:109A5000294602222046FFF79AFEE68304B070BD35
:109A60002DE9F047DDF820900E4690461F4604464B
:109A700018B941F20110BDE8F0870846FEF7E0FF93
:109A80000028F6D06589033DADB2AF4209D83B4608
:109A9000424631462046CDF82090BDE8F047FFF71A
:109AA00078BC4920E7E72DE9F041054688B042F649
:109AB0000520FFF743FA064604A8E9F7F9FA102251
:109AC00005F121010DEB0200F9F7B8FD50B10121BC
:109AD0002846FEF714FF2846FFF7E9FA6B6923F0E2
:109AE00001036B6142F60303022003A9ADF80C30B9
:109AF000E9F724FC012407464FF0000820463A46C7
:109B00004FF6FF71FFF7DFF9044610B908B0BDE862
:109B1000F081FEF795FF0134A4B20028EED0A642F2
:109B200003D131462846E9F72DFD214628460DF19F
:109B30000E02ADF80E80FEF7FBFF03460028DDD0D5
:109B4000BDF80E202146009228460122FFF71FFE95
:109B5000D4E708B5E9F79AFA0020EAF74DF90020B2
:109B600008BD10B5044680691430FAF767F8A0699B
:109B7000BDE810401830FAF761B82DE9F0410F4602
:109B8000144605461E46FFF7ECFF23463A460821D9
:109B90000020D5F81880FAF7ABFBAA69C8F81400C2
:109BA000536923B1002054811682BDE8F0811A2048
:109BB000FBE770B504460846FAF7CCF8A16986B20F
:109BC0008A894D8912B1521B96420CDA6389581E5C
:109BD00080B225B90A78082A04BF043B98B2831BD7
:109BE0005842584170BD0020FCE730B5044654F897
:109BF0000C0B8DB09DF8405090F8700042EA014285
:109C00008DF804001946029203A82A460795F9F731
:109C100047FD40F20241204601AA03F07BFA0DB055
:109C200030BD10B550F80C4B86B094F87040ADF8CC
:109C30000E10ADF8102040F2064103AA01938DF8F2
:109C40000C40059303F066FA10B901A8F9F7F6FF86
:109C500006B010BD37B504460D46FFF782FF20461B
:109C600040F20941FEF78EFD00222046A36940F232
:109C700007411A7050F80C3B6A4693F87030019512
:109C80008DF8003003F046FA03B030BD13B50191F2
:109C90000021044602F0C1FA0422002320460DEB05
:109CA0000201FFF76AFF02B010BDF0B504460F468F
:109CB0001E46154685B052B983691B78072B30D0F4
:109CC000082B14BF15460925002E18BF0D250A982C
:109CD000FAF740F8A3699A894AB15B8981B2D21A2E
:109CE000914204DD92B2891A0AA8FAF7D5F8204603
:109CF00050F80C3B40F2054193F8703001AA8DF802
:109D000004300A9BADF806708DF80850ADF80A6073
:109D1000039303F0FFF910B90AA8F9F78FFF05B014
:109D2000F0BD0B25D0E7B0F80AC02DE9F041ACF149
:109D3000020C9C4505460E4617461C4603DDBDE851
:109D4000F04102F017BA836922461981002339468F
:109D5000FFF713FF044658B9AB690246314628465F
:109D60000E3302F020FA044610B12846FFF7F9FE40
:109D70002046BDE8F0812DE9F043202A8FB005464A
:109D800017461C4603910BD941F20414214628467C
:109D9000FFF760FF03A8F9F751FF0FB0BDE8F083AC
:109DA000002B46D10846A2F10608F9F7D3FF4FF67B
:109DB000FF765FFA88F81FFA80F94C4510D3AB693B
:109DC000DA88B24239D942F60203ADF814300223E0
:109DD000711C0093284605AB89B202F074F925E0A6
:109DE00023463A46039906A8F9F717FFAB69BDF871
:109DF00018609A88B242C7D8DA88B242C4D3BDF894
:109E00001A10BDF81C20B8F1000F09D02846CDF873
:109E100000800DF11E033C44FFF7E7FEA4B2CCE73F
:109E200028469E8019815A8102F066F9044600286E
:109E3000B0D041F20A139C42A8D10024A6E72DE934
:109E4000F0471C4696B0836901921B780646062BA4
:109E500003D0112B60D001A81CE00129104614BFCB
:109E60004FF010084FF002080392002C4CD1F9F784
:109E700071FF4FF6FF7508F1020987B2A7420ED8AD
:109E8000B369DA88AA4237D8002421463046FFF762
:109E9000E1FE03A8F9F7D2FE16B0BDE8F08723462D
:109EA0004A46039904A8F9F7B8FEB369BDF8105003
:109EB0009A88AA422DD8DB88AB422AD39DF813306A
:109EC000282BE1D0B2465AF80C3B424693F870304A
:109ED0000DF112010DA88DF83030ADF83250CDF8EB
:109EE00044804C44F9F7DCFB40F2044150460CAA94
:109EF00003F010F9A4B2C1E7691C304689B202F040
:109F0000B2F804460028C4D041F20A139C42BBD0E8
:109F1000BBE741F20414B8E70129104614BF122729
:109F20000427049284BBF9F715FF42F602184FF696
:109F3000FF7185B2A5420DD8B369DB888B4221D968
:109F400001314FF6FF72304689B202F08CF80446B8
:109F5000A0B119E023463A4604990CA8F9F75DFE32
:109F6000BDF83220BDF8301042459DF8333007D19E
:109F7000B269022330460A32FFF7D5FE04A889E70A
:109F8000282B06D141F20A1421463046FFF762FE23
:109F9000F4E73C44A4B2CDE7F0B5836987B0039100
:109FA0001B780546022B144653D108460491002A1B
:109FB00047D1F9F7CFFE4FF6FF7687B2A7420DD80B
:109FC000A869C288B2422BD8002421462846FFF750
:109FD00041FE04A8F9F732FE07B0F0BD042204994F
:109FE000234605A8F9F719FEAA69BDF81410908850
:109FF000BDF81660814229D3D388994226D886427B
:10A0000024D39E4222D85069927A837904340C3347
:10A010000092034432462846FFF7E7FDA4B2CDE79D
:10A0200043694089711C0190987989B20C300344CE
:10A03000009328464FF4205302F029F804460028E4
:10A04000C7D041F20A139C42BFD1BDE741F20414CC
:10A05000BBE703A8BEE7F0B587B0054617461C4628
:10A06000039153B9FFF7A5FD38B1012322462846D5
:10A07000039900F084F807B0F0BDA9690B78082BAC
:10A0800005D8062B44D8032B0FD003A83DE00F2B97
:10A09000FBD1039B0593002C6DD1002B6BD0224686
:10A0A00028460989FFF7BDFD59E00398059018B3CC
:10A0B000ECB9102683794A890C3309890344009648
:10A0C0002846FFF792FDAB699988DA88914217D24A
:10A0D00042F60203ADF81030022301310093284606
:10A0E0000DEB060389B201F0EEFF044660B141F2C8
:10A0F0000A139C4204D101E0002CF8D141F21F0464
:10A1000021462846FFF7A6FD05A8F9F797FDB2E717
:10A11000039805907CBB70B3F9F71CFE0FB386B2B1
:10A12000B7421ED2394605A8F9F7F0FF38B905A89D
:10A13000F9F784FD1A212846FFF78CFD9BE7837908
:10A14000F61BC218023391898371AB6900225B89C7
:10A15000B6B200902846FFF7A8FDB742E2D92146E3
:10A16000E9E7AA69284653891189059A00920022D5
:10A17000FFF79BFDF3E705A8F9F760FDEFE7F0B502
:10A1800085B006461F461446039132BB0846F9F7D0
:10A19000E1FD054608B3B1690B784A89082B0BD855
:10A1A000062B0BD9039B09893046009313462246A0
:10A1B000FFF77BFD039401E00F2B19D0B1694B89A8
:10A1C000EA1892B2B2F5007F4A8117D82FB1304613
:10A1D000098901F0A2FF044628B100222346114656
:10A1E0003046FFF738FF03A8F9F728FD05B0F0BDAA
:10A1F0003046039B0989FFF714FDDBE741F20414A5
:10A20000EBE773B5836901911B780446082B15466B
:10A210000ED8062B0ED9019E20463146FFF7C9FC09
:10A220002A46034631462046FFF7A9FF02B070BD1B
:10A230000F2BF0D001A8F9F701FDF7E730B58369DE
:10A2400087B003911B780546092B144611D105915F
:10A250005AB9134600910F222146FFF726FD2146E9
:10A260002846FFF7F7FC07B030BD05A8F9F7E6FC74
:10A27000F5E703A8F9F7E2FCF5E770B5836986B066
:10A2800003911B7805460A2B144631D1059132BB48
:10A290000598F9F75FFD08B9044620E00023022283
:10A2A00005A90DF11200F9F7C2FC012815D9BDF876
:10A2B000126096B10598F9F74DFD86420FD8BDF8AA
:10A2C000121005A8F9F722FF48B1002300902122BF
:10A2D00019462846FFF7E9FCDAE741F20D1405A814
:10A2E000F9F7ACFC21462846FFF7B4FC06B070BD78
:10A2F00003A8F9F7A3FCF9E72DE9F04F87699FB0B0
:10A3000003913F780546052F16461C4604D8032FB7
:10A3100016D810D003A867E0082FFBD10846139188
:10A32000002B00F0C28013A8F9F788FC21462846CC
:10A33000FFF790FC01E0FFF71EFD1FB0BDE8F08FB6
:10A34000202A0846049148D8002B40F0A880571FC7
:10A35000F9F700FD4FF6FF78FFB21FFA80FA0DF112
:10A360001C0BA24506D8AB69DA88424500F287800B
:10A37000002434E02346324604990BA8F9F74DFC3B
:10A38000AB69BDF82C809A88424526D8DA884245C8
:10A3900023D35969F1B9A94659F80C1BBDF82F20F0
:10A3A00091F870109DF82E308DF84C10ADF84E20BD
:10A3B0000DF131013A4615A88DF850301997F9F78B
:10A3C0006FF940F20341484613AA02F0A3FE344459
:10A3D000A4B2C6E75A89102A09D941F204142146C9
:10A3E0002846FFF737FC04A8F9F728FCA5E7002367
:10A3F0005846F9F712FCAB690DF13101102FCDE988
:10A40000051B93F80A902BD1B9F1020F34D105A89E
:10A41000E8F77AFF0228DAD14A46DDE90510F9F7B4
:10A420000DF90028D3D12B4653F80C0BBDF82F1093
:10A4300090F870009DF82E208DF84C00ADF84E106D
:10A440008DF8502059464A4615A80293CDF86490DD
:10A45000F9F726F9029B40F20341184613AAB4E724
:10A46000022F09D1B9F1100F06D106A8E8F74CFF69
:10A470000228ACD13A46D0E73A465846CFE742F6F2
:10A480000303ADF84C30022308F101010093284684
:10A4900013AB89B201F017FE04460028A3D041F2A5
:10A4A0000A139C423FF464AF99E759B90021002395
:10A4B000AA69284693815381118113993246FFF787
:10A4C000CAFD3AE7F9F746FC16B180B28642EDD1F3
:10A4D000139A9379D118023389899371E7E72DE9AB
:10A4E000F0431C468FB0836903911B780546012B0E
:10A4F00017465BD108460591F9F72CFC202F0BD9A4
:10A5000041F2041421462846FFF7A4FB05A8F9F7F9
:10A5100095FB0FB0BDE8F083002C42D10598F9F708
:10A5200019FC4FF6FF76A7F104081FFA88F81FFA06
:10A5300080F95FFA88F8A14505D8AB69DA88B2429C
:10A5400020D80024DEE723463A46059906A8F9F705
:10A5500064FBAB69BDF818109A88BDF81A60914287
:10A56000CED3DB889942CBD89642C9D39E42C7D876
:10A5700032462846CDF8008007AB3C44FFF735FB58
:10A58000A4B2D8E74FF42053ADF810300223711C69
:10A590000093284604AB89B201F0D3FD044600289D
:10A5A000B4D041F20A139C42CBD0ABE703A8AEE78C
:10A5B00083691B780B2B02D0103B012B01D8FFF7CE
:10A5C00049BB7047F0B585B00193836917461A7887
:10A5D00004460B3A0A9E072A42D8DFE802F00441FB
:10A5E00030414104412901980390F9F7B3FB85B24A
:10A5F00003A8F9F723FB26B131462046FFF746FBB7
:10A600000FE0A1697A194B8992B293420BD90A8261
:10A6100001F10E032046098901F0C5FD014600281D
:10A62000EBD105B0F0BD0121204601F0F6FDF5E7C4
:10A630002EB91A8A0198BA420BD04FF48166019B59
:10A6400003A80393F9F7FAFA31462046FFF702FB15
:10A65000E7E7DA895969F9F788FB0028EDD1EEE7D9
:10A6600001A8F9F7EBFADCE738B5826904461378FC
:10A670000D460E2B12D0102B01D00B2B12D153698B
:10A6800033B1997902F114000B44DD68F9F7D6FA79
:10A6900029462046BDE83840FFF78ABFBDE838406C
:10A6A000FFF7D8BA38BD07B5002300921B22FFF789
:10A6B000FCFA03B05DF804FB07B58369598000928A
:10A6C00000231D22FFF7F1FA03B05DF804FB08B583
:10A6D00000F04EF8407940F4805008BD08B500F015
:10A6E00047F8407940F4805008BD70B506460D46E5
:10A6F0001446E1F7D3FB4379C57523F0030343F018
:10A700000303437140F60943C380A0F8156020603D
:10A71000153070BD13B50C4601AAFFF7E6FF019B8B
:10A72000DA791444DC7102B010BD73B506461046E8
:10A730000C461546F9F70EFB211801AA3046C9B29E
:10A74000FFF7D3FF019B0646DA791444DC712B46F0
:10A7500033B901A82946F9F75FFB304602B070BD56
:10A760005C7924F0030444F002045C711B68EFE799
:10A7700008B5E1F799FB83790C33184408BD08B597
:10A78000FFF7F6FF407940F4805008BD4B88052B59
:10A7900005D108880E288CBF0020012070470020BA
:10A7A0007047F8B505460F46164604210A220020D8
:10A7B000F9F7D0FC0246B8B1847905210C340319AD
:10A7C0004FF0060C00209970D87002F804C01324D2
:10A7D0001C7102245F715870D8719C7128461E81CB
:10A7E000BDE8F840E9F730BDF8BD73B50546104641
:10A7F00001920C46F9F7AEFA042186B20198F9F7F6
:10A80000ECFB024628B901A8F9F718FA1A2002B0A1
:10A8100070BD837901900C33C1184C80C65221461B
:10A820002846E9F711FD0020F1E72DE9F041064641
:10A830008846174604210A220020F9F78BFC0246BD
:10A84000B8B1857900240C3543190521062099708B
:10A85000DC7050550120187102205C70987183F8EB
:10A8600005803046DC711F81E9F7EEFC2046BDE82B
:10A87000F0811A20FBE7002070470020704707B5E1
:10A8800001A80192F9F7DAF903B05DF804FB70470B
:10A89000002070470F2070470F2070477047EAF77D
:10A8A00099BBEAF7B1BBEAF7B9BB10B588B0E7F7D7
:10A8B00099FC0446002847D090F87200022845D140
:10A8C000A36813F4407F2AD094F87330012B2FD162
:10A8D00094F97500E6F726FF10B9A368DB0527D5C4
:10A8E00094F8743013F0010322D1CDE90133CDE99E
:10A8F0000433CDE90633ADF80C30A36813F4807F40
:10A9000001AB0ED0A06AE16A228E03C31A802046F2
:10A91000BDF8042004AB0DF10601E9F71FFC08B0F7
:10A9200010BD0A22022194F97500FDF7CEF9EEE779
:10A93000002345F217021946204600F06BF9B0FAE1
:10A9400080F040094000EAE72120E8E70220E6E73E
:10A9500038B545F21B020C460B460021054600F0B7
:10A9600059F930B92CB121462846BDE83840E9F7FD
:10A97000A9BF38BD00F070B901F0E6BA01F0EFBA36
:10A9800010B504464C30FDF799F984F8750020465F
:10A99000BDE8104001F0B3BA10B50446FDF752F916
:10A9A00001280DD094F8733094F97000012B14BF76
:10A9B0000521032184F83210BDE8104001F03FBBAF
:10A9C000A36843F40073A36010BD00F077B910B51D
:10A9D0000446B0F80300E7F7F7FB30B1B4F80D1008
:10A9E000621DBDE8104000F0CFB910BD10B504469F
:10A9F000B0F80300E7F7E8FB40B1B4F80D1004F13C
:10AA00000F03621DBDE8104000F0C1B910BDCB04BA
:10AA100048BF41F480618160704710B50446006C06
:10AA200030B94FF4B070F9F778FC206420B910BD4C
:10AA30004FF4B07102F095FBFF23226C82F85E3177
:10AA4000A3681B0603D5C02301201370EFE794F819
:10AA50007330012B14BF80234023F5E708B5D0B233
:10AA6000E7F7C0FB28B190F8773003F07F0380F858
:10AA70007730012008BD10B5044645F21A0102F0F6
:10AA8000DCFA2046BDE8104047F23053002245F280
:10AA90001A01F5F7B7B810B50A4604460821002098
:10AAA000F9F758FB10B1837903441C7310BD38B516
:10AAB00005460C460D201121FFF7EDFF024688B137
:10AAC0002146837903440D3304F1100051F8044BFF
:10AAD000814243F8044BF9D12846BDE838400621AD
:10AAE000FFF783BE38BD38B505460C46042011215A
:10AAF000FFF7D1FF024688B12146837903440D3325
:10AB000004F1100051F8044B814243F8044BF9D191
:10AB10002846BDE838400621FFF767BE38BD38B586
:10AB200005460C4603201121FFF7B5FF024688B108
:10AB30002146837903440D3304F1100051F8044B8E
:10AB4000814243F8044BF9D12846BDE8384006213C
:10AB5000FFF74BBE38BD37B5002205460821104629
:10AB6000F9F7F8FA0446C0B10C2301220DF10701F0
:10AB70008DF80730F9F78FFB296C202251312046E0
:10AB8000F9F789FB296C202271312046F9F783FB04
:10AB9000224606212846FFF728FE03B030BD036C8D
:10ABA0004BB983681B0608D490F87330012B14BF8F
:10ABB00080204020704718787047C020704770B5DB
:10ABC0000446FFF7ECFFEAF7A1F90D460346002221
:10ABD00045F2010120469847236C03B11D702846B9
:10ABE000EAF794F94FF4A041034600222046BDE85D
:10ABF0007040184770B51546044648B1FFF7CFFFBF
:10AC0000EAF784F92A4603462046BDE87040184713
:10AC1000022070BD114608B51A4621F00041FFF729
:10AC2000E9FFB0FA80F0400908BD08B50B460146BF
:10AC30001846F5F7C1F8003818BF012008BD10B557
:10AC40000446006838B11A2102F08BFA2068F9F73F
:10AC500069FB0023236010BD30B58BB00D46002288
:10AC600001A9C0B2E9F770FF044620BB01460D22DE
:10AC70000DF10B00F8F70CFDB5F803206B79ADF87A
:10AC8000082006A9019A02A88DF80A30E9F79EFF6C
:10AC900040F20343BDF81820002818BF1C469DF859
:10ACA0001A30102102A82A80AB7002F05AFA102143
:10ACB00006A802F056FA20460BB030BD10B5044687
:10ACC000E9F7A8FE04F13400FFF7B9FFA3685A06BC
:10ACD00006D523F0400300212046A360E9F78EF952
:10ACE000236C63B1D3F89400F7F728FB0421206CA0
:10ACF00002F037FA206CF9F715FB0023236410BD2E
:10AD0000F7B50D4669461646E9F71EFF044698B9A1
:10AD100029461022009801ABF7F77BFB074610216C
:10AD2000284602F010FA2FB11021284602F019FA35
:10AD300040F2074406B13760204603B0F0BD38B595
:10AD40000446C51C03212846FFF76FFFC8B9E27807
:10AD500063797AB922791A43F4D003F07F0343F080
:10AD6000400363715323A3712146BDE83840FF209F
:10AD7000FFF772BFFF2AF0D122791A40FF2AE1D0F3
:10AD8000EBE740F2074038BD0021E9F737B9F8B5E5
:10AD90001D46836804465B060F4616462DD41A20CE
:10ADA000F9F7BBFA0146606320B92046BDE8F840D8
:10ADB000E9F724B9034623F8027B326805F1100154
:10ADC000C0F8022072685A602A46636B0A3352F850
:10ADD000040B8A4243F8040BF9D11021284602F0F3
:10ADE000C0F9A36843F0400213F4407FA26004D08E
:10ADF0002046BDE8F840EAF74BB9F8BD38B504463F
:10AE00000D4605200221FFF746FE0246B8B18379C0
:10AE1000062103445D732046FFF7E7FC45F490519B
:10AE20002046E9F74FFD94F873302046012B18BFF8
:10AE30008021BDE8384008BF4021FFF7C0BE38BDC3
:10AE4000B1F5A04F70B504460D4616460AD045F23E
:10AE50000603994218D0324629462046BDE8704084
:10AE6000EAF7ECBA836843F08003836090F87330AC
:10AE7000012B14BF80204020EAF748F80022034647
:10AE80002046BDE87040184793791344597C41F43B
:10AE90009051E9F717FDDEE72DE9F04196B0154630
:10AEA00005AA1C4606460B4690461D9F01F1200E42
:10AEB0009446186859680833ACE803007345624645
:10AEC000F6D12021404602F03EF90DAB2A469C46C1
:10AED00005F1200E1D4610685168083203C5724501
:10AEE0002B46F7D12021604602F02DF9AEB3336C2A
:10AEF00093F85D31013B022B2FD89DF8703043F061
:10AF0000800301AA8DF854301546234604F1100C35
:10AF1000144618685968083303C463452246F7D1BC
:10AF20001021284602F00FF93B46412241462846AF
:10AF3000E9F7FAFE04461021284602F012F94121F1
:10AF4000404602F00EF954B11EB108213046FFF719
:10AF500055FF204616B0BDE8F0810023D1E710214F
:10AF6000384602F0F0F8002EF3D0224645F21101E7
:10AF70003046FFF73FFEECE72DE9F34790F873808A
:10AF80000446B8F1010F056C04D195F85031002B3F
:10AF900040F0A88095F85C3195F85191032B00F2B0
:10AFA000ED80DFE803F00283ACD019F0010F78D018
:10AFB00011210620FFF76FFD8246002800F09280E5
:10AFC000877910210C3707447E1C3046FFF72DFE91
:10AFD000014658B120460821FFF710FF002140F23A
:10AFE000074002B0BDE8F047E9F78ABCA07CC0F199
:10AFF00010023044F8F74CFBFCF724FE012895F9C9
:10B000005E010BD132460521E6F7AAFB10B30821F9
:10B01000204602B0BDE8F047FFF7F0BE33461022ED
:10B020000521FCF711FE28B1002140F21B40E9F791
:10B0300067FCECE7B8F1010F0CD004F118031137ED
:10B0400056F8042BBE4243F8042BF9D1A36843F40D
:10B050008073A360524606212046FFF7C6FB0B21F2
:10B060000720FFF718FD074600283BD0867995F9A1
:10B070005E310C36064443F43F430821A6F8013004
:10B08000F01CFFF7D2FD0A22042195F95E01731C22
:10B09000FCF7DAFD0028C7D13A4606212046FFF723
:10B0A000A4FB95F85C31013385F85C3119F0020F8F
:10B0B00020D011210820FFF7EEFC064690B10023B6
:10B0C000817901AA01440D31FF200193FFF718FE99
:10B0D00058B108212046FFF791FE40F20740019940
:10B0E000E9F70EFC02B0BDE8F087324606212046A3
:10B0F000FFF77BFB95F85C31013385F85C3119F083
:10B10000020F1BD008210920FFF7C5FC07460028C5
:10B11000E8D086790C360644E7F7F6FD83793A469F
:10B1200083F00803C3F3C003737003680621C6F8F5
:10B13000023083882046F380FFF757FB95F85C3197
:10B14000013385F85C3119F0040F12D011210A2067
:10B15000FFF7A1FC06460028C4D0807910223044B5
:10B16000AB210D30F8F794FA324606212046FFF75E
:10B170003CFB95F85C31013385F85C31B8F1010F87
:10B1800008D0236C93F85031002BABD195F85C318B
:10B19000042BA7D1A36C10220B2195F95E0131334A
:10B1A000FCF752FD78B140F21B412046E9F78AFBDB
:10B1B000B8F1010F14BF80214021204602B0BDE844
:10B1C000F047FFF7FCBCA36C01220C2195F95E014E
:10B1D0002033FCF739FD0028E5D1A36C10220D21A6
:10B1E00095F95E012133FCF72FFD0028DBD1082201
:10B1F00095F95E01114604F11003FCF725FD0028C6
:10B20000D1D1236C93F85E2184F87520FF2283F856
:10B210005E21FCF717FD012818BFA36820461CBF5C
:10B2200043F48073A360E9F725FBC1E7EAF764B94B
:10B2300070B5B1F5A04F0446154688B077D045F2F9
:10B240001B06B14240F00A8190F87430DB0766D5E6
:10B25000056CB5F850312BB14C21FFF7B0FC002044
:10B2600008B070BDD5F858315E0747D5AB79D8071F
:10B2700044D56B7BD90741D5A36C10220B2195F9DE
:10B280005E013133FCF7E0FC38B140F21B4120464F
:10B29000E9F718FB40F21B40E2E7A36C206C0122A7
:10B2A0000C2190F95E012033FCF7CEFC0028ECD194
:10B2B000A36C206C10220D2190F95E012133FCF764
:10B2C000C3FC0028E1D10822206C114690F95E01F0
:10B2D00004F11003FCF7B8FC0028D6D1236C93F8D6
:10B2E0005E2184F87520FF2283F85E2120464021EC
:10B2F000FFF765FC2046E9F7BDFAB0E705F598735E
:10B3000004F1180205F5A07553F8041BAB4242F88E
:10B31000041BF9D1A36843F48073A360E6E74021DE
:10B32000FFF74DFC29462046E9F7CCFA97E7036C76
:10B33000D3F8582112F0040255D00022CDE90122A1
:10B34000ADF80C209A79D2073FD55B7BDB073CD563
:10B35000FCF778FC0128206C0CD100F598720321D1
:10B3600090F95E01E6F7FCF978B308212046FFF773
:10B3700045FD8FE700F598731022032190F95E01D7
:10B38000FCF762FC28B1002140F21B40E9F7B8FA53
:10B39000EBE7206C102200F59873052190F95E010F
:10B3A000FCF752FC0028EED1236C04F1180103F5E0
:10B3B000987203F5A07352F8040B9A4241F8040BFB
:10B3C000F9D1A36843F48073A3600023BDF804207F
:10B3D000CDE90433CDE906330DF1060104AB204677
:10B3E000E8F7BCFE3BE7D3F8B810C3F8D010D3F8A9
:10B3F000BC100092C3F8D410006C694600F5987038
:10B40000E9F740FC48B10098F6F798FF204608217C
:10B41000FFF7F4FC40F2074022E7206C009A00F5A9
:10B420009871C830E9F7D2FB05460028EBD10098A7
:10B43000F6F784FF236CA07C03F59873C0F110022B
:10B4400029461844F8F724F92A46CDE90155CDE9F3
:10B450000455CDE9065504AB01A9C0E708B0BDE825
:10B460007040E9F7EBBF2DE9F04796B01D46DDE9E6
:10B47000229705AB06460C469E46DDF8908002F109
:10B48000100A9C46106851680832ACE80300524527
:10B490006346F6D17046102101F055FE09AA2B46ED
:10B4A000944605F1100E154618685968083303C50F
:10B4B00073452A46F7D16046102101F044FE0DAADB
:10B4C00094461E9B03F1100E154618685968083300
:10B4D00003C573452A46F7D16046102101F033FEBB
:10B4E0009DF87C30D9F800008DF844309DF880300C
:10B4F00006218DF845309DF8843012908DF8463045
:10B5000099F8063012A883F00803C3F3C0038DF83E
:10B510004730B9F80430ADF84C3001F014FEBB7977
:10B52000062183F00803C3F3C0038DF84E303B6857
:10B530000DF14F00CDF84F30BB8804F11007ADF886
:10B54000533001F000FE01AA234615461446186840
:10B550005968083303C4BB422246F7D1102128465C
:10B5600001F0F1FD4346412205A92846E9F7DCFB3D
:10B5700004461021284601F0F4FD412105A801F000
:10B58000F0FD34B108213046FFF738FC16B0BDE8B5
:10B59000F0874046102101F0D6FD224645F2130106
:10B5A0003046FFF727FBF1E72DE9F0419CB0154647
:10B5B00008AA1C4606460B469046239F01F1200E22
:10B5C0009446186859680833ACE80300734562462E
:10B5D000F6D12021404601F0B6FD10AB2A469C462C
:10B5E00005F1200E1D4610685168083203C57245EA
:10B5F0002B46F7D16046202101F0A5FD18AA9446FC
:10B60000229B03F1100E154618685968083303C5CC
:10B6100073452A46F7D16046102101F094FD04AA33
:10B620002346154604F1100C14461868596808336F
:10B6300003C463452246F7D11021284601F083FD5B
:10B640006B46502241462846E9F76EFB044610211E
:10B65000284601F086FD5021404601F082FD34B1BC
:10B6600008213046FFF7CAFB1CB0BDE8F081039B00
:10B6700038463B60042101F066FD6846102101F068
:10B6800070FD224645F214013046FFF7B3FAEBE7AE
:10B690002DE9F3411D46089B04468846164690F85E
:10B6A00073705BB110211046FFF7BFFA30B108216B
:10B6B000204602B0BDE8F041FFF7A0BB236C013E7D
:10B6C000691E03F1100013F8012F16F801CF834211
:10B6D00082EA0C0201F8012FF5D10022404601A9AF
:10B6E0000192E9F7CFFA48B10198F6F727FE082151
:10B6F0002046FFF783FB02B0BDE8F08129462846CB
:10B70000019AE9F763FA0028EED1022F0CBF00235B
:10B71000062304F159022B4404F15F0012F8016F73
:10B720001978904281EA060103F8011BF6D1022F35
:10B7300014BF0023062304F152022B4404F15800E5
:10B7400012F8016F1978904281EA060103F8011B93
:10B75000F6D129462846019AE9F738FA05460198B4
:10B76000002DC2D1F6F7EAFD2A4645F21001204627
:10B77000FFF740FABFE773B545F20406B14204464D
:10B7800015460DD045F21006B14222D0B1F5A04FBA
:10B7900038D1FFF770F9236CD3F85831D90720D589
:10B7A000236CD3F85821D2070BD4AA7998330C32E2
:10B7B00015446A1D153552F8041BAA4243F8041BB0
:10B7C000F9D1216CD1F8583113F004030CD0832146
:10B7D00004E0016CA831FFF7A2F985212046FFF7AC
:10B7E000EEF9002002B070BD81F85C31012301F157
:10B7F000B8020093204601F1A80301F59871FFF704
:10B8000047FFEEE702B0BDE87040E9F717BE45F22A
:10B810001003F0B59942044685B000F087800CD83B
:10B82000B1F5A04F1CD045F2050399421DD020462A
:10B8300005B0BDE8F040E9F701BE45F211039942B9
:10B8400000F08D8045F212039942F0D1036C93F819
:10B850005D31042B40F2B380052B03D148217BE0FE
:10B86000FFF709F9002005B0F0BD9179036C0C31A8
:10B870000A44511DB833153251F8040B914243F874
:10B88000040BF9D1256C102205F1C80705F1B806A3
:10B8900031463846F7F7D2FE20B904212046FFF79B
:10B8A000ADFADFE7D5F8583113F0040332D095F83C
:10B8B0005D31042B13D105F1F803039305F598735B
:10B8C000029304F15303019304F15A0300933A469F
:10B8D0003346204605F1D801EAF764F8C2E705F5DA
:10B8E000A07005F1110105F1510201900BB1052B7A
:10B8F00006D10023009320463346FFF7CDFAB1E787
:10B9000095F85C01D5F82C31C34003F0010343F0F6
:10B910008003EFE785F85C3132460093204605F559
:10B92000A07305F59871FFF7B3FE9BE7056C102235
:10B9300005F1A80105F5A070F7F780FE0028ACD14D
:10B940004B21D5F858319B0742BF94F8743043F02F
:10B95000020384F874302046FFF731F982E7056C62
:10B96000102205F1A80105F5A070F7F767FE002881
:10B9700093D195F85D31013B022B0FD895F85C31DE
:10B980000133DBB2142B85F85C3107D0D5F8583180
:10B99000432123F00103C5F85831DCE705F1F80332
:10B9A000039305F59873029304F15303019304F193
:10B9B0005A03009305F1C80205F1B80389E749214C
:10B9C000CAE7B1F5A04F70B50446154607D045F259
:10B9D0000406B1420CD0BDE87040E9F72FBDFFF777
:10B9E0004AF8236CD3F85831D90701D4002070BD30
:10B9F000236CD3F85821D20718D4AA79A8330C3273
:10BA000015446A1D153552F8041BAA4243F8041B5D
:10BA1000F9D1206C102200F1A8019830F7F70EFE42
:10BA200020B904212046FFF7E9F9DFE7206C102157
:10BA3000C830FFF7FAF858B108212046FFF7DEF9C1
:10BA400040F207400021E8F75BFF40F20740CEE7F5
:10BA5000216C2046C831FFF746F847212046FFF702
:10BA6000AEF8C3E7B1F5A04F70B50346144607D052
:10BA700045F21806B14207D0BDE87040E9F7DEBCD8
:10BA8000FEF7F9FF002070BD1268551C03D101219B
:10BA9000FFF7B4F9F6E7016CD1F85801400743BF4E
:10BAA000002281F85C212268C1F8302148BFC1F82A
:10BAB0002C2118464321FFF782F8E3E7B1F5A04FA8
:10BAC00070B51346044607D045F20406B14207D0CC
:10BAD000BDE87040E9F7B2BCFEF7CDFF002070BDB5
:10BAE0009979026C0C310B44591DA832153351F869
:10BAF000040B994242F8040BF9D1256C102205F190
:10BB0000A80105F19800F7F799FD20B90421204616
:10BB1000FFF774F9E2E7204605F1C801FEF7E3FFFD
:10BB200047212046FFF74BF8D8E7B1F5A04F13B5F2
:10BB300004460ED0A1F5A043103B012B45D8016C63
:10BB40009831FEF7ECFF44212046FFF738F800203B
:10BB500017E0016CD1F8583101F1C80213F0040369
:10BB600028D010211046FFF760F860B10821204668
:10BB7000FFF744F940F207400021E8F7C1FE40F228
:10BB8000074002B010BD216C204601F198030193DB
:10BB900091F85C21D1F82C31D34003F0010343F03C
:10BBA0008003009301F1110201F1C8035131FFF745
:10BBB00073F9CCE781F85C310123009301F198031C
:10BBC00001F59871FFF764FDC1E702B0BDE81040D0
:10BBD000E9F734BCB1F5A04F73B50446154677D0EC
:10BBE00045F21B06B14240F0F68090F87430DB0756
:10BBF00066D5056CB5F850312BB18921FEF7DFFF12
:10BC0000002002B070BDD5F858315E0747D5AB793A
:10BC1000D80744D56B7BD90741D5A36C10220B21E3
:10BC200095F95E013133FCF70FF838B140F21B4152
:10BC30002046E8F747FE40F21B40E2E7A36C206C89
:10BC400001220C2190F95E012033FBF7FDFF002853
:10BC5000ECD1A36C206C10220D2190F95E012133F0
:10BC6000FBF7F2FF0028E1D10822206C114690F981
:10BC70005E0104F11003FBF7E7FF0028D6D1236C27
:10BC800093F85E2184F87520FF2283F85E21204618
:10BC90008021FEF794FF2046E8F7ECFDB0E705F5BC
:10BCA000987304F1180205F5A07553F8041BAB4214
:10BCB00042F8041BF9D1A36843F48073A360E6E75C
:10BCC0008021FEF77CFF29462046E8F7FBFD97E739
:10BCD000036CD3F8582112F0040245D09A79D207A8
:10BCE0008ED55B7BDB078BD5FBF7ACFF0128206C87
:10BCF0000ED100F59872032190F95E01E5F730FD51
:10BD000000283FF47DAF08212046FFF777F892E73F
:10BD100000F598731022032190F95E01FBF794FF60
:10BD200028B1002140F21B40E8F7EAFDEBE7206C68
:10BD3000102200F59873052190F95E01FBF784FF4E
:10BD40000028EED1236C04F1180103F5987203F575
:10BD5000A07352F8040B9A4241F8040BF9D1A3687E
:10BD600043F48073A3604BE7D3F8B810C3F8D01046
:10BD7000D3F8BC100192C3F8D410006C01A900F5EF
:10BD80009870E8F77FFF48B10198F6F7D7FA204698
:10BD90000821FFF733F840F2074032E7206C019AA0
:10BDA00000F59871C830E8F711FF05460198002D9D
:10BDB000EBD1F6F7C3FA236CA07C03F59873294600
:10BDC000C0F110021844F7F763FC216C2046B8312B
:10BDD000FEF789FE14E702B0BDE87040E9F72EBB1C
:10BDE000B1F5A04FF7B5044608D045F21105A942B8
:10BDF00036D003B0BDE8F040E9F720BB006C10215D
:10BE0000B830FEF712FF60B108212046FEF7F6FFBA
:10BE100040F207400021E8F773FD40F2074003B00D
:10BE2000F0BD256C95F85D6105F1A807013E022E75
:10BE300001979CBFD5F82C0195F85C6105F1510183
:10BE40009EBFF04000F0010040F08000009005F13E
:10BE50001102204605F1B803FFF71EF80020DEE7C7
:10BE6000016CA831FEF75BFE85212046FEF7A7FE98
:10BE7000F4E770B545F20406B1420446134625D0F6
:10BE800045F21806B14206D0B1F5A04F33D1FEF706
:10BE9000F2FD002070BD11684D1C03D10121FEF799
:10BEA000ADFFF6E7026CD2F85801400743BF00210E
:10BEB00082F85C111B68C2F8301120464FF08401F3
:10BEC00048BFC2F82C31FEF77AFEE2E79979026C9E
:10BED0000C310B44591D9832153351F8040B99421B
:10BEE00042F8040BF9D1226CD2F8583143F0010327
:10BEF000C2F85831CDE7BDE87040E9F79FBA00239A
:10BF000010B50364044690F97500431C13D0E5F79F
:10BF1000C3FF082204F11003114694F97500FBF7E2
:10BF2000D4FE94F91330012B07D194F8743043F008
:10BF3000020384F87430002010BD022BFBD194F86A
:10BF4000743043F00A03F4E74B88062B05D10888C8
:10BF500041288CBF0020012070470020704707B5A2
:10BF60008B790A460B440191197C4B1E0D2B04D88A
:10BF700001F5A0410131FEF73DFE01A8F7F75EFE95
:10BF800003B05DF804FB08B5E7F7D0FFE8F7E4FA83
:10BF9000EBF7ACF9BDE80840E6F760BF08B5E8F795
:10BFA000D5F928B9BDE8084000200021F3F770BE9C
:10BFB00000200021F3F76CFEE7F7C6FFEFE737B587
:10BFC000044642F60720FCF7B9FF0546C0B10A2334
:10BFD000002CCBBF0534053CB4FBF3F494FBF3F425
:10BFE0000123002118460DF1070264B28DF80740C5
:10BFF000F8F77EF90022034629461046FCF7D1FEE9
:10C0000003B030BD430803F05503C01A00F03303FA
:10C01000C0F3850000F03300184400EB101000F06E
:10C020000F007047002110B5421D441E14F8010F87
:10C03000FFF7E8FF94420144F8D1084610BD70476D
:10C040000E207047704710B5F3F718FF044628B16B
:10C050000124204610BD436ADB06F9D4E6F702FB53
:10C060000028F8D1F5E770B504460E4615460521BF
:10C0700000220420FBF795FE014618B1A0F80160EC
:10C08000A0F803502046BDE87040FBF7E3BEF7B5CB
:10C090001D460023044600930F461646072106203E
:10C0A000BDF82430089AFBF7A0FE014628B1A0F89D
:10C0B0000170A0F80360A0F80550204603B0BDE869
:10C0C000F040FBF7C7BE73B515461A460023044679
:10C0D00000930E46082005219DF81830FBF785FED9
:10C0E000014618B1A0F80160A0F80350204602B044
:10C0F000BDE87040FBF7AEBE38B5002204460D46E1
:10C100000A200321FBF74DFE014608B1A0F80150BB
:10C110002046BDE83840FBF79DBE70B504460E468C
:10C120001546052100220C20FBF73BFE014618B105
:10C13000A0F80160A0F803502046BDE87040FBF76E
:10C1400089BE73B515461A460023044600930E4671
:10C15000102005219DF81830FBF747FE014618B165
:10C16000A0F80160A0F80350204602B0BDE870407E
:10C17000FBF770BE73B50E46002144890546033CAB
:10C18000A4B2A342009128BF234603211220FBF74B
:10C190002CFE014608B1A0F80160284602B0BDE8B7
:10C1A0007040FBF757BE2DE9F34105469846836979
:10C1B0000F4658691646F7F7CDFD6C8980B2053CED
:10C1C000A4B2844228BF0446A86921461430F7F778
:10C1D0009DFF009048B1052208210020F7F7BAFF23
:10C1E000019030B96846F7F729FD1A2002B0BDE882
:10C1F000F081009901A8F7F70FFE1620019A9379B4
:10C200000C33D118D054A8F800402846A1F801708A
:10C21000A1F80360FBF71EFEE8E738B500220446EC
:10C220000D4618200221FBF7BCFD014600B1457008
:10C230002046BDE83840FBF70DBE70B58579044651
:10C240000C354619F7F786FD625D431E013A9BB235
:10C25000202A12D8DFE802F0131118111A112B113D
:10C2600031114211421142113511271111113B11A7
:10C2700027114011401111114200002070BD042B04
:10C2800014BF01200320F9E7022BF9E743B37278CA
:10C29000022A0AD0012A23D10222013B0232B3FB37
:10C2A000F2F102FB1133002BEAE71022F5E713F05D
:10C2B000030F14BF01200320E0E78BB17278013B2C
:10C2C000EDE76BB17278032A0AD9013BE7E7042B4B
:10C2D00034BF01200320D1E7022BF9E70320CDE78B
:10C2E0000120CBE70078E6F7E5B813B50C460DF171
:10C2F00007020DF10601FBF75CFF30B19DF8060067
:10C30000031B5842584102B010BD0120FBE7F3F770
:10C310009FBD7047FEF7C3BAE8F780BAEBF7BABD26
:10C32000FEF7BFBAFEF7BFBA7047704700207047EC
:10C33000704770477047EBF76BBF704713B50C46FB
:10C3400001A901F05BFD10B9019BC4E9003002B006
:10C3500010BD08B5F3F7E0FA50B9F3F791FC0020EF
:10C360000021F3F7E1FA18B9BDE80840F7F768BB18
:10C37000012008BD38B504460D4620220021F7F7FC
:10C3800087F9F5F7F4F9D5E90232E260EA8B43F474
:10C39000806322822A8CA0806282AA8CA282EA8C8C
:10C3A000E2826A68A3602260FFF7C0FF18B1A36849
:10C3B00043F00403A360A36843F48032A2602A68B8
:10C3C000920544BF43F41023A36038BD08B5FFF7BE
:10C3D000C0FF80F00100C0B208BD08B5FFF7F6FF4E
:10C3E00000280CBF0420012008BD08B5FAF750F85A
:10C3F000002008BDEBF7C6BFEBF7D4BF02207047A3
:10C4000002207047002070470120704700207047CD
:10C4100008461146012200F051B800F06FBA00F052
:10C4200077BA00F0AAB8431E012B03D9031F584264
:10C43000584170470120704700F023BC4FF4E07270
:10C440000021F7F725B970B50446EDF743FB054623
:10C45000A8B9A169F1B1238AD3B1204604F1100231
:10C4600000F0F2FA38BBE16919B3638AA3B1204640
:10C4700004F1120200F0BDFA78B1054603E0002392
:10C48000A3612361E361002328466361236270BDD9
:10C49000A061E8E72082E6E7E361216A0029F2D0A3
:10C4A000A28A002AEFD02046E38ABDE8704000F05F
:10C4B0005FBA6182F1E76582E561DEE7EDF7DEBC38
:10C4C0000A7838B505461046FFF7ADFF60B14C78E5
:10C4D0002046FFF7A8FF38B12243530704D428466B
:10C4E000BDE83840ECF7D0BF212038BDFFF7E8BFEA
:10C4F00010B504460878FFF796FF58B14A78104601
:10C50000FFF791FF30B1042A04D02046BDE8104067
:10C51000ECF7D8BF212010BDFFF7EABF00F076B9D5
:10C52000084600F05ABB7047F8B506460D46ECF7D2
:10C53000AFF9D8B94FF6FF734FF0240CEF68C1B2D2
:10C540008F4208D81C4621463046ECF757FB00F0D6
:10C550009CFB2046F8BDAA680CFB0122D4899C42B2
:10C5600002D2002CEFD023460130E8E74FF6FF74EB
:10C57000EFE7008E704700F086B970B504460D46AF
:10C58000164600F039F858B129462046ECF736FB3C
:10C5900038B9324629462046BDE87040F1F7E8BA7E
:10C5A0000E2070BD08B5ECF7E9F818B1BDE80840F9
:10C5B000F1F716B808BD00F09EBAECF79DBF00F089
:10C5C0008DB9002070470846EFF78AB900F095BA98
:10C5D000EDF7B0B9EEF742BEEDF7BEB8EDF762B9D0
:10C5E00038B50446154609B100F0C4FA15B1204625
:10C5F000EDF7EAFF002038BD0346408A18B1188ADB
:10C60000003818BF0120704700F046BA00F054BA55
:10C610000846EFF775BA10B5044600F078F820B96F
:10C620002046BDE81040ECF749BC10BD00F03FBB10
:10C6300000F03DBBEFF7A4BC2DE9FF41984604464E
:10C640000E46174601F06AFF05462046FFF7E3FF56
:10C650000A9B3A4602930023314601932046CDF8C7
:10C660000080ECF779FC0446284601F052FF204692
:10C6700004B0BDE8F08138B5044601F04FFF05462F
:10C680002046FFF7C8FF2046ECF744FC0446284646
:10C6900001F03FFF204638BD38B5044601F03EFFAB
:10C6A00005462046FFF7B7FF204600F03FF8044656
:10C6B000284601F02EFF204638BD38B5044601F06B
:10C6C0002DFF05462046FFF7A6FF204600F034F870
:10C6D0000446284601F01DFF204638BD70B50446CB
:10C6E0000E4601F01BFF05462046FFF794FF31463A
:10C6F0002046ECF77DFC0446284601F00AFF204660
:10C7000070BD01207047EEF709BA00F064BAECF78B
:10C710000FBB10B501F002FF044600F015F8ECF76E
:10C720002DFB2046BDE8104001F0F3BE024608B5DF
:10C73000ECF7FEFA507D08BD024608B5ECF7F8FAB2
:10C74000507D80F0010008BD00F0B1BAECF7E4BD07
:10C7500000F0A5B838B503210546ECF73BFD0446CB
:10C760002846EEF73DF9204638BD38B590F8274009
:10C770000D46FF2C17D0023C012C8CBF0024012455
:10C7800049682246EEF768F9286890FAA0F0000A96
:10C79000F0F750F8A97A2889224681F00101EEF7D6
:10C7A0008BF9002038BD0220FCE730B585B0054686
:10C7B0000FC96C4684E80F0021462846FFF7D5FFD5
:10C7C00005B030BD013001D1EFF76CBD21207047BD
:10C7D00000207047002070477047D0F8A03003F069
:10C7E0006003402B0DD0602B03D0203B58425841B2
:10C7F000704749B10B68012B06D9486940F0010028
:10C80000704740F20110704700207047F7B50446AA
:10C810001046D4E958C7DDE908268CEA020587EA04
:10C8200006010540194085EA0C057940C4E95851D4
:10C83000002523F4004106EA010320F0010043F43F
:10C840000073024043F0020301950095F2F70EF9E0
:10C8500094F824309A0713D5D4F864319B050FD58A
:10C860004FF48811204600F0DCFA94F82430024698
:10C8700065F3410384F8243020460B46ECF798FC1E
:10C88000002003B0F0BD30B4D0F8A0300A4023EA55
:10C8900001031343C0F8A03030BCEDF7B3BB052053
:10C8A000EFF764BBD0F8F02008B57AB11368022B1B
:10C8B0000CD9536A13F47F4FC3F3072106D0126AD1
:10C8C000DBB253438B42B3FBF1F006D200204FF4AE
:10C8D00035624C21ECF716FA002008BD0346B3F888
:10C8E0003E2108468A4203D0A3F83E11EEF79ABDD6
:10C8F000002070474FF48071F2F750BC10B5002350
:10C90000ECF716FE044608B9F1F71CF9204610BDF5
:10C9100038B51D4600230446ECF70AFE28B929461F
:10C920002046BDE83840F1F7F9B938BDD0F8F0003D
:10C9300040B10368122B04D9006D202828BF2020A5
:10C9400070470020704738B54FF03A430546DC6A1F
:10C95000808AC4F30C04A04234BF0020012041F2BD
:10C9600065420821ECF7CEF9A88A001B80B238BDD9
:10C970002DE9F041884618F003070646154619468A
:10C9800033D1B2F5805F30D89A422ED33F2A28D9CE
:10C99000B2FA82F401220120C4F11F03DBB29A40F3
:10C9A00092B2AA422CBFC4F11904C4F11A04E2B233
:10C9B000931DDBB2984080B2A84214D096F80131A2
:10C9C000ABB9012096F8253060F3000386F82530D6
:10C9D0004046EEF7E3F9C6F82080B5823846BDE858
:10C9E000F0813A46EAE70020ECE72127F6E70E2738
:10C9F000F4E7F8B511F0030607460D46144621D1B9
:10CA000002B313883F2B1DD9B3FA83F3C3F1190185
:10CA1000C9B2062901D8192B12D0062928BF062130
:10CA200001238A1DD2B293402846238000F014F9D6
:10CA300023883846FD617B82EEF7CAFA3046F8BD9E
:10CA40003146EDE72126F9E738B5148811F00305E2
:10CA50004FEAC4041ED13F2C1CD9B4FA84F4C4F1AB
:10CA60001903DBB2052B01D8192C11D0052B28BFD7
:10CA7000052301240633DBB204FA03F3C3F3CF0426
:10CA80001480816104828387EEF7A2FA284638BDBC
:10CA90002B46EEE72125F9E770B50E461021054635
:10CAA000F2F77CFB0446102128463201F2F762FBC4
:10CAB000F2F77EFB204670BD1021F2F76FBBF8B590
:10CAC00004460E46174601F020FD3A46054631461B
:10CAD0002046F0F75FF80446284601F011FD204695
:10CAE000F8BD0520704703207047EFF737BA08B14B
:10CAF00090F9260070470020704708B50B460622C3
:10CB000000F59E711846F6F7CBFD002008BD0429FC
:10CB1000F8B505460C460AD10026F7B23846EEF7BE
:10CB2000EBFC08B13C4602E00136042EF5D120466C
:10CB3000EEF7E2FC58B195F83C31A34209D085F8F4
:10CB40003C4105F59E70BDE8F840EEF771BC212030
:10CB5000F8BD0020FCE70022EDF76CBBA0F84C30DC
:10CB6000BDF90030C0F89410A0F84A20A0F84E306B
:10CB700000207047EDF70CBD10B5144608460121A2
:10CB8000EFF756FD2046BDE810400121EFF750BDFC
:10CB90008021F2F703BB10B50446EDF763F90146B7
:10CBA0002046BDE81040EDF763B910B5044681B1E9
:10CBB000931E022B94BF4FF4BC73282380F82720C8
:10CBC000C0F80831FFF7B0FC2046EDF7E3FE002087
:10CBD00010BD2120FCE7EDF7A1BF10B5F0F7B2FAC8
:10CBE00004460021EEF790F8EEF778F8204610BDE5
:10CBF0002DE9F74F01251C469DF83030064601937C
:10CC00000368174603F0070306339D4005F1FF381C
:10CC10000B46A1B1416804EA080BA5EB0B0A41F0F1
:10CC20000059524509EB0B0114D952461846F6F744
:10CC300037FD49467A1B5A445044F6F731FD019BB3
:10CC40002BB13C4448EA050804EA0804F46003B048
:10CC5000BDE8F08F1846F0E74FF03A4301225A67DB
:10CC600041F6FF72D96418651A67704737B5002519
:10CC700014460095FFF7BCFF204603B030BDEDF72A
:10CC800089BD0020704700207047704710F0FD0FED
:10CC900014BF4FF0FF300020C0B270470A4690F832
:10CCA0009410A02901D8EDF757BA2120704708B594
:10CCB000EFF7A6F9BDE80840EFF7CAB938B5044662
:10CCC000FFF7F5FF0546FFF7F2FF431BA342FAD338
:10CCD00038BD38B50D460446EFF792F935B18442B8
:10CCE00000D90139204601F0030138BD844238BF24
:10CCF0000131F7E708B5EFF79BF9BDE80840EFF71A
:10CD0000A7B908B50121FFF7E4FFBDE80840EFF738
:10CD10009FB908B521B19200F6F7C2FC002008BD0A
:10CD20002120FCE700F06F43B3F1804F02D0B3F154
:10CD3000204F02D120F07040704700F06043B3F103
:10CD4000204F08BF20F0805070470B0C23F4805315
:10CD5000B3F5284FF7B50D468FB2064699B216D0F7
:10CD60004AF60103994214D04AF60203994212D0BE
:10CD7000B1F5204F14BF04240324D6F8EC300BB1D6
:10CD8000196851B9D6F8E83093B928680EE0002444
:10CD9000F3E70124F1E70224EFE7234668463A4629
:10CDA000EFF7DCF9DDE90003002BEBD103B0F0BDB8
:10CDB00019680029E9D0234668463A46EFF7CEF9CC
:10CDC000DDE90003002BE0D1F0E70204C0F3891392
:10CDD00007D56FEA83536FEA935313F5007F18B2B8
:10CDE00006D0A3F1C8006FF4FF739842B8BF18468D
:10CDF00070470020EFF76ABD0120EFF767BD0E20F6
:10CE000070477047F1F7B2B8F1F7B0B8F1F7AEB8C4
:10CE1000F1F7ACB808B50846F1F7CEFC08BDF1F75C
:10CE2000A5B838B505460C4601F06FFBD5F89C3027
:10CE30001C40D5F898302343C5F8983001F060FBCA
:10CE4000211E18BF01210020490238BD0020704773
:10CE50007047704710B5044600F03800F2F7BAFC8E
:10CE600078B1D0E901324178C4F3074411F0020FE0
:10CE700008BF1346043B53F8040F10B10278A242D6
:10CE8000F9D110BD052B07D920F47F4020F0C70051
:10CE900040F400701060918070470368186800F0DB
:10CEA00099B838B50546F2F765FC04462846FFF701
:10CEB000F4FF204638BDF2F7B9BB10B500F1080405
:10CEC00054F8083C0BB9184605E054F8040C984790
:10CED00008340028F4D010BD70B504460C30DDF7DE
:10CEE0008DFC0023666856F8232062B906EB8305A3
:10CEF000B5420AD123697BB900236380637823F0AC
:10CF00000E03637070BD0133EDE755F8043DDB6837
:10CF1000002BEDD09847EBE7DD68002DECD0043D09
:10CF200055F8043F002BE7D09847F9E738B5036977
:10CF300005460BB1186810B90024204638BDFFF72C
:10CF4000BCFF04460028F7D02846FFF7C5FFF4E7EA
:10CF500070B54378054623F00C0343F00203437099
:10CF6000036953B1586840B1FFF7A7FF044620B1E9
:10CF70002846FFF7B1FF204670BD6E68043E56F8A4
:10CF8000044F2CB9202005F10C01DDF725FCF2E758
:10CF9000A368002BF3D0984704460028EFD0E7E7BA
:10CFA0004078C0F340007047437813F00E0F0CBF79
:10CFB00001200020704707B501A9FFF77CFF03B0EF
:10CFC0005DF804FB08B500F083F9002814BF1420B5
:10CFD000002008BD7047430803F05533C01A00F025
:10CFE0003333800800F0333018444FF0013300EB46
:10CFF000101000F00F305843000E704710B5044673
:10D0000088B1836A016A7BB180689847002394F8ED
:10D01000240023620C28636005D82146DDF798FDC3
:10D020000D2384F8243010BD0029EFD08368002B35
:10D03000ECDB0846F7F776F9E8E7002307B51A4670
:10D04000019101A9F2F772FD03B05DF804FB002322
:10D0500030B587B004939DF83430DDE90A45039379
:10D060000C9BCDE900450293F2F7D6FC07B030BD2A
:10D07000052330B585B003930A9BDDE9084502938B
:10D08000CDE90045FFF7E3FF05B030BD30B5002323
:10D090000024002585B0CDE900450293FFF7E8FFA5
:10D0A00005B030BD03680B60016070472DE9F041A9
:10D0B0000E46174600240546006808B9BDE8F08111
:10D0C000D0E90083B3420BD18368BB4208D154B985
:10D0D000C5F80080C368DB0701D5F7F723F92046C0
:10D0E00004464046E9E7C4F80080F3E7002370B542
:10D0F0001A46194605460468F2F718FD0CB92C606B
:10D1000070BDE3682668DB0702D52046F7F70AF909
:10D110003446F3E72DE9F8430E461746054610B9A5
:10D120000020BDE8F8830468002CF9D0D4E9008918
:10D130003B4632462946A068C8470028F1D14446FC
:10D14000F2E730207047034610B501391A1A9142B0
:10D1500000D810BD445C1A7803F8014B42540139E1
:10D16000F4E700230144884200D1704700F8013BF6
:10D17000F9E783791A0705D413F0100F0CBFFF20CD
:10D180000120704700207047014B1868704700BFAE
:10D19000045E01200A4B1B6F03F00703013B032BC6
:10D1A00003D8DFE803F00A030608FEE7054B18681A
:10D1B0007047054BFBE7054870470548704700BFBF
:10D1C00000800050045E01200C5E012080D54302E7
:10D1D000002D310108B5FFF7DDFF054B1B6FC3F3D1
:10D1E00003330133B0FBF3F0024B186008BD00BFFE
:10D1F00000800050005E01200048704700B4C40465
:10D2000000487047002D3101014B1868704700BF7E
:10D210000C5E01200048704780D543024FF4002285
:10D220001B4B5A664FF0B4439868C0F304400C2877
:10D230000AD8DFE800F00B0709092709191B1D1F91
:10D240002123250013487047002070479B6803F096
:10D250004073B3F1807F17D0B3F1007F16D00E4A30
:10D26000002B08BF104670470C4870470C487047A9
:10D270000C4870470C4870470C4870470C48704782
:10D280000C4870470C4870470C4870470C48704772
:10D2900000900050404B4C0000093D00405DC6002E
:10D2A0000024F400C0EA2101002D310180BA8C0174
:10D2B0000048E801005A62028096980080841E00AF
:10D2C00040420F00014B1868704700BF085E012004
:10D2D000034B5868C0F30800003818BF012070479E
:10D2E00000ED00E00122437801789A403023594351
:10D2F000014B5A50704700BF40D00350034B5A684F
:10D30000D20702D5DA69002AF9D1704700C00A5065
:10D3100030B9044B5A68D20702D59A6D002AF9D168
:10D32000704700BF00C00A5008B9014B59647047EC
:10D3300000D00A5008B9014B5964704700E00A5008
:10D3400008B9014B1964704700E00A5010B9024B4C
:10D35000186C70470020704700C00A5010B5FFF7E6
:10D36000D7FF10B919B1012904D0002001E0034B07
:10D37000D86C10BD014B186DFBE700BF00C00A5010
:10D3800038B51446FFF7C4FF10B911B1012903D015
:10D3900038BD034BDC64FBE7014B1C65F8E700BFBD
:10D3A00000C00A5008B5FFF7B3FF10B9024B586D23
:10D3B00008BD0020FCE700BF00C00A50D8B10368D8
:10D3C00013F4E07F03F03F00C3F382120CD0012A74
:10D3D0000CD0022A0FD1094B51B103F58053012221
:10D3E00082401A6000207047054BF5E7054BF3E7D4
:10D3F00003F50053F3E70E20704700BF6C80005028
:10D4000064800050688000500146064802688A42E5
:10D4100005D843681A44914228BF00207047002075
:10D42000704700BF3C5800200229F8B596BF104B4A
:10D4300000245C5C012805460E4608D0022809D06D
:10D4400008B944F002040B4B1F6837B9F8BD44F02B
:10D450000804F8E744F02004F5E77B681A681442F2
:10D4600003D0314628465B6898473F68EDE700BF28
:10D4700068EC02086858002038B5104D2B78ABB125
:10D480000F4C23781BB100F081FA00232370002099
:10D4900000F0A4FA0B4C50B100F0AAFA00230121CD
:10D4A00020782B70FFF7C0FF0123237038BD0122C5
:10D4B000054B1A702278054B1A70F7E79556012034
:10D4C000935601209B560120965601209756012025
:10D4D0000C4A1378FF2B01D158B170470BB908B92A
:10D4E000704730B101331370074B1B78012B03D801
:10D4F0007047013B13707047044B1B780BB9FFF763
:10D50000BBBF70479A5601209B56012096560120BA
:10D5100010B500F0FAFF064B04461B781BB1BDE8BE
:10D52000104000F0EDBFFFF7A7FF2046F7E700BF70
:10D53000925601200228F8B504D0244A1378FF2B14
:10D5400001D1E9B1F8BDD3B90029FBD00123137093
:10D550001F4B1B78012BF5D900F0D7FF1D4E044659
:10D56000337893B920461A4C00F0CAFF207801287E
:10D57000E8D00121FFF758FF01232370E2E711B93A
:10D58000013B1370DEE70133E1E7134F3B781BB932
:10D5900001223A70114A1370114D2B781BB100F023
:10D5A000F5F900232B70204600F0AAFF012000F0BF
:10D5B00015FA00F0AAFF3B7804461BB100F018FAF8
:10D5C00000233B7000233370CCE700BF9A56012044
:10D5D0009B56012095560120925601209656012017
:10D5E000935601202DE9FF47EFF3108572B6AFF394
:10D5F000008001F0E0F9002870D0704E704F337851
:10D6000023B10020FFF764FF00233370387870B92E
:10D6100003A900F0A3FB044648B96A4B039A1B68B0
:10D620009A4263D80120FFF753FF012333703B7800
:10D63000654CDFF8BC91002B72D02078012840F0B7
:10D640009480207800F050F999F8003013B15F4BC6
:10D650001B782370AFF30080284600F0D2FFEFF371
:10D66000108572B65A4B1A7852B100221A70574B75
:10D6700020781B78984203D101212170FFF7D4FE56
:10D68000544800F01DFB01F0A0F980460028B6D1F7
:10D69000514B524F18703B789BB189F80000DFF86E
:10D6A0004C9199F800301BB100F070F989F80080B6
:10D6B000002000F093F9002875D000F099F90023BC
:10D6C0003B70337823B10020FFF702FF0023337053
:10D6D00000212078FFF7A8FE00232370AFF300801D
:10D6E000284604B0BDE8F04700F08BBF3C4BD3F8B0
:10D6F000008000F0E9F8039B8044984592D200F046
:10D70000BBF98200039942F0020292B2CDE90042D5
:10D710002346344AA1EB08012E4800F077FF86E744
:10D720002E4BDFF8B4801B780BB900F013F920788A
:10D73000022831D198F8003023B10022264B1A700C
:10D7400001F060F9DFF8948098F80030002B7FF446
:10D7500078AF254B1B7823B900F012F90122234B37
:10D760001A70012388F800306BE74FF0010800239E
:10D77000DFF864A08AF8003099F8003013B9414608
:10D78000FFF752FE9AF8003084F800803BB1B8F100
:10D79000020F7FF456AFD0E74FF00208E7E7B8F189
:10D7A000020FCFD04DE7012000F09EF8284600F090
:10D7B00028FFEFF3108572B67AE700BF9456012078
:10D7C0009A560120705800209B5601209756012040
:10D7D000905601207458002098560120955601203B
:10D7E0006C58002011D5020899560120935601204B
:10D7F0009656012010B500F088FE0022054B1C78DB
:10D800001A7000F07DFE00F039FBE4B22043C0B294
:10D8100010BD00BF9156012038B500F076FE094BCF
:10D8200005461B78012B04D800F06AFE0024204630
:10D8300038BD054B1C6800F047F80444284600F04A
:10D840005FFEF4E79B5601206C580020184B1949E5
:10D850001A6F10B502F007020A60196F164801F43A
:10D86000744101601549164C8969032A01F00200D0
:10D87000C1F34001134A21700FD0D3F8201101F0F9
:10D880000701022909D0D3F8281101F00701022964
:10D8900003D00021117018B910BD01231370FBE7EC
:10D8A000D3F8003103F00303591E4B424B41F5E717
:10D8B00000800050A05800209C58002000C001505B
:10D8C0009F560120A056012008B5054B187818B1C5
:10D8D000D6F7BEFA00EBD000024B1B68184408BD17
:10D8E000A056012098580020012808B50BD0023816
:10D8F000012807D80020D5F709FD124A136923F043
:10D900000403136108BD104A137823B10F490B6F4C
:10D9100043F474430B670B490B6923F004030B6159
:10D92000BFF34F8FBFF36F8F30BF1378002BE9D059
:10D93000064A0749136F096823F474430B431367BE
:10D94000E0E700BF00ED00E09456012000800050A9
:10D950009C580020074A0849D2F8203103F00703F9
:10D960000B60D2F82831054A03F007031360F3F780
:10D970005BB900BF00800050AC580020A8580020C0
:10D980000122014B1A7070479E5601200F4B10B5B3
:10D990001B7883B10E4C2378A3B90E4B9A6DD1033B
:10D9A00002D5DA6D920702D49B6DDB0704D54FF4E4
:10D9B0008032094B9A6210BDD6F7D6F94FF4803207
:10D9C000054B9A6200232370F5E700BFA0560120A3
:10D9D0009D5601200040005A0050005A034B1B780E
:10D9E0000BB1D6F765BA0120704700BFA0560120E1
:10D9F00008B5F3F71AF9174B1B7833B10122164B10
:10DA00005A60164A9369DB07FCD5154B15491A6F06
:10DA1000096822F007020A431A671349D3F8202144
:10DA2000096822F007020A43C3F820210F49D3F8FE
:10DA30002821096822F007020A43C3F828210C4B69
:10DA40001B781BB14FF480320A4B9A62BDE8084044
:10DA5000FFF7C0BB9F56012000D0015000C001500D
:10DA600000800050A0580020AC580020A85800208A
:10DA7000A05601200060005A014B1878704700BF83
:10DA8000A056012008B5164B1A7822B300221A704E
:10DA9000144B1A6F22F0070242F001021A67D3F802
:10DAA000202122F0070242F00302C3F82021D3F81C
:10DAB000282122F0070242F00302C3F828210A4B72
:10DAC0001B7833B10122094B5A60094A53689B07FE
:10DAD000FCD4FFF77FFB0122064B5A6708BD00BF4D
:10DAE0009E560120008000509F56012000E001500A
:10DAF00000C001500060005A0D490B68A0B100221F
:10DB0000A3B1834203D1836822B90B6003E01A46B4
:10DB10009B68F5E7936083680BB9002070475A69EA
:10DB200041690A445A61F8E7222070470220704791
:10DB3000B858002038B500F05DFA0025084B094CB4
:10DB40001A682368C31A2AB123B15169994203D3D1
:10DB5000C91A5161206038BD55615B1A9268F2E7BD
:10DB6000B8580020B458002038B5154D2B682BB399
:10DB70005B69A3B1134A022014681C4400F0AFFD96
:10DB8000204600F075FA00230F492A680B7022B175
:10DB9000D08880070AD501230B70002038BD0220F1
:10DBA00000F09DFD022000F0ADFAECE79268002A3B
:10DBB000F3D050690344012BEAD9EEE72220EDE7C8
:10DBC000B8580020B4580020A2560120C38870B570
:10DBD00004460D463BB9FFF71FFE8542064602D2BA
:10DBE000F3F76FFD35460E4965610B688BB90C6024
:10DBF000A3600DE0AD1A9A68184665616AB11346D4
:10DC00005A69AA42F6D930B18460521BA3605A61A6
:10DC100070BD0020F4E70C60F7E79C60A260F7E7B6
:10DC2000B8580020F8B515469DF81C20BDF82070A6
:10DC30000271069A0446026000220E46C0E90335CE
:10DC40008260C7809DB900F0D5F93044A0614EB123
:10DC50003546062F1DD10822174B28469A6200F040
:10DC6000D1F902E0E36866617BB90020F8BD00F0FD
:10DC7000C1F92844A061002EEAD1E3686661002B57
:10DC8000E7D0204621689847E3E720462168984777
:10DC9000EBE700F03AFC0646FFF74CFF294620462A
:10DCA000FFF794FF054B1B68A34201D1FFF75CFF10
:10DCB000304600F025FCD8E70050005AB858002044
:10DCC00038B5044640B3C388062B01D100F022FAD0
:10DCD00000F01BFC0546FFF72DFF104B20461B688C
:10DCE000A34208D0FFF708FF044680B1284600F0A1
:10DCF00007FC204638BDFFF7FFFE04460028F5D19B
:10DD0000FFF732FF222802D1022000F0E9F928466D
:10DD100000F0F6FB0024ECE72224EAE7B8580020E4
:10DD200038B50C460546A8B1A1B100230B7000F030
:10DD3000F5FB0121084B1B6833B900F0EAFB00201A
:10DD400038BD9D4204D121702278002AF9D0F4E731
:10DD50009B68F1E72220F3E7B8580020F8B50646A3
:10DD60000F4600F0DBFB00250446124B1B6823B96D
:10DD7000204600F0CEFB1B2011E05A691544DA88DA
:10DD8000B2420DD100F036F90B4E3368C01AA842EA
:10DD90000AD3002320463B6000F0BBFB0020F8BD07
:10DDA000FF2EEFD09B68E2E700F024F933682B44A4
:10DDB0001B1AEFE7B8580020B458002070B500F0E7
:10DDC000ADFB064600F016F9084B044601201D681D
:10DDD00000F06FFC18B100F00DF904460135304633
:10DDE00000F097FB2046294670BD00BFC0580020B8
:10DDF000014B1868704700BFBC580020F8B50C4BA9
:10DE000005461B680E4683420FD3002440F2E730DC
:10DE10002146084B4FF47A721F680023E5FB070187
:10DE2000DBF732FE30602046F8BD2120FCE700BF62
:10DE3000B0580020BC5800200F4B10B51A689AB19A
:10DE40004FF47A71531E1342A0FB01010ED1B2FAB6
:10DE500082F2C2F11F04531CD243E04001FA03F3E3
:10DE6000184321FA02F20243104610BD0023DBF7EB
:10DE70000BFE0246F8E700BFBC58002010B500F0CA
:10DE80004DFB034B1C7800F044FBE4B2204610BD70
:10DE9000A156012008B5084B1B7803F0FF004BB1D9
:10DEA00000F0F7FB054B1B689B69C01A02288CBF6A
:10DEB0000020012008BD00BFA2560120B858002054
:10DEC000014B1870704700BFA1560120C2072DE911
:10DED000F843044607D5444A136801331360FFF73B
:10DEE00029FEFFF741FEA3077CD500F017FB4FF09A
:10DEF000000805464646FFF71DFE3C4F3C680CB146
:10DF00006369A3B100223A4B012E1A7003D118F0B5
:10DF1000020F18BF1E70FFF727FE222802D1022031
:10DF200000F0DEF82846BDE8F84300F0F2BA2346D8
:10DF30005A693AB91A792179914288BF1C469B687F
:10DF4000002BF5D1284600F0E4FA2569DDB100F098
:10DF500051F8A269A0EB02084FEAE873A84573F1F3
:10DF6000000311DB23691344A361E36813B1204666
:10DF700021689847B4F8068000F0D0FA01360546CB
:10DF8000FFF7D8FDBAE7A84600F0C8FA8146204658
:10DF9000FFF7B2FD484600F0BCFA2369002BE4D03D
:10DFA000A38BB5EB080533B1E28B13449BB2B3F5F9
:10DFB0007A7F0FD2E38300F0B1FA804629462046EB
:10DFC000FFF704FEA369226940461344A36100F0F1
:10DFD000A0FACAE7A3F57A73E383A369013D013B85
:10DFE000A361E8E7BDE8F883C0580020B8580020D6
:10DFF000A156012008B5FFF781F9014B986908BDCA
:10E0000000C00A5038B5044600F07FFA0546FFF715
:10E0100075F90E4B022C9A694FF001018CBF121951
:10E020000332B2F1FF3F38BF013A0020FFF7A8F9F1
:10E03000284600F065FA064B1A7832B10221054AEB
:10E0400091640421916400221A7038BD00C00A5006
:10E05000C160012000D00A5007B5044B01A918790E
:10E0600000F062FA019803B05DF804FB5CEC020872
:10E07000F8B5044600F049FA0746FFF73FF9154B9B
:10E080009D6900F028FB06460020FFF75FF9830733
:10E0900004D4731B032B01D8AE420FD10021631BA4
:10E0A000022B98BFEC1C0846B4F1FF3F2CBF224660
:10E0B000621EFFF765F9022000F011FB384600F000
:10E0C0001FFA054B1A7822B10121044A91640022FB
:10E0D0001A70F8BD00C00A50C260012000D00A507A
:10E0E000830700F0010106D50123044A41F0020133
:10E0F0001370034A93640020FFF71CB9C26001202B
:10E1000000E00A50830742BF0222014B1A647047A5
:10E1100000D00A50054B1A7832B90221044A9164A2
:10E120000421916401221A70704700BFC160012070
:10E1300000E00A5030B5154B87B00293144B0390A2
:10E14000049346F611030D46059300F077F9142861
:10E15000044616D1684600F088FB4FF0A84303221E
:10E1600002A95A6319601D619A63DA6B9207FCD1A8
:10E17000142C02D1684600F086FB00F093F90446A7
:10E1800001E00028E9D0204607B030BDD05800207B
:10E19000040000202DE9F04FB1B005468C469E46A4
:10E1A000E8466F4EDDF8EC90409C06F1100A4746B9
:10E1B00030687168083603C75645B846F7D13E9BAC
:10E1C00003EB0208C8F1000A0AF00F0AB9F1000FC8
:10E1D00000F09D80C9F1000707F00F070121DDF86D
:10E1E000FCB044F00050C4F11006CDF810B0059119
:10E1F0000690300200F4F85040F021000790B9F189
:10E20000000F40F08680CDF820D047F00050002D60
:10E2100000F08480099121210A9041EA07210B91A5
:10E2200042F00050CDF830C03D9B08A94FEA0A2CBF
:10E230000D910E904CF041000F901093002A75D173
:10E240003E9B119143F0005312933C9B1390149307
:10E2500010AB1593434B444A169340F611031793A2
:10E26000424B0021002D08BF1346189314AB19939D
:10E270003F4B10221A9311231B931CAB1846F5F742
:10E2800007FA01221D92002246F0804603461E96A0
:10E29000239205B9EB46102CCDF880B024AE4BD1BB
:10E2A000012322460021304621932294F5F7F0F90C
:10E2B00020AB002125938F4218BF334647F08042A0
:10E2C00026923A9A2CA828922993B2FA82F35B09F3
:10E2D00049EA837310222B912A93F5F7D9F9B9F102
:10E2E000000F00D028AED04448F080432CA918A8D5
:10E2F0002D962E93FFF71EFF30B92DB90346A3428A
:10E3000025D1002818BF2C2031B0BDE8F08F102790
:10E3100064E7CDF820E049F0005078E7002C3FF4A6
:10E3200079AF04A9099101210A9076E73E9B0CAAD6
:10E3300011924120129388E7102200213046219348
:10E340002294F5F7A5F9002CB2D10123B1E703F12E
:10E35000C0026A4412F8C02C01331043CFE700BF5B
:10E360008FFE020810000020A4FE0208A8FE02088A
:10E3700004000020F0B5C0299FB0DDE9244557D046
:10E38000B1F5807F04D0802948D029201FB0F0BD8E
:10E3900001265CB140F234470294102403960494A1
:10E3A000212401970594069502AC0AE040F2144737
:10E3B00002941024039604942124059401240197C7
:10E3C0000695079401251024089409950A922122A4
:10E3D0000B950C940D92174A0AAD0E92164A0F95A2
:10E3E000109242F611021192129313951494159201
:10E3F00001AA1692D3B112AB1793042318931123D9
:10E40000199316AB1A901B9340F61103C9081C917F
:10E410001AA806A91D93FFF78DFEB7E7012614B9C8
:10E420004FF48267C4E74FF48667B5E70EABE3E7C6
:10E430000F20ABE7A0FE02081000001038B5164B05
:10E440005A6E42F004025A66D3F8802242F001026A
:10E45000C3F88022114B5B68C3F3080343B14FF04C
:10E46000A842D36B13F0430FFBD11424204638BDD0
:10E470004FF0A843DC6B14F04304FBD1084D2B682C
:10E480001BB904212846F4F750F92B68013343F0F7
:10E4900000432B60EAE700BF0080005000ED00E081
:10E4A000D0580020014B00205B68704700ED00E071
:10E4B00008B5C0B14FF480620C4B9A66BFF34F8F22
:10E4C00000F04EFA4FF098435A6CD202FCD54FF44C
:10E4D0008062586D064B10F470209A6604D0BDE837
:10E4E000084000F0FCB9212008BD00BF009000509A
:10E4F00000A000504FF4004070474FF47A7070470E
:10E5000010B962B6BFF36F8F7047EFF3108072B629
:10E51000704780F31188BFF36F8F7047EFF311805E
:10E52000302383F31188704709B100F005B8222029
:10E5300070470121FEF742BF70B506460D46FFF752
:10E54000EDFF0446202E59D8DFE806F0111A581FB7
:10E55000222558282B582E58313458373A3D5840E8
:10E560005843585558465849584C584F5200FEF792
:10E5700011FE002628602046FFF7CBFF304670BD15
:10E580004FF4C070D4F7F4F8F3E74FF42070F9E7D4
:10E590004FF44070F6E74FF46070F3E74FF400700B
:10E5A000F0E74FF48060EDE74FF44060EAE74FF4A6
:10E5B000C060E7E74FF4F060E4E74FF4B060E1E7F4
:10E5C0004FF4D060DEE74FF41060DBE74FF4E0601B
:10E5D000D8E74FF4A060D5E74FF41860D2E74FF4C6
:10E5E0002860CFE74FF48070CCE74FF42060C9E794
:10E5F0004FF44860C6E74FF40860C3E700202126C7
:10E60000B8E710B962B6BFF36F8F70472DE9FF41CD
:10E610000D4616461F460446A8B14FF00008C0F844
:10E620001C80FFF74DFBBDF82C30424602939DF84D
:10E6300028302946CDE9007320463346FFF7F2FA29
:10E6400004B0BDE8F0812220FAE7F0B51F460023B0
:10E6500087B00D46164604468DF81730A8B1C36141
:10E660000DF11701FFF75CFB9DF817207AB9BDF893
:10E670003430294602939DF830302046CDE90073AE
:10E680003346FFF7CFFA07B0F0BD2220FBE70320A7
:10E69000F9E738B5FFF742FF0546FFF7ABFC044644
:10E6A0002846FFF736FF204638BD00F021B800F0BD
:10E6B00030B810B504460020FEF748FE012C04D007
:10E6C000022C05D1C0F3400010BD00F00100FBE7B3
:10E6D0000020F9E7704700210846FEF73FBE00F032
:10E6E0000101830748BF41F002010020FEF71CBE74
:10E6F000002008B5FEF72AFE10F0080008D0002020
:10E700000821FEF71DFEBDE808400020FEF74ABEC6
:10E7100008BD04210020FEF713BE38B5FFF7FEFE4A
:10E7200004460020FEF712FE830700F0010548BFF3
:10E7300045F0020500F003010020FEF701FE284627
:10E74000FFF7C4FB2046BDE83840FFF7E2BEF0B556
:10E75000154649228FB0149C8DF8242004F10C0634
:10E760000DF1250254F8047BB44242F8047BF9D140
:10E77000247814704FF48074ADF834409DF8544000
:10E7800000228DF8364004240694169CCDE900152D
:10E7900005941324049409ACCDE902340B461146C8
:10E7A0008DF832208DF83350FFF7F4FC0FB0F0BD38
:10E7B00030B5C02A93B02FD0B2F5807F29D0802AFF
:10E7C0002CD14FF4807480F0010020430190169802
:10E7D00001250290102421200395049405900693AE
:10E7E00001AB0795089409900A9306AB0B93042399
:10E7F0000C9311230D930AAB0E910F9340F6110366
:10E80000D20802A90EA810921193FFF793FC13B03F
:10E8100030BD4FF48274D6E70F20F8E72920F6E7E1
:10E8200008B5FFF70BFEBDE80840FFF73BBE1FB57C
:10E83000079C02949DF81840CDE9003413460A461F
:10E8400001460020FFF783FF04B010BD1FB5079CF1
:10E8500002949DF81840CDE9003413460A4601465B
:10E860000120FFF774FF04B010BD10B50446FFF798
:10E870004CFE4FF0A8431A6822601B696360FFF7E3
:10E880003FFE002010BD10B50446FFF73EFE4FF0DE
:10E89000A84322681A6062681A61FFF731FE0020FF
:10E8A00010BD10B40446084611469DF8042001929C
:10E8B000A2685DF8044BFFF7BABF10B404460846DF
:10E8C00011469DF804200192A2685DF8044BFFF701
:10E8D000BDBF8068FFF74EBD8968FFF769BFB0F51F
:10E8E000802F22D010D8B0F5003F20D007D818B321
:10E8F000B0F5803F08BF482018BF01207047B0F531
:10E90000403F08BF2C20F7E7B0F5302F11D007D8D3
:10E91000B0F5E02F0FD0B0F5202F08BF1020EBE7A7
:10E92000B0F57F0F08BF0620E6E74B2070472A208E
:10E930007047112070472120704708B528B1282260
:10E940000021F4F7A5FE002008BD2120FCE7036AA2
:10E95000042B9FBF00EB83020133D1600362704739
:10E96000036A052B14D84FF09842116CC902FCD5EC
:10E9700004339B0013650168103B1160416811600E
:10E9800050F8081F11604FF098420344984200D19C
:10E99000704750F8041F1160F8E7836813B981606D
:10E9A00070475B685A68012AFBD1596070470120A3
:10E9B00070470120704710B5FDF708FD0446FFF7CA
:10E9C000F6FF002818BF204610BD38B5FEF712FF2D
:10E9D0000446FDF702FD042810D002284FF0000580
:10E9E00008BF0124FFF7E5FF042809D0022808BF6B
:10E9F0000124002D18BF0024204638BD0125F1E771
:10EA00000024F9E702210120F0F78EBC000000008D
:10EA100000000000000000000000000000000000F6
:10EA2000F8B500BFF8BC08BC9E467047F8B500BFFB
:10EA3000F8BC08BC9E4670475FF800F0D15C01202E
:10EA40005FF800F0755D0120B0EA020888EA02086C
:10EA5000000000000000000060EA02080000000062
:10EA6000EC06030884060308DC0603089406030882
:10EA7000A8060308B8060308080703087C0403086F
:10EA800098040308000000007D80010810EB0208D4
:10EA9000B51B01080000000019C3020800000000B7
:10EAA000CD7C01083EEB02080000000000000000E1
:10EAB0003180010810EB0208397A010810EB0208D6
:10EAC00015C30208000000001D77010800000000C7
:10EAD0000FC3020800000000E5C202083CEB020878
:10EAE0009D7C01083EEB020821C3020800000000E3
:10EAF00025C3020800000000FB7C020800000000A3
:10EB00003B7D020800000000000000000000000043
:10EB1000000000004E0C000000000000000000009B
:10EB2000D8FF020800000000000000000400000000
:10EB300000000000E2FF500000010000010004009E
:10EB4000FB000E00F98502083986020819860208C2
:10EB50006F860208852C0108CFA90208292C01081C
:10EB6000AD86020849290108C5760108BD2C0108B7
:10EB70007D2B010831770108EDA902080000000093
:10EB8000000500080030033E043E053E073E0C3EF3
:10EB9000123E133E213E293E0DFFEDFFFFFF000018
:10EBA00000000000CD060008FF080208FB0802086C
:10EBB000D9080208A708020837090208090902084B
:10EBC000A90802082C000000020202030000000352
:10EBD0000000000000000000000000000000000035
:10EBE0000700080000000000000000000000000115
:10EBF000020405000000000000000000000000000A
:10EC0000060000090A0B00000126000004000000B5
:10EC10000000000000010000000000000B000000E8
:10EC20000C00000003000000000020200000000095
:10EC3000030000003C3C3C0000000000000000001D
:10EC40000000000001031001010903001E00000084
:10EC50001B000000160000001A00000000C00A504F
:10EC6000130000004CEC02080104100060F80208D8
:10EC700000000000E4EC02080300000000000000B7
:10EC8000C017530260F802080000000050ED0208AF
:10EC90000300000000000000C017530260F80208E3
:10ECA00000000000BCED02080300000000000000AE
:10ECB000C017530260F802080000000028EE0208A6
:10ECC0000300000000000000C017530260F80208B3
:10ECD0000000000094EE02080300000000000000A5
:10ECE000C017530200EF0208809C2B8F80841E0007
:10ECF000000000002500FF7F345E012000000000BE
:10ED0000D4FC02080000000000EF0208809C2B8F5A
:10ED100080841E00000026002600B700345E01201B
:10ED200000000000D4FC02080000000000EF020810
:10ED3000809C2B8F80841E000000270027008C0001
:10ED4000345E012000000000D4FC02080000000036
:10ED5000E0F00208809C2B8F80841E0000000000E1
:10ED60002500FF7F345E012000000000D8FC02086F
:10ED700000000000E0F00208809C2B8F80841E00C1
:10ED8000000026002600B700345E012000000000CD
:10ED9000D8FC020800000000E0F00208809C2B8FE5
:10EDA00080841E000000270027008C00345E0120B4
:10EDB00000000000D8FC020800000000C0F20208B9
:10EDC000809C2B8F80841E00000000002500FF7FA8
:10EDD000345E012000000000DCFC0208000000009E
:10EDE000C0F20208809C2B8F80841E000000260049
:10EDF0002600B700345E012000000000DCFC0208A1
:10EE000000000000C0F20208809C2B8F80841E004E
:10EE10000000270027008C00345E01200000000065
:10EE2000DCFC020800000000A0F40208809C2B8F8C
:10EE300080841E00000000002500FF7F3C5E012052
:10EE400000000000E0FC020800000000A0F402083E
:10EE5000809C2B8F80841E00000026002600A000CE
:10EE60003C5E012000000000E0FC02080000000001
:10EE7000A0F40208809C2B8F80841E0000002700D5
:10EE80002700FF7F3C5E012000000000E0FC02083C
:10EE90000000000080F60208809C2B8F80841E00FA
:10EEA000000000002500FF7F3C5E01200000000004
:10EEB000E4FC02080000000080F60208809C2B8F12
:10EEC00080841E00000026002600B7003C5E012062
:10EED00000000000E4FC02080000000080F60208C8
:10EEE000809C2B8F80841E000000270027008C0050
:10EEF0003C5E012000000000E4FC0208000000006D
:10EF0000FC4F010330FB02081040010000410000EB
:10EF10003C400100000000004840010020070003C1
:10EF200050400100000000005C4001000D0F000097
:10EF300008410100FF4C000054C00700511130008F
:10EF40000E000DE62A000000080B0C0D0D0000005D
:10EF5000D1B60200E004000040400701000020702C
:10EF60000000A01110000000000000461FC081003A
:10EF70000000002000800000644005010000000047
:10EF8000B904F800400800001000000091000400DF
:10EF900088400F01B703120000000060000000006D
:10EFA0000002050D1C2F42536269686053402E1FFA
:10EFB000110A0808080807060504030302020201F3
:10EFC000010101010000000000000000000000003D
:10EFD0001C41010100302C8C38410701BC200BF092
:10EFE00049C05100055BA0408E6E82942182485238
:10EFF00009084000C00D00805C410101FFDD0000F8
:10F00000684107014CD4E83B04190D50080E141A4E
:10F0100020262C32383E10325476980A1D0040B417
:10F02000D041030100000000D000000004001200E5
:10F03000E041130100000080E2CFDD2C7EB63A00F3
:10F04000600919005122E2004CB9510E3982A9041D
:10F05000D8229B29E2CFDD2C7EB63A006009190048
:10F060005122E2004CB9510E3982A904D8229B29C1
:10F070000000000000000000440000003C3C3C3C5C
:10F080004C42010108000304684201010000000035
:10F0900038800101F1471000A080020170380300A0
:10F0A000D0000000A8800111F0010000A88001310B
:10F0B000055AFD01AC800111F0010000AC80013166
:10F0C000053EFD00EC000112E00F0000EC000132F3
:10F0D0000C2051118401010200000000FFFFFFFF1E
:10F0E000FC4F010384FB02081040010000410000B6
:10F0F0003C400100100000004840010020170003C0
:10F1000050400100010400005C4001000D0F0000B0
:10F110000841010003C0010054C007005111300034
:10F120000E000DE62A000000080B0C0D0D0000007B
:10F13000D1B60200800500004040070100002070A9
:10F140000000A01110000000300000461FC8810020
:10F150000020003000800000644005010000000035
:10F16000B904F800400800001000000092000A00F6
:10F1700088400F01B703120000000060000000008B
:10F180000002050D1C2F42536269686053402E1F18
:10F19000110A080808080706050403030202020111
:10F1A000010101010000000000000000000000005B
:10F1B0001C41010100302C8C38410701BC200AF0B1
:10F1C00049C0510001000040B75635120078085080
:10F1D00009084000C00300805C41010100000000FC
:10F1E000684107014CD4E83B04190D700A10161C45
:10F1F00022282E343A4010325476980A1D6980A491
:10F20000D041030100000000D00000000000020017
:10F21000E041130100000000E2CFDD2C7EB63A0091
:10F22000600919005122E2004CB9510E3982A9043B
:10F23000D8229B29E2CFDD2C7EB63A006009190066
:10F240005122E2004CB9510E3982A904D8229B29DF
:10F250000000000000000000440000003C3C3C3C7A
:10F260004C42010108000004684201010000000056
:10F2700038800101F1471000A080020170380300BE
:10F28000D0000000A8800111F0010000A880013129
:10F29000055AFD01AC800111F0010000AC80013184
:10F2A000053EFD00EC000112E00F0000EC00013211
:10F2B0000C2051118401010200000000FFFFFFFF3C
:10F2C000FC4F0103D8FB0208104001000041000080
:10F2D0003C400100100000004840010020070003EE
:10F2E00050400100000400005C4001000D0F0000D0
:10F2F0000841010003C0010054C007005111300053
:10F300000E000DE62A000000080B0C0D0D00000099
:10F31000D1B60200800500004040070100002070C7
:10F320000000A01110000000300000461FC881003E
:10F330000020003000800000644005010000000053
:10F34000B904F800400800001000000092000A0014
:10F3500088400F01B70312000000006000000000A9
:10F360000002050D1C2F42536269686053402E1F36
:10F37000110A08080808070605040303020202012F
:10F380000101010100000000000000000000000079
:10F390001C41010100302C8C38410701BC200AF0CF
:10F3A00049C0510001000040B7563512007808509E
:10F3B00009084000C00300805C410101000000001A
:10F3C000684107014CD4E83B04190D70080E141A6B
:10F3D00020262C32383E10325476980A1D6940B4EB
:10F3E000D041030100000000D00000000000020036
:10F3F000E041130100000000E2CFDD2C7EB63A00B0
:10F40000600919005122E2004CB9510E3982A90459
:10F41000D8229B29E2CFDD2C7EB63A006009190084
:10F420005122E2004CB9510E3982A904D8229B29FD
:10F430000000000000000000440000003C3C3C3C98
:10F440004C42010108000004684201010000000074
:10F4500038800101F1471000A080020170380300DC
:10F46000D0000000A8800111F0010000A880013147
:10F47000055AFD01AC800111F0010000AC800131A2
:10F48000053EFD00EC000112E00F0000EC0001322F
:10F490000C2051118401010200000000FFFFFFFF5A
:10F4A000FC4F01032CFC0208104001000141000048
:10F4B0003C4001000000000048400100A00700039C
:10F4C00050400100000000005C400100000000000E
:10F4D00008410100FF4C000054C0070051213000DA
:10F4E0000E000DE62A0000000405060708000000D3
:10F4F000D1B60200600500004040070100005051F5
:10F500000000A02110000000000000861FC0810044
:10F5100000000020000000006440050100000040E1
:10F520004902F000400800000200000092000800BC
:10F5300088400F01DA032A00000000E0000000000C
:10F540000102071121374B5A67696254402915059A
:10F550000000000001020304040403030303030288
:10F56000020202020201010100000000000000008E
:10F570001C41010100B0B18C38410701BC200AF0E8
:10F58000B6555200055B98408E6E8294233C4852DB
:10F59000893B4000C00300805C410101FFDD0000A9
:10F5A00068410701E853FA00000000400000000035
:10F5B000000000000000000000000000000000004B
:10F5C000D04103010000AAAAD000000004001200EC
:10F5D000E041130100000000FFAB000A5CF10F00E6
:10F5E000D341020095EDB100197BD80F1208B90480
:10F5F000EA1B6D1FC9B7C20A0B203B00430600007F
:10F600005962F300727E9600A73D1900D022F13BAB
:10F61000000000A00000000040000000000000000A
:10F620004C4201010800030468420101010000008E
:10F6300038800101F1471000A080020170780300BA
:10F64000D5C00000A8800111F0010000A8800131A0
:10F650000542CB01AC800111F0010000AC8001310A
:10F6600005228D00EC000112E00F0000EC000132D9
:10F670000C2051118401010200000000FFFFFFFF78
:10F68000FC4F010380FC0208104001000141000012
:10F690003C4001000000000048400100A0070003BA
:10F6A00050400100000000005C400100000000002C
:10F6B00008410100FF4C000054C007005111300008
:10F6C0000E0009E62D0000000405060708000000F2
:10F6D000D1B60200643500004040070100005051DF
:10F6E0000000A01110000000000000861FC0810073
:10F6F0000000002000000000644005010000004000
:10F70000B904F80040080000020000009200040064
:10F7100088400F01B7033B00000000E0000000003C
:10F720000002050D1C2F42536269686053402E1F72
:10F73000110A08080808070605040303020202016B
:10F7400001010101000000000000000000000000B5
:10F750001C4101010060B18C38410701BC200AF056
:10F76000F6625200055B98408E6E82941C78485277
:10F77000893B4000C00300805C410101FFDD0000C7
:10F7800068410701E853FA00000000400000000053
:10F790000000000000000000000000000000000069
:10F7A000D0410301000000AAD000000004001200B4
:10F7B000E041130100000000FFAB000A5CF10F0004
:10F7C000D341020095EDB100197BD80F1208B9049E
:10F7D000EA1B6D1FC9B7C20A0B203B00430600009D
:10F7E0005962F300727E9600A73D1900D022F13BCA
:10F7F000000000A000000000380000000000000031
:10F800004C420101080003046842010101000000AC
:10F8100038800101C2241000A0800201707803002A
:10F82000D0000000A8800111F0010000A880013183
:10F830000542CB01AC800111F0010000AC80013128
:10F84000053EFD00EC000112E00F0000EC0001326B
:10F850000C2051518401010200100000FFFFFFFF46
:10F860000C40010001810100204002000000000066
:10F870000100000030400300000000000000000014
:10F8800000000000404002000000000000400000B6
:10F890006040010001010000A840010007000000D5
:10F8A000BC40040000000000000000000000000058
:10F8B000000000000C410300FF4C0000FF4D000061
:10F8C000FF4D000020C0011000F8070020C00130EB
:10F8D000F502280124C00110FF00000024C00130FF
:10F8E0000013000028C00800EC80B30343754051AA
:10F8F000A00F00F800400000A8AA070000000000C8
:10F90000000000000000000070C00900BA100000F4
:10F9100000042000041880000B3C2001187C100219
:10F920002FFCE0067F000000000000000000000047
:10F93000A8C00500BD4B721511A3180510325476EE
:10F94000980A000000000000CCC004000100000084
:10F950000000000001000A00010028000800010169
:10F960000807000018000101AAAAAA00200001014E
:10F970000060DA005C40020100000003000000208B
:10F980007840040129417671000000008C000C00D1
:10F9900000000000C440040100000000000000005E
:10F9A0000000000000000000E04001010002000033
:10F9B00010410201331E0500000000002041020139
:10F9C00000000000FF0483072C410301FF06660CC2
:10F9D000FF0483078813FF03584101010000000062
:10F9E000644101010C010000844105010101000096
:10F9F0000000000000000000000000000000000007
:10FA0000A44102010000000000000000B04102011A
:10FA10000000000058923EC0BC41030100000000FD
:10FA200000003C00699006002C4203016018004071
:10FA300000000000000000003C4201010000000046
:10FA40004442010114000000804202010000000055
:10FA500081000000984205013F000002FFFF000006
:10FA6000FFFF0000FF030000FFFF0000B4420101A0
:10FA70000000000030430A0140002001A000000007
:10FA8000085000011F1F1F1F1F1F1F1B18151311D8
:10FA9000100E0D0C45C1872F000000000000000073
:10FAA00010800101030000003C8001010100000002
:10FAB000B080020100030002370000019C00010237
:10FAC000000C0004D8000302050040AA88010000D1
:10FAD000C0000000F00001022B0100001001011223
:10FAE00000FF0F001001013202000031500101122D
:10FAF00000C0010050010132C100A20074010102E6
:10FB000069F11B0C7801011200001C007801013220
:10FB10001004E0CF8001011279070000800101325A
:10FB2000020000008801010250000000FFFFFFFFFB
:10FB3000140000001CC771000000000090FD0208C6
:10FB400040FD0208000000000000000000512502F6
:10FB500040420F000108F600F147100200000000CB
:10FB6000E8FC0208000000000000000000000000A7
:10FB70002A420F000000000000000000000000000A
:10FB800000000000140000001CC77100000000000D
:10FB900090FD020850FD0208000000000000000077
:10FBA0000051250240420F000102F600F147100209
:10FBB00000000000E8FC0208000000000000000057
:10FBC000000000002A420F000000000000000000BA
:10FBD0000000000000000000140000001CC77100BD
:10FBE0000000000090FD020860FD02080000000017
:10FBF000000000000051250240420F000108F600FD
:10FC0000F147100200000000E8FC020800000000BC
:10FC100000000000000000002A420F000000000069
:10FC200000000000000000000000000014000000C0
:10FC30006666660000000000AAFD020870FD02086A
:10FC400000000000000000000048E80180841E0061
:10FC50000101F800F147500200000000E8FC020832
:10FC60000000000000000000000000007C841E0076
:10FC70000000000000000000000000000000000084
:10FC8000140000002449920000000000AAFD0208B0
:10FC900080FD020800000000000000000024F400C5
:10FCA00040420F000101F800C22450030000000090
:10FCB000E8FC020800000000000000000000000056
:10FCC0002B420F00000000000000000000000000B8
:10FCD000000000000305000003040000030300000F
:10FCE00003020000030A000002000000C0175302D4
:10FCF00006140000802FA60405380000A0080000AC
:10FD00000000580901040706100A01040707C80A81
:10FD100000040807800B00040808380C00040908D8
:10FD20006108000000008A0800000000C709010403
:10FD300004032C0B01040404920C010405040000CC
:10FD400050C30000E62D0000D0070000D0070000DF
:10FD5000E5BF0000282300006B0300006B030000D8
:10FD6000F5DA0200A41F00009001000090010000DD
:10FD700050C30000761600007701000077010000F4
:10FD800050C30000F22B0000EE020000EE02000063
:10FD9000193F0106041001000001010600102700B0
:10FDA000000A0000000000000000193F01060410D6
:10FDB00001000001010600102700000C00000000F7
:10FDC000000000006CEC020884EC02089CEC0208C5
:10FDD000B4EC0208CCEC020801000000445E0120F3
:10FDE0000000000000000100000000000000000012
:10FDF0000000000000800000008000000080000083
:10FE000000800000008000000080000000800000F2
:10FE100000800000008000000080000000800000E2
:10FE200000800000018000000180000001800000CF
:10FE300001800000018000000280000002800000BC
:10FE400002800000038000000480000005800000A4
:10FE500006800000088000000C8000000F80000079
:10FE6000090000000A0000000C0000000E00000065
:10FE70001100000013000000160000001B0000002D
:10FE8000220000002D000000DC984CA0D81018FFC4
:10FE9000FFFFFFFFFFFFFFFFFFFFFFFFFFFFFF0071
:10FEA000000000000120000000200000FFFFFFFF15
:10FEB00000000000FFFFFFFFFFFFFFFFBCE6FAAD01
:10FEC000A7179E84F3B9CAC2FC6325510000000045
:10FED000505341004B455900000000000000000055
:10FEE0002D002573256C642E25302A6C64002C00AF
:10FEF0007B2277223A5B002573256C642C256C6489
:10FF0000005D2C22666C223A25732C226672223AFE
:10FF100025737D0D0A007B2264746175223A257376
:10FF20002C2248525F72657374223A25732C226E1C
:10FF30005F6265617473223A25642C226E5F706182
:10FF4000697273223A25642C227069223A25737DE6
:10FF50000D0A007B2248525F72657374223A257342
:10FF60002C226E5F6265617473223A25642C2270C4
:10FF700069223A25737D0D0A00000000010000008F
:10FF80000A00000064000000E803000010270000E1
:10FF9000A086010040420F00303000000000000049
:10FFA000050000000000000040420F0005010000B5
:10FFB0000000000000000000000000000000000041
:10FFC000000000000000F03F000000000000F03FD3
:10FFD000000000000000F03FF8FF02081D001D00B7
:10FFE000080203080E000E00F801030801000100DA
:10FFF0000300FFFFFFFF0000010000000108FFFFFA
:020000040803EF
:1000000000000000C8010308020002000108FFFF11
:100010000500000020000A0003000A000008FFFF9E
:10002000010000003060012004000D000308FFFF04
:100030000300000002000000050002000108FFFFAD
:100040000500000002000B0006000B000108FFFF86
:10005000010000003A600120070002000108FFFFD4
:10006000050000000A000C0008000C000308FFFF58
:100070000100000050600120090000000108FFFF9E
:1000800000000000CC0103080A0002000108FFFF85
:10009000050000001A0003000B0003000308FFFF27
:1000A00001000000586001200C000D000308FFFF54
:1000B00003000000010100000D0002000108FFFF25
:1000C00005000000020004000E0004000108FFFF0C
:1000D00000000000D00103080F0000000108FFFF2E
:1000E00000000000D4010308100002000108FFFF17
:1000F0000500000002000500110005000108FFFFD7
:1001000000000000D8010308120002000108FFFFF0
:100110000500000002000600130006000108FFFFB2
:10012000020000006C600120140002000108FFFFC3
:100130000500000002000700150007000108FFFF8E
:10014000020000007C600120160002000108FFFF91
:100150000500000002000800170008000108FFFF6A
:100160000200000088600120180002000108FFFF63
:100170000500000002000900190009000108FFFF46
:1001800001000000966001201A0000000188FFFFB6
:1001900000000000E60103081B0002000108FFFF49
:1001A00005000000100000801C0000800008FFFF18
:1001B00007000000000000001D000D000308FFFF05
:1001C00003000000010200000200011802000018F4
:1001D0000200000002000A180C0053696C69636F8A
:1001E0006E204C61627310009ECADC240EE5A9E00B
:1001F00093F3A3B50100406E9ECADC240EE5A9E08E
:1002000093F3A3B50300406E002801280328002AB9
:10021000012A292A242A272A262A232A052A2A2BA0
:10022000292B02294130334252443237303941318F
:10023000312E302E32232D302B2000686C4C00657F
:100240006667454647003031323334353637383902
:100250004142434445460030313233343536373835
:100260003961626364656600D1F71737D1F717B754
:100270008071313F807131BF0000003F000000BF3E
:100280002F7661722F6C69622F6A656E6B696E736F
:100290002F67697468756240322F62676170695FA9
:1002A00070726F746F636F6C2F70726F746F636FA7
:1002B0006C2F6576656E742F7372632F736C695F34
:1002C00062676170695F6576656E742E6300626750
:1002D0006275665F696E0062676275665F6F7574EE
:1002E0000062676275665F6E6F666C6F770062674B
:1002F0006275660061636C006C6C5F636F6E6E6547
:100300006374696F6E006C6C5F6164765F736574B3
:10031000006C6C5F76616C696461746F7200626717
:100320005F6D65737361676500736F66745F746991
:100330006D65725F6D657373616765006C6C5F619D
:1003400064765F73796E63006C6C5F7363616E5F7C
:1003500073796E63006761705F706572696F64695D
:10036000635F616476006761705F706572696F6476
:1003700069635F73796E63006C326361705F636F92
:10038000635F6368616E6E656C006D626564746C5A
:10039000735F636F6E74657874000000EE0203088B
:1003A000F4020308F8020308060303081103030814
:1003B0001E030308290303083C030308480303083A
:1003C0005503030866030308780303088A03030838
:1003D00062675F6D616C6C6F6300FFFF0101020774
:1003E0000B131510801A8012808000000101020199
:1003F000020203040301010204040000F4010000EE
:10040000FA00000096000000640000004B000000AD
:10041000320000001E000000140000000000000078
:1004200050004000080050002400040090015002D9
:1004300040009001AE0110000B0701160C000001F6
:1004400008080000050108FFFF02FFFF080802027C
:1004500004FF010022FFFF23080F030304040A0A1C
:10046000030A2AFFFF1419191B011C151204004866
:100470000C14040F0E0C080C080D181009000000D5
:10048000000000000000000000000000A0030906BA
:10049000A0870908A08809070A00000000000000E2
:1004A0000000000000000000A0010A05A0030A04EB
:1004B000A0080A03A0880A08A0060A01A0030900F0
:1004C00020050A19B51F010820060A17851F010813
:1004D00001000200000000000000030000000D0009
:1004E000030002000100050000497253144972071D
:1004F000FF000102030405FF145300724907CDF603
:10050000000000FB349B5F800000800010000000B2
:10051000000000008DA702081780020879A90208D0
:1005200077A80208E69D350E480103CCDBFDF4AC4C
:100530001191F4EFB9A5F9E9A7832C5E2CBE97F2CF
:10054000D203B020008BD28915D08E1C742430EDDC
:100550008FC24563765C15525ABF9A32636DEB2A9F
:1005600065499C80DC006C888391AAF5A5386037CA
:100570000BDB5A6083BE0000000100010005010092
:100580000502020300020000000000020501000550
:10059000000001000100000100010202030002004E
:1005A000000000000202010002000000C96B010807
:1005B000A166010873BE0208E1BD020877B7020810
:1005C00079640108C56301081D620108D5BB0208F2
:1005D0002DB20208356801085D5D0108A95B0108BC
:1005E0002BBB0208BDBA020865BA0208C3B90208EB
:1005F0000FB8020829590108555701080D5801087C
:1006000031B20208F9540108BF01FB9D4EF3BC361C
:10061000D874F5394138684C8BD28915D08E1C744A
:100620002430ED8FC24563765C15525ABF9A32630F
:100630006DEB2A65499C80DCE69D350E480103CCB4
:10064000DBFDF4AC1191F4EFB9A5F9E9A7832C5EB9
:100650002CBE97F2D203B0203F49F6D4A3C55F3831
:1006600074C9B3E3D2103F504AFF607BEB40B799A7
:100670005899B8A6CD3C1ABD01020C000000040038
:100680000000080002000000000000000000000060
:100690000000000004000000000000000000000056
:1006A00000000000A001040156000000000000004E
:1006B0000000000000000000050000000000000035
:1006C0000000000000000000A0130500A0880A0739
:1006D000A0040903A0050902A00609010F000000FB
:1006E0000000000000000000000000000100000009
:1006F000000000000000000000000000A001010751
:10070000A000010402040800060000000000000030
:100710000000000000000000A0030601A009060977
:10072000A0020608A0050607A0050606A007060504
:10073000A0020604A0010610A0080602A00D0600F3
:10074000000004020503060107010108090A000070
:10075000A0015C04A0005C03A0015C02A0035C019A
:10076000A0025C00A0020F09A0030F04A0030F0366
:10077000A0050F02A0010F01A0050F00A0040108B1
:10078000A003010601010204200C040341760108C4
:10079000200004016D76010820025602017701084D
:1007A00020025601D57601082000020515760108C1
:1007B000A01201009D860108E586010891860108C6
:1007C000F1860108D986010839C6020877C60208F1
:1007D00099C60208BBC60208DDC602085D9301087F
:1007E0000D93010819930108099401089FC8020894
:1007F000FDC3020801C4020805C4020809C40208B6
:100800000DC4020800000000C0010000B04D00202F
:100810000002100074520120704F00200D91010859
:10082000F190010891CA010819CD010849CC0108CD
:1008300020C001B800000001000001010001010119
:10084000C8C8C8C8C8C8C8C8C8C8C8C800A801A8F7
:1008500002A8000000B801B802B800B00304040800
:10086000080500000000000000000000000000007B
:1008700000000000040008007C0031003B001B0069
:1008800020000000B1F301081000000029F3010866
:100890002038000080030000A43B0000040000009A
:1008A000283E00000400000028330000F804000087
:1008B000A03B000004000000243E000003000000F4
:1008C0000000000028330000A83B000001000000E9
:1008D0002C3E000037000000A53A0000293300003C
:1008E000010000000006800F7047954909684143E8
:1008F000880B7047934800680104C80F704730B5F3
:10090000002083490A6800238F4C521C6568AA4264
:1009100000D322681578AD06AD0E9D400543280032
:100920009B1D1E2BF1D30A6030BD86480168090467
:1009300008D586490A68764B1A604A68C261886899
:10094000B24908607047F3B583B01700C006000EC7
:1009500000901038912833D2FFF7CCFF00282FD019
:1009600000267B4C01250398FFF7BCFF002802D02E
:10097000022803D003E02068284000D00126019718
:10098000744F04980C21615E40180E21615E40187E
:10099000FFF7ABFF019940183860049800994018A0
:1009A000FFF7A3FF019940187860C02080016A49D1
:1009B0000860300369490860FCF7D2FF944805706D
:1009C00005B0F0BDFEB5664B664DC02080040290B8
:1009D000F020000501901869022805D228680199C5
:1009E000014002988142F0D08A480068C01C8A49C0
:1009F00001438A4801608A4A8A4C0421A06808425F
:100A000004D0187D8006C10F490023E00226304043
:100A100022D01869042805D22F6801983840029F17
:100A2000B842F6D0187D0007000F072814D1587D72
:100A3000022811DD987D8006800E02280CDBD87D0F
:100A4000009007460F4207D0C00700D50A21374261
:100A500000D0891D00290BD173487049086000201F
:100A6000186080218902714B196010602061F7BD08
:100A7000481C1E69864205D22F68019E3E40029F97
:100A8000BE42F6D06A48405C009020610098C000E9
:100A9000F821014002D08020C00418606548066833
:100AA000012E00D149005960216800291DD15B4900
:100AB0000B682026A65F36039B059B0D33430B6016
:100AC00001261660022191600099890909D1006808
:100AD000002801D1182000E01A20225E0098FFF7BC
:100AE00032FF207A000700D42660F7BD4B484E49FC
:100AF000016000211A4A1160802292024B4B1A6059
:100B0000474A11604C4A0261426141480170704796
:100B1000283E000006204949086000204849086036
:100B2000F0210901474A116080214900464A1160BD
:100B30000849414A0A604A60354908707047000018
:100B4000A43E0000C04101A87C3E0000843E00009D
:100B5000A03E0000C84101A8C06101A8C05101A881
:100B6000C44000A80C0002A830B581B00400A00366
:100B700014D530480068002801D1162000E00C2070
:100B8000FEF7D8FA3148806E0007C10F3048017077
:100B9000082030490860C003244908602E4D2868A9
:100BA000000406D5FFF7ABFEE861FFF7A8FE174982
:100BB0000860A00727D58020C0021C490860FCF708
:100BC000F2FE00281FD0254A1068C0B2002802D0CB
:100BD0000621234B1960810915D01C490B68012B94
:100BE000FBD949680905090D091DC900114B1B688E
:100BF000012B00D14908002B01D1182300E01A2352
:100C0000D25EFFF7A0FE01B030BD00005C4201A83B
:100C1000623E0000204000A800F0FF3FB84101A85C
:100C2000044003A8983E0000FFF3FF3F106001A8B6
:100C3000D84000A8683F0000FFFF0300006401A83F
:100C4000504000A80C6000A80C5000A81C4000A850
:100C5000A83B0000846000A8C04101A89C3E0000A1
:100C6000005401A870B50822804B1A60804B1B68A5
:100C7000DC0302D50020088070BD0C880019401EDE
:100C800000787C4DA870641C0C8045076D0F052D05
:100C900005D8794E3668F60603D5022D0DD003200F
:100CA00070BD9604AE401E4001D1082070BD052DD8
:100CB00003D1104201D1641E0C80AA484860002074
:100CC00070BDF3B582B008886C490978491CC9B277
:100CD000814204D202990918491E097800E00021D6
:100CE000644A517093785B075B0F01933023019C3A
:100CF000052C28D1194232D19478E5081E242C40C5
:100D0000CD0702D5250001242C430125A14EE64044
:100D10002E4072D0019FA04EE641402426403E4323
:100D20004C0602D5340020262643947889080D40CD
:100D3000A7080C2139402943C02525400D43202117
:100D40002943967051704A490C6855780221232630
:100D50002E4008D0660302D52B40202B01D0052061
:100D600082E0424B196093789B0601D4202203E075
:100D70009278120702D540223C4B1A603D4A927885
:100D80006B461A70C022854B1E680E4001D1154279
:100D900012D06E46377827263E40232E03D1E60236
:100DA00007D4012606E0252E03D0212E04D12603E8
:100DB00002D504262D4F3E601B6819402026019F56
:100DC000002F1CD11E4027D02A4B5B781A40402AA6
:100DD00013D00C221A40042A0FD02A073BD4012238
:100DE000002902D0E100CB0F5A4069460978CB07B1
:100DF000DB0F1A422FD021012AD4072034E0022F22
:100E0000E2D11E4008D00029DED1CC232B4003D1F3
:100E10006B461B785B0601D5032025E0A30311D5A3
:100E20009C4E73691B051B0D5B1C3668F60205D5CD
:100E3000994E36683607B60F9B1B5B1E9BB2052B7F
:100E400004D1C1E7029B1B78052BBDD006200BE027
:100E50008021064A1160E90702D4401C03990880EA
:100E6000AB4803994860002004B0F0BD4C1002A8C4
:100E7000BC3E0000243E0000480002A8403E0000A6
:100E8000F2B586494978CA0705D4009A12888018B5
:100E9000401E037800E000239E4A106802249E4D05
:100EA0002E68F60611D512695340DBB2002B03D130
:100EB0006E68D30973402340002B03D0020204D490
:100EC0000A20F2BDE206954E3260744A1E02C0232B
:100ED0000B403343914E336093785E07760F022EBA
:100EE00006D16D682C4003D1002000990880F2BD26
:100EF000A0250D409E08102737402F433D090E07BF
:100F000002D42E0010253543CC240C401A262E4046
:100F10000A2E04D1CC2C02D02E00FD253540804E67
:100F2000EE40F60705D4000416D5412B10D1082950
:100F300012D17C48E8401121014021432020084380
:100F400010700D210140009808D000F0A9F8F2BD02
:100F50000B2B01D10029ECD00720F2BD00F020F8C6
:100F6000F2BD00008733000038B50C006E490B78E5
:100F70001A0953399500491925881B071B0FEB1ACD
:100F80009A1A8018FEF775FD010002D1200000F0CA
:100F900007F832BDF300A3E3981440684C0002A8A0
:100FA000F8B50400614805683C4F3878D0263042D7
:100FB00002D00D21014005D008205D490860EF20D6
:100FC000FEF715FD39782000314204D00909397047
:100FD00000F066F8F2BD052129401FD002884D4976
:100FE000CA60544BEC0705D5521C0280690607D431
:100FF000514B05E043242C40422C03D1521C02806B
:1010000043600DE010224A4B1A604C4A09688B007D
:10101000DB0F190111638021090311600021018098
:101020000020F2BD0A888018401E0078830601D493
:10103000121D0A801822024004D008885208801825
:10104000C01E088039480068C00702D50888401CC7
:1010500008803948486000207047344A1368DB072D
:1010600008D51268920705D40A888018401E0078B7
:1010700004280CD110202E4A10603048254A1268EE
:101080009300DB0F1A01026380221203026000202A
:10109000088070470C4000A8080001A8243E00000A
:1010A00031B581B02649002000900822254B1D78DB
:1010B00002230C24254202D10022234903E02C40C4
:1010C000082C00D10222EC0703D50C001E21614040
:1010D00000931D4207D015490968090601D51B492F
:1010E00001E00021C943019B194C21601949FF24EB
:1010F0008C70009C15012543CD70087018880099EC
:1011000040188018188014485860002036BD000030
:1011100045350000BC3E0000480002A8481002A867
:101120000D0F0C0D07170850473F00004C0002A898
:101130004C2002A8E93600001F3700001C1002A84E
:10114000DE1B2501243E00002084100000FCFF016E
:10115000F03E0000443F00002D360000243E000019
:10116000F53200000D3300000D3300000D33000098
:101170000D3300000D3300000000000000000000EF
:1011800000000000000000000D3300000D330000DF
:101190000D330000252A00000D330000572B0000FE
:1011A000672B00009D2C0000192D0000D52D00009C
:1011B000692F0000092E000015300000612E00008C
:1011C000A92E0000212F00006131000039320000FB
:1011D000292B00002B270000D12200000D33000036
:1011E000D12700000D330000F5280000BD280000C5
:1011F0000D3300000D330000392900000D330000CD
:101200000D3300000D3300000D3300000D330000DE
:101210000D330000651200005B12000000000000AA
:101220000004000802140218032400004B488068E0
:10123000000200D4704780B580208002AD4908606C
:10124000CF2000F075FA01BDF8B58B49886B8B4C47
:101250008022920322608A4E33681B0520D5130B2F
:10126000A025054002D10968C90601D5236017E011
:1012700002403FD1802783490F6083490F601840A7
:1012800038D0364D287A400705D501207F490860BF
:1012900000027F4908602878002801D0062801DB79
:1012A0000020F2BD00F0A8FB716889684E682978BB
:1012B000052907D1B905A1606E60B668CC21890106
:1012C000734A116000F0A1FB012E00DA0226BC2057
:1012D000800589490860942080058849086069482C
:1012E0000021C94301647142416485490F60402176
:1012F0000160D5E783480360FFF798FF0120F2BD46
:1013000081480168890504D5C06E0004000F0228D9
:1013100001D0002070470120704738B5802459481B
:10132000046000F069FB05007848006800F080F96F
:10133000280000F06AFBFFF779FF0848007A0007F1
:1013400005D5A0004D49086000F06EFC31BD60037A
:101350006C490860B148046031BD00002C3E0000BB
:10136000FEB50500CC208001694948600126694826
:101370000660FFF7C5FF00287DD0674C2078002865
:1013800079D031020195052802D02A460A4072D14F
:10139000CC27BF015E4A1760914A126881231B0265
:1013A000134001D0032301E053075B0F022805D14E
:1013B000022B5ED3080136490860F7BD4D010328B2
:1013C00004D1022B55D932480560F7BD042802D15B
:1013D00011404ED0F7BD05284BD10198002848D0C8
:1013E000C005C10F684641700198C004C10F68462E
:1013F000017000F001FB029060686946497800299D
:1014000003D006688021204A11602C0484496A4672
:101410001278002A0CD0C2680B68D21A814B1B6864
:10142000234001D0066800E04668964200DD1600C1
:10143000684640786A461278024308D008684242FB
:10144000B01E824202DA7042886000E000260298F4
:1014500000F0DBFA0198800501D57348046001981B
:10146000054001D071480460002E02D00848076092
:10147000F7BDFFF752FFF7BD0C0002A8442002A8F9
:10148000BC3E00000CC001A890E001A8C4D000A898
:10149000145001A838B580249648046001201D49E5
:1014A00008601D4D2878052802D060009249086028
:1014B000FFF726FF002812D014480068000A802198
:1014C0004140A868000EC9B2814208D24448006871
:1014D0004007400F022802D2FFF71FFF31BD8748A7
:1014E0000168C0220A4002D1C06F204001D00448E8
:1014F000046031BD1C1002A808E001A808D001A8B2
:1015000094D001A8441002A8440002A818C000A862
:10151000106001A8C4E000A82C3E0000F1B582B024
:101520000F00A020384003D175480068C00603D5DD
:101530008020800073494FE000F05EFA0090FB20AD
:1015400080010468F80202D5A0680069029000F0EA
:10155000CEFB80210903606800F0A2F92678002004
:10156000761C6178B14200D20026182171436518BB
:101570000C3529780829F3DA2670A56062492A78A3
:101580000A70BA0508D5FB20800100688068C06831
:10159000FA0201D40322904388600127384003D126
:1015A00000F0AEFC01F09AF8F904686900F078F9EF
:1015B0003C2000F0BDF8F0B200F0BAF86088534962
:1015C00001406180009800F020FA38054D4908601C
:1015D0004F48076038024F4908600298FEBD00007E
:1015E000184001A810B54C480068800501D4FE20C1
:1015F00010BDC02080034949086000F0FDF9FB21BF
:10160000890109688A78D20702D589688C7800E058
:101610000C7800F0FAF9200010BD0000100002A8BC
:1016200048C001A84C0002A84C1002A84C2002A8F7
:10163000FB21890109688A688B78DB0704D59278D9
:1016400018235A438A180C3290607047F1B582B063
:10165000334804680027200F000702D1E001029000
:1016600038E001262F480068304001D101F036F8FB
:1016700000F0C2F90190F104606800F011F92578DA
:101680006D1C6078A84200D20025E80020180C30BC
:10169000009000680290F1040098406800F000F9A2
:1016A00020480068304002D01E201F4908603D20BD
:1016B00000F03EF8E8B200F03BF825700098A0601A
:1016C000019800F0A2F917480068064002D102A86C
:1016D00001F05EF815480068800408D51048C0691C
:1016E00001F025FD02990818029000D50297029892
:1016F000FEBD000094E001A8146001A814C001A878
:101700000C0002A8442002A82C3E0000FEFF0000AE
:10171000C0E000A8106001A8440002A8441002A87C
:10172000C43E0000784000A8841102A8FC0302A86F
:101730004E490968002901D54D4908607047F3B545
:1017400081B04C4FB8684C4C410061D50125000177
:1017500000D52125494908684A68160021688B068A
:101760009B0E802149001943009180210D2A05D04C
:101770000F2A03D0102A01D0112A08D1404A12683A
:101780000A4004D03F4A12681B2A00D30E436A461F
:101790001279009B9C463B689B00194063461943A5
:1017A0000091110023D0910601D5012008E0F0211D
:1017B000014007D16946097A0C220A4002D0022072
:1017C00000F03FF83049096809040AD5396809076B
:1017D00001D5022605E03968490301D5002600E05D
:1017E00003264835009A29490968890003E0009AD0
:1017F0002649896B09094023194011439A00002E9C
:1018000002D0164326660835216602432266256605
:10181000E06D4407640F00F0D9F8A0070BD0052C49
:1018200009D0B868000406D400F0E6F80221184A8E
:10183000116000F0EAF800F0D2F8002000F001F8A2
:10184000F7BD0E490A68F0239A430001104308606F
:10185000C0B270478020C0020E490968890701D1D3
:101860000D4900E00D49086070470000500002A8D3
:10187000884000A8480002A8284000A8643F000053
:10188000BC3E0000448001A8684101A8184001A89E
:1018900014D50350844000A8486000A8485000A810
:1018A00080B56E4A116001F06DFCFFF7D3FF01BDFA
:1018B000FEB56B4D2878000604D5287F002801D09E
:1018C000182400E0462400F097F801906548C068AD
:1018D0004005C20DD52A01D2D52204E0D120400016
:1018E000824200D90200100001005F4B00932B6B75
:1018F0005B011DD55D4B1B78022B03D25C4E062786
:101900007B43F2520025009B1B7CEB40DB070CD590
:10191000584B06266E439B199B888FB2BB4200D260
:10192000190086B29E4200D218006D1C022DEAD327
:1019300089B209190904504B0B40001BC005C00DAA
:10194000184348490860C02000064C4908604648D2
:10195000017D00290CD04A49D52A02D98023DB0514
:101960000B60D1235B009A4202D280231B060B60DE
:101970000021444B19604188002900D10280019860
:1019800000F043F800F05AFDF7BD80B53E483F49EE
:1019900008603F48C1680902090A192251434160A1
:1019A00005210160FFF784FF01BD80B52C48017857
:1019B000090604D5007F002801D0FFF779FF3448DD
:1019C0000068C00301D5FFF773FF01BD8020C0028E
:1019D000224908602F4800684007FBD470478020E8
:1019E000C0022D490860704701E02C4908602C496D
:1019F00009680140F9D170472A48006820212A4A25
:101A000011601021294A116070473021014002D134
:101A100010202549086070472248006830210140A5
:101A2000102901D101207047002070472048012172
:101A30000160C160704701201E49086070471E4860
:101A400000780621014007D01C480068022803D016
:101A5000032801D00120704700207047441002A8DD
:101A6000BC3E00007C400050703F00004C3E000037
:101A7000543E0000503E00000000FF01A0600050F6
:101A8000A450005018E000E07F1A0601540002A89C
:101A900010E000E0440002A8442002A8282002A888
:101AA000280002A8600002A8602002A8601002A816
:101AB000789001A884A001A8A03E0000683F000023
:101AC000F8B55B4880214902C1610221594A516041
:101AD0000021594AD162594A11800321554A1160A7
:101AE00002210160564DCC01A868204010D0524818
:101AF0000068F0210905014090200005814207D0CF
:101B0000022050490860012001F060FB4E4804604B
:101B100020204E49086080204D490860CC2080017B
:101B20004C49086001244C48046028680090000477
:101B3000070F4A480068C505ED0D103DC020284339
:101B4000C0B2FFF7F5FD3C48C06B800309D5092FF3
:101B500007D0FFF774FF002801D003F027F801F049
:101B600063F93F480668032D41D000980007000F35
:101B70000090032803D0022806D1032F37D000F0AD
:101B80003FFA0098032803D0062F30D1062D2ED01F
:101B900034480068C00B204001D001F047FC3248B7
:101BA0000068000108D5052D06D101252F480460E5
:101BB0006005FFF719FF00E000253100380000F054
:101BC00057FA0600002D06D000F004FC28480460F7
:101BD0000220284908606005254948658009264992
:101BE0000860FFF72CFF002801D002F0CBFF11485E
:101BF00021040162002F08D10221416000200E491A
:101C0000C863C020C000134948643000F2BD80B5ED
:101C1000FFF7DCFE19480078800602D4022018493C
:101C20000860FFF7DCFE01BD02201649086070471E
:101C30002C1002A8282002A80C0002A85C3E00007C
:101C4000B00002A86C1102A8B82002A894E001A874
:101C50000CC001A8146001A8C4E000A804ED00E0D5
:101C6000B44000A800E200E0EC3E0000645000A890
:101C7000646000A82C4000A880E200E0BC3E0000A8
:101C8000081002A8082002A8F8B55B4804680427D9
:101C90005A4DBE01A0070FD5594A0120E021C900C5
:101CA00093680B4002D02E602F61286112681140AA
:101CB00002D02E60AF60A860FFF79EFE210506D51A
:101CC0002E602F61B7490D220A600F220A60FFF7CC
:101CD0009CFEF1BD80B5FFF78FFE864901228A6028
:101CE0000A600021B04A1160FFF78FFE01BD10B5F8
:101CF000012081498A680240FCD1BE4A0423136155
:101D00000C680440FCD193600002106010BD7B4958
:101D100008680122104200D1704710B5E023DB00B3
:101D20000340FF24A41CA34207D3B34B9C6BA4061F
:101D300002D41B68DB0600D54868024001D000F0E1
:101D400021F910BDF8B50400894D28683F2188436A
:101D50008849097801432960FFF7D9FFC820A862A4
:101D60000620854908608020400384490860800976
:101D70008349086020688D4DAF68874200D3070013
:101D8000C01B20600121200000F0B5FB0600206888
:101D9000C0192060FFF778FF854800682860002E92
:101DA00011D18448102141620821834A12680A40F7
:101DB00001D0016000E0416093490968490002D503
:101DC0008021490141623000F2BD8C48017809064A
:101DD00010D5007F00280DD08748C16BC90609D4F3
:101DE000816BA0220A4005D10068C006C10F012006
:101DF0004840704700207047500002A8881102A890
:101E0000900102A880B5FFF7E0FF002803D0002171
:101E1000042001F0A3FB01BDF1B57C487C49C860FA
:101E2000EE20C00408607B487B490860FFF7CDFFC7
:101E3000002803D00021042001F090FB774C802083
:101E4000C0012060082776488765012570484564F1
:101E50001D2073498862734E9B204000B0610720AB
:101E600001F0B4F902206E49886253490A68D2062B
:101E700003D56B496C4A0A6008E00F2209683940B3
:101E800002D03100103101E0310014310A6067499D
:101E90000968002900D4B761E32109013160C0213C
:101EA000C900634A1268F823DB01134001D1F162D3
:101EB00001E0574A9165216C294008D0616BC90740
:101EC00005D45C490968084001D101F065FB002098
:101ED000C04359490860606B054001D1FFF7D4FE4B
:101EE000009801F061F9606B8001FCD4606A53498D
:101EF0000860F1BD902102A8940102A8743F00007F
:101F000010B53E480178090606D5007F002803D0A9
:101F10000021052001F022FB154801683F22914372
:101F2000474A12780A4302603C4C606BC00701D4F8
:101F3000FFF7D0FE4349972040000860102008605A
:101F40004148E32212018266404ACA610021404AA8
:101F500011600F210822184B1B68134001D08167C4
:101F600000E0C1670321016002631003206010BD1F
:101F70002C8001A85E3E00000C9001A8982002A8C9
:101F8000A41002A8F0210901324A11600140324830
:101F90000160202031490860314909680840C24980
:101FA0000860704700100C5000000C50A03F00006B
:101FB000340002A8601102A8FC0302A829482A499B
:101FC00082680A4002D1C268114001D01149016003
:101FD00014480821A74A13680B4000D0816111788A
:101FE000C90602D58C21090101601420AF4908609F
:101FF000F1E10000882102A80C0002A8BC3E00000C
:102000000448054908607047EC0002A8000FFF0073
:10201000242102A801200000706201A8100002A87B
:10202000C01002A8501102A8BD03000028C000A8DB
:10203000A88001A8343E0000B46000A89C3F0000C6
:102040005F3E0000682102A8E82002A810100000EE
:10205000C00002A8586001A8585001A8482002A852
:10206000184001A8704201A800800080704700005D
:10207000F8B586B005000C008D480068400102D517
:102080002000402404438B48C66AFFF7B5FC059046
:10209000B00503D588480068FFF7CAFA0020019010
:1020A00001237006C00F0290844A9168002090605E
:1020B000B8204000824E30606608B8203040127868
:1020C000F0261640402E02D10200402010430D2D74
:1020D00002D10A00042111434A0704D5020014204A
:1020E000104310229443774A12686D462B70D20534
:1020F00006D580225200744B1A6002000120104362
:10210000029A002A11D10C220240082A0DD00200A6
:10211000684B9B6BDD0601D41025AA439B0601D4B6
:1021200020239A43B12313404FD06A461278002AE5
:102130004ED0A64A956B966D01236D076D0FAD1DB0
:10214000AB40F504ED0C5B1B9BB2082B09D2802041
:102150000623584D2B6043029D4D2B6000236D4696
:102160002B708123034036D00823029D002D00D11F
:1021700013620D000821294310239C4304231D05ED
:10218000984E3560DD04984E35606D462D78002DF3
:102190001ED0062B25D3464DEE6CF60621D5934E68
:1021A0003668360E01966D69ADB2904EF66B360606
:1021B00003D02E0080256D01354315612D12156168
:1021C000404A1268D50592D40BE008227F4B1A6270
:1021D0000491009032E000BF27A34506ED0E5B5D41
:1021E000D3E7049100903348026B80490968774D2A
:1021F0002E686F463E81282616401E43930CDB0155
:1022000033431600120E3240102632401A43890022
:1022100040231940114302AA9170406B000A02A9A1
:10222000C870FFF7DFF902A908710198487170487A
:102230000068C8800298E8660398E8660598FFF78A
:10224000E4FB0825600601D566488560FFF7F7FBCB
:10225000002805D067480078002801D0664805604E
:102260000498C1B20098C0B2FFF769FA200007B025
:10227000F0BD0000F84F0000030107060301070648
:102280000501060605010606030207060302070606
:102290000502060605020606081A03D25749096810
:1022A0004018401C70470000481002A86C3F000016
:1022B000084000A8180002A81CC000A8643F000045
:1022C000B46000A81C0100AA1C2100AAF8B54C4F5C
:1022D0000F2401254B4910264B48806B30401BD002
:1022E00001200870494800687969FFF7D5FF48491F
:1022F0000968401801285DDB01F0F6F945490968D5
:10230000090B0C40022C53D16905434A1160434923
:102310000E643D490D604BE02E023B48006CC0004E
:102320001ED53F480068E0218905014042D0394D63
:10233000286821030140700181423BD1FFF75CFB1B
:10234000384A39490968314002D038490968116072
:102350002968090B21400229F3D0FFF756FBF1BD94
:1023600033480068002825D00D7000F01DFF0028BC
:1023700020D101F0B9F927490968090B2140022948
:1023800016D1264A1160690239601F490E60214A40
:102390001168090B21400229FAD01168090B0C4081
:1023A000032C02D029041C4A11600021204A11602C
:1023B00001F09EF9F1BD802080041E49086070473D
:1023C000802040041B49086070470000540000AAA8
:1023D000141100AA00BF18480168490701D0FF2165
:1023E00041617047441002A84C5001A8184001A850
:1023F000448001A8A83B0000845000A838C001A870
:102400000CC001A8613E0000100002A81CC101A878
:10241000DC3E0000B00002A81C1002A8082002A8A0
:102420004C4001A8800000AA084000A8904000A8E5
:10243000383E00003C2002A80C4000A87047FF284E
:1024400008D0032806D2FE2189010978C140C807B7
:10245000C00F704700207047F0B5802000020821AF
:102460009B4A11600A2301219A4A01249C4004439B
:10247000C1A5ED5C25439560F025974E3560944DE0
:10248000C0A6F65C022737432F6004262E60A74DB6
:102490002D680D4006D1CD026D1E03D0966C36031B
:1024A000FAD401E00220F0BD956CD66C6D036D0B83
:1024B000AE4200D220005B1ED7D50823864C236095
:1024C00090609B4B1B685B0113D59A4C63785D1C35
:1024D00001262E4066701D00062675436519126898
:1024E000AA80E8802370FE20800102789940114381
:1024F00001700020F0BDF1B582B0FFF7EBFB8E4814
:10250000006B400101D401241CE08C48826B002048
:102510008849C3B206246343CB189B8894B2A34274
:1025200004D0401CC3B2022BF3D3FF200870012457
:102530008148006B400105D50878FFF780FF00282F
:1025400000D000247C480078000608D57A48007F37
:10255000002804D07848407F002800D10124784D1D
:10256000E869019077480068E861774E0298006852
:10257000316D4718012F16DB00F08DFD3060C00172
:10258000381A01280FDBFFF7B2FB00F0A7F802981A
:102590000068316D401800F007FE002803D00021CC
:1025A000029A116010E0694FC020C00038602868AE
:1025B000072832D005210840052808D029600C20C2
:1025C00000F004FE002802D00199E961FEBD604ED2
:1025D000FF207A3070620420B062FFF788FB02208F
:1025E0003060E020C0045B4948608020800478604F
:1025F00002203860012000F0E9FD80208000706238
:10260000022000F0E3FD8020C00070620820B0626C
:10261000022000F0DBFD0220B0624F4EE0204000BF
:102620003060042000F0D2FD07003ED1022049496D
:1026300008608002B062C001B06210203F490860AB
:102640000120F0654548006840061BD43A48006BFD
:10265000400113D53748007869460870684600780D
:10266000FFF7EDFE002809D03248694609780622B6
:1026700051434018C0883149086403E0FFF7ECFE7D
:10268000070012D12D48012101600021C1670220FD
:1026900000F09CFD324E40203060C030306002209F
:1026A00000F094FD8120C002B062002C05D02B48C0
:1026B0000068800101D4FFF778F9E869E021490357
:1026C00001400198274A02400A43EA613800FEBDF2
:1026D000889001A8448001A888A001A838B5FFF718
:1026E000F9FAFFF704FB0224144804601E4D082089
:1026F000A862C0016862012000F068FD20026862E3
:102700002C600620A86219486862E0204000144945
:102710000860104804600021094A1160C021C90006
:102720000160134800681349086031BD140002A815
:10273000EC3E00004C3E0000BC3E00000C8001A8B6
:102740005C0102A8F80302A88C3F0000981002A8C0
:102750005C1102A8982002A82C9001A8500002A8A1
:102760002CA001A8FFFFE3FF5C2102A8F961000093
:10277000340002A8943F0000000000010102040898
:102780001020200050505040404040302020200079
:1027900070B50600FFF7ABFAC020C0001949096800
:1027A000F822D2010A4001D1174900E01749086018
:1027B0001748AC21490081640A2101601548802135
:1027C000490301608909C160134C6069AF21C901E7
:1027D00045183068854200D30500401B3060002159
:1027E0003000FFF788FE3168491931600B490968EC
:1027F000216070BD8020000109490860000109497D
:1028000008607047AC8001A87C1102A87C2102A856
:102810000C8001A8981002A8903F0000340002A884
:10282000441002A8685000A8F1B584B0B748006809
:102830000190B748C06BAF21C90140180499884284
:1028400005D2081A00F0B0FC002800D048E2B14DD3
:102850006868C00700D543E20420AF49C86280031E
:10286000AE498862CE480468A86B8607B60F032E6F
:1028700003D01020A849C86223E08020800288622B
:10288000E96B890601D5012061E0210610D5EA6BCC
:1028900002210A400CD1C34A05231360EB6B1027B9
:1028A0003B401943116000211160A96B090A1160B6
:1028B00004219A4AD162E96B002902D596498862BF
:1028C000002620060DD5B648007F002809D020201C
:1028D0009149C862C8480068202108408F49C862F1
:1028E0000EE0A86B400705D5A86BC0008021490009
:1028F000084003E086480069C10701D5FFF742FBA5
:10290000E00708D5CC48B1014018006AC004C00CEB
:10291000401ECA490860CA480168090404D5806F8E
:10292000C00F0121414000E00021C648C0229200B2
:1029300002603202002902D0C021890000E01100AB
:10294000C14B1960C021890041605A600020296C88
:10295000942292050A40140000D0012480263602F9
:10296000204300062DD08E483021405CC02101401C
:10297000402902D1FFF74BF901E0FFF755F920207C
:102980002860240600D1ABE1A86B400709D5700888
:10299000624988620220AD49086000F093FA00287D
:1029A00007D004205C49C86240025C498862A7489D
:1029B00006607B480078000600D491E1300156495A
:1029C00037E16868C00700D58AE1B0005349C862A2
:1029D000FEF7FCFF9948406E296C314008D1C006D3
:1029E00006D5FFF709F80221BE4A1160FFF70DF87E
:1029F000FEF7F5FFF0082860C54CC0273F0667606A
:102A0000A86B4007C10F68460170EE20C004019911
:102A1000C90700D484E0BF4908603009E0610320A1
:102A2000BD490864FE20C003486442204860A020DD
:102A300020600820B94908660420B9490860286C5C
:102A4000C00238D5B7484068010C0391B64900046C
:102A5000C00B085A0290039810282CD32C480189E7
:102A6000E72928D3018995225200914206D8029B7A
:102A7000511A09094B43990A4A4205E0029A9A4BB6
:102A8000C91809094A43920A52B203998918C36BBB
:102A90009C46836C5A4363469A18C2636F2901D3DC
:102AA0006F2102E00F2900D20F2108020843090418
:102AB00001439E48016097489D498164B90C61605B
:102AC0000221964A5167B90D8160F02109014165E3
:102AD000F00920610A2000F079FB67608220400243
:102AE0002066012000F072FB01206060062000F0EB
:102AF0006DFB6660082000F069FB300160608000BB
:102B00006060032000F062FB700045E0FC0302A857
:102B1000683F0000100002A81C2002A81C1002A898
:102B20000199490740D57B4908607C4E8220C0044A
:102B3000F06680208000E061C001B066B80C886457
:102B40007C4860600A2000F041FB73490020086463
:102B500008604860A020206008203066022070676E
:102B60000A2000F033FB676073482066012000F004
:102B70002DFB062000F02AFB08206060062000F0F4
:102B800025FBF80D6060082000F020FB60206060ED
:102B9000032000F01BFB02206149086009E000BF30
:102BA000BC3E0000E40000AA644A4021002001F07D
:102BB00009F863480021C943C1630121934A12788F
:102BC00012061BD5AA6B520718D4914A12680D2A17
:102BD00005D00F2A03D0102A01D0112A0ED1064A9F
:102BE000926B52050AD58B4A12681B2A06D21748E7
:102BF0000161C16403E000BF184001A8016000F05A
:102C00004AFA834E401DC001F16B47188020C00175
:102C10008149496F014002918049086004988742C8
:102C200017D2F16B401A00F0BFFA002810D00298BA
:102C30007B49086054E000BF0C0000AA204000A8B7
:102C4000684101A8086100A8085100A8685000A8C0
:102C5000049F0198400702D58020800000E0714861
:102C60006060012000F0B2FA686AB0638020400022
:102C70002A490860380000F097FA644C68460078EA
:102C8000002806D16448006860628020C0038C4937
:102C900008600298624908601E480199490704D5F6
:102CA000802189008164224903E002218164C021DE
:102CB00089018164686A306368460078002809D019
:102CC000012000F083FA2078000603D5802000035D
:102CD0008F490860286CC00202D512480068F06372
:102CE00005B0F0BD14E50350D6FEFFFF80B5FEF73A
:102CF00083FE8C4900220A600A22CA61FEF785FE23
:102D00008948C021890201608849416001BD0000F5
:102D1000681102A8242102A8600102A8B81002A824
:102D2000C82102A8F83F0000C0000000DC4001A854
:102D30000404000004044000020400001107000025
:102D4000786000A87A48806B800300D47047F8B59B
:102D5000784807680024002001252F4202D0C020B7
:102D6000800102E0790700D57348744902220A60A5
:102D7000086408207249086072480068C00403D4DF
:102D8000714800680007FBD5704E26487065042026
:102D900000F01CFA8820C00470653D4007D0A020D8
:102DA00080037065012000F011FA694808E0602096
:102DB000706580204002B060012000F007FA65488D
:102DC0007065654D2C606C60C02000067065C00C9D
:102DD00062490860012000F0F9F9F0200001F06676
:102DE0005F480460862040025E4908605E48706566
:102DF00008203060A02030652C646C648020800145
:102E00004B490860000159490860F1BDBC3E000013
:102E1000683F0000448001A820C001A894E001A8F8
:102E200094D001A802400000F8B5514800680D2573
:102E3000054008200424002D01D1042504E00921C7
:102E40002940092900D145404A49102706034A4A2A
:102E50004A4B1B682340126814D04A60284004D0B3
:102E60000220FEF7EEFC464806602C4007D045489D
:102E70000068074343480760B008414908600220E2
:102E8000414915E00A60284005D00220FEF7D9FC30
:102E9000A0023B4908602C4006D03A4801680F4325
:102EA00007607009364908603748066030032F49CB
:102EB0000860FFF747FF00210020FEF740FCF1BD4E
:102EC0001C1002A810B5802030490A6802400AD0C0
:102ED0002F4B1A680624144005D15C6E2D4A2240FF
:102EE0001B6D9C0101D5002010BD096808400DD064
:102EF0002948824203D1180501D5012010BD274879
:102F00000068C107C90F481E8041C00F10BD0000F6
:102F10001C2002A8224803210164A821C1631021BA
:102F200001607047D80000AA442002A80400008075
:102F3000100002A8FC0302A8040400002C1102A83F
:102F4000106001A8D84001A8104001A8182102A8CB
:102F50000180000089050000600102A8B06101A89D
:102F6000548001A8C82102A804340000482002A807
:102F7000B44000A8E43E00001CC101A8480002A81B
:102F8000441002A8643F0000685000A8440002A852
:102F900014C001A81F1F0000010C000030C101A8CF
:102FA000082002A86C4800680121084209D16B4A38
:102FB00012686B4B000C1840F03291400B40984265
:102FC00001D00220704700207047F8B507000F3885
:102FD0006A461080604CE0680A0004D16B461B888A
:102FE00082B29A423AD200226B461A80012502260A
:102FF0003A0013D02268324007D000292ED0594819
:103000000088401C5749088000203900216156493A
:103010000E6080B2B84201D369460D8053484560C6
:1030200000E030BF2068304003D1FFF7BBFF00282D
:10303000F7D04D484560390010D02168314005D0A7
:1030400048490A886B461B88D2180A80066000200F
:103050002061E068B84201D244480660FFF7A2FF51
:10306000F2BD38B5050000F03FFB040001219920B6
:103070004543A8093E4A12688018123880B2FFF70B
:10308000A4FF05008020C0013A490860200000F03C
:103090002FFB280032BD3348038835490968028870
:1030A0009342F9D1100408187047FEB51238070C86
:1030B0006946088000F018FB0190274C294D2888AC
:1030C000B8421ADA01202C490860274E30BF02208E
:1030D0002168014006D030604003264908602888F6
:1030E000401C2880FFF75EFF002802D12988B942E2
:1030F000ECDB0121716000280DD12888B8420AD18B
:10310000E06869460988884205D20021684600883F
:10311000FFF75BFF01E0FFF745FF04008020C001DF
:1031200014490860019800F0E3FA2000FEBD10B5D4
:1031300012490A680E4B1B680C689442FAD0DB01F6
:103140004033141A02D288692418641C0C480068A1
:103150004443181B10BD0000280002A804ED00E045
:10316000FF3F00005C3E0000282002A8281002A8B3
:10317000340002A880E200E02C1002A820C001A8C0
:10318000B43F0000F0B502E00A601C602E607EC80B
:103190004F1C07D05F1C04D06F1CF5D10A601C6067
:1031A000F0BD0A60F0BD000010B5C409FFF773FF61
:1031B000201A312806DAC000183801D4C01EFDD507
:1031C000002010BD2000FFF770FF10BDC321484351
:1031D0006F3801D41E38FDD50020704780B5FEF74A
:1031E00030FB01208A49086001BD38B589490C6867
:1031F000082589490D60FFF7F1FF2C4001D0874871
:10320000056031BD80B5EB2000F001F801BD30B59F
:1032100083490B6818401022134210D0814B824C16
:103220002468224008D0B04A14682402FF252D02E9
:1032300025401D6300241460802252031A60086038
:1032400030BDF3B5010016001C0000250095A7480D
:10325000019A330000270BE0BC464F5D4743AE00A8
:103260009E597E40575D47433740664637436D1C45
:10327000A542F1D3390939438A080A435108114359
:103280000840C10901430F208A0B0A430240504005
:10329000F6BDF1B582B00E00002093490860944D50
:1032A000EF7AA87A01900F21394000910ED00B4699
:1032B000904A91490298FFF7C4FF019901408A485A
:1032C00001608E4841438E48084001D1012400E04E
:1032D0004401380915D032003B0929000298009EAC
:1032E0006D7A75194019FFF7ACFF0199091101407A
:1032F0007D4802680B0113430360002901D0480098
:10330000444380480068204001D10420FEBD0020D5
:10331000FEBD80B50A00002111807B4952888018CB
:10332000FFF7B7FF02BDF0B50F22784B5C79057847
:103330000F202040C5402009284001259C79C44029
:103340002C4001D10320F0BD374C2468254008D023
:103350006F4D9E684700F65B761E2E608026B60194
:10336000EE60DD78DE79C640F00711D5E0060FD5B6
:10337000002D0DD0674848600888488008881C7870
:1033800000192A4080185A7880182A09801800E00D
:10339000002008800020F0BD10B55F4801685F4A3A
:1033A0000820014200D09061C90602D58C21090194
:1033B00011605B495B4A5C4B1B681B040CD54B6876
:1033C0005C0402D5C303136006E0C024A4011C40C2
:1033D00043029C4200D010600B68034005D0534B61
:1033E0001B689B0F9B0700D010600F480078C0231C
:1033F000034002D180204005106008682021084069
:1034000010604B480068C00101D4FFF7FBFE10BDFF
:103410002C4000A84C4000A84C6000A84C5000A8CC
:103420006C3F00001C1002A8BC3E0000F8B5414FE4
:1034300038687E6806404048304040490860802433
:10344000A4033F4DF00227D53E48016801200A063B
:1034500005D53D490968A9602870022014E00142A1
:1034600002D03A49A9600FE00020C9060CD52949CD
:10347000A960374A91780B071B0F12789A1809092F
:103480005118A980E880A888A880A888002801D0C1
:10349000264301E0FFF7B6FE264023D0274E746096
:1034A0003460A88800280BD0396A814208D3291DCE
:1034B0002848AA6890470100F3D0FFF78FFEF1BDBE
:1034C00001000CD0FC218902F16123490203CA6189
:1034D00034604C603A6A824204D30C60F1BDEB2048
:1034E000FFF795FEF1BD00003C3E00000101010127
:1034F0003C3F0000F43E0000343F0000111100008A
:1035000021840000F03E0000143F0000443F000012
:10351000204000A8B7210000F84F0000502102A869
:10352000184001A8481002A8684101A84C4201A80F
:10353000D04000A8B44000A8FFFFDFFFB46000A89F
:10354000403E0000BC3E0000A03B0000CB2100003C
:10355000453F0000D84000A8B45000A870B5050051
:103560000C0000F0C1F80600FEF760FA20020543E7
:1035700006480560022006490860FEF75CFA300044
:1035800000F0B6F801200349087070BD04C009506E
:1035900040D00950603E0000FEB5C020C004334951
:1035A00008603348334948653348886533484024C8
:1035B000046044601020FFF709FE002854D1FF206A
:1035C00000052F4908602F482F4908602F482949D6
:1035D0000860A5032A4805602D4807680820FFF702
:1035E000F5FD002840D108262A4806600120FFF793
:1035F000EDFD2748806801902748066027481D494F
:1036000008601F4805600820FFF7E0FD00282BD167
:10361000204806600120FFF7D9FD1D488068009012
:103620001D480660134D1E4828600199009800F05F
:103630003FF88606B60E0198C10B0098C00B00F04B
:1036400037F80002FC21890101403143296010480C
:10365000076060030A490860124804604460124928
:103660000164124941640020FEBD000020E000A872
:10367000571400004C0102A8FF3FFF3F601102A851
:10368000B42002A80000380EB41002A830300000A8
:10369000104101A8105101A8106101A810100000EC
:1036A00020200000602102A8F703F000FF3F000087
:1036B00010B54904CA104004C310991A00209A1882
:1036C000D30F9A18521052188B115B0E5B18DB1136
:1036D000D2182023541A01D422001843CC0F6118A9
:1036E00049105B08F6D110BDEFF3108072B6704739
:1036F000002800D162B6704710B5C20018231340ED
:10370000FF249C40E2438907090E9940030004D43A
:1037100073489B089B00C01806E0724B0007000F1F
:10372000083880088000181803681A4011430160A7
:1037300010BD80B574225421002000F043FA01BD71
:1037400010B5FFF7D1FF684901220A60674B684C4A
:103750002360684C23600323674C2360674C23601D
:10376000674B1A60674B1A60674B80241C601A60B5
:10377000664A1A6011228A63FFF7BAFF3F20644944
:10378000096801400A1D402A00D2081D614A1070D4
:10379000AD48017010BD80B501001120FFF7ACFFEE
:1037A00001BDFFF7A1FF05000024012160B2FFF772
:1037B000A3FF641C0E2CF8D301210F20FFF79CFF00
:1037C00001211320FFF798FF01211720FFF794FF35
:1037D00003210120C043FFF78FFF01211E20FFF7C7
:1037E0008BFF4D484D49086002204D49086001207B
:1037F000A049086047044B4C20693840FCD0206841
:10380000800101D4FEF7C1F82800FFF771FF464898
:103810000068000311D4972252005321002000F0C9
:10382000D1F90AE000281CD0FEF7E6F819E020697B
:103830003840FCD02800FFF75BFF206E0004000F2B
:10384000022801D1FEF742FDFFF74EFF0500714E41
:10385000FEF7E2F800287078E4D0002801D1FEF7E6
:10386000D4F801202E493278002A05D1774A12680F
:10387000920600D4086030BF0022327002220A6033
:103880007C490860D3E77C48016842680A407B486D
:10389000104017490860800700D4704710B5784879
:1038A0000188491C0180774C2078000617D576499D
:1038B0000A680F20120B0240032A10D1A94A12688D
:1038C0005207520F032A0AD80968090B0840032837
:1038D00005D10D20FFF789FCE08A401CE08210BD75
:1038E00000E400E01CED00E0040002A80000FF3F3F
:1038F000282002A82C1002A840E002A844C002A878
:1039000004C001A8044001A8145001A820006006CA
:103910002C8001A85E3E0000FFFF9B4000E100E01C
:10392000602002A8500002A8F80702A8F8B5574C7A
:103930002068656805408C4805605548284007D0D8
:10394000FEF77DF8002803D02800884909688847D9
:10395000874801210D4211D00222864B1A60864A07
:1039600012680A4007D10268F0231B051340902219
:1039700012059342F3D00902804A116080210D4262
:1039800020D0A26AF823DB0113401BD0C022120111
:10399000934217D880231B06894E3360A76AF82606
:1039A000F6013E40384F3F683F043F0F022F01D0E1
:1039B000032F03D1002E01D09642EFD3904A13601B
:1039C000694A11608F49097806290DDACC208001F7
:1039D00028401DD0FFF788FE04002800FDF7C0FC3A
:1039E0002000FFF785FEF1BD806B800510D586486D
:1039F000284005D0FEF73AFB2800FDF7B1FCF1BDE9
:103A0000A80205D580204001574908607F49086019
:103A1000F1BD0000613E000010B57D4801684468BA
:103A20000C407C48046080210C4205D041607A48FB
:103A300001600020FDF794FC600403D58020400560
:103A40007649086010BD00005F3E0000F40302A844
:103A500038B57348016844680C40E00707D5FFF7A4
:103A600043FE0500FDF716FD2800FFF741FE6D48F7
:103A7000046031BD601002A8280002A8FFFF00C04A
:103A80005C3E0000BC3E0000B00002A8104001A84F
:103A900002000600FEB5644C206C676C07400125EF
:103AA0002F4216D02E0661480660206860490D60DE
:103AB000002802D00021FDF7F3FE5E480068A02137
:103AC000C90188428041C043C00F5B4948705B48D0
:103AD0000660FDF791FF0190022007403ED061682B
:103AE000CEB20F0A564908224A4B4403012E24D075
:103AF000022E31D1012F22D1524EF6780096514E2E
:103B000037780126BE40504F3E604E4E36787605DF
:103B100090277F04F71903263E434C4F3E601C60FC
:103B20004B4B1C600B68009C1B194B654549097881
:103B30008D4048490D6048490DE00090DFE7002FB7
:103B40000AD1464E356000254D655C601C60C1049D
:103B5000434B196043490A60354908600198FDF7F5
:103B600054FFF7BD184001A8106001A8A43B000055
:103B70000C0002A86C1102A8B44000A8B82002A84A
:103B800070B5FDF739FF0400FFF7AEFD2F490A6855
:103B9000D2070FD52A4A566D1368334D2E60CE6872
:103BA0006E604968E9818021C904204E3160297B1B
:103BB00059185165FFF79CFD2000FDF726FF70BDE9
:103BC000E06101A8002800D0704770B50C00FDF737
:103BD00013FF0500FFF788FD0600FDF727FF2348C8
:103BE00004600121224A1160026C0A40FCD1FDF7F9
:103BF00022FF3000FFF77CFD2800FDF706FF70BDB7
:103C0000E05101A82C3E000000104006145001A80D
:103C100090C001A890E001A80CC001A804ED00E04C
:103C2000C0C000A8C0E000A800C002A8441002A8BC
:103C300040E002A8404000A8613E0000442002A8E5
:103C400018C00A50753E000068E00A5060C101A823
:103C500094D001A868D00A50F42302A860E101A81A
:103C600080E200E0F41302A86C3E000000C009509E
:103C700040D0095080B5FDF7E2FE002801D000F0E9
:103C8000A0FE01BD80B5FDF71BFFB1480068000331
:103C90000AD4FEF7B5F9FFF755F8FEF731F9012020
:103CA000FFF724F8FEF71AFD80208005FDF79CFE43
:103CB00001BD80B5FDF704FF80204002FDF794FEB2
:103CC00001BDFEB505206849086068480468012701
:103CD0003C4201D1FDF7FEFFFDF7F2FE64490868A2
:103CE0000090924849680160A105CA0F69460A71AF
:103CF00000253C4210D000959649496801609548DE
:103D0000026895490B68981A9A4202D38B69C018C9
:103D1000401C924B9842F5D3914E3560684600792D
:103D2000002804D021000098FDF7F8FB0090002443
:103D30003068384003D16846FEF704F80400FEF707
:103D400044F8002846D08348407C002842D1984956
:103D5000804DEE680A6933689A4200D00120954A86
:103D60001278022A0DD2944B9C4606235A4363468E
:103D70009B5AB4460200182672436646B218536036
:103D800000E00224009A0192EA68012343401820CF
:103D90004343D61830680861B06808609548F168F8
:103DA00001603169016270699349086001A8FDF7FB
:103DB000C9FF002808D17F490978022904D27E4A28
:103DC00006235943515A7160210004000C4301D16C
:103DD0006F7401E0002C02D10098FEF71DF88748AF
:103DE0000760022086490860C820C004AD49086009
:103DF0007804FDF7F9FDF7BDF8B59E4C8025EF027C
:103E0000FDF7E3FF002808D09B480078002804D184
:103E10003800FDF7E9FD2560F1BD206CC00506D531
:103E200080200006206000BF00BF40082060FEF731
:103E3000C5F89D480068C021090181439B48016085
:103E4000FDF73EFEFDF700FA060099489949086023
:103E5000FFF710FF3800FDF7C7FD002E00D02560EA
:103E60000120B9490870F1BD5C1102A8440002A804
:103E7000B83F0000F8B5B54800688F4909680140AF
:103E80008E4801600120FFF786FCFDF719FE8C4883
:103E90004421405C0521014002D0FDF7B8FE01E05D
:103EA000FDF7C2FE734C012702258548406C28406F
:103EB00000D027601020C043A54908600026E663B3
:103EC000A4480660FDF7BBFD002802D000F0C6FD47
:103ED00001E07B480660FDF779FD9F480068216C92
:103EE000090407D4000705D5FDF786FD9B490D6041
:103EF000FDF78BFDFDF773FDFFF74EFA984800685C
:103F000007400CD08020000696490968014006D081
:103F10008E49896A084002D10D20FFF766F9A8048E
:103F2000FDF762FD0020FFF736FCF1BD383E0000D2
:103F300080B5FDF7C5FD06480068000303D4FDF712
:103F4000DFFFFEF7CBFB80204003FDF74DFD01BDF9
:103F50000C0002A8C83E000020C001A801FF00001C
:103F6000343E000038B5FDF7ABFD424C2025FEF78E
:103F7000A9FF002806D0606B000704D5FEF7CAFF32
:103F8000FEF738FC2560FDF7BBFFFEF7A7FB764880
:103F900000780C210140042902D1FDF738FE01E030
:103FA000FDF742FE6804FDF71FFD4020206031BD93
:103FB000348001A84C3E0000523E00001CB5052094
:103FC0006A490860FDF77CFDFEF7A4FFB54800686C
:103FD00000906846FEF7DCFB0400FFF74BFE002C68
:103FE00002D10098FEF720FC80204004FDF7FCFC85
:103FF00013BD00001C4101A8284000A8442002A8CD
:10400000305201A8F8B5FDF75BFDA74CA56A50201A
:10401000284002D0FDF7FBFD01E0FDF705FE154F3E
:10402000FEF750FF00281BD1B86B40071DD4786BFA
:10403000E0214901014018D1A80611D4FDF7C6FCC2
:10404000A56A9A4E354207D0FF20C0432D18A562BD
:104050008020000596490860FDF7C1FC2E4002D083
:104060000120386001E00020206080208004FDF7FE
:10407000BBFCF1BD100002A8D93E000080B5FDF7E1
:104080001FFD8C480068C00501D5FDF739FF0120F0
:10409000FEF72CFEFEF722FB8020C004FDF7A4FCF7
:1040A00001BD0000106001A80C4001A8086001A833
:1040B00070012000B46000A8883F00000C5001A8E7
:1040C000A83E000070B528480668FDF7F9FC80247A
:1040D000A403794D2968090303D52000FDF784FC6A
:1040E00070BD0321C00601D5314001E0B008014098
:1040F000012902D1FDF78BFD0BE0300107D50E2021
:10410000FFF76CF8A0480421016008210160FDF769
:104110008BFDFDF7FCFD9D4E30699D490860FFF762
:10412000A9FD3068002807D04000122802D2FFF70E
:104130004DF801E0FEF795FF2000FDF755FCA86B58
:104140008000FCD470BD0000613E0000084001A862
:10415000482002A83C3E0000844000A814E503501B
:10416000404101A8D44101A8EC3E00005C1102A826
:10417000F8B584B0012600240294FDF7A1FC039059
:104180004D4D2868000371D40320A2490864A24859
:1041900002680227FF2189010F200F231340032B00
:1041A00003D0120B104006283CD19C4800684A6896
:1041B00000922A6C3A4001D089680091FEF7B7FF5F
:1041C0000099401801D5019400E00190A86B000708
:1041D000C10F6846017003209149096B0140022913
:1041E0001AD10399C90617D58D490968CA0512D590
:1041F000EB6B8C4A1340934203D11020854908642D
:104200000AE0890508D4296C28220A4004D1002636
:104210002749086000E000266846007802903000D8
:1042200002D10EE008680190FEF74CFE002808D08D
:10423000FEF770FE0298002802D0FEF7DBFA00E0DD
:10424000002674480760002E11D075483021405C6C
:104250000C210140042902D0E86BC00602D5FDF70D
:10426000D6FC01E0FDF7E0FC2020686014E0FDF7DB
:1042700047FE802000060E4908600020C0436A49BE
:10428000086001A8FEF784FA0400FFF7F3FC002C95
:1042900002D10198FEF7C8FA80200004FDF7A4FBC4
:1042A00005B0F0BDCC3F0000C43E000000FFFF00A1
:1042B000481002A8680102A80C0002A8FEB500245C
:1042C0000194FDF7FDFBFFF7D5FC584EF06E584DFD
:1042D0000007000F07280ED1706800280BD40020BB
:1042E000FEF704FD28682A490860FDF78BFD306859
:1042F000800044D5FBE701210320494A73685B072E
:104300000BD44C4B1B680B4007D01368DF050BD553
:104310005B0502D43368DB0503D40191116B890975
:1043200004E01021444B1960116B0909084000900A
:104330000020FEF7DBFC0098002805D17068C0065D
:1043400002D4FDF771FC01E0FDF761FC002001994A
:10435000002903D139480068FEF7E9FE6969401871
:1043600001D5009400E000906846FDF7EBFC0028C2
:1043700005D10098FDF750FDA86905490860802027
:104380000005FDF731FBF7BD80E200E0AC3F000027
:10439000383E0000F8B5FDF793FB002400252848BF
:1043A000466B80277F05300606D5300709D5FEF716
:1043B000B1FDFEF71FFA29E001251E4800682840DC
:1043C00019D00020FEF792FC0220064002D01D49C1
:1043D0000C60C8611C480468002D03D02000FDF764
:1043E00035F90400FEF796FD2000FEF71DFA3800AF
:1043F000FDF7FAFAF1BD15480078C02101404029C7
:1044000002D1FDF704FC01E0FDF70EFC20200C4971
:104410000860ECE7082002A8B00002A80CC101A8BF
:10442000BC3E000010000010B46000A8440002A8C8
:10443000BC3F0000B44000A8481002A81CC101A85D
:10444000100002A8180000AAD83F0000EC3E0000AF
:10445000FFF776F9024803494860FFF7A2F900BF69
:10446000472600000000000080B5EFF305800B2810
:1044700001D23A2100E02921922252000020FFF7C8
:10448000A1FBFEE702030303030404040405050083
:104490000000000101010102020202030303030301
:1044A00004040404040000000101010107070808D6
:1044B00003030305040404050505060606070707AC
:1044C00008030202040404030405050606060607A1
:1044D000070702020203030303040404040505059D
:1044E0000505060606060102020202030303030392
:1044F0000404040404050505050606060C0C0C0C52
:104500000B0B0B0B0B0B0B0B0B0B0B0B0B0B0B0BFB
:104510000B0B0C0C0C0C0C0C0C0C0C0C0B0B0B0BE1
:104520000B0B0B0B03040404040505050506060626
:104530000606070202020203030303040404040440
:104540000505050505060606020202020707030423
:104550000607040403030303040506030305060713
:104560000804050604030404030304050606030403
:1045700005060708C7BFBEBEBEB5B5B4B4ABABDC5D
:10458000DCDBDBD2D2D1D1C8C8C8C7BFBEBEBEBD7E
:10459000B5B5B4B4B4DCDBDBD2D2D2D11B1B16165A
:1045A0002E2D2D2A29292925242420201F1B1B1BC1
:1045B000162E2D2D2A2A29292524242020201F1BB0
:1045C0001B1B2D2DBEB5B5B4B4ABABABAAA2A1A13C
:1045D000A1A099999898C7BFBEBEBDB5B5B4B4B4F3
:1045E000ABABABAAAAA2A1A1A19999990000000026
:1045F0000303030303020202020202020303020294
:104600000202010101010101000000000303030394
:1046100003020202D0C7C6C6C6BDBDBCBCB3B3B29E
:10462000B2B2A9DBDBDADAD1D1D0D0C7C7C6C6C6F1
:10463000BDBDBCBCBCB3B3B2DBDBDADA1F1F2D2BB4
:10464000221E2E2E323232312D2624303028231FC6
:104650001B2B26222E322E2E31312D282424302CB5
:1046600027231E1A62675F6D657373616765207229
:0C467000656365697665727300000000E8
:08467C001CBFFC7F01000000DF
:0C46840090460308005E0120B700000013
:10469000C0EA2101C0EA210100800000C0175302D6
:1046A000145E01200040310800A0000010510020DD
:1046B000C8000000FE00000000000000A8EB020897
:1046C000C00A0020FFFFFFFFFFFFFFFFFFFFFFFF0C
:1046D000FFFFFFFFE8FD0208DEFE64000A0028007D
:1046E00091360208286B6ECE286B6ECE286B6E4E0C
:1046F000286B6E4EFFFFFFFF00C079C400C079C475
:1047000000C079C4FFFFFFFFFFFFFFFF00C079C4B7
:10471000FFFFFFFFFFFFFFFF286B6ECE286B6E4E83
:10472000286B6ECE286B6E4E000080BF000080BFED
:10473000000080BF000080BF000080BF000080BF7D
:1047400000C079C400C079C400C079C400C079C475
:1047500000C079C400C079C400C079C400C079C465
:1047600000C079C4FFFFFFFF00C079C4000080BF14
:10477000000080BFE85E0120000000009448012096
:10478000FC480120644901200000000000000000F6
:104790000000000000000000000000000000000019
:1047A0000000000000000000000000000000000009
:1047B00000000000000000000000000000000000F9
:1047C00000000000000000000100000000000000E8
:1047D00010000000100000000000000000FFFFFFBC
:1047E000FF00000091A8020895A8020899A80208F5
:1047F0009DA802080000000071730108000000007D
:1048000000000000000000001DC3020800000000BE
:10481000197A0108000000000000000000000000FC
:10482000C579010800000000000000000000000041
:104830008D7A010800000000000000000000000068
:104840001D7D0108000000000000000000000000C5
:10485000118301080000000000000000FFFFFFFFBF
:104860000000000000000000FFFF00000408030833
:1048700027C50208FFFFFFFFD5C70208D1C70208FE
:10488000FFFFFFFFFFFFFFFFD9C70208FFFFFFFF8A
:1048900013CD0208FFFFFFFFFFFFFFFFFFFFFFFF3A
:1048A000FFFFFFFFDF2500009DF50108000000006D
:1048B000F1FF01080000000000000000FFFFFFFF03
:1048C00020000400000000000000020010000000B2
:1048D00000000000000000000000000000000000D8
:1048E0000A000100000000001A000D000000456DE4
:1048F000707479204578616D706C650002000A0063
:104900000800303030303030303000000200050018
:104910000300303030000000020008000500302E97
:10492000302E3000000002000800000000000000EF
:10493000000000001700FFFF0C0000000000BF8F08
:10494000AF7F8700370F10100004040F05140A28EA
:10495000010101AAAAAAAAFFFF0A01FF0C01FF0F89
:0C49600003010000750500084D0500086B
:040000050800076D7B
:00000001FF
